{"type":"FeatureCollection", "features": [
{"type":"Feature","geometry":{"type":"Polygon","coordinates":[[[116.90005,39.68689],[116.93332,39.78029],[116.77862,39.89021],[116.77544,40.0336],[117.20336,40.08096],[117.38332,40.22652],[117.28875,40.2772],[117.20209,40.49971],[117.42184,40.62601],[117.20189,40.69293],[116.99918,40.6934],[116.67185,40.9694],[116.35874,40.94145],[116.45095,40.79665],[116.21417,40.74318],[116.06708,40.61058],[115.89986,40.61478],[115.74237,40.52476],[115.95398,40.25554],[115.72785,40.12817],[115.59303,40.11899],[115.42022,39.94871],[115.51676,39.89777],[115.47996,39.74042],[115.56615,39.59045],[115.74631,39.51431],[116.00152,39.57604],[116.23871,39.51619],[116.32842,39.45579],[116.59437,39.61865],[116.80638,39.61477],[116.90005,39.68689]]]},"properties":{"ct_adcode":"110100","ct_name":"北京城区","pr_adcode":"110000","pr_name":"北京市"}},
{"type":"Feature","geometry":{"type":"Polygon","coordinates":[[[118.02857,39.21744],[117.84187,39.33119],[117.92399,39.57711],[117.69953,39.57533],[117.50099,39.90781],[117.54103,39.97572],[117.78733,39.99326],[117.56918,40.19171],[117.38332,40.22652],[117.20336,40.08096],[117.14419,39.94276],[117.17125,39.64432],[116.90005,39.68689],[116.80638,39.61477],[116.82276,39.33959],[116.91828,39.11857],[116.75064,39.04938],[116.70225,38.93103],[116.76041,38.74118],[116.8715,38.68013],[117.03607,38.70564],[117.06524,38.6065],[117.24698,38.55547],[117.63295,38.62614],[117.84128,38.8549],[117.83124,39.05616],[118.02857,39.21744]]]},"properties":{"ct_adcode":"120100","ct_name":"天津城区","pr_adcode":"120000","pr_name":"天津市"}},
{"type":"Feature","geometry":{"type":"Polygon","coordinates":[[[114.01635,37.43475],[114.08999,37.49008],[114.32849,37.50215],[114.4774,37.57606],[114.67435,37.56464],[114.72005,37.62997],[115.06606,37.79324],[115.23721,37.72192],[115.24905,37.6449],[115.34016,37.71251],[115.35969,37.90411],[115.46267,38.06706],[115.34064,38.13891],[115.3185,38.24743],[114.89778,38.29515],[114.91759,38.38777],[114.80476,38.49177],[114.66204,38.48252],[114.49234,38.67758],[114.30525,38.70575],[114.07952,38.65754],[113.83312,38.75779],[113.60639,38.64555],[113.54898,38.52056],[113.53827,38.27001],[113.75,38.17106],[113.86711,38.05768],[114.03742,37.77666],[113.99062,37.7038],[114.1333,37.67503],[114.01635,37.43475]]]},"properties":{"ct_adcode":"130100","ct_name":"石家庄市","pr_adcode":"130000","pr_name":"河北省"}},
{"type":"Feature","geometry":{"type":"Polygon","coordinates":[[[118.02857,39.21744],[118.21889,39.03383],[118.48503,38.90813],[118.59873,38.97074],[118.52697,39.09015],[118.63153,39.15651],[118.92053,39.12264],[119.31288,39.42831],[119.00953,39.48086],[118.85546,39.57369],[118.81943,39.79825],[118.91238,40.09109],[118.56301,40.2864],[118.49704,40.40201],[118.23339,40.46329],[117.99659,40.29142],[117.56918,40.19171],[117.78733,39.99326],[117.54103,39.97572],[117.50099,39.90781],[117.69953,39.57533],[117.92399,39.57711],[117.84187,39.33119],[118.02857,39.21744]]]},"properties":{"ct_adcode":"130200","ct_name":"唐山市","pr_adcode":"130000","pr_name":"河北省"}},
{"type":"Feature","geometry":{"type":"Polygon","coordinates":[[[118.56301,40.2864],[118.91238,40.09109],[118.81943,39.79825],[118.85546,39.57369],[119.00953,39.48086],[119.31288,39.42831],[119.26394,39.49738],[119.35187,39.72046],[119.53511,39.88692],[119.8486,39.98731],[119.73077,40.10356],[119.74001,40.20665],[119.59228,40.33302],[119.52824,40.55286],[119.29592,40.52884],[119.2297,40.59565],[119.15207,40.61281],[118.6967,40.49006],[118.56301,40.2864]]]},"properties":{"ct_adcode":"130300","ct_name":"秦皇岛市","pr_adcode":"130000","pr_name":"河北省"}},
{"type":"Feature","geometry":{"type":"Polygon","coordinates":[[[113.7251,36.36333],[114.02462,36.35061],[114.62197,36.12353],[114.90687,36.1406],[114.9152,36.04853],[115.13682,36.20949],[115.30206,36.09068],[115.4776,36.14888],[115.47053,36.24638],[115.2769,36.47828],[115.4723,36.75432],[115.16054,36.86367],[115.09052,36.96393],[114.84313,36.96684],[114.55309,36.88855],[114.50186,36.82763],[114.08404,36.84576],[113.93567,36.9831],[113.78857,36.99459],[113.64946,36.78556],[113.53714,36.7442],[113.48028,36.63499],[113.54814,36.49124],[113.7251,36.36333]]]},"properties":{"ct_adcode":"130400","ct_name":"邯郸市","pr_adcode":"130000","pr_name":"河北省"}},
{"type":"Feature","geometry":{"type":"Polygon","coordinates":[[[115.24905,37.6449],[115.23721,37.72192],[115.06606,37.79324],[114.72005,37.62997],[114.67435,37.56464],[114.4774,37.57606],[114.32849,37.50215],[114.08999,37.49008],[114.01635,37.43475],[113.75171,37.07517],[113.78857,36.99459],[113.93567,36.9831],[114.08404,36.84576],[114.50186,36.82763],[114.55309,36.88855],[114.84313,36.96684],[115.09052,36.96393],[115.16054,36.86367],[115.4723,36.75432],[115.65924,36.81225],[115.76284,36.92059],[115.84822,37.05889],[115.66675,37.2753],[115.42239,37.38709],[115.3995,37.53507],[115.24905,37.6449]]]},"properties":{"ct_adcode":"130500","ct_name":"邢台市","pr_adcode":"130000","pr_name":"河北省"}},
{"type":"Feature","geometry":{"type":"Polygon","coordinates":[[[116.23871,39.51619],[116.00152,39.57604],[115.74631,39.51431],[115.56615,39.59045],[115.47996,39.74042],[115.51676,39.89777],[115.42022,39.94871],[115.33248,39.78782],[115.17125,39.69918],[115.04366,39.70792],[114.81552,39.60913],[114.55744,39.5572],[114.42803,39.31476],[114.46855,39.21818],[114.34232,39.07545],[114.10207,39.05121],[113.95539,39.10006],[113.76088,38.95883],[113.83312,38.75779],[114.07952,38.65754],[114.30525,38.70575],[114.49234,38.67758],[114.66204,38.48252],[114.80476,38.49177],[114.91759,38.38777],[114.89778,38.29515],[115.3185,38.24743],[115.41601,38.33461],[115.69927,38.36692],[115.8098,38.52678],[115.91136,38.52562],[115.93821,38.73487],[116.03556,38.89424],[116.20287,38.92069],[116.31158,39.07691],[116.21585,39.14683],[116.1451,39.46973],[116.23871,39.51619]]]},"properties":{"ct_adcode":"130600","ct_name":"保定市","pr_adcode":"130000","pr_name":"河北省"}},
{"type":"Feature","geometry":{"type":"Polygon","coordinates":[[[116.07447,41.77413],[115.91019,41.94324],[115.72138,41.88636],[115.3403,41.71015],[115.3708,41.60028],[115.19762,41.56934],[114.88937,41.63456],[114.9108,41.97841],[114.80056,42.14752],[114.50442,42.10891],[114.19621,41.79136],[114.22436,41.51169],[113.97081,41.50475],[113.90796,41.2927],[114.00028,41.24894],[113.86181,41.06734],[114.03437,40.92992],[114.12793,40.7357],[114.27647,40.58946],[114.30793,40.36831],[114.46348,40.26675],[114.22941,40.19712],[114.0146,39.99058],[114.2093,39.86085],[114.38889,39.86587],[114.40162,39.65063],[114.55744,39.5572],[114.81552,39.60913],[115.04366,39.70792],[115.17125,39.69918],[115.33248,39.78782],[115.42022,39.94871],[115.59303,40.11899],[115.72785,40.12817],[115.95398,40.25554],[115.74237,40.52476],[115.89986,40.61478],[116.06708,40.61058],[116.21417,40.74318],[116.45095,40.79665],[116.35874,40.94145],[116.25859,41.0365],[116.13515,41.37132],[116.02973,41.39563],[115.90383,41.64106],[116.07447,41.77413]]]},"properties":{"ct_adcode":"130700","ct_name":"张家口市","pr_adcode":"130000","pr_name":"河北省"}},
{"type":"Feature","geometry":{"type":"Polygon","coordinates":[[[117.56918,40.19171],[117.99659,40.29142],[118.23339,40.46329],[118.49704,40.40201],[118.56301,40.2864],[118.6967,40.49006],[119.15207,40.61281],[118.84019,40.82062],[118.96372,41.07483],[119.1725,41.17583],[119.23311,41.31251],[118.88467,41.29892],[118.76375,41.35103],[118.34265,41.34064],[118.12396,41.73999],[118.28585,41.7707],[118.33368,41.87023],[118.29077,42.04664],[118.09096,42.10282],[118.01772,42.3827],[117.77315,42.6165],[117.43275,42.58307],[117.40579,42.47024],[117.00986,42.4541],[116.88744,42.38596],[116.91228,42.228],[116.87341,42.01647],[116.62874,41.928],[116.36723,42.0077],[116.22708,41.93934],[116.07447,41.77413],[115.90383,41.64106],[116.02973,41.39563],[116.13515,41.37132],[116.25859,41.0365],[116.35874,40.94145],[116.67185,40.9694],[116.99918,40.6934],[117.20189,40.69293],[117.42184,40.62601],[117.20209,40.49971],[117.28875,40.2772],[117.38332,40.22652],[117.56918,40.19171]]]},"properties":{"ct_adcode":"130800","ct_name":"承德市","pr_adcode":"130000","pr_name":"河北省"}},
{"type":"Feature","geometry":{"type":"Polygon","coordinates":[[[115.69927,38.36692],[115.83567,38.34553],[115.88178,38.17081],[116.0255,38.082],[116.14794,37.9137],[116.33797,38.01644],[116.55762,38.01933],[116.4688,37.79498],[116.33007,37.58041],[116.4282,37.47245],[116.74798,37.76976],[116.78877,37.84625],[117.02109,37.83155],[117.43219,37.85294],[117.53499,38.01061],[117.69836,38.07537],[117.88975,38.30112],[117.64181,38.50815],[117.63295,38.62614],[117.24698,38.55547],[117.06524,38.6065],[117.03607,38.70564],[116.8715,38.68013],[116.76041,38.74118],[116.605,38.47917],[116.47872,38.48859],[116.3759,38.61829],[116.41687,38.76945],[116.20287,38.92069],[116.03556,38.89424],[115.93821,38.73487],[115.91136,38.52562],[115.8098,38.52678],[115.69927,38.36692]]]},"properties":{"ct_adcode":"130900","ct_name":"沧州市","pr_adcode":"130000","pr_name":"河北省"}},
{"type":"Feature","geometry":{"type":"MultiPolygon","coordinates":[[[[116.80638,39.61477],[116.59437,39.61865],[116.32842,39.45579],[116.23871,39.51619],[116.1451,39.46973],[116.21585,39.14683],[116.31158,39.07691],[116.20287,38.92069],[116.41687,38.76945],[116.3759,38.61829],[116.47872,38.48859],[116.605,38.47917],[116.76041,38.74118],[116.70225,38.93103],[116.75064,39.04938],[116.91828,39.11857],[116.82276,39.33959],[116.80638,39.61477]]],[[[117.20336,40.08096],[116.77544,40.0336],[116.77862,39.89021],[116.93332,39.78029],[116.90005,39.68689],[117.17125,39.64432],[117.14419,39.94276],[117.20336,40.08096]]]]},"properties":{"ct_adcode":"131000","ct_name":"廊坊市","pr_adcode":"130000","pr_name":"河北省"}},
{"type":"Feature","geometry":{"type":"Polygon","coordinates":[[[116.33007,37.58041],[116.4688,37.79498],[116.55762,38.01933],[116.33797,38.01644],[116.14794,37.9137],[116.0255,38.082],[115.88178,38.17081],[115.83567,38.34553],[115.69927,38.36692],[115.41601,38.33461],[115.3185,38.24743],[115.34064,38.13891],[115.46267,38.06706],[115.35969,37.90411],[115.34016,37.71251],[115.24905,37.6449],[115.3995,37.53507],[115.42239,37.38709],[115.66675,37.2753],[115.84822,37.05889],[115.98239,37.34125],[116.27715,37.40059],[116.21868,37.47898],[116.33007,37.58041]]]},"properties":{"ct_adcode":"131100","ct_name":"衡水市","pr_adcode":"130000","pr_name":"河北省"}},
{"type":"Feature","geometry":{"type":"Polygon","coordinates":[[[112.3236,37.45821],[112.61755,37.52543],[112.57292,37.6334],[112.68662,37.8405],[112.82721,37.99798],[113.05999,38.05568],[112.91513,38.16151],[113.13877,38.41095],[112.61445,38.20615],[112.26917,38.31123],[112.24496,38.14948],[112.12803,38.14024],[111.81113,38.21379],[111.5177,38.06554],[111.58769,37.85628],[111.74061,37.86986],[111.95941,37.7142],[112.09606,37.71535],[112.3236,37.45821]]]},"properties":{"ct_adcode":"140100","ct_name":"太原市","pr_adcode":"140000","pr_name":"山西省"}},
{"type":"Feature","geometry":{"type":"Polygon","coordinates":[[[114.12793,40.7357],[114.07333,40.54628],[113.84436,40.45948],[113.78388,40.50126],[113.55309,40.34755],[113.30892,40.31886],[113.24075,40.41176],[112.89205,40.32831],[112.83835,40.20286],[112.61777,40.23586],[112.61452,39.75943],[112.80234,39.77353],[112.96014,39.86713],[113.22858,39.95713],[113.37586,39.65228],[113.57066,39.43722],[113.89318,39.37216],[113.96077,39.28063],[113.95539,39.10006],[114.10207,39.05121],[114.34232,39.07545],[114.46855,39.21818],[114.42803,39.31476],[114.55744,39.5572],[114.40162,39.65063],[114.38889,39.86587],[114.2093,39.86085],[114.0146,39.99058],[114.22941,40.19712],[114.46348,40.26675],[114.30793,40.36831],[114.27647,40.58946],[114.12793,40.7357]]]},"properties":{"ct_adcode":"140200","ct_name":"大同市","pr_adcode":"140000","pr_name":"山西省"}},
{"type":"Feature","geometry":{"type":"Polygon","coordinates":[[[113.99062,37.7038],[114.03742,37.77666],[113.86711,38.05768],[113.75,38.17106],[113.53827,38.27001],[113.54898,38.52056],[113.40969,38.51707],[113.13877,38.41095],[112.91513,38.16151],[113.05999,38.05568],[113.25855,38.03281],[113.47414,37.69936],[113.76594,37.66226],[113.99062,37.7038]]]},"properties":{"ct_adcode":"140300","ct_name":"阳泉市","pr_adcode":"140000","pr_name":"山西省"}},
{"type":"Feature","geometry":{"type":"Polygon","coordinates":[[[113.53714,36.7442],[113.25176,36.94169],[113.00234,36.93014],[112.71046,37.09496],[112.4792,37.0943],[112.53653,36.95995],[112.33333,36.93535],[112.20942,37.01672],[112.0942,36.9768],[111.97921,36.77045],[111.99007,36.68698],[112.20645,36.40957],[112.4372,36.34251],[112.55487,36.22498],[112.51593,36.03115],[112.86753,35.97634],[113.13409,35.87141],[113.34393,35.88303],[113.5791,35.82606],[113.65485,35.83746],[113.7251,36.36333],[113.54814,36.49124],[113.48028,36.63499],[113.53714,36.7442]]]},"properties":{"ct_adcode":"140400","ct_name":"长治市","pr_adcode":"140000","pr_name":"山西省"}},
{"type":"Feature","geometry":{"type":"Polygon","coordinates":[[[113.37655,35.49514],[113.57238,35.6339],[113.5791,35.82606],[113.34393,35.88303],[113.13409,35.87141],[112.86753,35.97634],[112.51593,36.03115],[112.40555,35.90546],[112.02922,35.85595],[112.02106,35.70121],[111.9361,35.62733],[111.96791,35.4319],[112.05243,35.28023],[112.28236,35.21804],[112.38434,35.23913],[112.7518,35.20495],[112.92359,35.25753],[112.98945,35.36163],[113.12,35.33247],[113.18452,35.43436],[113.37655,35.49514]]]},"properties":{"ct_adcode":"140500","ct_name":"晋城市","pr_adcode":"140000","pr_name":"山西省"}},
{"type":"Feature","geometry":{"type":"Polygon","coordinates":[[[111.92374,39.61052],[112.07849,39.252],[112.17606,39.26559],[112.26745,39.12611],[112.58294,39.08772],[112.81317,39.1741],[112.91359,39.27972],[113.1019,39.36068],[113.20528,39.29431],[113.50825,39.34597],[113.57066,39.43722],[113.37586,39.65228],[113.22858,39.95713],[112.96014,39.86713],[112.80234,39.77353],[112.61452,39.75943],[112.61777,40.23586],[112.44922,40.29875],[112.30348,40.25521],[112.02824,39.85317],[111.92374,39.61052]]]},"properties":{"ct_adcode":"140600","ct_name":"朔州市","pr_adcode":"140000","pr_name":"山西省"}},
{"type":"Feature","geometry":{"type":"Polygon","coordinates":[[[113.05999,38.05568],[112.82721,37.99798],[112.68662,37.8405],[112.57292,37.6334],[112.61755,37.52543],[112.3236,37.45821],[112.14096,37.271],[111.97239,37.26736],[111.8738,37.05689],[111.41455,36.84461],[111.40816,36.8036],[111.56604,36.71649],[111.99007,36.68698],[111.97921,36.77045],[112.0942,36.9768],[112.20942,37.01672],[112.33333,36.93535],[112.53653,36.95995],[112.4792,37.0943],[112.71046,37.09496],[113.00234,36.93014],[113.25176,36.94169],[113.53714,36.7442],[113.64946,36.78556],[113.78857,36.99459],[113.75171,37.07517],[114.01635,37.43475],[114.1333,37.67503],[113.99062,37.7038],[113.76594,37.66226],[113.47414,37.69936],[113.25855,38.03281],[113.05999,38.05568]]]},"properties":{"ct_adcode":"140700","ct_name":"晋中市","pr_adcode":"140000","pr_name":"山西省"}},
{"type":"Feature","geometry":{"type":"Polygon","coordinates":[[[110.57196,35.73723],[110.60406,35.63257],[110.36929,35.25231],[110.31549,35.00588],[110.22568,34.88164],[110.22432,34.69375],[110.3737,34.60157],[110.81883,34.61709],[110.90978,34.7175],[111.33413,34.83218],[111.56481,34.84443],[111.66356,34.9891],[111.81227,35.06922],[111.96726,35.07102],[112.03263,35.04612],[112.05243,35.28023],[111.96791,35.4319],[111.84521,35.39984],[111.81714,35.59965],[111.60657,35.6504],[111.5792,35.5592],[111.29013,35.53645],[111.24395,35.68347],[111.05096,35.74109],[110.90696,35.69079],[110.65078,35.78847],[110.57196,35.73723]]]},"properties":{"ct_adcode":"140800","ct_name":"运城市","pr_adcode":"140000","pr_name":"山西省"}},
{"type":"Feature","geometry":{"type":"Polygon","coordinates":[[[111.43122,39.64177],[111.41962,39.50218],[111.33052,39.41983],[111.11776,39.36607],[111.22067,39.28342],[111.13178,39.06331],[110.97389,38.9716],[111.0039,38.8409],[110.93935,38.72901],[111.01882,38.65866],[111.19602,38.72864],[111.34031,38.60273],[111.54533,38.50638],[111.67787,38.56613],[111.78699,38.45031],[111.81113,38.21379],[112.12803,38.14024],[112.24496,38.14948],[112.26917,38.31123],[112.61445,38.20615],[113.13877,38.41095],[113.40969,38.51707],[113.54898,38.52056],[113.60639,38.64555],[113.83312,38.75779],[113.76088,38.95883],[113.95539,39.10006],[113.96077,39.28063],[113.89318,39.37216],[113.57066,39.43722],[113.50825,39.34597],[113.20528,39.29431],[113.1019,39.36068],[112.91359,39.27972],[112.81317,39.1741],[112.58294,39.08772],[112.26745,39.12611],[112.17606,39.26559],[112.07849,39.252],[111.92374,39.61052],[111.43122,39.64177]]]},"properties":{"ct_adcode":"140900","ct_name":"忻州市","pr_adcode":"140000","pr_name":"山西省"}},
{"type":"Feature","geometry":{"type":"Polygon","coordinates":[[[111.96791,35.4319],[111.9361,35.62733],[112.02106,35.70121],[112.02922,35.85595],[112.40555,35.90546],[112.51593,36.03115],[112.55487,36.22498],[112.4372,36.34251],[112.20645,36.40957],[111.99007,36.68698],[111.56604,36.71649],[111.40816,36.8036],[111.20544,36.7487],[111.03593,36.92777],[110.7857,36.86424],[110.69967,36.93625],[110.56893,36.86138],[110.4048,36.899],[110.41665,36.66146],[110.49274,36.57792],[110.44143,36.16426],[110.54403,35.85433],[110.57196,35.73723],[110.65078,35.78847],[110.90696,35.69079],[111.05096,35.74109],[111.24395,35.68347],[111.29013,35.53645],[111.5792,35.5592],[111.60657,35.6504],[111.81714,35.59965],[111.84521,35.39984],[111.96791,35.4319]]]},"properties":{"ct_adcode":"141000","ct_name":"临汾市","pr_adcode":"140000","pr_name":"山西省"}},
{"type":"Feature","geometry":{"type":"Polygon","coordinates":[[[111.40816,36.8036],[111.41455,36.84461],[111.8738,37.05689],[111.97239,37.26736],[112.14096,37.271],[112.3236,37.45821],[112.09606,37.71535],[111.95941,37.7142],[111.74061,37.86986],[111.58769,37.85628],[111.5177,38.06554],[111.81113,38.21379],[111.78699,38.45031],[111.67787,38.56613],[111.54533,38.50638],[111.34031,38.60273],[111.19602,38.72864],[111.01882,38.65866],[110.93935,38.72901],[110.86847,38.4533],[110.57194,38.29686],[110.50218,38.18437],[110.51689,37.95439],[110.75304,37.7497],[110.78912,37.56557],[110.68403,37.29475],[110.41294,36.9731],[110.4048,36.899],[110.56893,36.86138],[110.69967,36.93625],[110.7857,36.86424],[111.03593,36.92777],[111.20544,36.7487],[111.40816,36.8036]]]},"properties":{"ct_adcode":"141100","ct_name":"吕梁市","pr_adcode":"140000","pr_name":"山西省"}},
{"type":"Feature","geometry":{"type":"Polygon","coordinates":[[[111.41872,41.3168],[111.23222,41.23833],[110.81737,41.35606],[110.69411,41.36135],[110.54989,41.26698],[110.73889,40.91683],[110.79583,40.61111],[110.90214,40.48086],[111.07676,40.42441],[111.02711,40.28705],[111.31076,40.14793],[111.43622,39.89298],[111.35694,39.72042],[111.43122,39.64177],[111.92374,39.61052],[112.02824,39.85317],[112.30348,40.25521],[112.25582,40.38543],[112.04018,40.64261],[112.18074,40.84913],[112.02698,41.04591],[111.8755,41.1283],[111.72393,41.30919],[111.41872,41.3168]]]},"properties":{"ct_adcode":"150100","ct_name":"呼和浩特市","pr_adcode":"150000","pr_name":"内蒙古自治区"}},
{"type":"Feature","geometry":{"type":"Polygon","coordinates":[[[111.41872,41.3168],[111.43026,41.52841],[111.3421,41.64467],[111.0602,41.79109],[110.78918,42.17184],[110.71686,42.39239],[110.57079,42.5724],[110.33359,42.73646],[110.0896,42.64204],[109.90031,42.63403],[109.53836,42.47057],[109.37703,42.44568],[109.53345,42.14547],[109.36868,41.93094],[109.35876,41.7643],[109.47106,41.49803],[109.62624,41.42466],[109.61355,41.27881],[109.89513,40.88116],[109.77509,40.75355],[109.47579,40.74719],[109.39366,40.6555],[109.42983,40.50764],[109.5712,40.5556],[109.70248,40.48174],[109.89766,40.52841],[110.16062,40.51548],[110.91953,40.2459],[111.02711,40.28705],[111.07676,40.42441],[110.90214,40.48086],[110.79583,40.61111],[110.73889,40.91683],[110.54989,41.26698],[110.69411,41.36135],[110.81737,41.35606],[111.23222,41.23833],[111.41872,41.3168]]]},"properties":{"ct_adcode":"150200","ct_name":"包头市","pr_adcode":"150000","pr_name":"内蒙古自治区"}},
{"type":"Feature","geometry":{"type":"Polygon","coordinates":[[[106.74503,39.85743],[106.78958,39.68891],[106.6157,39.49885],[106.74657,39.38068],[106.86556,39.09632],[106.96253,39.05416],[107.07315,39.04652],[107.04709,39.23748],[106.93833,39.29857],[106.96018,39.44914],[106.85884,39.84226],[106.74503,39.85743]]]},"properties":{"ct_adcode":"150300","ct_name":"乌海市","pr_adcode":"150000","pr_name":"内蒙古自治区"}},
{"type":"Feature","geometry":{"type":"Polygon","coordinates":[[[119.23311,41.31251],[119.31985,41.3273],[119.39832,41.50794],[119.30575,41.64987],[119.31902,41.96867],[119.37837,42.08722],[119.27474,42.26057],[119.53763,42.30493],[119.73839,42.20951],[120.0399,41.80177],[120.12116,41.77028],[120.46085,42.10303],[120.87791,42.2678],[120.56604,42.54223],[120.34263,43.05612],[120.73974,43.40163],[120.75632,43.5525],[120.9625,43.65608],[120.78124,43.81211],[120.64006,44.23326],[120.44854,44.26043],[120.31212,44.46294],[120.07015,44.72442],[119.75015,44.92094],[119.66383,45.08109],[119.48526,45.22202],[119.33061,45.25028],[119.14989,45.07252],[119.07255,44.90534],[119.16591,44.75856],[118.99472,44.64718],[118.96054,44.54055],[118.64844,44.44083],[118.39639,44.30552],[118.24435,44.2776],[118.05687,44.10068],[117.91776,44.12516],[117.78284,44.01771],[117.51584,44.22502],[117.19946,44.21833],[116.95507,44.02296],[117.04733,43.75108],[116.85218,43.65536],[116.78371,43.48182],[116.42992,43.32622],[116.34988,43.15463],[116.63368,42.95041],[116.66776,42.75946],[116.58196,42.59801],[116.87953,42.53281],[116.88744,42.38596],[117.00986,42.4541],[117.40579,42.47024],[117.43275,42.58307],[117.77315,42.6165],[118.01772,42.3827],[118.09096,42.10282],[118.29077,42.04664],[118.33368,41.87023],[118.28585,41.7707],[118.12396,41.73999],[118.34265,41.34064],[118.76375,41.35103],[118.88467,41.29892],[119.23311,41.31251]]]},"properties":{"ct_adcode":"150400","ct_name":"赤峰市","pr_adcode":"150000","pr_name":"内蒙古自治区"}},
{"type":"Feature","geometry":{"type":"Polygon","coordinates":[[[121.02187,42.24117],[121.37938,42.47076],[121.58562,42.50036],[121.66014,42.43533],[121.90019,42.56894],[121.93503,42.68642],[122.39031,42.68178],[122.55849,42.82381],[122.83429,42.71613],[123.0525,42.76667],[123.25299,42.99065],[123.55601,43.00317],[123.62118,43.07861],[123.69761,43.36828],[123.48076,43.443],[123.5299,43.6294],[123.48617,43.79032],[123.32224,44.0687],[123.31735,44.17761],[123.11912,44.50714],[122.47695,44.23481],[122.26575,44.25363],[122.01338,44.30189],[121.77262,44.44468],[121.40304,44.78886],[121.39543,44.84926],[121.02702,44.99666],[120.96202,45.18241],[120.54838,45.356],[120.49135,45.46091],[120.15944,45.59285],[119.99308,45.4802],[119.55887,45.6541],[119.48932,45.54839],[119.29733,45.46627],[119.24127,45.30165],[119.33061,45.25028],[119.48526,45.22202],[119.66383,45.08109],[119.75015,44.92094],[120.07015,44.72442],[120.31212,44.46294],[120.44854,44.26043],[120.64006,44.23326],[120.78124,43.81211],[120.9625,43.65608],[120.75632,43.5525],[120.73974,43.40163],[120.34263,43.05612],[120.56604,42.54223],[120.87791,42.2678],[121.02187,42.24117]]]},"properties":{"ct_adcode":"150500","ct_name":"通辽市","pr_adcode":"150000","pr_name":"内蒙古自治区"}},
{"type":"Feature","geometry":{"type":"Polygon","coordinates":[[[107.64528,37.8642],[107.97702,37.78674],[108.0203,37.64916],[108.62359,37.65179],[108.78702,37.69967],[108.79319,37.93314],[109.01223,37.96936],[109.06338,38.09045],[108.93352,38.20709],[109.04879,38.43331],[109.44511,38.78812],[109.61901,38.85397],[109.6857,38.99199],[109.95493,39.18597],[110.20508,39.28051],[110.55348,39.35131],[110.62071,39.26603],[110.8849,39.50807],[111.1484,39.56745],[111.11776,39.36607],[111.33052,39.41983],[111.41962,39.50218],[111.43122,39.64177],[111.35694,39.72042],[111.43622,39.89298],[111.31076,40.14793],[111.02711,40.28705],[110.91953,40.2459],[110.16062,40.51548],[109.89766,40.52841],[109.70248,40.48174],[109.5712,40.5556],[109.42983,40.50764],[109.07326,40.54766],[108.76914,40.54886],[108.55201,40.7288],[108.21951,40.85079],[107.75873,40.85955],[107.37927,40.64227],[107.28156,40.64989],[107.16656,40.38906],[106.86214,40.1672],[106.72461,40.0464],[106.74503,39.85743],[106.85884,39.84226],[106.96018,39.44914],[106.93833,39.29857],[107.04709,39.23748],[107.07315,39.04652],[106.96253,39.05416],[106.94963,38.94066],[106.69825,38.70777],[106.65807,38.60111],[106.55108,38.26343],[106.81974,38.163],[107.01006,38.11986],[107.18533,38.15346],[107.32658,38.08596],[107.55548,37.89321],[107.64528,37.8642]]]},"properties":{"ct_adcode":"150600","ct_name":"鄂尔多斯市","pr_adcode":"150000","pr_name":"内蒙古自治区"}},
{"type":"Feature","geometry":{"type":"Polygon","coordinates":[[[122.41174,47.34809],[122.58726,47.54508],[122.8513,47.67629],[123.15649,47.78023],[123.28227,47.94095],[123.53073,48.01985],[124.07464,48.4356],[124.3072,48.50176],[124.31189,48.34501],[124.53663,48.16288],[124.52816,48.56087],[124.74307,48.92201],[124.8997,49.18202],[125.10994,49.12371],[125.21361,49.18891],[125.26999,49.37766],[125.22093,49.48488],[125.18241,49.95787],[125.27008,50.12467],[125.43566,50.20489],[125.5167,50.40228],[125.82194,50.56021],[125.75446,50.75294],[126.01254,50.91922],[125.98624,51.1174],[125.61742,51.37937],[125.34354,51.62218],[125.12226,51.6337],[124.92135,51.49709],[124.85721,51.3782],[124.68605,51.33121],[124.48262,51.37878],[123.88039,51.31947],[123.71913,51.39561],[123.57532,51.29335],[123.2634,51.25389],[122.99547,51.31064],[122.84771,51.47628],[122.84938,51.60535],[122.74305,51.7462],[122.71909,51.9774],[122.62248,52.13539],[122.76221,52.17837],[122.13499,52.49341],[121.94074,52.2972],[121.70689,52.31682],[121.63299,52.44319],[121.31816,52.57119],[121.3654,52.68158],[121.58415,52.82336],[121.80761,53.06751],[121.67157,53.23967],[121.4919,53.33535],[121.22702,53.27922],[120.81557,53.26848],[120.17997,52.80646],[120.03031,52.7785],[120.02714,52.64491],[120.19633,52.58061],[120.43092,52.63857],[120.67742,52.54796],[120.62006,52.32407],[120.77947,52.15639],[120.64964,51.92498],[120.46493,51.87419],[120.16494,51.67845],[120.08649,51.6804],[119.87671,51.30033],[119.753,51.21286],[119.75634,51.09083],[119.48333,50.87756],[119.49886,50.7627],[119.28849,50.57378],[119.21627,50.42746],[119.34295,50.20096],[119.12057,50.00702],[118.56306,49.92819],[118.47694,49.83814],[118.2278,49.73633],[118.07465,49.61464],[117.80162,49.51942],[117.47695,49.63118],[117.06098,49.69365],[116.71035,49.84566],[116.04088,48.87154],[116.07041,48.82049],[115.7918,48.51335],[115.81544,48.25767],[115.52182,48.15341],[115.57325,47.92],[115.93196,47.68126],[116.25854,47.87473],[116.44545,47.83542],[116.87199,47.89208],[117.08698,47.82175],[117.37627,47.639],[117.80586,48.01427],[118.17054,48.04848],[118.56093,47.9903],[118.7659,47.76907],[119.12664,47.66221],[119.14468,47.53831],[119.35835,47.47515],[119.47619,47.33597],[119.76113,47.4346],[119.90333,47.56773],[120.22722,47.62832],[120.52824,47.54195],[120.71929,47.35406],[120.62061,47.24002],[120.97059,47.09431],[121.24005,47.11094],[121.63366,47.18654],[121.78973,47.27763],[122.04211,47.19919],[122.41174,47.34809]],[[124.12187,50.56638],[124.43219,50.53838],[124.35229,50.20014],[124.1279,50.23549],[123.92362,50.18544],[123.77032,50.34293],[123.99797,50.43306],[124.12187,50.56638]]]},"properties":{"ct_adcode":"150700","ct_name":"呼伦贝尔市","pr_adcode":"150000","pr_name":"内蒙古自治区"}},
{"type":"Feature","geometry":{"type":"Polygon","coordinates":[[[106.86214,40.1672],[107.16656,40.38906],[107.28156,40.64989],[107.37927,40.64227],[107.75873,40.85955],[108.21951,40.85079],[108.55201,40.7288],[108.76914,40.54886],[109.07326,40.54766],[109.42983,40.50764],[109.39366,40.6555],[109.47579,40.74719],[109.77509,40.75355],[109.89513,40.88116],[109.61355,41.27881],[109.62624,41.42466],[109.47106,41.49803],[109.35876,41.7643],[109.36868,41.93094],[109.53345,42.14547],[109.37703,42.44568],[109.01996,42.45662],[108.84023,42.394],[108.23265,42.45849],[107.93396,42.40206],[107.56918,42.41137],[107.46052,42.45689],[107.26629,42.36227],[106.78087,42.28967],[105.7372,41.94744],[105.2874,41.7481],[105.2298,41.74925],[105.19752,41.54095],[105.31365,41.11175],[105.39414,40.98236],[105.70002,40.80894],[106.17795,40.70343],[106.20459,40.51513],[106.32379,40.34557],[106.59888,40.38588],[106.86214,40.1672]]]},"properties":{"ct_adcode":"150800","ct_name":"巴彦淖尔市","pr_adcode":"150000","pr_name":"内蒙古自治区"}},
{"type":"Feature","geometry":{"type":"Polygon","coordinates":[[[112.30348,40.25521],[112.44922,40.29875],[112.61777,40.23586],[112.83835,40.20286],[112.89205,40.32831],[113.24075,40.41176],[113.30892,40.31886],[113.55309,40.34755],[113.78388,40.50126],[113.84436,40.45948],[114.07333,40.54628],[114.12793,40.7357],[114.03437,40.92992],[113.86181,41.06734],[114.00028,41.24894],[113.90796,41.2927],[113.97081,41.50475],[114.22436,41.51169],[114.19621,41.79136],[114.50442,42.10891],[114.80056,42.14752],[114.56889,42.29586],[114.4589,42.16876],[114.28436,42.1895],[114.12512,42.11488],[114.05531,41.964],[113.89206,42.0571],[113.365,42.14154],[113.07898,41.93068],[112.84921,42.11531],[112.7309,42.14263],[112.60369,42.33952],[112.39033,42.38553],[112.17345,42.53279],[112.02184,42.58263],[111.7454,42.9856],[111.4962,43.17658],[111.20868,43.27466],[111.14384,43.37797],[111.01369,43.32788],[110.62537,42.93415],[110.33359,42.73646],[110.57079,42.5724],[110.71686,42.39239],[110.78918,42.17184],[111.0602,41.79109],[111.3421,41.64467],[111.43026,41.52841],[111.41872,41.3168],[111.72393,41.30919],[111.8755,41.1283],[112.02698,41.04591],[112.18074,40.84913],[112.04018,40.64261],[112.25582,40.38543],[112.30348,40.25521]]]},"properties":{"ct_adcode":"150900","ct_name":"乌兰察布市","pr_adcode":"150000","pr_name":"内蒙古自治区"}},
{"type":"Feature","geometry":{"type":"Polygon","coordinates":[[[123.17204,46.24614],[123.00435,46.43395],[123.00088,46.57509],[123.35959,46.67573],[123.59602,46.68741],[123.61914,46.84589],[123.2245,46.85802],[123.15693,46.73807],[122.90098,46.80566],[122.79626,46.9354],[122.78925,47.07493],[122.54691,47.17365],[122.41174,47.34809],[122.04211,47.19919],[121.78973,47.27763],[121.63366,47.18654],[121.24005,47.11094],[120.97059,47.09431],[120.62061,47.24002],[120.71929,47.35406],[120.52824,47.54195],[120.22722,47.62832],[119.90333,47.56773],[119.76113,47.4346],[119.47619,47.33597],[119.70903,47.19362],[119.85309,46.91537],[119.90532,46.66816],[119.94253,46.49203],[119.83101,46.37397],[119.84872,46.10642],[119.80144,45.81916],[119.67496,45.66769],[119.55887,45.6541],[119.99308,45.4802],[120.15944,45.59285],[120.49135,45.46091],[120.54838,45.356],[120.96202,45.18241],[121.02702,44.99666],[121.39543,44.84926],[121.40304,44.78886],[121.77262,44.44468],[122.01338,44.30189],[122.26575,44.25363],[122.28043,44.4758],[122.12572,44.57544],[122.0645,44.87997],[122.15124,45.4441],[122.01749,45.48816],[121.94333,45.70919],[121.74815,45.79294],[121.80845,46.0201],[122.03402,45.95698],[122.25829,45.79682],[122.43987,45.91484],[122.63491,45.76929],[122.82258,45.91042],[122.78711,46.07134],[123.03933,46.09803],[123.17204,46.24614]]]},"properties":{"ct_adcode":"152200","ct_name":"兴安盟","pr_adcode":"150000","pr_name":"内蒙古自治区"}},
{"type":"Feature","geometry":{"type":"Polygon","coordinates":[[[114.80056,42.14752],[114.9108,41.97841],[114.88937,41.63456],[115.19762,41.56934],[115.3708,41.60028],[115.3403,41.71015],[115.72138,41.88636],[115.91019,41.94324],[116.07447,41.77413],[116.22708,41.93934],[116.36723,42.0077],[116.62874,41.928],[116.87341,42.01647],[116.91228,42.228],[116.88744,42.38596],[116.87953,42.53281],[116.58196,42.59801],[116.66776,42.75946],[116.63368,42.95041],[116.34988,43.15463],[116.42992,43.32622],[116.78371,43.48182],[116.85218,43.65536],[117.04733,43.75108],[116.95507,44.02296],[117.19946,44.21833],[117.51584,44.22502],[117.78284,44.01771],[117.91776,44.12516],[118.05687,44.10068],[118.24435,44.2776],[118.39639,44.30552],[118.64844,44.44083],[118.96054,44.54055],[118.99472,44.64718],[119.16591,44.75856],[119.07255,44.90534],[119.14989,45.07252],[119.33061,45.25028],[119.24127,45.30165],[119.29733,45.46627],[119.48932,45.54839],[119.55887,45.6541],[119.67496,45.66769],[119.80144,45.81916],[119.84872,46.10642],[119.83101,46.37397],[119.94253,46.49203],[119.90532,46.66816],[119.77671,46.62412],[119.36679,46.6013],[119.06665,46.67449],[118.83831,46.77019],[118.78089,46.6853],[118.30914,46.73767],[117.86363,46.54834],[117.69646,46.5151],[117.58875,46.60197],[117.41238,46.58019],[117.36442,46.35836],[116.81963,46.37892],[116.57855,46.29083],[116.26481,45.965],[116.27999,45.77332],[116.02836,45.68321],[115.69269,45.45775],[115.35735,45.39038],[114.96723,45.37531],[114.73812,45.4365],[114.5443,45.38589],[114.51263,45.28197],[114.34001,45.11751],[114.05776,44.92933],[113.90016,44.91362],[113.62383,44.74397],[112.8433,44.83909],[112.59269,44.92908],[112.43117,45.06966],[111.99525,45.0891],[111.75699,44.96767],[111.61742,44.77691],[111.56267,44.57474],[111.40844,44.35528],[111.65579,44.05946],[111.86321,43.93847],[111.95281,43.82132],[111.94372,43.69118],[111.78697,43.66985],[111.55753,43.48835],[111.14384,43.37797],[111.20868,43.27466],[111.4962,43.17658],[111.7454,42.9856],[112.02184,42.58263],[112.17345,42.53279],[112.39033,42.38553],[112.60369,42.33952],[112.7309,42.14263],[112.84921,42.11531],[113.07898,41.93068],[113.365,42.14154],[113.89206,42.0571],[114.05531,41.964],[114.12512,42.11488],[114.28436,42.1895],[114.4589,42.16876],[114.56889,42.29586],[114.80056,42.14752]]]},"properties":{"ct_adcode":"152500","ct_name":"锡林郭勒盟","pr_adcode":"150000","pr_name":"内蒙古自治区"}},
{"type":"Feature","geometry":{"type":"Polygon","coordinates":[[[105.99895,38.87458],[106.14146,39.15232],[106.27549,39.2613],[106.50181,39.26929],[106.59822,39.37463],[106.74657,39.38068],[106.6157,39.49885],[106.78958,39.68891],[106.74503,39.85743],[106.72461,40.0464],[106.86214,40.1672],[106.59888,40.38588],[106.32379,40.34557],[106.20459,40.51513],[106.17795,40.70343],[105.70002,40.80894],[105.39414,40.98236],[105.31365,41.11175],[105.19752,41.54095],[105.2298,41.74925],[105.0059,41.58142],[104.91967,41.65254],[104.5212,41.66019],[104.52707,41.87317],[104.07658,41.80298],[103.86621,41.80096],[103.41556,41.88041],[102.7099,42.15111],[102.44674,42.1422],[102.06816,42.23038],[101.81686,42.48908],[100.86105,42.6697],[100.32369,42.68825],[100.27089,42.63465],[99.96758,42.64629],[99.50603,42.56645],[98.19469,42.65162],[97.17197,42.79343],[97.84645,41.6551],[97.61433,41.47648],[97.97154,41.09667],[98.33246,40.91782],[98.34355,40.5673],[98.6275,40.67707],[98.71487,40.66076],[99.1734,40.85706],[99.56471,40.84575],[99.67178,40.93181],[100.05535,40.90666],[100.23569,40.71574],[100.16802,40.54025],[100.16794,40.27662],[100.00604,40.19918],[99.84005,40.01259],[99.45436,39.87649],[99.82056,39.85931],[99.90309,39.78514],[100.24852,39.68424],[100.32461,39.50823],[100.49753,39.39977],[100.8405,39.40508],[100.83358,39.02556],[101.11516,38.97444],[101.32908,38.77678],[101.61124,38.65551],[101.77512,38.6602],[102.06981,38.89221],[101.82905,39.09182],[102.27876,39.18956],[102.45154,39.2544],[102.61126,39.17142],[103.01109,39.10047],[103.35421,39.33564],[103.8511,39.46065],[104.08795,39.41741],[104.04471,39.29678],[104.20448,39.08301],[104.16987,38.94395],[104.04151,38.89439],[103.85724,38.64419],[103.4136,38.40444],[103.53245,38.15639],[103.3661,38.08834],[103.39918,37.86139],[103.66759,37.78632],[103.84775,37.63281],[104.18046,37.40624],[104.28447,37.42735],[104.43027,37.51461],[105.02064,37.57931],[105.31085,37.70147],[105.60615,37.70664],[105.75648,37.79938],[105.83581,38.00753],[105.77109,38.18637],[105.84864,38.26441],[105.81757,38.36779],[105.90554,38.79092],[105.99895,38.87458]]]},"properties":{"ct_adcode":"152900","ct_name":"阿拉善盟","pr_adcode":"150000","pr_name":"内蒙古自治区"}},
{"type":"Feature","geometry":{"type":"Polygon","coordinates":[[[123.78405,41.98698],[123.77967,42.03631],[123.46362,42.1793],[123.52273,42.33752],[123.44859,42.43943],[123.7064,42.56405],[123.56347,42.69076],[123.59767,42.9281],[123.55601,43.00317],[123.25299,42.99065],[123.0525,42.76667],[122.83429,42.71613],[122.96433,42.56924],[122.81309,42.47927],[122.85296,42.34402],[122.42037,42.12663],[122.56413,41.77077],[122.48201,41.56405],[122.59385,41.52822],[122.65384,41.35285],[122.61749,41.19803],[122.74244,41.32734],[122.92015,41.42039],[123.04439,41.54871],[123.23023,41.53808],[123.47176,41.46156],[123.58581,41.492],[123.74165,41.52501],[123.80599,41.70792],[123.73384,41.86151],[123.78405,41.98698]]]},"properties":{"ct_adcode":"210100","ct_name":"沈阳市","pr_adcode":"210000","pr_name":"辽宁省"}},
{"type":"Feature","geometry":{"type":"Polygon","coordinates":[[[122.88886,40.20398],[122.70379,40.06612],[122.53374,40.06071],[122.49622,39.92596],[122.23752,40.02083],[121.98832,40.05105],[121.9398,40.11929],[121.4563,39.74811],[121.44475,39.62366],[121.22133,39.55375],[121.2397,39.39388],[121.59378,39.27818],[121.58082,39.07696],[121.27489,38.97273],[121.12233,38.95787],[121.10688,38.77501],[121.20901,38.73264],[121.35407,38.82131],[121.69747,38.86683],[121.73312,38.99812],[122.06621,39.0729],[122.1121,39.21269],[122.40786,39.41033],[122.56486,39.45129],[123.26913,39.75244],[123.5132,39.76901],[123.39893,40.00768],[122.98852,40.08054],[122.88886,40.20398]]]},"properties":{"ct_adcode":"210200","ct_name":"大连市","pr_adcode":"210000","pr_name":"辽宁省"}},
{"type":"Feature","geometry":{"type":"Polygon","coordinates":[[[122.88886,40.20398],[122.98852,40.08054],[123.39893,40.00768],[123.55772,40.10126],[123.58826,40.24029],[123.76349,40.44204],[123.72535,40.64741],[123.54579,40.72145],[123.52804,40.82537],[123.17133,40.71096],[123.04227,40.8699],[123.0821,40.9735],[123.22971,41.04786],[123.12354,41.17193],[122.93031,41.19422],[122.81927,41.08001],[122.61749,41.19803],[122.65384,41.35285],[122.59385,41.52822],[122.48201,41.56405],[122.18841,41.45739],[122.27507,41.35191],[122.22169,41.19996],[122.36091,41.17504],[122.41469,41.00462],[122.32996,40.90393],[122.44446,40.93838],[122.64556,40.59251],[122.96413,40.50757],[122.87624,40.30568],[122.88886,40.20398]]]},"properties":{"ct_adcode":"210300","ct_name":"鞍山市","pr_adcode":"210000","pr_name":"辽宁省"}},
{"type":"Feature","geometry":{"type":"Polygon","coordinates":[[[125.45631,41.56597],[125.46215,41.6307],[125.28859,41.82096],[125.28581,41.95648],[125.48097,42.1285],[125.29933,42.147],[125.25497,42.31012],[125.10158,42.47642],[124.7584,42.34067],[124.57218,42.31901],[124.51431,42.08564],[124.36074,42.01801],[124.08908,42.07102],[124.01839,42.00933],[123.78405,41.98698],[123.73384,41.86151],[123.80599,41.70792],[123.74165,41.52501],[123.98086,41.55717],[124.10946,41.50352],[124.29453,41.53569],[124.41814,41.3094],[124.70619,41.2602],[124.85874,41.32243],[124.84882,41.42291],[125.31647,41.49453],[125.45631,41.56597]]]},"properties":{"ct_adcode":"210400","ct_name":"抚顺市","pr_adcode":"210000","pr_name":"辽宁省"}},
{"type":"Feature","geometry":{"type":"Polygon","coordinates":[[[123.58581,41.492],[123.66443,41.25874],[123.66285,41.07311],[123.57668,40.8559],[124.12842,40.85164],[124.08757,41.03395],[124.50478,41.04753],[124.73025,41.15281],[124.99249,41.0968],[125.2249,41.1115],[125.34796,40.99699],[125.58021,40.91726],[125.72051,41.05329],[125.75191,41.22958],[125.52842,41.42671],[125.45631,41.56597],[125.31647,41.49453],[124.84882,41.42291],[124.85874,41.32243],[124.70619,41.2602],[124.41814,41.3094],[124.29453,41.53569],[124.10946,41.50352],[123.98086,41.55717],[123.74165,41.52501],[123.58581,41.492]]]},"properties":{"ct_adcode":"210500","ct_name":"本溪市","pr_adcode":"210000","pr_name":"辽宁省"}},
{"type":"Feature","geometry":{"type":"Polygon","coordinates":[[[123.5132,39.76901],[123.82336,39.83013],[123.99705,39.79898],[124.20786,39.86186],[124.35351,39.9891],[124.34139,40.07818],[124.89186,40.47764],[125.17573,40.60962],[125.44758,40.67489],[125.65135,40.76765],[125.70192,40.86523],[125.58021,40.91726],[125.34796,40.99699],[125.2249,41.1115],[124.99249,41.0968],[124.73025,41.15281],[124.50478,41.04753],[124.08757,41.03395],[124.12842,40.85164],[123.57668,40.8559],[123.52804,40.82537],[123.54579,40.72145],[123.72535,40.64741],[123.76349,40.44204],[123.58826,40.24029],[123.55772,40.10126],[123.39893,40.00768],[123.5132,39.76901]]]},"properties":{"ct_adcode":"210600","ct_name":"丹东市","pr_adcode":"210000","pr_name":"辽宁省"}},
{"type":"Feature","geometry":{"type":"Polygon","coordinates":[[[121.54989,40.84809],[121.67547,41.09284],[121.57506,41.24784],[121.73495,41.33351],[122.03527,41.36937],[122.18841,41.45739],[122.48201,41.56405],[122.56413,41.77077],[122.42037,42.12663],[122.14771,42.03014],[121.81712,41.7806],[121.53342,41.78109],[121.33289,41.73115],[121.25814,41.79233],[121.21256,41.68738],[121.04362,41.62029],[120.78568,41.39389],[120.76609,41.19227],[120.90583,41.1395],[121.03143,40.93203],[121.00199,40.80603],[121.12057,40.86729],[121.54989,40.84809]]]},"properties":{"ct_adcode":"210700","ct_name":"锦州市","pr_adcode":"210000","pr_name":"辽宁省"}},
{"type":"Feature","geometry":{"type":"Polygon","coordinates":[[[122.32996,40.90393],[122.09101,40.79507],[122.14302,40.67008],[122.24584,40.44434],[122.02164,40.24355],[121.9398,40.11929],[121.98832,40.05105],[122.23752,40.02083],[122.49622,39.92596],[122.53374,40.06071],[122.70379,40.06612],[122.88886,40.20398],[122.87624,40.30568],[122.96413,40.50757],[122.64556,40.59251],[122.44446,40.93838],[122.32996,40.90393]]]},"properties":{"ct_adcode":"210800","ct_name":"营口市","pr_adcode":"210000","pr_name":"辽宁省"}},
{"type":"Feature","geometry":{"type":"Polygon","coordinates":[[[121.25814,41.79233],[121.33289,41.73115],[121.53342,41.78109],[121.81712,41.7806],[122.14771,42.03014],[122.42037,42.12663],[122.85296,42.34402],[122.81309,42.47927],[122.96433,42.56924],[122.83429,42.71613],[122.55849,42.82381],[122.39031,42.68178],[121.93503,42.68642],[121.90019,42.56894],[121.66014,42.43533],[121.58562,42.50036],[121.37938,42.47076],[121.02187,42.24117],[121.07876,42.10886],[121.03368,41.98546],[121.18642,41.96385],[121.25814,41.79233]]]},"properties":{"ct_adcode":"210900","ct_name":"阜新市","pr_adcode":"210000","pr_name":"辽宁省"}},
{"type":"Feature","geometry":{"type":"Polygon","coordinates":[[[122.61749,41.19803],[122.81927,41.08001],[122.93031,41.19422],[123.12354,41.17193],[123.22971,41.04786],[123.0821,40.9735],[123.04227,40.8699],[123.17133,40.71096],[123.52804,40.82537],[123.57668,40.8559],[123.66285,41.07311],[123.66443,41.25874],[123.58581,41.492],[123.47176,41.46156],[123.23023,41.53808],[123.04439,41.54871],[122.92015,41.42039],[122.74244,41.32734],[122.61749,41.19803]]]},"properties":{"ct_adcode":"211000","ct_name":"辽阳市","pr_adcode":"210000","pr_name":"辽宁省"}},
{"type":"Feature","geometry":{"type":"Polygon","coordinates":[[[122.18841,41.45739],[122.03527,41.36937],[121.73495,41.33351],[121.57506,41.24784],[121.67547,41.09284],[121.54989,40.84809],[121.81081,40.89316],[121.92915,40.79672],[121.94621,40.67935],[122.14302,40.67008],[122.09101,40.79507],[122.32996,40.90393],[122.41469,41.00462],[122.36091,41.17504],[122.22169,41.19996],[122.27507,41.35191],[122.18841,41.45739]]]},"properties":{"ct_adcode":"211100","ct_name":"盘锦市","pr_adcode":"210000","pr_name":"辽宁省"}},
{"type":"Feature","geometry":{"type":"Polygon","coordinates":[[[123.78405,41.98698],[124.01839,42.00933],[124.08908,42.07102],[124.36074,42.01801],[124.51431,42.08564],[124.57218,42.31901],[124.7584,42.34067],[125.10158,42.47642],[125.0046,42.63019],[124.96947,42.8],[124.84339,42.87935],[124.88543,43.13065],[124.78046,43.11534],[124.55769,42.88706],[124.36065,42.90033],[124.4197,43.0737],[124.27507,43.2246],[124.02736,43.2786],[123.74767,43.47091],[123.69761,43.36828],[123.62118,43.07861],[123.55601,43.00317],[123.59767,42.9281],[123.56347,42.69076],[123.7064,42.56405],[123.44859,42.43943],[123.52273,42.33752],[123.46362,42.1793],[123.77967,42.03631],[123.78405,41.98698]]]},"properties":{"ct_adcode":"211200","ct_name":"铁岭市","pr_adcode":"210000","pr_name":"辽宁省"}},
{"type":"Feature","geometry":{"type":"Polygon","coordinates":[[[119.23311,41.31251],[119.1725,41.17583],[118.96372,41.07483],[118.84019,40.82062],[119.15207,40.61281],[119.2297,40.59565],[119.41305,40.69441],[119.54333,40.83173],[119.7752,40.845],[119.99055,40.94687],[120.0728,41.09883],[120.21277,40.95516],[120.76609,41.19227],[120.78568,41.39389],[121.04362,41.62029],[121.21256,41.68738],[121.25814,41.79233],[121.18642,41.96385],[121.03368,41.98546],[121.07876,42.10886],[121.02187,42.24117],[120.87791,42.2678],[120.46085,42.10303],[120.12116,41.77028],[120.0399,41.80177],[119.73839,42.20951],[119.53763,42.30493],[119.27474,42.26057],[119.37837,42.08722],[119.31902,41.96867],[119.30575,41.64987],[119.39832,41.50794],[119.31985,41.3273],[119.23311,41.31251]]]},"properties":{"ct_adcode":"211300","ct_name":"朝阳市","pr_adcode":"210000","pr_name":"辽宁省"}},
{"type":"Feature","geometry":{"type":"Polygon","coordinates":[[[119.8486,39.98731],[119.95032,40.04553],[120.45969,40.17731],[120.61392,40.45879],[120.93748,40.68556],[121.00199,40.80603],[121.03143,40.93203],[120.90583,41.1395],[120.76609,41.19227],[120.21277,40.95516],[120.0728,41.09883],[119.99055,40.94687],[119.7752,40.845],[119.54333,40.83173],[119.41305,40.69441],[119.2297,40.59565],[119.29592,40.52884],[119.52824,40.55286],[119.59228,40.33302],[119.74001,40.20665],[119.73077,40.10356],[119.8486,39.98731]]]},"properties":{"ct_adcode":"211400","ct_name":"葫芦岛市","pr_adcode":"210000","pr_name":"辽宁省"}},
{"type":"Feature","geometry":{"type":"Polygon","coordinates":[[[124.00943,44.00226],[124.07899,43.85928],[124.21632,43.75634],[124.51827,43.75291],[124.66016,43.65755],[124.67162,43.51396],[124.82368,43.20907],[124.92275,43.3157],[124.85446,43.40434],[125.03415,43.58236],[125.28371,43.64736],[125.489,43.46968],[125.53546,43.35901],[125.6918,43.26029],[126.00014,43.34266],[125.84675,43.49926],[125.88664,43.59745],[125.79554,43.80041],[126.03596,43.8796],[125.99944,44.024],[126.15925,44.15648],[126.49478,44.21936],[126.4787,44.41432],[126.40694,44.52628],[126.62196,44.57308],[126.75363,44.51679],[127.04411,44.56479],[126.97822,44.82297],[127.07995,44.95577],[126.96257,45.07251],[126.56878,45.25032],[126.16348,45.13244],[126.18184,44.99875],[125.94529,44.75908],[125.71349,44.937],[125.33354,44.87759],[125.23043,44.8063],[125.00518,44.77621],[124.6283,44.63886],[124.54635,44.56749],[124.61878,44.3564],[124.61134,44.20966],[124.30187,43.98873],[124.00943,44.00226]]]},"properties":{"ct_adcode":"220100","ct_name":"长春市","pr_adcode":"220000","pr_name":"吉林省"}},
{"type":"Feature","geometry":{"type":"Polygon","coordinates":[[[127.04411,44.56479],[126.75363,44.51679],[126.62196,44.57308],[126.40694,44.52628],[126.4787,44.41432],[126.49478,44.21936],[126.15925,44.15648],[125.99944,44.024],[126.03596,43.8796],[125.79554,43.80041],[125.88664,43.59745],[125.84675,43.49926],[126.00014,43.34266],[125.6918,43.26029],[125.65382,43.05606],[125.73065,43.00372],[125.93057,42.8287],[126.22127,42.77148],[126.37802,42.81285],[126.42942,42.67243],[126.65618,42.72484],[126.74466,42.66995],[126.89182,42.80041],[127.12968,42.79904],[127.34583,42.58549],[127.46181,42.56436],[127.71269,42.81633],[127.83163,42.78602],[127.46372,43.03542],[127.62792,43.221],[127.71672,43.50524],[127.91637,43.70359],[127.8017,43.82723],[127.78251,44.00016],[127.85893,44.0601],[127.62057,44.18586],[127.6174,44.27599],[127.45745,44.47966],[127.5503,44.5741],[127.17538,44.64146],[127.04411,44.56479]]]},"properties":{"ct_adcode":"220200","ct_name":"吉林市","pr_adcode":"220000","pr_name":"吉林省"}},
{"type":"Feature","geometry":{"type":"Polygon","coordinates":[[[124.88543,43.13065],[125.03702,43.21972],[125.47379,43.19893],[125.48953,43.09783],[125.65382,43.05606],[125.6918,43.26029],[125.53546,43.35901],[125.489,43.46968],[125.28371,43.64736],[125.03415,43.58236],[124.85446,43.40434],[124.92275,43.3157],[124.82368,43.20907],[124.67162,43.51396],[124.66016,43.65755],[124.51827,43.75291],[124.21632,43.75634],[124.07899,43.85928],[124.00943,44.00226],[123.76232,44.00141],[123.63573,44.07738],[123.32224,44.0687],[123.48617,43.79032],[123.5299,43.6294],[123.48076,43.443],[123.69761,43.36828],[123.74767,43.47091],[124.02736,43.2786],[124.27507,43.2246],[124.4197,43.0737],[124.36065,42.90033],[124.55769,42.88706],[124.78046,43.11534],[124.88543,43.13065]]]},"properties":{"ct_adcode":"220300","ct_name":"四平市","pr_adcode":"220000","pr_name":"吉林省"}},
{"type":"Feature","geometry":{"type":"Polygon","coordinates":[[[124.88543,43.13065],[124.84339,42.87935],[124.96947,42.8],[125.0046,42.63019],[125.10158,42.47642],[125.25497,42.31012],[125.55692,42.43295],[125.71294,42.59927],[125.66221,42.73078],[125.75163,42.81802],[125.73065,43.00372],[125.65382,43.05606],[125.48953,43.09783],[125.47379,43.19893],[125.03702,43.21972],[124.88543,43.13065]]]},"properties":{"ct_adcode":"220400","ct_name":"辽源市","pr_adcode":"220000","pr_name":"吉林省"}},
{"type":"Feature","geometry":{"type":"Polygon","coordinates":[[[125.25497,42.31012],[125.29933,42.147],[125.48097,42.1285],[125.28581,41.95648],[125.28859,41.82096],[125.46215,41.6307],[125.45631,41.56597],[125.52842,41.42671],[125.75191,41.22958],[125.72051,41.05329],[125.58021,40.91726],[125.70192,40.86523],[126.03535,40.92645],[126.12214,41.09125],[126.27146,41.156],[126.5465,41.5318],[126.41748,41.65709],[126.1917,41.96902],[126.46417,42.17406],[126.62358,42.46842],[126.61749,42.57488],[126.74466,42.66995],[126.65618,42.72484],[126.42942,42.67243],[126.37802,42.81285],[126.22127,42.77148],[125.93057,42.8287],[125.73065,43.00372],[125.75163,42.81802],[125.66221,42.73078],[125.71294,42.59927],[125.55692,42.43295],[125.25497,42.31012]]]},"properties":{"ct_adcode":"220500","ct_name":"通化市","pr_adcode":"220000","pr_name":"吉林省"}},
{"type":"Feature","geometry":{"type":"Polygon","coordinates":[[[126.5465,41.5318],[126.56466,41.61956],[126.7946,41.70073],[126.92612,41.81072],[127.04482,41.74216],[127.20798,41.53057],[127.34483,41.46299],[128.09048,41.38032],[128.19891,41.40875],[128.31141,41.57374],[128.10619,41.79242],[128.05839,42.00903],[127.81111,42.32072],[128.01026,42.42547],[128.0217,42.55882],[127.83163,42.78602],[127.71269,42.81633],[127.46181,42.56436],[127.34583,42.58549],[127.12968,42.79904],[126.89182,42.80041],[126.74466,42.66995],[126.61749,42.57488],[126.62358,42.46842],[126.46417,42.17406],[126.1917,41.96902],[126.41748,41.65709],[126.5465,41.5318]]]},"properties":{"ct_adcode":"220600","ct_name":"白山市","pr_adcode":"220000","pr_name":"吉林省"}},
{"type":"Feature","geometry":{"type":"Polygon","coordinates":[[[125.6814,45.512],[125.42681,45.45645],[125.36306,45.39258],[124.83355,45.45372],[124.53804,45.40996],[124.36715,45.45629],[123.91313,45.20769],[123.74041,45.06233],[123.41309,44.8536],[123.50845,44.73242],[123.28349,44.63389],[123.11912,44.50714],[123.31735,44.17761],[123.32224,44.0687],[123.63573,44.07738],[123.76232,44.00141],[124.00943,44.00226],[124.30187,43.98873],[124.61134,44.20966],[124.61878,44.3564],[124.54635,44.56749],[124.6283,44.63886],[125.00518,44.77621],[125.23043,44.8063],[125.33354,44.87759],[125.71349,44.937],[125.94529,44.75908],[126.18184,44.99875],[126.16348,45.13244],[125.91361,45.19412],[125.68928,45.34864],[125.6814,45.512]]]},"properties":{"ct_adcode":"220700","ct_name":"松原市","pr_adcode":"220000","pr_name":"吉林省"}},
{"type":"Feature","geometry":{"type":"Polygon","coordinates":[[[124.36715,45.45629],[124.04747,45.74916],[123.96515,45.93004],[124.00934,46.12226],[123.95996,46.27531],[123.8434,46.30062],[123.45037,46.23161],[123.17204,46.24614],[123.03933,46.09803],[122.78711,46.07134],[122.82258,45.91042],[122.63491,45.76929],[122.43987,45.91484],[122.25829,45.79682],[122.03402,45.95698],[121.80845,46.0201],[121.74815,45.79294],[121.94333,45.70919],[122.01749,45.48816],[122.15124,45.4441],[122.0645,44.87997],[122.12572,44.57544],[122.28043,44.4758],[122.26575,44.25363],[122.47695,44.23481],[123.11912,44.50714],[123.28349,44.63389],[123.50845,44.73242],[123.41309,44.8536],[123.74041,45.06233],[123.91313,45.20769],[124.36715,45.45629]]]},"properties":{"ct_adcode":"220800","ct_name":"白城市","pr_adcode":"220000","pr_name":"吉林省"}},
{"type":"Feature","geometry":{"type":"Polygon","coordinates":[[[128.05839,42.00903],[128.46004,42.01832],[128.94851,42.08151],[129.18531,42.19632],[129.35433,42.43096],[129.69763,42.42488],[129.89035,42.99935],[130.24684,42.90347],[130.23504,42.7363],[130.38076,42.60046],[130.61615,42.62945],[130.42754,42.74911],[130.659,42.84533],[130.88387,42.85059],[131.13677,42.93775],[131.09503,43.0187],[131.21116,43.14441],[131.30687,43.38994],[131.29688,43.49955],[131.13503,43.42308],[131.01939,43.50607],[130.81635,43.50032],[130.58963,43.61934],[130.40549,43.64993],[130.37595,43.90318],[130.30043,44.00034],[130.07098,43.83238],[129.94419,44.02499],[129.77307,43.8905],[129.4909,43.8778],[129.2053,43.78253],[129.22351,43.59273],[128.8712,43.53822],[128.63393,43.94559],[128.44363,44.20169],[128.47525,44.37344],[128.36647,44.51199],[128.24676,44.44459],[128.04386,44.34818],[128.08348,44.12981],[127.85893,44.0601],[127.78251,44.00016],[127.8017,43.82723],[127.91637,43.70359],[127.71672,43.50524],[127.62792,43.221],[127.46372,43.03542],[127.83163,42.78602],[128.0217,42.55882],[128.01026,42.42547],[127.81111,42.32072],[128.05839,42.00903]]]},"properties":{"ct_adcode":"222400","ct_name":"延边朝鲜族自治州","pr_adcode":"220000","pr_name":"吉林省"}},
{"type":"Feature","geometry":{"type":"Polygon","coordinates":[[[125.75475,45.52926],[125.6814,45.512],[125.68928,45.34864],[125.91361,45.19412],[126.16348,45.13244],[126.56878,45.25032],[126.96257,45.07251],[127.07995,44.95577],[126.97822,44.82297],[127.04411,44.56479],[127.17538,44.64146],[127.5503,44.5741],[127.45745,44.47966],[127.6174,44.27599],[127.62057,44.18586],[127.85893,44.0601],[128.08348,44.12981],[128.04386,44.34818],[128.24676,44.44459],[128.40141,44.67366],[128.62328,44.65349],[128.7412,44.69762],[129.01493,44.96402],[129.09874,45.16108],[129.20384,45.25571],[129.13289,45.53366],[129.30342,45.62264],[129.33677,45.73352],[129.57874,45.88513],[130.10844,45.92413],[130.10801,46.0673],[130.23256,46.12021],[130.09171,46.24105],[130.13658,46.40999],[129.91415,46.62712],[129.75344,46.52969],[129.49379,46.61729],[129.27447,46.64001],[129.18945,46.53377],[129.01339,46.48575],[128.42201,46.61863],[128.23228,46.57521],[128.07854,46.50623],[127.80376,46.60252],[127.58328,46.51303],[127.34066,46.67202],[127.1802,46.63952],[126.86798,46.4935],[126.62925,46.32295],[126.58156,46.20648],[126.30435,45.96831],[126.35011,45.73088],[125.9766,45.62452],[125.75475,45.52926]]]},"properties":{"ct_adcode":"230100","ct_name":"哈尔滨市","pr_adcode":"230000","pr_name":"黑龙江省"}},
{"type":"Feature","geometry":{"type":"Polygon","coordinates":[[[124.74307,48.92201],[124.52816,48.56087],[124.53663,48.16288],[124.31189,48.34501],[124.3072,48.50176],[124.07464,48.4356],[123.53073,48.01985],[123.28227,47.94095],[123.15649,47.78023],[122.8513,47.67629],[122.58726,47.54508],[122.41174,47.34809],[122.54691,47.17365],[122.78925,47.07493],[122.79626,46.9354],[122.90098,46.80566],[123.15693,46.73807],[123.2245,46.85802],[123.61914,46.84589],[123.59602,46.68741],[123.35959,46.67573],[123.00088,46.57509],[123.00435,46.43395],[123.17204,46.24614],[123.45037,46.23161],[123.8434,46.30062],[123.86076,46.41748],[123.74778,46.64052],[123.98996,46.73473],[123.91841,46.85369],[124.18912,47.12912],[124.41193,47.18154],[124.42184,47.34299],[124.62717,47.30566],[125.04022,47.47641],[125.07262,47.39087],[125.30786,47.37895],[125.32577,47.28416],[126.43903,47.37728],[126.55076,47.5835],[126.51218,47.72324],[126.62491,47.9473],[126.60914,48.15048],[126.51373,48.21696],[126.04509,48.28067],[125.83656,48.35598],[125.80911,48.59822],[126.00092,48.7361],[125.80948,48.86655],[125.69076,48.80115],[125.5067,48.85707],[125.30177,48.72472],[125.0387,48.74436],[124.98438,48.8833],[124.74307,48.92201]]]},"properties":{"ct_adcode":"230200","ct_name":"齐齐哈尔市","pr_adcode":"230000","pr_name":"黑龙江省"}},
{"type":"Feature","geometry":{"type":"Polygon","coordinates":[[[130.96072,44.85255],[131.15171,44.9459],[131.4567,44.96113],[131.67759,45.11342],[131.67418,45.21293],[131.88043,45.34019],[132.00659,45.25083],[132.85513,45.05872],[133.09993,45.12197],[133.08806,45.2435],[133.19824,45.50311],[133.37944,45.5726],[133.47788,45.6878],[133.46668,45.83623],[133.66978,45.94292],[133.68323,46.13166],[133.9113,46.27915],[133.86345,46.50629],[133.21793,46.569],[132.89444,46.13795],[132.67184,46.16263],[132.48837,45.99495],[132.31504,46.0253],[132.25542,45.86733],[132.02079,45.81416],[131.78115,45.90186],[131.56354,45.91039],[131.30107,45.59854],[130.93928,45.66531],[130.76948,45.61672],[130.64495,45.43772],[130.48558,45.3349],[130.40814,45.08922],[130.55032,45.09896],[130.71369,44.96334],[130.80569,45.00072],[130.96072,44.85255]]]},"properties":{"ct_adcode":"230300","ct_name":"鸡西市","pr_adcode":"230000","pr_name":"黑龙江省"}},
{"type":"Feature","geometry":{"type":"Polygon","coordinates":[[[132.51649,47.71374],[132.36425,47.7626],[131.9628,47.66917],[131.5358,47.7336],[130.96042,47.71485],[130.88354,47.92496],[130.68604,48.04598],[130.66596,48.12605],[130.83792,48.2986],[130.77331,48.35224],[130.5139,48.28739],[130.25632,48.28203],[130.09218,48.14075],[129.87183,48.31468],[129.66446,47.97154],[129.76515,47.7801],[129.90132,47.72363],[129.86165,47.53596],[129.89236,47.30269],[130.12544,47.20037],[130.29186,47.06477],[130.6824,47.20157],[130.57109,47.29398],[130.96861,47.31043],[130.96025,47.21844],[131.33087,47.1794],[131.47358,47.25118],[132.01379,47.25603],[132.03994,47.36356],[132.20705,47.40629],[132.40389,47.53774],[132.51649,47.71374]]]},"properties":{"ct_adcode":"230400","ct_name":"鹤岗市","pr_adcode":"230000","pr_name":"黑龙江省"}},
{"type":"Feature","geometry":{"type":"Polygon","coordinates":[[[134.33889,47.43671],[134.1751,47.57489],[134.02599,47.5355],[133.68563,47.54151],[133.58588,47.43928],[133.4461,47.46221],[133.20522,47.08694],[133.14215,46.90479],[132.94983,46.80595],[132.20898,46.80675],[132.24526,46.90657],[132.05114,46.98701],[131.72094,46.88448],[131.5212,46.88885],[131.5463,47.07163],[131.20461,46.96307],[131.00537,46.98675],[130.82874,46.93751],[130.7059,46.82013],[130.71216,46.62287],[130.93794,46.57685],[131.05465,46.39864],[131.22222,46.37165],[131.40221,46.24688],[131.49805,46.24712],[131.62272,46.21597],[131.69945,46.08997],[131.90566,46.05799],[131.78115,45.90186],[132.02079,45.81416],[132.25542,45.86733],[132.31504,46.0253],[132.48837,45.99495],[132.67184,46.16263],[132.89444,46.13795],[133.21793,46.569],[133.86345,46.50629],[134.00382,46.63591],[134.01408,46.82411],[134.13375,47.08894],[134.22277,47.17978],[134.16996,47.3238],[134.33889,47.43671]]]},"properties":{"ct_adcode":"230500","ct_name":"双鸭山市","pr_adcode":"230000","pr_name":"黑龙江省"}},
{"type":"Feature","geometry":{"type":"Polygon","coordinates":[[[124.36715,45.45629],[124.53804,45.40996],[124.83355,45.45372],[125.36306,45.39258],[125.42681,45.45645],[125.6814,45.512],[125.75475,45.52926],[125.71499,45.64389],[125.77464,45.79714],[125.68922,45.90553],[125.41314,45.8833],[125.35015,46.14577],[125.14033,46.04185],[124.95305,46.06909],[124.90101,46.16825],[125.05206,46.33564],[125.05526,46.48514],[125.25048,46.54169],[125.17406,46.65083],[125.1517,46.84343],[125.31155,47.02686],[125.32577,47.28416],[125.30786,47.37895],[125.07262,47.39087],[125.04022,47.47641],[124.62717,47.30566],[124.42184,47.34299],[124.41193,47.18154],[124.18912,47.12912],[123.91841,46.85369],[123.98996,46.73473],[123.74778,46.64052],[123.86076,46.41748],[123.8434,46.30062],[123.95996,46.27531],[124.00934,46.12226],[123.96515,45.93004],[124.04747,45.74916],[124.36715,45.45629]]]},"properties":{"ct_adcode":"230600","ct_name":"大庆市","pr_adcode":"230000","pr_name":"黑龙江省"}},
{"type":"Feature","geometry":{"type":"Polygon","coordinates":[[[130.77331,48.35224],[130.53062,48.60975],[130.67239,48.8788],[130.27154,48.86487],[129.92936,49.03834],[129.68908,49.29616],[129.55449,49.2975],[129.44023,49.43897],[129.29331,49.36829],[129.16315,49.28179],[129.25863,49.06242],[129.43615,49.03467],[129.47599,48.83963],[129.28155,48.79405],[129.19177,48.62114],[128.99137,48.52594],[128.90556,48.27805],[128.73447,48.40748],[128.44387,48.35706],[128.26979,48.1553],[128.12495,48.07587],[128.15378,47.94927],[128.3236,47.89791],[128.22179,47.54139],[128.44251,47.39759],[128.46971,47.23677],[128.09627,47.07059],[127.95805,47.09171],[127.63692,46.98376],[127.82476,46.86607],[128.10934,46.59726],[128.23228,46.57521],[128.42201,46.61863],[129.01339,46.48575],[129.18945,46.53377],[129.27447,46.64001],[129.49379,46.61729],[129.70023,46.73667],[129.55426,46.90449],[129.89236,47.30269],[129.86165,47.53596],[129.90132,47.72363],[129.76515,47.7801],[129.66446,47.97154],[129.87183,48.31468],[130.09218,48.14075],[130.25632,48.28203],[130.5139,48.28739],[130.77331,48.35224]]]},"properties":{"ct_adcode":"230700","ct_name":"伊春市","pr_adcode":"230000","pr_name":"黑龙江省"}},
{"type":"Feature","geometry":{"type":"Polygon","coordinates":[[[134.33889,47.43671],[134.48615,47.44426],[134.77206,47.71338],[134.5441,48.03043],[134.67187,48.25414],[135.07464,48.3939],[134.92008,48.44942],[134.81304,48.37363],[134.49398,48.41657],[134.19575,48.38009],[133.73285,48.25239],[133.51398,48.11263],[133.14604,48.13445],[132.67981,47.88272],[132.51649,47.71374],[132.40389,47.53774],[132.20705,47.40629],[132.03994,47.36356],[132.01379,47.25603],[131.47358,47.25118],[131.33087,47.1794],[130.96025,47.21844],[130.96861,47.31043],[130.57109,47.29398],[130.6824,47.20157],[130.29186,47.06477],[130.12544,47.20037],[129.89236,47.30269],[129.55426,46.90449],[129.70023,46.73667],[129.49379,46.61729],[129.75344,46.52969],[129.91415,46.62712],[130.13658,46.40999],[130.09171,46.24105],[130.23256,46.12021],[130.55725,45.99227],[130.86734,46.02464],[131.1354,46.00527],[131.33051,46.06691],[131.40221,46.24688],[131.22222,46.37165],[131.05465,46.39864],[130.93794,46.57685],[130.71216,46.62287],[130.7059,46.82013],[130.82874,46.93751],[131.00537,46.98675],[131.20461,46.96307],[131.5463,47.07163],[131.5212,46.88885],[131.72094,46.88448],[132.05114,46.98701],[132.24526,46.90657],[132.20898,46.80675],[132.94983,46.80595],[133.14215,46.90479],[133.20522,47.08694],[133.4461,47.46221],[133.58588,47.43928],[133.68563,47.54151],[134.02599,47.5355],[134.1751,47.57489],[134.33889,47.43671]]]},"properties":{"ct_adcode":"230800","ct_name":"佳木斯市","pr_adcode":"230000","pr_name":"黑龙江省"}},
{"type":"Feature","geometry":{"type":"Polygon","coordinates":[[[131.62272,46.21597],[131.49805,46.24712],[131.40221,46.24688],[131.33051,46.06691],[131.1354,46.00527],[130.86734,46.02464],[130.55725,45.99227],[130.23256,46.12021],[130.10801,46.0673],[130.10844,45.92413],[130.18795,45.87064],[130.16132,45.70738],[130.3322,45.61707],[130.62409,45.58661],[130.76948,45.61672],[130.93928,45.66531],[131.30107,45.59854],[131.56354,45.91039],[131.78115,45.90186],[131.90566,46.05799],[131.69945,46.08997],[131.62272,46.21597]]]},"properties":{"ct_adcode":"230900","ct_name":"七台河市","pr_adcode":"230000","pr_name":"黑龙江省"}},
{"type":"Feature","geometry":{"type":"Polygon","coordinates":[[[131.29688,43.49955],[131.19424,43.53213],[131.21027,43.8346],[131.30312,44.04415],[131.10374,44.70777],[130.96072,44.85255],[130.80569,45.00072],[130.71369,44.96334],[130.55032,45.09896],[130.40814,45.08922],[130.48558,45.3349],[130.64495,45.43772],[130.76948,45.61672],[130.62409,45.58661],[130.3322,45.61707],[130.16132,45.70738],[130.18795,45.87064],[130.10844,45.92413],[129.57874,45.88513],[129.33677,45.73352],[129.30342,45.62264],[129.13289,45.53366],[129.20384,45.25571],[129.09874,45.16108],[129.01493,44.96402],[128.7412,44.69762],[128.62328,44.65349],[128.40141,44.67366],[128.24676,44.44459],[128.36647,44.51199],[128.47525,44.37344],[128.44363,44.20169],[128.63393,43.94559],[128.8712,43.53822],[129.22351,43.59273],[129.2053,43.78253],[129.4909,43.8778],[129.77307,43.8905],[129.94419,44.02499],[130.07098,43.83238],[130.30043,44.00034],[130.37595,43.90318],[130.40549,43.64993],[130.58963,43.61934],[130.81635,43.50032],[131.01939,43.50607],[131.13503,43.42308],[131.29688,43.49955]]]},"properties":{"ct_adcode":"231000","ct_name":"牡丹江市","pr_adcode":"230000","pr_name":"黑龙江省"}},
{"type":"Feature","geometry":{"type":"Polygon","coordinates":[[[126.01254,50.91922],[125.75446,50.75294],[125.82194,50.56021],[125.5167,50.40228],[125.43566,50.20489],[125.27008,50.12467],[125.18241,49.95787],[125.22093,49.48488],[125.26999,49.37766],[125.21361,49.18891],[125.10994,49.12371],[124.8997,49.18202],[124.74307,48.92201],[124.98438,48.8833],[125.0387,48.74436],[125.30177,48.72472],[125.5067,48.85707],[125.69076,48.80115],[125.80948,48.86655],[126.00092,48.7361],[125.80911,48.59822],[125.83656,48.35598],[126.04509,48.28067],[126.51373,48.21696],[126.60914,48.15048],[126.62491,47.9473],[126.51218,47.72324],[126.55076,47.5835],[126.79293,47.73763],[126.91158,47.71137],[127.16192,47.7847],[127.39948,47.78261],[127.65395,47.83717],[127.89334,47.96523],[127.97391,48.0955],[128.12495,48.07587],[128.26979,48.1553],[128.44387,48.35706],[128.73447,48.40748],[128.90556,48.27805],[128.99137,48.52594],[129.19177,48.62114],[129.28155,48.79405],[129.47599,48.83963],[129.43615,49.03467],[129.25863,49.06242],[129.16315,49.28179],[129.29331,49.36829],[129.0479,49.37991],[128.53085,49.60239],[128.078,49.54889],[127.80789,49.59183],[127.52499,49.82405],[127.49443,50.05489],[127.59607,50.23792],[127.36424,50.29468],[127.36304,50.57952],[127.13656,50.9085],[127.02355,50.97959],[126.99828,50.92927],[126.46906,50.90048],[126.30274,50.99367],[126.01254,50.91922]]]},"properties":{"ct_adcode":"231100","ct_name":"黑河市","pr_adcode":"230000","pr_name":"黑龙江省"}},
{"type":"Feature","geometry":{"type":"Polygon","coordinates":[[[125.75475,45.52926],[125.9766,45.62452],[126.35011,45.73088],[126.30435,45.96831],[126.58156,46.20648],[126.62925,46.32295],[126.86798,46.4935],[127.1802,46.63952],[127.34066,46.67202],[127.58328,46.51303],[127.80376,46.60252],[128.07854,46.50623],[128.23228,46.57521],[128.10934,46.59726],[127.82476,46.86607],[127.63692,46.98376],[127.95805,47.09171],[128.09627,47.07059],[128.46971,47.23677],[128.44251,47.39759],[128.22179,47.54139],[128.3236,47.89791],[128.15378,47.94927],[128.12495,48.07587],[127.97391,48.0955],[127.89334,47.96523],[127.65395,47.83717],[127.39948,47.78261],[127.16192,47.7847],[126.91158,47.71137],[126.79293,47.73763],[126.55076,47.5835],[126.43903,47.37728],[125.32577,47.28416],[125.31155,47.02686],[125.1517,46.84343],[125.17406,46.65083],[125.25048,46.54169],[125.05526,46.48514],[125.05206,46.33564],[124.90101,46.16825],[124.95305,46.06909],[125.14033,46.04185],[125.35015,46.14577],[125.41314,45.8833],[125.68922,45.90553],[125.77464,45.79714],[125.71499,45.64389],[125.75475,45.52926]]]},"properties":{"ct_adcode":"231200","ct_name":"绥化市","pr_adcode":"230000","pr_name":"黑龙江省"}},
{"type":"Feature","geometry":{"type":"MultiPolygon","coordinates":[[[[124.12187,50.56638],[123.99797,50.43306],[123.77032,50.34293],[123.92362,50.18544],[124.1279,50.23549],[124.35229,50.20014],[124.43219,50.53838],[124.12187,50.56638]]],[[[127.02355,50.97959],[126.91589,51.06042],[126.77695,51.44645],[126.68837,51.57691],[126.72695,51.7099],[126.61586,51.77597],[126.44321,52.02608],[126.55456,52.11246],[126.29942,52.20419],[126.34589,52.38767],[126.08594,52.59715],[126.06451,52.68941],[125.72876,52.94186],[125.60589,53.08182],[125.13349,53.20224],[124.82494,53.14345],[124.4277,53.2219],[124.23142,53.37771],[124.13365,53.34727],[123.85751,53.48794],[123.61316,53.54836],[123.2724,53.56167],[122.88711,53.46131],[122.42772,53.44265],[122.34258,53.50349],[122.10355,53.42502],[121.86883,53.42498],[121.4919,53.33535],[121.67157,53.23967],[121.80761,53.06751],[121.58415,52.82336],[121.3654,52.68158],[121.31816,52.57119],[121.63299,52.44319],[121.70689,52.31682],[121.94074,52.2972],[122.13499,52.49341],[122.76221,52.17837],[122.62248,52.13539],[122.71909,51.9774],[122.74305,51.7462],[122.84938,51.60535],[122.84771,51.47628],[122.99547,51.31064],[123.2634,51.25389],[123.57532,51.29335],[123.71913,51.39561],[123.88039,51.31947],[124.48262,51.37878],[124.68605,51.33121],[124.85721,51.3782],[124.92135,51.49709],[125.12226,51.6337],[125.34354,51.62218],[125.61742,51.37937],[125.98624,51.1174],[126.01254,50.91922],[126.30274,50.99367],[126.46906,50.90048],[126.99828,50.92927],[127.02355,50.97959]]]]},"properties":{"ct_adcode":"232700","ct_name":"大兴安岭地区","pr_adcode":"230000","pr_name":"黑龙江省"}},
{"type":"Feature","geometry":{"type":"MultiPolygon","coordinates":[[[[121.27026,30.67971],[121.59716,30.80752],[121.90039,30.81658],[121.93959,30.77952],[121.96556,30.79155],[121.99425,30.90217],[121.94267,31.06813],[121.71814,31.30552],[121.33891,31.51388],[121.15634,31.45151],[121.07244,31.16035],[120.87714,31.13697],[120.89722,31.01982],[121.12254,30.78081],[121.27026,30.67971]]],[[[121.97095,31.61904],[121.56074,31.71879],[121.31848,31.87041],[121.11384,31.76084],[121.36756,31.55497],[121.42956,31.5921],[121.81489,31.44022],[121.99144,31.49505],[121.97095,31.61904]]],[[[121.78846,31.37956],[121.83633,31.29753],[122.10074,31.26395],[122.11221,31.32302],[121.78846,31.37956]]]]},"properties":{"ct_adcode":"310100","ct_name":"上海城区","pr_adcode":"310000","pr_name":"上海市"}},
{"type":"Feature","geometry":{"type":"Polygon","coordinates":[[[119.22883,31.62898],[119.0206,31.84829],[119.11101,31.89229],[119.03397,32.15899],[119.22372,32.22422],[119.03567,32.27368],[119.06196,32.46432],[118.88,32.58857],[118.59674,32.59958],[118.68745,32.46724],[118.6706,32.2573],[118.49018,32.17824],[118.37781,32.06148],[118.35893,31.93202],[118.49951,31.84374],[118.63862,31.65213],[118.85352,31.62606],[118.86464,31.42372],[118.71596,31.32472],[118.79065,31.23146],[119.07243,31.23416],[119.17582,31.30243],[119.14764,31.49501],[119.22883,31.62898]]]},"properties":{"ct_adcode":"320100","ct_name":"南京市","pr_adcode":"320000","pr_name":"江苏省"}},
{"type":"Feature","geometry":{"type":"Polygon","coordinates":[[[119.91539,31.17317],[120.20497,31.34762],[120.6013,31.52615],[120.58002,31.78428],[120.36597,31.99266],[120.23196,31.93489],[120.014,31.97127],[119.98435,31.85441],[120.1878,31.76924],[120.06859,31.60714],[119.93097,31.55483],[119.58871,31.53435],[119.52312,31.36731],[119.52758,31.16125],[119.61893,31.13254],[119.91539,31.17317]]]},"properties":{"ct_adcode":"320200","ct_name":"无锡市","pr_adcode":"320000","pr_name":"江苏省"}},
{"type":"Feature","geometry":{"type":"Polygon","coordinates":[[[118.40252,34.4365],[118.16471,34.38246],[118.17899,34.54522],[118.09681,34.64856],[117.80006,34.64734],[117.58669,34.46389],[117.3863,34.57582],[117.16987,34.47086],[117.06464,34.71452],[116.91977,34.90109],[116.63471,34.93351],[116.40288,34.85218],[116.3686,34.64087],[116.82266,34.39054],[116.96386,34.39017],[117.02541,34.24402],[117.02585,34.16795],[117.21901,34.0655],[117.50904,34.06225],[117.75293,33.88706],[117.78611,33.73483],[118.16268,33.75089],[118.13542,33.93595],[118.04976,34.15],[118.22712,34.10161],[118.4947,34.11079],[118.63898,34.36036],[118.59664,34.45365],[118.40252,34.4365]]]},"properties":{"ct_adcode":"320300","ct_name":"徐州市","pr_adcode":"320000","pr_name":"江苏省"}},
{"type":"Feature","geometry":{"type":"Polygon","coordinates":[[[119.52758,31.16125],[119.52312,31.36731],[119.58871,31.53435],[119.93097,31.55483],[120.06859,31.60714],[120.1878,31.76924],[119.98435,31.85441],[120.014,31.97127],[119.97075,32.00896],[119.79978,32.05817],[119.68319,31.77145],[119.44345,31.88724],[119.309,31.81743],[119.31123,31.67291],[119.22883,31.62898],[119.14764,31.49501],[119.17582,31.30243],[119.36043,31.19787],[119.52758,31.16125]]]},"properties":{"ct_adcode":"320400","ct_name":"常州市","pr_adcode":"320000","pr_name":"江苏省"}},
{"type":"Feature","geometry":{"type":"Polygon","coordinates":[[[120.89722,31.01982],[120.87714,31.13697],[121.07244,31.16035],[121.15634,31.45151],[121.33891,31.51388],[121.36756,31.55497],[121.11384,31.76084],[120.91244,31.79579],[120.75715,32.02245],[120.54882,32.02327],[120.36597,31.99266],[120.58002,31.78428],[120.6013,31.52615],[120.20497,31.34762],[119.91539,31.17317],[119.99699,31.02928],[120.13033,30.94393],[120.36552,30.95021],[120.48464,30.76609],[120.69392,30.97301],[120.89722,31.01982]]]},"properties":{"ct_adcode":"320500","ct_name":"苏州市","pr_adcode":"320000","pr_name":"江苏省"}},
{"type":"Feature","geometry":{"type":"Polygon","coordinates":[[[120.19754,32.60287],[120.25108,32.59962],[120.35147,32.13264],[120.54882,32.02327],[120.75715,32.02245],[120.91244,31.79579],[121.11384,31.76084],[121.31848,31.87041],[121.56074,31.71879],[121.97095,31.61904],[121.96607,31.72089],[121.85176,31.95733],[121.75463,32.06138],[121.46847,32.17173],[121.42072,32.43288],[120.95738,32.61429],[120.97166,32.66046],[120.85024,32.6072],[120.43836,32.63111],[120.38769,32.70902],[120.19754,32.60287]]]},"properties":{"ct_adcode":"320600","ct_name":"南通市","pr_adcode":"320000","pr_name":"江苏省"}},
{"type":"Feature","geometry":{"type":"Polygon","coordinates":[[[119.81786,34.48318],[119.46253,34.67216],[119.45387,34.77187],[119.23304,34.80041],[119.20574,34.98232],[119.30023,35.07719],[119.19761,35.11134],[119.10884,35.05536],[118.90582,35.04854],[118.67598,34.67942],[118.51779,34.7128],[118.41814,34.59381],[118.40252,34.4365],[118.59664,34.45365],[118.63898,34.36036],[119.03303,34.40462],[119.16934,34.09472],[119.23072,34.03763],[119.56308,34.01466],[119.52725,34.18991],[119.7352,34.31004],[119.81786,34.48318]]]},"properties":{"ct_adcode":"320700","ct_name":"连云港市","pr_adcode":"320000","pr_name":"江苏省"}},
{"type":"Feature","geometry":{"type":"Polygon","coordinates":[[[119.1795,32.82745],[119.34435,32.87017],[119.30848,33.13026],[119.13771,33.23154],[119.22967,33.34671],[119.56176,33.40103],[119.45886,33.62845],[119.5547,33.84254],[119.64072,33.92464],[119.56308,34.01466],[119.23072,34.03763],[119.16934,34.09472],[118.96695,33.92082],[118.82451,33.86126],[118.77436,33.34722],[118.50574,33.26549],[118.41874,33.18864],[118.2159,33.18236],[118.2276,32.91811],[118.3698,32.72083],[118.702,32.72232],[118.7374,32.85546],[118.84416,32.95859],[119.1795,32.82745]]]},"properties":{"ct_adcode":"320800","ct_name":"淮安市","pr_adcode":"320000","pr_name":"江苏省"}},
{"type":"Feature","geometry":{"type":"Polygon","coordinates":[[[119.70748,33.22076],[119.7441,33.13271],[120.07576,33.18327],[120.29206,33.13124],[120.30761,32.99432],[120.21569,32.91885],[120.10819,32.61563],[120.19754,32.60287],[120.38769,32.70902],[120.43836,32.63111],[120.85024,32.6072],[120.97166,32.66046],[120.97693,32.86164],[120.86972,33.09552],[120.81734,33.30021],[120.5794,33.67001],[120.36266,34.09257],[120.288,34.31928],[119.9576,34.46015],[119.81786,34.48318],[119.7352,34.31004],[119.52725,34.18991],[119.56308,34.01466],[119.64072,33.92464],[119.5547,33.84254],[119.45886,33.62845],[119.56176,33.40103],[119.70748,33.22076]]]},"properties":{"ct_adcode":"320900","ct_name":"盐城市","pr_adcode":"320000","pr_name":"江苏省"}},
{"type":"Feature","geometry":{"type":"Polygon","coordinates":[[[119.22372,32.22422],[119.60266,32.25513],[119.81424,32.30466],[119.8094,32.62913],[119.90712,32.62733],[119.71994,32.90358],[119.64648,33.10044],[119.70748,33.22076],[119.56176,33.40103],[119.22967,33.34671],[119.13771,33.23154],[119.30848,33.13026],[119.34435,32.87017],[119.1795,32.82745],[119.21485,32.5786],[119.06196,32.46432],[119.03567,32.27368],[119.22372,32.22422]]]},"properties":{"ct_adcode":"321000","ct_name":"扬州市","pr_adcode":"320000","pr_name":"江苏省"}},
{"type":"Feature","geometry":{"type":"Polygon","coordinates":[[[119.22372,32.22422],[119.03397,32.15899],[119.11101,31.89229],[119.0206,31.84829],[119.22883,31.62898],[119.31123,31.67291],[119.309,31.81743],[119.44345,31.88724],[119.68319,31.77145],[119.79978,32.05817],[119.97075,32.00896],[119.81424,32.30466],[119.60266,32.25513],[119.22372,32.22422]]]},"properties":{"ct_adcode":"321100","ct_name":"镇江市","pr_adcode":"320000","pr_name":"江苏省"}},
{"type":"Feature","geometry":{"type":"Polygon","coordinates":[[[120.19754,32.60287],[120.10819,32.61563],[120.21569,32.91885],[120.30761,32.99432],[120.29206,33.13124],[120.07576,33.18327],[119.7441,33.13271],[119.70748,33.22076],[119.64648,33.10044],[119.71994,32.90358],[119.90712,32.62733],[119.8094,32.62913],[119.81424,32.30466],[119.97075,32.00896],[120.014,31.97127],[120.23196,31.93489],[120.36597,31.99266],[120.54882,32.02327],[120.35147,32.13264],[120.25108,32.59962],[120.19754,32.60287]]]},"properties":{"ct_adcode":"321200","ct_name":"泰州市","pr_adcode":"320000","pr_name":"江苏省"}},
{"type":"Feature","geometry":{"type":"Polygon","coordinates":[[[119.16934,34.09472],[119.03303,34.40462],[118.63898,34.36036],[118.4947,34.11079],[118.22712,34.10161],[118.04976,34.15],[118.13542,33.93595],[118.16268,33.75089],[118.10234,33.47642],[117.97352,33.33583],[117.94264,33.25391],[118.06477,33.14193],[118.2159,33.18236],[118.41874,33.18864],[118.50574,33.26549],[118.77436,33.34722],[118.82451,33.86126],[118.96695,33.92082],[119.16934,34.09472]]]},"properties":{"ct_adcode":"321300","ct_name":"宿迁市","pr_adcode":"320000","pr_name":"江苏省"}},
{"type":"Feature","geometry":{"type":"Polygon","coordinates":[[[120.2954,30.52218],[120.05711,30.43161],[119.76149,30.51649],[119.70431,30.43654],[119.56107,30.44596],[119.39774,30.37559],[119.19589,30.29343],[118.94925,30.36294],[118.87499,30.31751],[118.86398,30.1041],[118.89463,29.98411],[118.64247,29.64606],[118.49011,29.5209],[118.33978,29.47817],[118.56687,29.34115],[118.70391,29.19156],[118.89565,29.33549],[118.99825,29.21044],[119.2559,29.25052],[119.34364,29.32204],[119.70336,29.43587],[119.7739,29.65284],[119.96855,29.67741],[120.2165,29.94469],[120.3583,30.00006],[120.30885,30.10947],[120.45784,30.17116],[120.58942,30.14941],[120.71768,30.28878],[120.68931,30.38033],[120.30861,30.40192],[120.2954,30.52218]]]},"properties":{"ct_adcode":"330100","ct_name":"杭州市","pr_adcode":"330000","pr_name":"浙江省"}},
{"type":"Feature","geometry":{"type":"Polygon","coordinates":[[[120.86293,30.27434],[121.01385,30.01319],[121.00645,29.73771],[121.13982,29.54425],[121.22505,29.52671],[121.18986,29.32478],[121.15447,29.24704],[121.29092,29.09548],[121.40257,29.15947],[121.60441,29.17204],[121.96213,29.0558],[121.98796,29.46397],[121.96203,29.63843],[122.04427,29.82837],[121.63121,30.07243],[121.49341,30.26103],[121.32358,30.39946],[121.11466,30.49199],[121.00959,30.32602],[120.86293,30.27434]]]},"properties":{"ct_adcode":"330200","ct_name":"宁波市","pr_adcode":"330000","pr_name":"浙江省"}},
{"type":"Feature","geometry":{"type":"Polygon","coordinates":[[[120.45741,27.14571],[120.54201,27.16018],[120.57643,27.32478],[120.6988,27.48196],[120.63097,27.58062],[120.7736,27.77794],[120.90698,27.86812],[121.18012,27.81722],[121.15362,27.9134],[120.98776,27.95301],[121.10403,28.14206],[121.21733,28.43081],[120.86555,28.49455],[120.73936,28.61475],[120.38335,28.48253],[120.40819,28.12017],[120.33053,27.99428],[119.84669,27.93558],[119.631,27.67176],[119.68488,27.4341],[119.81582,27.29938],[120.04773,27.34176],[120.12688,27.41974],[120.33642,27.40275],[120.45741,27.14571]]]},"properties":{"ct_adcode":"330300","ct_name":"温州市","pr_adcode":"330000","pr_name":"浙江省"}},
{"type":"Feature","geometry":{"type":"Polygon","coordinates":[[[121.27026,30.67971],[121.12254,30.78081],[120.89722,31.01982],[120.69392,30.97301],[120.48464,30.76609],[120.33956,30.64953],[120.2954,30.52218],[120.30861,30.40192],[120.68931,30.38033],[120.71768,30.28878],[120.86293,30.27434],[121.00959,30.32602],[121.11466,30.49199],[121.05385,30.56625],[121.27026,30.67971]]]},"properties":{"ct_adcode":"330400","ct_name":"嘉兴市","pr_adcode":"330000","pr_name":"浙江省"}},
{"type":"Feature","geometry":{"type":"Polygon","coordinates":[[[119.61893,31.13254],[119.57089,30.83218],[119.47758,30.70674],[119.33789,30.66644],[119.2318,30.54913],[119.39774,30.37559],[119.56107,30.44596],[119.70431,30.43654],[119.76149,30.51649],[120.05711,30.43161],[120.2954,30.52218],[120.33956,30.64953],[120.48464,30.76609],[120.36552,30.95021],[120.13033,30.94393],[119.99699,31.02928],[119.91539,31.17317],[119.61893,31.13254]]]},"properties":{"ct_adcode":"330500","ct_name":"湖州市","pr_adcode":"330000","pr_name":"浙江省"}},
{"type":"Feature","geometry":{"type":"Polygon","coordinates":[[[120.86293,30.27434],[120.71768,30.28878],[120.58942,30.14941],[120.45784,30.17116],[120.30885,30.10947],[120.3583,30.00006],[120.2165,29.94469],[119.96855,29.67741],[120.12268,29.49678],[120.27271,29.49866],[120.28343,29.36194],[120.47048,29.49534],[120.59696,29.33699],[120.75722,29.31605],[120.77504,29.22601],[121.00133,29.32206],[121.18986,29.32478],[121.22505,29.52671],[121.13982,29.54425],[121.00645,29.73771],[121.01385,30.01319],[120.86293,30.27434]]]},"properties":{"ct_adcode":"330600","ct_name":"绍兴市","pr_adcode":"330000","pr_name":"浙江省"}},
{"type":"Feature","geometry":{"type":"Polygon","coordinates":[[[119.31737,28.80389],[119.45576,28.74243],[119.48951,28.55718],[119.69886,28.53647],[119.91659,28.78725],[120.12677,28.76264],[120.30371,28.89883],[120.42225,28.83484],[120.64295,28.90359],[120.70832,29.14635],[120.77504,29.22601],[120.75722,29.31605],[120.59696,29.33699],[120.47048,29.49534],[120.28343,29.36194],[120.27271,29.49866],[120.12268,29.49678],[119.96855,29.67741],[119.7739,29.65284],[119.70336,29.43587],[119.34364,29.32204],[119.2559,29.25052],[119.32673,29.07488],[119.31737,28.80389]]]},"properties":{"ct_adcode":"330700","ct_name":"金华市","pr_adcode":"330000","pr_name":"浙江省"}},
{"type":"Feature","geometry":{"type":"Polygon","coordinates":[[[118.69533,28.31371],[118.71826,28.49648],[119.0745,28.74296],[119.31737,28.80389],[119.32673,29.07488],[119.2559,29.25052],[118.99825,29.21044],[118.89565,29.33549],[118.70391,29.19156],[118.56687,29.34115],[118.33978,29.47817],[118.18784,29.39784],[118.0282,29.17985],[118.06687,29.04171],[118.2648,28.92161],[118.42622,28.68247],[118.47302,28.47393],[118.42859,28.29169],[118.69533,28.31371]]]},"properties":{"ct_adcode":"330800","ct_name":"衢州市","pr_adcode":"330000","pr_name":"浙江省"}},
{"type":"Feature","geometry":{"type":"Polygon","coordinates":[[[122.28748,30.06757],[121.95108,30.18659],[121.97712,30.05134],[122.31994,29.94365],[122.28748,30.06757]]]},"properties":{"ct_adcode":"330900","ct_name":"舟山市","pr_adcode":"330000","pr_name":"浙江省"}},
{"type":"Feature","geometry":{"type":"Polygon","coordinates":[[[121.18986,29.32478],[121.00133,29.32206],[120.77504,29.22601],[120.70832,29.14635],[120.64295,28.90359],[120.42225,28.83484],[120.31816,28.67287],[120.38335,28.48253],[120.73936,28.61475],[120.86555,28.49455],[121.21733,28.43081],[121.10403,28.14206],[121.25701,28.03766],[121.49511,28.30917],[121.62356,28.25544],[121.68304,28.40419],[121.55305,28.64827],[121.68532,28.72231],[121.76786,28.90132],[121.60441,29.17204],[121.40257,29.15947],[121.29092,29.09548],[121.15447,29.24704],[121.18986,29.32478]]]},"properties":{"ct_adcode":"331000","ct_name":"台州市","pr_adcode":"330000","pr_name":"浙江省"}},
{"type":"Feature","geometry":{"type":"Polygon","coordinates":[[[120.42225,28.83484],[120.30371,28.89883],[120.12677,28.76264],[119.91659,28.78725],[119.69886,28.53647],[119.48951,28.55718],[119.45576,28.74243],[119.31737,28.80389],[119.0745,28.74296],[118.71826,28.49648],[118.69533,28.31371],[118.79747,28.12061],[118.71393,28.06693],[118.81362,27.92003],[118.90408,27.61484],[118.86893,27.52112],[119.25726,27.42386],[119.49649,27.64799],[119.631,27.67176],[119.84669,27.93558],[120.33053,27.99428],[120.40819,28.12017],[120.38335,28.48253],[120.31816,28.67287],[120.42225,28.83484]]]},"properties":{"ct_adcode":"331100","ct_name":"丽水市","pr_adcode":"330000","pr_name":"浙江省"}},
{"type":"Feature","geometry":{"type":"Polygon","coordinates":[[[117.19551,32.53607],[117.03372,32.41773],[117.06659,32.26821],[116.9847,32.12417],[117.01532,32.00304],[116.76583,31.91331],[116.7623,31.57331],[116.81755,31.52415],[117.19278,31.55392],[117.02684,31.25862],[117.15074,31.07443],[117.36387,30.96572],[117.50209,31.00565],[117.52444,31.2024],[117.62857,31.29932],[117.70017,31.46075],[117.96011,31.50032],[117.89612,31.81398],[117.94657,31.9084],[117.82406,31.9969],[117.85857,32.19772],[117.64701,32.26304],[117.49252,32.20561],[117.43593,32.36845],[117.2121,32.4656],[117.19551,32.53607]]]},"properties":{"ct_adcode":"340100","ct_name":"合肥市","pr_adcode":"340000","pr_name":"安徽省"}},
{"type":"Feature","geometry":{"type":"Polygon","coordinates":[[[118.09546,30.64345],[118.26241,30.71657],[118.3536,30.84791],[118.72845,31.15156],[118.65188,31.30684],[118.57016,31.29357],[118.41072,31.50209],[117.96011,31.50032],[117.70017,31.46075],[117.62857,31.29932],[117.52444,31.2024],[117.50209,31.00565],[117.64536,30.96001],[117.84545,31.14246],[117.97832,31.09159],[118.12514,30.90329],[117.97514,30.84615],[118.1195,30.72],[118.09546,30.64345]]]},"properties":{"ct_adcode":"340200","ct_name":"芜湖市","pr_adcode":"340000","pr_name":"安徽省"}},
{"type":"Feature","geometry":{"type":"Polygon","coordinates":[[[116.91816,33.30882],[116.79659,33.30558],[116.73036,32.93056],[117.02379,32.75999],[117.1903,32.73661],[117.23907,32.79658],[117.46543,32.839],[117.66632,32.92082],[117.75695,33.04262],[118.00579,33.00354],[118.06477,33.14193],[117.94264,33.25391],[117.97352,33.33583],[117.73216,33.27672],[117.47127,33.34928],[117.38563,33.45762],[117.23748,33.50307],[116.91816,33.30882]]]},"properties":{"ct_adcode":"340300","ct_name":"蚌埠市","pr_adcode":"340000","pr_name":"安徽省"}},
{"type":"Feature","geometry":{"type":"Polygon","coordinates":[[[116.76583,31.91331],[117.01532,32.00304],[116.9847,32.12417],[117.06659,32.26821],[117.03372,32.41773],[117.19551,32.53607],[117.1903,32.73661],[117.02379,32.75999],[116.73036,32.93056],[116.37696,33.00645],[116.38915,32.89303],[116.43979,32.69985],[116.56156,32.54641],[116.47952,32.44138],[116.54346,32.02933],[116.76583,31.91331]]]},"properties":{"ct_adcode":"340400","ct_name":"淮南市","pr_adcode":"340000","pr_name":"安徽省"}},
{"type":"Feature","geometry":{"type":"Polygon","coordinates":[[[118.71596,31.32472],[118.86464,31.42372],[118.85352,31.62606],[118.63862,31.65213],[118.49951,31.84374],[118.35893,31.93202],[118.37781,32.06148],[118.06728,31.85276],[117.94657,31.9084],[117.89612,31.81398],[117.96011,31.50032],[118.41072,31.50209],[118.57016,31.29357],[118.65188,31.30684],[118.71596,31.32472]]]},"properties":{"ct_adcode":"340500","ct_name":"马鞍山市","pr_adcode":"340000","pr_name":"安徽省"}},
{"type":"Feature","geometry":{"type":"Polygon","coordinates":[[[116.59905,34.02291],[116.64282,33.97488],[116.38815,33.78433],[116.54592,33.59823],[116.53288,33.47066],[116.79927,33.42451],[116.79659,33.30558],[116.91816,33.30882],[116.96598,33.42997],[116.89831,33.50577],[116.95742,33.89441],[116.80228,34.0138],[116.59905,34.02291]]]},"properties":{"ct_adcode":"340600","ct_name":"淮北市","pr_adcode":"340000","pr_name":"安徽省"}},
{"type":"Feature","geometry":{"type":"Polygon","coordinates":[[[117.50209,31.00565],[117.36387,30.96572],[117.15074,31.07443],[117.07486,30.96378],[117.09548,30.76953],[117.2117,30.63298],[117.73714,30.80951],[117.79088,30.75081],[117.97514,30.84615],[118.12514,30.90329],[117.97832,31.09159],[117.84545,31.14246],[117.64536,30.96001],[117.50209,31.00565]]]},"properties":{"ct_adcode":"340700","ct_name":"铜陵市","pr_adcode":"340000","pr_name":"安徽省"}},
{"type":"Feature","geometry":{"type":"Polygon","coordinates":[[[116.04081,31.01662],[115.86059,30.8667],[115.75725,30.68803],[115.91491,30.51765],[115.87991,30.38222],[116.05907,30.20926],[116.06876,29.96572],[116.12995,29.82179],[116.24861,29.78566],[116.54709,29.91249],[116.58123,30.049],[116.74229,30.05974],[116.92382,30.29367],[116.88331,30.40965],[117.02013,30.49666],[117.18678,30.46826],[117.2117,30.63298],[117.09548,30.76953],[117.07486,30.96378],[117.15074,31.07443],[117.02684,31.25862],[116.93883,31.16406],[116.70457,31.04547],[116.3375,31.15443],[116.2173,31.06397],[116.04081,31.01662]]]},"properties":{"ct_adcode":"340800","ct_name":"安庆市","pr_adcode":"340000","pr_name":"安徽省"}},
{"type":"Feature","geometry":{"type":"Polygon","coordinates":[[[118.86398,30.1041],[118.6232,30.01918],[118.34982,30.11425],[118.30503,30.32298],[118.12534,30.50042],[117.96491,30.51479],[117.93414,30.3423],[117.84769,30.19438],[117.59457,30.13245],[117.53683,30.05547],[117.20081,29.97673],[117.20089,29.92998],[117.4496,29.75154],[117.58132,29.58748],[117.70238,29.55159],[118.00889,29.57979],[118.18784,29.39784],[118.33978,29.47817],[118.49011,29.5209],[118.64247,29.64606],[118.89463,29.98411],[118.86398,30.1041]]]},"properties":{"ct_adcode":"341000","ct_name":"黄山市","pr_adcode":"340000","pr_name":"安徽省"}},
{"type":"Feature","geometry":{"type":"Polygon","coordinates":[[[118.37781,32.06148],[118.49018,32.17824],[118.6706,32.2573],[118.68745,32.46724],[118.59674,32.59958],[118.88,32.58857],[119.06196,32.46432],[119.21485,32.5786],[119.1795,32.82745],[118.84416,32.95859],[118.7374,32.85546],[118.702,32.72232],[118.3698,32.72083],[118.2276,32.91811],[118.2159,33.18236],[118.06477,33.14193],[118.00579,33.00354],[117.75695,33.04262],[117.66632,32.92082],[117.46543,32.839],[117.23907,32.79658],[117.1903,32.73661],[117.19551,32.53607],[117.2121,32.4656],[117.43593,32.36845],[117.49252,32.20561],[117.64701,32.26304],[117.85857,32.19772],[117.82406,31.9969],[117.94657,31.9084],[118.06728,31.85276],[118.37781,32.06148]]]},"properties":{"ct_adcode":"341100","ct_name":"滁州市","pr_adcode":"340000","pr_name":"安徽省"}},
{"type":"Feature","geometry":{"type":"Polygon","coordinates":[[[115.63435,33.58678],[115.41032,33.55672],[115.30997,33.43296],[115.35642,33.30304],[115.28533,33.13511],[115.1604,33.0893],[114.89202,33.08859],[114.93694,32.93963],[115.13482,32.89928],[115.18432,32.81445],[115.18641,32.60501],[115.40583,32.57668],[115.5638,32.4169],[115.66588,32.41761],[115.9232,32.5698],[116.08543,32.54107],[116.14269,32.44187],[116.47952,32.44138],[116.56156,32.54641],[116.43979,32.69985],[116.38915,32.89303],[116.19308,32.89526],[116.13822,32.98475],[115.83813,33.12745],[115.92221,33.30146],[115.84352,33.45253],[115.63435,33.58678]]]},"properties":{"ct_adcode":"341200","ct_name":"阜阳市","pr_adcode":"340000","pr_name":"安徽省"}},
{"type":"Feature","geometry":{"type":"Polygon","coordinates":[[[116.19149,34.57702],[116.15644,34.46049],[116.35212,34.32095],[116.56378,34.2849],[116.53072,34.15242],[116.59905,34.02291],[116.80228,34.0138],[116.95742,33.89441],[116.89831,33.50577],[116.96598,33.42997],[116.91816,33.30882],[117.23748,33.50307],[117.38563,33.45762],[117.47127,33.34928],[117.73216,33.27672],[117.97352,33.33583],[118.10234,33.47642],[118.16268,33.75089],[117.78611,33.73483],[117.75293,33.88706],[117.50904,34.06225],[117.21901,34.0655],[117.02585,34.16795],[117.02541,34.24402],[116.96386,34.39017],[116.82266,34.39054],[116.3686,34.64087],[116.19149,34.57702]]]},"properties":{"ct_adcode":"341300","ct_name":"宿州市","pr_adcode":"340000","pr_name":"安徽省"}},
{"type":"Feature","geometry":{"type":"Polygon","coordinates":[[[117.02684,31.25862],[117.19278,31.55392],[116.81755,31.52415],[116.7623,31.57331],[116.76583,31.91331],[116.54346,32.02933],[116.47952,32.44138],[116.14269,32.44187],[116.08543,32.54107],[115.9232,32.5698],[115.87839,32.49154],[115.9368,32.16743],[115.88013,31.7783],[115.67127,31.78053],[115.48991,31.67491],[115.36597,31.49771],[115.36803,31.40765],[115.58055,31.1465],[115.70507,31.20277],[115.87503,31.14422],[116.04081,31.01662],[116.2173,31.06397],[116.3375,31.15443],[116.70457,31.04547],[116.93883,31.16406],[117.02684,31.25862]]]},"properties":{"ct_adcode":"341500","ct_name":"六安市","pr_adcode":"340000","pr_name":"安徽省"}},
{"type":"Feature","geometry":{"type":"Polygon","coordinates":[[[116.38815,33.78433],[116.14985,33.71125],[115.98023,33.90268],[115.95223,34.00925],[115.64812,34.06162],[115.55714,33.92875],[115.6241,33.87298],[115.59575,33.66047],[115.63435,33.58678],[115.84352,33.45253],[115.92221,33.30146],[115.83813,33.12745],[116.13822,32.98475],[116.19308,32.89526],[116.38915,32.89303],[116.37696,33.00645],[116.73036,32.93056],[116.79659,33.30558],[116.79927,33.42451],[116.53288,33.47066],[116.54592,33.59823],[116.38815,33.78433]]]},"properties":{"ct_adcode":"341600","ct_name":"亳州市","pr_adcode":"340000","pr_name":"安徽省"}},
{"type":"Feature","geometry":{"type":"Polygon","coordinates":[[[116.74229,30.05974],[116.89521,29.95218],[116.80735,29.81427],[116.65183,29.68899],[116.68404,29.60673],[116.77545,29.57349],[117.08541,29.7016],[117.07019,29.82498],[117.20089,29.92998],[117.20081,29.97673],[117.53683,30.05547],[117.59457,30.13245],[117.84769,30.19438],[117.93414,30.3423],[117.96491,30.51479],[118.09546,30.64345],[118.1195,30.72],[117.97514,30.84615],[117.79088,30.75081],[117.73714,30.80951],[117.2117,30.63298],[117.18678,30.46826],[117.02013,30.49666],[116.88331,30.40965],[116.92382,30.29367],[116.74229,30.05974]]]},"properties":{"ct_adcode":"341700","ct_name":"池州市","pr_adcode":"340000","pr_name":"安徽省"}},
{"type":"Feature","geometry":{"type":"Polygon","coordinates":[[[119.17582,31.30243],[119.07243,31.23416],[118.79065,31.23146],[118.71596,31.32472],[118.65188,31.30684],[118.72845,31.15156],[118.3536,30.84791],[118.26241,30.71657],[118.09546,30.64345],[117.96491,30.51479],[118.12534,30.50042],[118.30503,30.32298],[118.34982,30.11425],[118.6232,30.01918],[118.86398,30.1041],[118.87499,30.31751],[118.94925,30.36294],[119.19589,30.29343],[119.39774,30.37559],[119.2318,30.54913],[119.33789,30.66644],[119.47758,30.70674],[119.57089,30.83218],[119.61893,31.13254],[119.52758,31.16125],[119.36043,31.19787],[119.17582,31.30243]]]},"properties":{"ct_adcode":"341800","ct_name":"宣城市","pr_adcode":"340000","pr_name":"安徽省"}},
{"type":"Feature","geometry":{"type":"Polygon","coordinates":[[[118.53547,25.66457],[119.12897,25.75505],[119.12841,25.64906],[119.215,25.47144],[119.34487,25.40958],[119.64466,25.34584],[119.70984,25.5239],[119.59235,25.59636],[119.62404,25.8752],[119.69067,25.90748],[119.60084,26.17312],[119.67173,26.26641],[119.7932,26.27151],[119.88944,26.35934],[119.79545,26.55024],[119.61808,26.52463],[119.49579,26.62459],[119.27439,26.5384],[118.99034,26.53218],[118.80361,26.4404],[118.66187,26.2787],[118.66403,26.2468],[118.55996,26.17188],[118.50609,25.89755],[118.40485,25.89224],[118.426,25.73329],[118.53547,25.66457]]]},"properties":{"ct_adcode":"350100","ct_name":"福州市","pr_adcode":"350000","pr_name":"福建省"}},
{"type":"Feature","geometry":{"type":"Polygon","coordinates":[[[117.90834,24.87332],[117.96068,24.677],[117.88133,24.59318],[117.95937,24.447],[118.04409,24.421],[118.11641,24.57252],[118.23818,24.51533],[118.36896,24.57831],[118.29649,24.82891],[118.19014,24.89542],[117.90834,24.87332]]]},"properties":{"ct_adcode":"350200","ct_name":"厦门市","pr_adcode":"350000","pr_name":"福建省"}},
{"type":"Feature","geometry":{"type":"Polygon","coordinates":[[[118.89539,25.24432],[118.95442,25.27599],[119.12576,25.02713],[119.23152,25.32691],[119.215,25.47144],[119.12841,25.64906],[119.12897,25.75505],[118.53547,25.66457],[118.45523,25.44628],[118.52878,25.29417],[118.65117,25.30489],[118.68701,25.15776],[118.89539,25.24432]]]},"properties":{"ct_adcode":"350300","ct_name":"莆田市","pr_adcode":"350000","pr_name":"福建省"}},
{"type":"Feature","geometry":{"type":"Polygon","coordinates":[[[117.71313,25.51484],[117.90548,25.50526],[118.02514,25.5714],[117.9952,25.68873],[118.02803,25.86599],[118.35514,25.93244],[118.40485,25.89224],[118.50609,25.89755],[118.55996,26.17188],[118.66403,26.2468],[118.49015,26.36748],[118.26511,26.4259],[118.13098,26.36889],[117.84553,26.68332],[117.69073,26.64446],[117.66566,26.80827],[117.52455,27.00724],[117.28866,27.12853],[117.04807,27.10464],[116.94205,27.04148],[116.67462,26.98193],[116.54402,26.8435],[116.53434,26.56472],[116.51475,26.41374],[116.38053,26.24128],[116.48235,26.11395],[116.39522,26.03604],[116.6402,25.98328],[116.81553,25.78693],[117.01907,25.85609],[117.0626,25.69557],[117.18653,25.56483],[117.37061,25.78521],[117.53113,25.72817],[117.71347,25.59342],[117.71313,25.51484]]]},"properties":{"ct_adcode":"350400","ct_name":"三明市","pr_adcode":"350000","pr_name":"福建省"}},
{"type":"Feature","geometry":{"type":"Polygon","coordinates":[[[118.89539,25.24432],[118.68701,25.15776],[118.65117,25.30489],[118.52878,25.29417],[118.45523,25.44628],[118.53547,25.66457],[118.426,25.73329],[118.40485,25.89224],[118.35514,25.93244],[118.02803,25.86599],[117.9952,25.68873],[118.02514,25.5714],[117.90548,25.50526],[117.71313,25.51484],[117.6866,25.37114],[117.55054,25.21462],[117.7322,25.02935],[117.61346,24.96745],[117.67857,24.8519],[117.90834,24.87332],[118.19014,24.89542],[118.29649,24.82891],[118.36896,24.57831],[118.6758,24.58518],[118.77188,24.74384],[118.72679,24.84351],[118.98509,24.97692],[118.91606,25.05791],[118.97979,25.19831],[118.89539,25.24432]]]},"properties":{"ct_adcode":"350500","ct_name":"泉州市","pr_adcode":"350000","pr_name":"福建省"}},
{"type":"Feature","geometry":{"type":"Polygon","coordinates":[[[118.04409,24.421],[117.95937,24.447],[117.88133,24.59318],[117.96068,24.677],[117.90834,24.87332],[117.67857,24.8519],[117.61346,24.96745],[117.7322,25.02935],[117.55054,25.21462],[117.47952,25.16762],[117.49045,24.97421],[117.30199,24.97098],[117.01864,24.77644],[117.01083,24.55441],[116.90695,24.51869],[116.8994,24.37287],[116.92886,24.22521],[116.93037,24.12985],[117.04898,23.69915],[117.18807,23.56413],[117.45873,23.58765],[117.49775,23.70719],[117.60828,23.71615],[117.66716,23.88079],[117.75771,23.88959],[117.90602,24.01466],[117.99661,24.17961],[118.15062,24.26136],[118.04409,24.421]]]},"properties":{"ct_adcode":"350600","ct_name":"漳州市","pr_adcode":"350000","pr_name":"福建省"}},
{"type":"Feature","geometry":{"type":"Polygon","coordinates":[[[117.44097,27.93585],[117.27147,27.8513],[117.30042,27.7787],[117.10662,27.64844],[117.16671,27.29343],[117.04807,27.10464],[117.28866,27.12853],[117.52455,27.00724],[117.66566,26.80827],[117.69073,26.64446],[117.84553,26.68332],[118.13098,26.36889],[118.26511,26.4259],[118.49015,26.36748],[118.66403,26.2468],[118.66187,26.2787],[118.55854,26.37065],[118.59801,26.71147],[118.69131,26.87552],[118.91826,27.11342],[119.1554,27.09524],[119.25726,27.42386],[118.86893,27.52112],[118.90408,27.61484],[118.81362,27.92003],[118.71393,28.06693],[118.79747,28.12061],[118.69533,28.31371],[118.42859,28.29169],[118.34759,28.09024],[118.11552,28.04492],[117.85098,27.94927],[117.70053,27.83629],[117.57418,27.94917],[117.44097,27.93585]]]},"properties":{"ct_adcode":"350700","ct_name":"南平市","pr_adcode":"350000","pr_name":"福建省"}},
{"type":"Feature","geometry":{"type":"Polygon","coordinates":[[[117.55054,25.21462],[117.6866,25.37114],[117.71313,25.51484],[117.71347,25.59342],[117.53113,25.72817],[117.37061,25.78521],[117.18653,25.56483],[117.0626,25.69557],[117.01907,25.85609],[116.81553,25.78693],[116.6402,25.98328],[116.39522,26.03604],[116.05526,25.6977],[116.00325,25.32423],[115.85094,25.21237],[115.92371,25.05349],[115.88799,24.94013],[116.22842,24.8035],[116.37246,24.82377],[116.52557,24.6079],[116.7966,24.68119],[116.7537,24.54949],[116.8994,24.37287],[116.90695,24.51869],[117.01083,24.55441],[117.01864,24.77644],[117.30199,24.97098],[117.49045,24.97421],[117.47952,25.16762],[117.55054,25.21462]]]},"properties":{"ct_adcode":"350800","ct_name":"龙岩市","pr_adcode":"350000","pr_name":"福建省"}},
{"type":"Feature","geometry":{"type":"Polygon","coordinates":[[[118.66187,26.2787],[118.80361,26.4404],[118.99034,26.53218],[119.27439,26.5384],[119.49579,26.62459],[119.61808,26.52463],[119.79545,26.55024],[119.70648,26.69002],[119.89489,26.69672],[119.86267,26.51237],[120.05544,26.62912],[120.15126,26.75345],[120.04996,26.86691],[120.21875,26.91758],[120.30234,27.0912],[120.45741,27.14571],[120.33642,27.40275],[120.12688,27.41974],[120.04773,27.34176],[119.81582,27.29938],[119.68488,27.4341],[119.631,27.67176],[119.49649,27.64799],[119.25726,27.42386],[119.1554,27.09524],[118.91826,27.11342],[118.69131,26.87552],[118.59801,26.71147],[118.55854,26.37065],[118.66187,26.2787]]]},"properties":{"ct_adcode":"350900","ct_name":"宁德市","pr_adcode":"350000","pr_name":"福建省"}},
{"type":"Feature","geometry":{"type":"Polygon","coordinates":[[[116.39537,29.05573],[116.26978,29.0099],[116.05951,29.11919],[115.93262,29.09272],[115.75052,28.90077],[115.47025,29.00905],[115.55449,28.73271],[115.5477,28.3906],[116.11087,28.24031],[116.20409,28.18171],[116.46199,28.25554],[116.55016,28.50028],[116.44143,28.7042],[116.24148,28.80492],[116.39913,28.95672],[116.39537,29.05573]]]},"properties":{"ct_adcode":"360100","ct_name":"南昌市","pr_adcode":"360000","pr_name":"江西省"}},
{"type":"Feature","geometry":{"type":"Polygon","coordinates":[[[117.08541,29.7016],[117.00747,29.20475],[117.07365,29.12483],[116.95215,28.90799],[117.03958,28.81344],[117.24318,28.72235],[117.55194,28.89451],[117.48609,28.98984],[117.44754,29.28423],[117.50622,29.40838],[117.70238,29.55159],[117.58132,29.58748],[117.4496,29.75154],[117.20089,29.92998],[117.07019,29.82498],[117.08541,29.7016]]]},"properties":{"ct_adcode":"360200","ct_name":"景德镇市","pr_adcode":"360000","pr_name":"江西省"}},
{"type":"Feature","geometry":{"type":"Polygon","coordinates":[[[113.91624,26.96363],[114.00808,27.12591],[114.14853,27.24238],[114.02465,27.42927],[114.16815,27.44797],[114.27678,27.58131],[114.14875,27.75518],[113.99566,27.75531],[113.88592,27.87447],[113.91057,27.99701],[113.72484,27.88802],[113.75767,27.80258],[113.60232,27.6384],[113.61129,27.34887],[113.86738,27.3883],[113.77391,27.14053],[113.91624,26.96363]]]},"properties":{"ct_adcode":"360300","ct_name":"萍乡市","pr_adcode":"360000","pr_name":"江西省"}},
{"type":"Feature","geometry":{"type":"Polygon","coordinates":[[[115.50635,29.84284],[115.34414,29.65319],[115.14985,29.66104],[115.08217,29.56243],[114.95185,29.55629],[114.86129,29.40738],[114.61688,29.38293],[114.51449,29.32817],[114.25366,29.34666],[114.21897,29.2382],[114.05763,29.20759],[113.93672,29.05042],[114.14802,28.77398],[114.35708,28.7049],[114.54316,28.77028],[114.732,28.69022],[114.91227,28.80424],[114.95886,28.97059],[115.14088,29.07624],[115.2842,29.10226],[115.47025,29.00905],[115.75052,28.90077],[115.93262,29.09272],[116.05951,29.11919],[116.26978,29.0099],[116.39537,29.05573],[116.58885,29.25551],[116.51377,29.43378],[116.52376,29.60685],[116.68404,29.60673],[116.65183,29.68899],[116.80735,29.81427],[116.89521,29.95218],[116.74229,30.05974],[116.58123,30.049],[116.54709,29.91249],[116.24861,29.78566],[116.12995,29.82179],[115.96084,29.72737],[115.66277,29.85284],[115.50635,29.84284]]]},"properties":{"ct_adcode":"360400","ct_name":"九江市","pr_adcode":"360000","pr_name":"江西省"}},
{"type":"Feature","geometry":{"type":"Polygon","coordinates":[[[115.40048,27.87564],[115.13155,27.90512],[115.15353,28.07076],[114.77375,28.10765],[114.57734,28.04869],[114.48055,27.89329],[114.57837,27.75681],[114.52596,27.6045],[114.84717,27.58778],[115.01795,27.71157],[115.2751,27.77063],[115.40048,27.87564]]]},"properties":{"ct_adcode":"360500","ct_name":"新余市","pr_adcode":"360000","pr_name":"江西省"}},
{"type":"Feature","geometry":{"type":"Polygon","coordinates":[[[117.44097,27.93585],[117.43146,28.11017],[117.27611,28.14981],[117.32739,28.45327],[117.2693,28.60502],[116.90633,28.52578],[116.78375,28.3444],[116.78981,28.12906],[117.27147,27.8513],[117.44097,27.93585]]]},"properties":{"ct_adcode":"360600","ct_name":"鹰潭市","pr_adcode":"360000","pr_name":"江西省"}},
{"type":"Feature","geometry":{"type":"Polygon","coordinates":[[[114.01545,25.97526],[114.02302,25.89633],[113.90853,25.70442],[113.97793,25.60233],[113.9397,25.44471],[114.04614,25.35155],[114.25205,25.29553],[114.53566,25.41997],[114.73805,25.27739],[114.63548,25.07689],[114.39082,24.95378],[114.39795,24.88023],[114.25352,24.64441],[114.3032,24.57695],[114.46499,24.51345],[114.90501,24.66461],[115.09149,24.67661],[115.40786,24.79553],[115.55478,24.64601],[115.73911,24.54653],[115.8363,24.58704],[115.7523,24.75277],[115.88799,24.94013],[115.92371,25.05349],[115.85094,25.21237],[116.00325,25.32423],[116.05526,25.6977],[116.39522,26.03604],[116.48235,26.11395],[116.38053,26.24128],[116.51475,26.41374],[116.53434,26.56472],[116.30011,26.50239],[116.11366,26.73305],[116.18417,27.02049],[116.11922,27.13477],[116.00259,27.11562],[115.93064,26.96858],[115.83065,26.90097],[115.66992,26.64842],[115.52178,26.69889],[115.33119,26.67711],[115.20021,26.52152],[115.10974,26.50719],[115.0215,26.36274],[115.04637,26.20653],[114.70992,26.16584],[114.57157,26.23902],[114.45144,26.11745],[114.28797,26.03805],[114.01545,25.97526]]]},"properties":{"ct_adcode":"360700","ct_name":"赣州市","pr_adcode":"360000","pr_name":"江西省"}},
{"type":"Feature","geometry":{"type":"Polygon","coordinates":[[[114.27678,27.58131],[114.16815,27.44797],[114.02465,27.42927],[114.14853,27.24238],[114.00808,27.12591],[113.91624,26.96363],[113.83047,26.80987],[113.9013,26.61929],[114.1027,26.57826],[114.01593,26.28631],[113.94099,26.18794],[114.01545,25.97526],[114.28797,26.03805],[114.45144,26.11745],[114.57157,26.23902],[114.70992,26.16584],[115.04637,26.20653],[115.0215,26.36274],[115.10974,26.50719],[115.20021,26.52152],[115.33119,26.67711],[115.52178,26.69889],[115.66992,26.64842],[115.83065,26.90097],[115.93064,26.96858],[115.62309,27.25053],[115.71966,27.44455],[115.60308,27.58131],[115.73007,27.73287],[115.42314,27.96343],[115.40048,27.87564],[115.2751,27.77063],[115.01795,27.71157],[114.84717,27.58778],[114.52596,27.6045],[114.27678,27.58131]]]},"properties":{"ct_adcode":"360800","ct_name":"吉安市","pr_adcode":"360000","pr_name":"江西省"}},
{"type":"Feature","geometry":{"type":"Polygon","coordinates":[[[113.91057,27.99701],[113.88592,27.87447],[113.99566,27.75531],[114.14875,27.75518],[114.27678,27.58131],[114.52596,27.6045],[114.57837,27.75681],[114.48055,27.89329],[114.57734,28.04869],[114.77375,28.10765],[115.15353,28.07076],[115.13155,27.90512],[115.40048,27.87564],[115.42314,27.96343],[115.73007,27.73287],[115.86071,27.85843],[116.02203,27.9114],[116.13956,28.05953],[116.11087,28.24031],[115.5477,28.3906],[115.55449,28.73271],[115.47025,29.00905],[115.2842,29.10226],[115.14088,29.07624],[114.95886,28.97059],[114.91227,28.80424],[114.732,28.69022],[114.54316,28.77028],[114.35708,28.7049],[114.14802,28.77398],[114.08119,28.55897],[114.19024,28.50178],[114.24886,28.32424],[114.06314,28.17483],[114.04138,28.0615],[113.91057,27.99701]]]},"properties":{"ct_adcode":"360900","ct_name":"宜春市","pr_adcode":"360000","pr_name":"江西省"}},
{"type":"Feature","geometry":{"type":"Polygon","coordinates":[[[117.04807,27.10464],[117.16671,27.29343],[117.10662,27.64844],[117.30042,27.7787],[117.27147,27.8513],[116.78981,28.12906],[116.78375,28.3444],[116.57964,28.38613],[116.55016,28.50028],[116.46199,28.25554],[116.20409,28.18171],[116.11087,28.24031],[116.13956,28.05953],[116.02203,27.9114],[115.86071,27.85843],[115.73007,27.73287],[115.60308,27.58131],[115.71966,27.44455],[115.62309,27.25053],[115.93064,26.96858],[116.00259,27.11562],[116.11922,27.13477],[116.18417,27.02049],[116.11366,26.73305],[116.30011,26.50239],[116.53434,26.56472],[116.54402,26.8435],[116.67462,26.98193],[116.94205,27.04148],[117.04807,27.10464]]]},"properties":{"ct_adcode":"361000","ct_name":"抚州市","pr_adcode":"360000","pr_name":"江西省"}},
{"type":"Feature","geometry":{"type":"Polygon","coordinates":[[[117.08541,29.7016],[116.77545,29.57349],[116.68404,29.60673],[116.52376,29.60685],[116.51377,29.43378],[116.58885,29.25551],[116.39537,29.05573],[116.39913,28.95672],[116.24148,28.80492],[116.44143,28.7042],[116.55016,28.50028],[116.57964,28.38613],[116.78375,28.3444],[116.90633,28.52578],[117.2693,28.60502],[117.32739,28.45327],[117.27611,28.14981],[117.43146,28.11017],[117.44097,27.93585],[117.57418,27.94917],[117.70053,27.83629],[117.85098,27.94927],[118.11552,28.04492],[118.34759,28.09024],[118.42859,28.29169],[118.47302,28.47393],[118.42622,28.68247],[118.2648,28.92161],[118.06687,29.04171],[118.0282,29.17985],[118.18784,29.39784],[118.00889,29.57979],[117.70238,29.55159],[117.50622,29.40838],[117.44754,29.28423],[117.48609,28.98984],[117.55194,28.89451],[117.24318,28.72235],[117.03958,28.81344],[116.95215,28.90799],[117.07365,29.12483],[117.00747,29.20475],[117.08541,29.7016]]]},"properties":{"ct_adcode":"361100","ct_name":"上饶市","pr_adcode":"360000","pr_name":"江西省"}},
{"type":"Feature","geometry":{"type":"Polygon","coordinates":[[[116.22044,36.1737],[116.28911,36.03135],[116.4668,36.21277],[116.77703,36.31234],[116.97422,36.2442],[117.30077,36.46682],[117.40652,36.21068],[117.52765,36.11109],[117.75107,36.01936],[117.93188,35.99665],[117.925,36.35258],[117.75815,36.463],[117.71202,36.69757],[117.57148,36.86263],[117.55957,36.95964],[117.32384,37.0063],[117.45349,37.10924],[117.40186,37.37477],[117.25843,37.52963],[117.0182,37.43727],[116.97962,37.33885],[117.05743,37.18189],[116.91326,37.0971],[116.95176,36.9162],[116.86518,36.75898],[116.65578,36.5783],[116.54072,36.40891],[116.32552,36.2905],[116.22044,36.1737]]]},"properties":{"ct_adcode":"370100","ct_name":"济南市","pr_adcode":"370000","pr_name":"山东省"}},
{"type":"Feature","geometry":{"type":"Polygon","coordinates":[[[119.60435,37.01353],[119.52498,36.76496],[119.61973,36.63867],[119.82075,36.54102],[119.96679,36.5223],[119.88686,36.31881],[119.62826,36.06778],[119.7326,35.87309],[119.51996,35.73066],[119.51707,35.611],[119.65683,35.58949],[119.87249,35.61119],[120.01496,35.72221],[120.06587,35.88134],[120.20421,35.91753],[120.23994,36.02034],[120.10325,36.12714],[120.17635,36.20375],[120.35721,36.19586],[120.28489,36.05915],[120.59523,36.10189],[120.7025,36.16496],[120.65831,36.33172],[120.75462,36.46238],[120.8764,36.37012],[120.97913,36.54061],[120.84538,36.61208],[120.65585,36.64779],[120.53247,37.04744],[120.54284,37.11616],[120.25899,37.11407],[120.15462,37.01267],[119.91819,36.99358],[119.60435,37.01353]]]},"properties":{"ct_adcode":"370200","ct_name":"青岛市","pr_adcode":"370000","pr_name":"山东省"}},
{"type":"Feature","geometry":{"type":"Polygon","coordinates":[[[118.28299,36.99945],[118.13288,37.00531],[118.063,37.20647],[117.93548,37.28003],[117.65354,37.27356],[117.5692,37.08878],[117.84151,37.06551],[117.95484,36.91006],[117.82696,36.85964],[117.71202,36.69757],[117.75815,36.463],[117.925,36.35258],[117.93188,35.99665],[117.98271,35.94772],[118.10335,36.02981],[118.26359,35.92849],[118.50222,36.07491],[118.38174,36.17428],[118.17039,36.58569],[118.22844,36.72611],[118.41392,36.79573],[118.46149,36.94491],[118.28299,36.99945]]]},"properties":{"ct_adcode":"370300","ct_name":"淄博市","pr_adcode":"370000","pr_name":"山东省"}},
{"type":"Feature","geometry":{"type":"Polygon","coordinates":[[[117.41312,35.2742],[117.02298,35.22157],[116.8463,35.09724],[117.31372,34.71301],[117.3863,34.57582],[117.58669,34.46389],[117.80006,34.64734],[117.82492,34.76124],[117.6927,34.92082],[117.73038,35.03216],[117.41312,35.2742]]]},"properties":{"ct_adcode":"370400","ct_name":"枣庄市","pr_adcode":"370000","pr_name":"山东省"}},
{"type":"Feature","geometry":{"type":"Polygon","coordinates":[[[119.03397,37.30365],[118.93404,37.52642],[119.01837,37.63745],[119.23048,37.65125],[119.30322,37.80453],[119.1298,37.827],[118.96832,38.09349],[118.84798,38.15439],[118.49862,38.11318],[118.23943,38.14357],[118.25225,37.85411],[118.35588,37.79112],[118.17825,37.66077],[118.10655,37.4626],[118.36988,37.26638],[118.28299,36.99945],[118.46149,36.94491],[118.77222,37.27942],[119.03397,37.30365]]]},"properties":{"ct_adcode":"370500","ct_name":"东营市","pr_adcode":"370000","pr_name":"山东省"}},
{"type":"Feature","geometry":{"type":"Polygon","coordinates":[[[119.60435,37.01353],[119.91819,36.99358],[120.15462,37.01267],[120.25899,37.11407],[120.54284,37.11616],[120.53247,37.04744],[120.65585,36.64779],[120.84538,36.61208],[121.02398,36.57282],[121.47315,36.77033],[121.38022,36.87668],[121.17248,37.00306],[121.30146,37.14126],[121.3862,37.09744],[121.72907,37.12494],[121.78997,37.30299],[121.91927,37.47241],[121.62869,37.4925],[121.5605,37.43972],[121.34961,37.59518],[121.14851,37.61296],[120.93096,37.8217],[120.68361,37.82805],[120.36292,37.69699],[120.22201,37.69276],[120.2416,37.55577],[120.13892,37.48095],[119.83859,37.37609],[119.88693,37.26335],[119.73471,37.13315],[119.57103,37.12708],[119.60435,37.01353]]]},"properties":{"ct_adcode":"370600","ct_name":"烟台市","pr_adcode":"370000","pr_name":"山东省"}},
{"type":"Feature","geometry":{"type":"Polygon","coordinates":[[[118.46149,36.94491],[118.41392,36.79573],[118.22844,36.72611],[118.17039,36.58569],[118.38174,36.17428],[118.50222,36.07491],[118.61667,36.17727],[118.83029,36.20315],[118.85503,36.10138],[119.0184,36.02617],[119.27631,35.91013],[119.51996,35.73066],[119.7326,35.87309],[119.62826,36.06778],[119.88686,36.31881],[119.96679,36.5223],[119.82075,36.54102],[119.61973,36.63867],[119.52498,36.76496],[119.60435,37.01353],[119.57103,37.12708],[119.32201,37.11511],[119.29256,37.19665],[119.03397,37.30365],[118.77222,37.27942],[118.46149,36.94491]]]},"properties":{"ct_adcode":"370700","ct_name":"潍坊市","pr_adcode":"370000","pr_name":"山东省"}},
{"type":"Feature","geometry":{"type":"Polygon","coordinates":[[[117.59121,35.63075],[117.43406,35.74448],[117.00625,35.80976],[116.94939,35.71929],[116.77318,35.6793],[116.62039,35.75833],[116.61321,35.93537],[116.39502,35.79447],[116.24448,35.82359],[116.04476,35.98178],[115.87049,35.86734],[116.06524,35.71901],[116.1965,35.45842],[116.21799,35.26083],[116.11003,35.02607],[116.14951,34.94788],[116.40288,34.85218],[116.63471,34.93351],[116.91977,34.90109],[117.06464,34.71452],[117.16987,34.47086],[117.3863,34.57582],[117.31372,34.71301],[116.8463,35.09724],[117.02298,35.22157],[117.41312,35.2742],[117.4372,35.47043],[117.59121,35.63075]]]},"properties":{"ct_adcode":"370800","ct_name":"济宁市","pr_adcode":"370000","pr_name":"山东省"}},
{"type":"Feature","geometry":{"type":"Polygon","coordinates":[[[117.93188,35.99665],[117.75107,36.01936],[117.52765,36.11109],[117.40652,36.21068],[117.30077,36.46682],[116.97422,36.2442],[116.77703,36.31234],[116.4668,36.21277],[116.28911,36.03135],[116.22044,36.1737],[116.09348,36.11185],[116.04476,35.98178],[116.24448,35.82359],[116.39502,35.79447],[116.61321,35.93537],[116.62039,35.75833],[116.77318,35.6793],[116.94939,35.71929],[117.00625,35.80976],[117.43406,35.74448],[117.59121,35.63075],[117.62887,35.70956],[117.83163,35.74157],[117.82158,35.82786],[117.98271,35.94772],[117.93188,35.99665]]]},"properties":{"ct_adcode":"370900","ct_name":"泰安市","pr_adcode":"370000","pr_name":"山东省"}},
{"type":"Feature","geometry":{"type":"Polygon","coordinates":[[[121.47315,36.77033],[121.62376,36.79704],[122.01009,36.95722],[122.24113,36.83495],[122.54195,36.92307],[122.4763,37.11706],[122.57649,37.14719],[122.54898,37.40622],[122.16224,37.43714],[122.12849,37.55542],[121.91927,37.47241],[121.78997,37.30299],[121.72907,37.12494],[121.3862,37.09744],[121.30146,37.14126],[121.17248,37.00306],[121.38022,36.87668],[121.47315,36.77033]]]},"properties":{"ct_adcode":"371000","ct_name":"威海市","pr_adcode":"370000","pr_name":"山东省"}},
{"type":"Feature","geometry":{"type":"Polygon","coordinates":[[[119.0184,36.02617],[118.80833,35.94876],[118.69509,35.79143],[118.79333,35.73019],[118.60079,35.39118],[118.95639,35.33457],[119.1795,35.26496],[119.19761,35.11134],[119.30023,35.07719],[119.40552,35.23182],[119.57385,35.35806],[119.65683,35.58949],[119.51707,35.611],[119.51996,35.73066],[119.27631,35.91013],[119.0184,36.02617]]]},"properties":{"ct_adcode":"371100","ct_name":"日照市","pr_adcode":"370000","pr_name":"山东省"}},
{"type":"Feature","geometry":{"type":"Polygon","coordinates":[[[118.40252,34.4365],[118.41814,34.59381],[118.51779,34.7128],[118.67598,34.67942],[118.90582,35.04854],[119.10884,35.05536],[119.19761,35.11134],[119.1795,35.26496],[118.95639,35.33457],[118.60079,35.39118],[118.79333,35.73019],[118.69509,35.79143],[118.80833,35.94876],[119.0184,36.02617],[118.85503,36.10138],[118.83029,36.20315],[118.61667,36.17727],[118.50222,36.07491],[118.26359,35.92849],[118.10335,36.02981],[117.98271,35.94772],[117.82158,35.82786],[117.83163,35.74157],[117.62887,35.70956],[117.59121,35.63075],[117.4372,35.47043],[117.41312,35.2742],[117.73038,35.03216],[117.6927,34.92082],[117.82492,34.76124],[117.80006,34.64734],[118.09681,34.64856],[118.17899,34.54522],[118.16471,34.38246],[118.40252,34.4365]]]},"properties":{"ct_adcode":"371300","ct_name":"临沂市","pr_adcode":"370000","pr_name":"山东省"}},
{"type":"Feature","geometry":{"type":"Polygon","coordinates":[[[116.54072,36.40891],[116.65578,36.5783],[116.86518,36.75898],[116.95176,36.9162],[116.91326,37.0971],[117.05743,37.18189],[116.97962,37.33885],[117.0182,37.43727],[117.25843,37.52963],[117.36674,37.64766],[117.52516,37.68819],[117.53499,38.01061],[117.43219,37.85294],[117.02109,37.83155],[116.78877,37.84625],[116.74798,37.76976],[116.4282,37.47245],[116.33007,37.58041],[116.21868,37.47898],[116.27715,37.40059],[115.98239,37.34125],[115.84822,37.05889],[115.76284,36.92059],[115.96064,36.88329],[116.16418,36.92073],[116.21988,37.02487],[116.42345,36.96853],[116.39505,36.52445],[116.54072,36.40891]]]},"properties":{"ct_adcode":"371400","ct_name":"德州市","pr_adcode":"370000","pr_name":"山东省"}},
{"type":"Feature","geometry":{"type":"Polygon","coordinates":[[[115.4776,36.14888],[115.35708,35.97189],[115.32906,35.7967],[115.69297,35.96611],[116.09348,36.11185],[116.22044,36.1737],[116.32552,36.2905],[116.54072,36.40891],[116.39505,36.52445],[116.42345,36.96853],[116.21988,37.02487],[116.16418,36.92073],[115.96064,36.88329],[115.76284,36.92059],[115.65924,36.81225],[115.4723,36.75432],[115.2769,36.47828],[115.47053,36.24638],[115.4776,36.14888]]]},"properties":{"ct_adcode":"371500","ct_name":"聊城市","pr_adcode":"370000","pr_name":"山东省"}},
{"type":"Feature","geometry":{"type":"Polygon","coordinates":[[[117.25843,37.52963],[117.40186,37.37477],[117.45349,37.10924],[117.32384,37.0063],[117.55957,36.95964],[117.57148,36.86263],[117.71202,36.69757],[117.82696,36.85964],[117.95484,36.91006],[117.84151,37.06551],[117.5692,37.08878],[117.65354,37.27356],[117.93548,37.28003],[118.063,37.20647],[118.13288,37.00531],[118.28299,36.99945],[118.36988,37.26638],[118.10655,37.4626],[118.17825,37.66077],[118.35588,37.79112],[118.25225,37.85411],[118.23943,38.14357],[117.99153,38.21125],[117.88975,38.30112],[117.69836,38.07537],[117.53499,38.01061],[117.52516,37.68819],[117.36674,37.64766],[117.25843,37.52963]]]},"properties":{"ct_adcode":"371600","ct_name":"滨州市","pr_adcode":"370000","pr_name":"山东省"}},
{"type":"Feature","geometry":{"type":"Polygon","coordinates":[[[115.25035,34.84619],[115.42083,34.80615],[115.50993,34.58375],[116.19149,34.57702],[116.3686,34.64087],[116.40288,34.85218],[116.14951,34.94788],[116.11003,35.02607],[116.21799,35.26083],[116.1965,35.45842],[116.06524,35.71901],[115.87049,35.86734],[115.68784,35.75421],[115.48004,35.71018],[115.23155,35.42338],[115.01147,35.33777],[114.83614,35.15183],[114.81907,35.01307],[114.91833,34.96966],[115.12215,35.0049],[115.25035,34.84619]]]},"properties":{"ct_adcode":"371700","ct_name":"菏泽市","pr_adcode":"370000","pr_name":"山东省"}},
{"type":"Feature","geometry":{"type":"Polygon","coordinates":[[[112.8212,34.82023],[112.83337,34.5978],[112.73424,34.49231],[112.77048,34.34639],[113.07603,34.26764],[113.40838,34.37606],[113.60293,34.31472],[113.89293,34.3155],[114.15149,34.62696],[114.21485,34.91986],[114.01234,34.95936],[113.79434,34.88085],[113.586,34.93473],[113.40126,34.99008],[113.0538,34.83834],[112.8212,34.82023]]]},"properties":{"ct_adcode":"410100","ct_name":"郑州市","pr_adcode":"410000","pr_name":"河南省"}},
{"type":"Feature","geometry":{"type":"Polygon","coordinates":[[[115.25035,34.84619],[115.12215,35.0049],[114.91833,34.96966],[114.81907,35.01307],[114.71871,34.8861],[114.3947,34.94011],[114.21485,34.91986],[114.15149,34.62696],[113.89293,34.3155],[114.12324,34.1994],[114.25412,34.25319],[114.5138,34.31478],[114.72485,34.22658],[114.89658,34.28607],[114.9022,34.69916],[115.2426,34.79902],[115.25035,34.84619]]]},"properties":{"ct_adcode":"410200","ct_name":"开封市","pr_adcode":"410000","pr_name":"河南省"}},
{"type":"Feature","geometry":{"type":"Polygon","coordinates":[[[111.96726,35.07102],[112.01448,34.81227],[111.85793,34.64835],[111.22158,34.46099],[111.14193,34.38975],[111.16983,34.21084],[111.35259,34.11008],[111.34989,33.98586],[111.20222,33.88042],[111.25494,33.79828],[111.64891,33.7111],[111.92426,33.57282],[112.24332,33.72053],[112.5355,33.89375],[112.53267,34.02861],[112.61444,34.14472],[112.54779,34.27757],[112.77048,34.34639],[112.73424,34.49231],[112.83337,34.5978],[112.8212,34.82023],[112.65065,34.86067],[112.56327,34.95957],[112.38127,34.91714],[112.03263,35.04612],[111.96726,35.07102]]]},"properties":{"ct_adcode":"410300","ct_name":"洛阳市","pr_adcode":"410000","pr_name":"河南省"}},
{"type":"Feature","geometry":{"type":"Polygon","coordinates":[[[112.24332,33.72053],[112.76735,33.56234],[112.88764,33.61784],[113.01668,33.56268],[113.03945,33.44096],[113.39402,33.33736],[113.38243,33.13004],[113.62012,33.15239],[113.60099,33.23969],[113.68235,33.40944],[113.46257,33.42357],[113.57952,33.71271],[113.366,33.78694],[113.38789,34.04025],[113.15108,34.10442],[113.07603,34.26764],[112.77048,34.34639],[112.54779,34.27757],[112.61444,34.14472],[112.53267,34.02861],[112.5355,33.89375],[112.24332,33.72053]]]},"properties":{"ct_adcode":"410400","ct_name":"平顶山市","pr_adcode":"410000","pr_name":"河南省"}},
{"type":"Feature","geometry":{"type":"Polygon","coordinates":[[[113.65485,35.83746],[113.77964,35.67461],[113.98995,35.70498],[114.06102,35.75906],[114.03425,35.93561],[114.21375,35.99249],[114.30333,35.95273],[114.23727,35.79316],[114.58201,35.84032],[114.72133,35.69802],[114.47018,35.56531],[114.41306,35.47424],[114.42582,35.20909],[114.94568,35.38127],[114.95639,35.57174],[114.88407,35.73928],[114.97823,36.02589],[114.9152,36.04853],[114.90687,36.1406],[114.62197,36.12353],[114.02462,36.35061],[113.7251,36.36333],[113.65485,35.83746]]]},"properties":{"ct_adcode":"410500","ct_name":"安阳市","pr_adcode":"410000","pr_name":"河南省"}},
{"type":"Feature","geometry":{"type":"Polygon","coordinates":[[[114.41306,35.47424],[114.47018,35.56531],[114.72133,35.69802],[114.58201,35.84032],[114.23727,35.79316],[114.30333,35.95273],[114.21375,35.99249],[114.03425,35.93561],[114.06102,35.75906],[113.98995,35.70498],[114.04997,35.5946],[114.26958,35.46562],[114.41306,35.47424]]]},"properties":{"ct_adcode":"410600","ct_name":"鹤壁市","pr_adcode":"410000","pr_name":"河南省"}},
{"type":"Feature","geometry":{"type":"Polygon","coordinates":[[[114.94568,35.38127],[114.42582,35.20909],[114.41306,35.47424],[114.26958,35.46562],[114.04997,35.5946],[113.98995,35.70498],[113.77964,35.67461],[113.65485,35.83746],[113.5791,35.82606],[113.57238,35.6339],[113.37655,35.49514],[113.6394,35.03893],[113.586,34.93473],[113.79434,34.88085],[114.01234,34.95936],[114.21485,34.91986],[114.3947,34.94011],[114.71871,34.8861],[114.81907,35.01307],[114.83614,35.15183],[115.01147,35.33777],[114.94568,35.38127]]]},"properties":{"ct_adcode":"410700","ct_name":"新乡市","pr_adcode":"410000","pr_name":"河南省"}},
{"type":"Feature","geometry":{"type":"Polygon","coordinates":[[[112.8212,34.82023],[113.0538,34.83834],[113.40126,34.99008],[113.586,34.93473],[113.6394,35.03893],[113.37655,35.49514],[113.18452,35.43436],[113.12,35.33247],[112.98945,35.36163],[112.92359,35.25753],[112.7518,35.20495],[112.72094,35.03577],[112.56327,34.95957],[112.65065,34.86067],[112.8212,34.82023]]]},"properties":{"ct_adcode":"410800","ct_name":"焦作市","pr_adcode":"410000","pr_name":"河南省"}},
{"type":"Feature","geometry":{"type":"Polygon","coordinates":[[[115.01147,35.33777],[115.23155,35.42338],[115.48004,35.71018],[115.68784,35.75421],[115.87049,35.86734],[116.04476,35.98178],[116.09348,36.11185],[115.69297,35.96611],[115.32906,35.7967],[115.35708,35.97189],[115.4776,36.14888],[115.30206,36.09068],[115.13682,36.20949],[114.9152,36.04853],[114.97823,36.02589],[114.88407,35.73928],[114.95639,35.57174],[114.94568,35.38127],[115.01147,35.33777]]]},"properties":{"ct_adcode":"410900","ct_name":"濮阳市","pr_adcode":"410000","pr_name":"河南省"}},
{"type":"Feature","geometry":{"type":"Polygon","coordinates":[[[113.57952,33.71271],[113.73571,33.70384],[113.76225,33.88578],[113.97166,33.98301],[114.11989,33.91679],[114.1491,33.81064],[114.31929,33.8197],[114.25412,34.25319],[114.12324,34.1994],[113.89293,34.3155],[113.60293,34.31472],[113.40838,34.37606],[113.07603,34.26764],[113.15108,34.10442],[113.38789,34.04025],[113.366,33.78694],[113.57952,33.71271]]]},"properties":{"ct_adcode":"411000","ct_name":"许昌市","pr_adcode":"410000","pr_name":"河南省"}},
{"type":"Feature","geometry":{"type":"Polygon","coordinates":[[[113.57952,33.71271],[113.46257,33.42357],[113.68235,33.40944],[114.04051,33.53232],[114.16545,33.44243],[114.27898,33.47413],[114.24338,33.7058],[114.1491,33.81064],[114.11989,33.91679],[113.97166,33.98301],[113.76225,33.88578],[113.73571,33.70384],[113.57952,33.71271]]]},"properties":{"ct_adcode":"411100","ct_name":"漯河市","pr_adcode":"410000","pr_name":"河南省"}},
{"type":"Feature","geometry":{"type":"Polygon","coordinates":[[[111.96726,35.07102],[111.81227,35.06922],[111.66356,34.9891],[111.56481,34.84443],[111.33413,34.83218],[110.90978,34.7175],[110.81883,34.61709],[110.3737,34.60157],[110.4255,34.41061],[110.43422,34.24466],[110.66571,33.96801],[110.60704,33.85419],[110.77676,33.79761],[110.8735,33.63638],[111.0043,33.56211],[111.10861,33.58015],[111.25494,33.79828],[111.20222,33.88042],[111.34989,33.98586],[111.35259,34.11008],[111.16983,34.21084],[111.14193,34.38975],[111.22158,34.46099],[111.85793,34.64835],[112.01448,34.81227],[111.96726,35.07102]]]},"properties":{"ct_adcode":"411200","ct_name":"三门峡市","pr_adcode":"410000","pr_name":"河南省"}},
{"type":"Feature","geometry":{"type":"Polygon","coordinates":[[[113.80859,32.60303],[113.61753,32.70839],[113.4866,32.56985],[113.24367,32.59566],[113.09145,32.94817],[113.1593,33.05072],[113.38243,33.13004],[113.39402,33.33736],[113.03945,33.44096],[113.01668,33.56268],[112.88764,33.61784],[112.76735,33.56234],[112.24332,33.72053],[111.92426,33.57282],[111.64891,33.7111],[111.25494,33.79828],[111.10861,33.58015],[111.0043,33.56211],[111.03115,33.3683],[110.97949,33.25725],[111.17366,33.11723],[111.26782,32.97379],[111.2491,32.88604],[111.57727,32.59885],[111.70763,32.60872],[112.15081,32.37915],[112.31937,32.32368],[112.53899,32.39781],[112.76195,32.34632],[112.85493,32.39811],[113.11246,32.3778],[113.20568,32.43411],[113.42257,32.27255],[113.71264,32.41937],[113.80859,32.60303]]]},"properties":{"ct_adcode":"411300","ct_name":"南阳市","pr_adcode":"410000","pr_name":"河南省"}},
{"type":"Feature","geometry":{"type":"Polygon","coordinates":[[[116.59905,34.02291],[116.53072,34.15242],[116.56378,34.2849],[116.35212,34.32095],[116.15644,34.46049],[116.19149,34.57702],[115.50993,34.58375],[115.42083,34.80615],[115.25035,34.84619],[115.2426,34.79902],[114.9022,34.69916],[114.89658,34.28607],[115.1273,34.17202],[115.0774,34.00441],[115.17072,33.95204],[115.34323,34.01947],[115.45303,33.98835],[115.64812,34.06162],[115.95223,34.00925],[115.98023,33.90268],[116.14985,33.71125],[116.38815,33.78433],[116.64282,33.97488],[116.59905,34.02291]]]},"properties":{"ct_adcode":"411400","ct_name":"商丘市","pr_adcode":"410000","pr_name":"河南省"}},
{"type":"Feature","geometry":{"type":"Polygon","coordinates":[[[114.55352,31.5711],[114.7841,31.4826],[115.09063,31.5103],[115.36803,31.40765],[115.36597,31.49771],[115.48991,31.67491],[115.67127,31.78053],[115.88013,31.7783],[115.9368,32.16743],[115.87839,32.49154],[115.9232,32.5698],[115.66588,32.41761],[115.5638,32.4169],[115.40583,32.57668],[115.18641,32.60501],[114.90583,32.65566],[114.74687,32.52608],[114.56524,32.50963],[114.63012,32.39814],[114.54542,32.29128],[114.37093,32.29399],[114.16188,32.48901],[113.95655,32.50767],[113.80859,32.60303],[113.71264,32.41937],[113.78544,32.03814],[113.85323,31.8433],[113.97332,31.75593],[114.11228,31.80759],[114.44096,31.72994],[114.58086,31.76461],[114.55352,31.5711]]]},"properties":{"ct_adcode":"411500","ct_name":"信阳市","pr_adcode":"410000","pr_name":"河南省"}},
{"type":"Feature","geometry":{"type":"Polygon","coordinates":[[[114.89202,33.08859],[115.1604,33.0893],[115.28533,33.13511],[115.35642,33.30304],[115.30997,33.43296],[115.41032,33.55672],[115.63435,33.58678],[115.59575,33.66047],[115.6241,33.87298],[115.55714,33.92875],[115.64812,34.06162],[115.45303,33.98835],[115.34323,34.01947],[115.17072,33.95204],[115.0774,34.00441],[115.1273,34.17202],[114.89658,34.28607],[114.72485,34.22658],[114.5138,34.31478],[114.25412,34.25319],[114.31929,33.8197],[114.1491,33.81064],[114.24338,33.7058],[114.27898,33.47413],[114.55767,33.42509],[114.72387,33.25219],[114.76539,33.07222],[114.89202,33.08859]]]},"properties":{"ct_adcode":"411600","ct_name":"周口市","pr_adcode":"410000","pr_name":"河南省"}},
{"type":"Feature","geometry":{"type":"Polygon","coordinates":[[[114.89202,33.08859],[114.76539,33.07222],[114.72387,33.25219],[114.55767,33.42509],[114.27898,33.47413],[114.16545,33.44243],[114.04051,33.53232],[113.68235,33.40944],[113.60099,33.23969],[113.62012,33.15239],[113.38243,33.13004],[113.1593,33.05072],[113.09145,32.94817],[113.24367,32.59566],[113.4866,32.56985],[113.61753,32.70839],[113.80859,32.60303],[113.95655,32.50767],[114.16188,32.48901],[114.37093,32.29399],[114.54542,32.29128],[114.63012,32.39814],[114.56524,32.50963],[114.74687,32.52608],[114.90583,32.65566],[115.18641,32.60501],[115.18432,32.81445],[115.13482,32.89928],[114.93694,32.93963],[114.89202,33.08859]]]},"properties":{"ct_adcode":"411700","ct_name":"驻马店市","pr_adcode":"410000","pr_name":"河南省"}},
{"type":"Feature","geometry":{"type":"Polygon","coordinates":[[[112.05243,35.28023],[112.03263,35.04612],[112.38127,34.91714],[112.56327,34.95957],[112.72094,35.03577],[112.7518,35.20495],[112.38434,35.23913],[112.28236,35.21804],[112.05243,35.28023]]]},"properties":{"ct_adcode":"419001","ct_name":"济源市","pr_adcode":"410000","pr_name":"河南省"}},
{"type":"Feature","geometry":{"type":"Polygon","coordinates":[[[114.54114,30.06546],[114.50019,30.12638],[114.58577,30.28719],[114.62515,30.55912],[114.78653,30.61929],[114.7862,30.72122],[114.96495,30.81331],[114.98593,30.98425],[114.78593,30.99961],[114.61084,30.92975],[114.52882,31.09666],[114.40026,31.23151],[114.43342,31.30804],[114.23464,31.34126],[114.24284,31.18196],[114.15225,31.03124],[114.16794,30.80076],[113.94381,30.78224],[113.88504,30.5712],[113.70422,30.39149],[113.81454,30.18158],[113.86074,30.19237],[113.97022,30.29784],[114.10034,30.20471],[114.2067,30.00577],[114.3565,30.03541],[114.5271,29.97192],[114.54114,30.06546]]]},"properties":{"ct_adcode":"420100","ct_name":"武汉市","pr_adcode":"420000","pr_name":"湖北省"}},
{"type":"Feature","geometry":{"type":"Polygon","coordinates":[[[115.07431,30.26157],[114.95667,30.2063],[114.82493,30.31454],[114.66078,30.22071],[114.73689,30.09317],[114.54114,30.06546],[114.5271,29.97192],[114.69858,29.89579],[114.74061,29.74378],[114.8306,29.73559],[114.95185,29.55629],[115.08217,29.56243],[115.14985,29.66104],[115.34414,29.65319],[115.50635,29.84284],[115.44336,29.87177],[115.20416,30.216],[115.07431,30.26157]]]},"properties":{"ct_adcode":"420200","ct_name":"黄石市","pr_adcode":"420000","pr_name":"湖北省"}},
{"type":"Feature","geometry":{"type":"Polygon","coordinates":[[[110.76158,31.83419],[110.93393,31.87931],[111.08948,32.08963],[111.24867,32.20709],[111.22963,32.32383],[111.46066,32.43381],[111.57727,32.59885],[111.2491,32.88604],[111.26782,32.97379],[111.17366,33.11723],[110.97949,33.25725],[110.69722,33.09907],[110.58911,33.17056],[110.21314,33.16502],[109.84026,33.24889],[109.5092,33.23957],[109.43367,33.15378],[109.78943,33.06887],[109.75924,32.91132],[109.98602,32.88794],[110.13691,32.80476],[110.19984,32.6298],[110.02307,32.55053],[109.9057,32.59507],[109.62697,32.60242],[109.49042,32.30259],[109.61683,32.10913],[109.63342,31.81333],[109.58098,31.72898],[109.72611,31.70256],[109.74145,31.58007],[109.97741,31.5147],[110.22843,31.73488],[110.50417,31.85892],[110.76158,31.83419]]]},"properties":{"ct_adcode":"420300","ct_name":"十堰市","pr_adcode":"420000","pr_name":"湖北省"}},
{"type":"Feature","geometry":{"type":"Polygon","coordinates":[[[112.07387,30.6616],[112.01059,30.9811],[111.85583,31.23111],[111.74236,31.35556],[111.43236,31.3149],[111.21319,31.46491],[111.08382,31.4332],[110.9426,31.56866],[110.79136,31.55522],[110.60877,31.46911],[110.53238,31.31956],[110.44259,31.33111],[110.53112,31.1231],[110.39951,30.87507],[110.4826,30.5564],[110.36209,30.46896],[110.34306,30.12989],[110.30233,29.95704],[110.48659,30.02226],[110.76446,30.12279],[110.92483,30.0662],[111.23826,30.04216],[111.3824,30.12624],[111.56774,30.12442],[111.59655,30.27088],[111.73486,30.37716],[111.88722,30.2798],[111.97132,30.3651],[111.97997,30.58468],[112.07387,30.6616]]]},"properties":{"ct_adcode":"420500","ct_name":"宜昌市","pr_adcode":"420000","pr_name":"湖北省"}},
{"type":"Feature","geometry":{"type":"Polygon","coordinates":[[[113.11246,32.3778],[112.85493,32.39811],[112.76195,32.34632],[112.53899,32.39781],[112.31937,32.32368],[112.15081,32.37915],[111.70763,32.60872],[111.57727,32.59885],[111.46066,32.43381],[111.22963,32.32383],[111.24867,32.20709],[111.08948,32.08963],[110.93393,31.87931],[110.76158,31.83419],[110.97108,31.6525],[110.9426,31.56866],[111.08382,31.4332],[111.21319,31.46491],[111.43236,31.3149],[111.74236,31.35556],[111.85583,31.23111],[111.95059,31.44266],[112.18525,31.47159],[112.27426,31.54923],[112.40725,31.50407],[112.50632,31.56298],[112.62408,31.50673],[112.74642,31.6119],[112.74129,31.74638],[112.8799,31.79966],[112.99464,31.94391],[113.02154,32.27451],[113.11246,32.3778]]]},"properties":{"ct_adcode":"420600","ct_name":"襄阳市","pr_adcode":"420000","pr_name":"湖北省"}},
{"type":"Feature","geometry":{"type":"Polygon","coordinates":[[[114.54114,30.06546],[114.73689,30.09317],[114.66078,30.22071],[114.82493,30.31454],[114.95667,30.2063],[115.07431,30.26157],[115.01311,30.40717],[114.85868,30.4302],[114.78653,30.61929],[114.62515,30.55912],[114.58577,30.28719],[114.50019,30.12638],[114.54114,30.06546]]]},"properties":{"ct_adcode":"420700","ct_name":"鄂州市","pr_adcode":"420000","pr_name":"湖北省"}},
{"type":"Feature","geometry":{"type":"Polygon","coordinates":[[[112.71185,30.6365],[112.5994,30.70285],[112.80583,30.82594],[112.8746,30.70037],[112.99453,30.79035],[113.18262,30.81856],[113.32396,30.89691],[113.48885,31.11925],[113.48132,31.22836],[113.31063,31.34215],[113.1374,31.43834],[112.98649,31.43543],[112.74642,31.6119],[112.62408,31.50673],[112.50632,31.56298],[112.40725,31.50407],[112.27426,31.54923],[112.18525,31.47159],[111.95059,31.44266],[111.85583,31.23111],[112.01059,30.9811],[112.07387,30.6616],[112.13029,30.53527],[112.29684,30.48264],[112.33976,30.40477],[112.52227,30.39707],[112.71185,30.6365]]]},"properties":{"ct_adcode":"420800","ct_name":"荆门市","pr_adcode":"420000","pr_name":"湖北省"}},
{"type":"Feature","geometry":{"type":"Polygon","coordinates":[[[113.32396,30.89691],[113.43113,30.78416],[113.45958,30.39436],[113.70422,30.39149],[113.88504,30.5712],[113.94381,30.78224],[114.16794,30.80076],[114.15225,31.03124],[114.24284,31.18196],[114.23464,31.34126],[114.43342,31.30804],[114.55352,31.5711],[114.58086,31.76461],[114.44096,31.72994],[114.11228,31.80759],[114.12192,31.6778],[114.05781,31.4896],[113.93892,31.38626],[113.72244,31.46744],[113.62892,31.38929],[113.46863,31.43428],[113.31063,31.34215],[113.48132,31.22836],[113.48885,31.11925],[113.32396,30.89691]]]},"properties":{"ct_adcode":"420900","ct_name":"孝感市","pr_adcode":"420000","pr_name":"湖北省"}},
{"type":"Feature","geometry":{"type":"Polygon","coordinates":[[[112.31003,29.52686],[112.43381,29.63625],[112.68137,29.59543],[112.78827,29.73851],[113.13938,29.45183],[113.37134,29.70562],[113.5659,29.85165],[113.82218,29.93802],[113.91233,30.03318],[114.07168,30.08998],[113.96339,30.20311],[113.86074,30.19237],[113.81454,30.18158],[113.69839,30.09586],[113.54801,30.07197],[113.3708,30.19525],[113.09102,30.14812],[113.02768,30.19146],[112.62735,30.11676],[112.52203,30.27752],[112.52227,30.39707],[112.33976,30.40477],[112.29684,30.48264],[112.13029,30.53527],[112.07387,30.6616],[111.97997,30.58468],[111.97132,30.3651],[111.88722,30.2798],[111.73486,30.37716],[111.59655,30.27088],[111.56774,30.12442],[111.3824,30.12624],[111.23826,30.04216],[111.43193,29.93245],[111.67615,29.88722],[111.77766,29.91551],[112.29751,29.58808],[112.27774,29.49785],[112.31003,29.52686]]]},"properties":{"ct_adcode":"421000","ct_name":"荆州市","pr_adcode":"420000","pr_name":"湖北省"}},
{"type":"Feature","geometry":{"type":"Polygon","coordinates":[[[115.07431,30.26157],[115.20416,30.216],[115.44336,29.87177],[115.50635,29.84284],[115.66277,29.85284],[115.96084,29.72737],[116.12995,29.82179],[116.06876,29.96572],[116.05907,30.20926],[115.87991,30.38222],[115.91491,30.51765],[115.75725,30.68803],[115.86059,30.8667],[116.04081,31.01662],[115.87503,31.14422],[115.70507,31.20277],[115.58055,31.1465],[115.36803,31.40765],[115.09063,31.5103],[114.7841,31.4826],[114.55352,31.5711],[114.43342,31.30804],[114.40026,31.23151],[114.52882,31.09666],[114.61084,30.92975],[114.78593,30.99961],[114.98593,30.98425],[114.96495,30.81331],[114.7862,30.72122],[114.78653,30.61929],[114.85868,30.4302],[115.01311,30.40717],[115.07431,30.26157]]]},"properties":{"ct_adcode":"421100","ct_name":"黄冈市","pr_adcode":"420000","pr_name":"湖北省"}},
{"type":"Feature","geometry":{"type":"Polygon","coordinates":[[[114.95185,29.55629],[114.8306,29.73559],[114.74061,29.74378],[114.69858,29.89579],[114.5271,29.97192],[114.3565,30.03541],[114.2067,30.00577],[114.10034,30.20471],[113.97022,30.29784],[113.86074,30.19237],[113.96339,30.20311],[114.07168,30.08998],[113.91233,30.03318],[113.82218,29.93802],[113.5659,29.85165],[113.5415,29.67807],[113.73533,29.59417],[113.74923,29.45024],[113.60412,29.25449],[113.67983,29.08982],[113.93672,29.05042],[114.05763,29.20759],[114.21897,29.2382],[114.25366,29.34666],[114.51449,29.32817],[114.61688,29.38293],[114.86129,29.40738],[114.95185,29.55629]]]},"properties":{"ct_adcode":"421200","ct_name":"咸宁市","pr_adcode":"420000","pr_name":"湖北省"}},
{"type":"Feature","geometry":{"type":"Polygon","coordinates":[[[113.31063,31.34215],[113.46863,31.43428],[113.62892,31.38929],[113.72244,31.46744],[113.93892,31.38626],[114.05781,31.4896],[114.12192,31.6778],[114.11228,31.80759],[113.97332,31.75593],[113.85323,31.8433],[113.78544,32.03814],[113.71264,32.41937],[113.42257,32.27255],[113.20568,32.43411],[113.11246,32.3778],[113.02154,32.27451],[112.99464,31.94391],[112.8799,31.79966],[112.74129,31.74638],[112.74642,31.6119],[112.98649,31.43543],[113.1374,31.43834],[113.31063,31.34215]]]},"properties":{"ct_adcode":"421300","ct_name":"随州市","pr_adcode":"420000","pr_name":"湖北省"}},
{"type":"Feature","geometry":{"type":"Polygon","coordinates":[[[110.48659,30.02226],[110.30233,29.95704],[110.34306,30.12989],[110.36209,30.46896],[110.4826,30.5564],[110.39951,30.87507],[110.53112,31.1231],[110.44259,31.33111],[110.31662,31.3969],[110.15888,31.30526],[110.18438,31.13163],[110.11501,31.09155],[110.14662,30.91374],[109.88982,30.90234],[109.35608,30.55339],[109.2947,30.63306],[109.14579,30.52982],[109.07874,30.60062],[108.90746,30.58079],[108.8394,30.50861],[108.69505,30.54702],[108.4195,30.49135],[108.4554,30.36228],[108.57799,30.25643],[108.51861,30.07499],[108.51998,29.89949],[108.36696,29.84407],[108.50213,29.71084],[108.5973,29.8684],[108.73866,29.65859],[108.88234,29.6359],[108.86947,29.45254],[108.9155,29.32928],[109.06099,29.40322],[109.10565,29.21781],[109.22793,29.12239],[109.33914,29.37208],[109.52643,29.61834],[109.71075,29.61582],[109.77468,29.76037],[110.10846,29.79211],[110.36836,29.63631],[110.62699,29.76052],[110.48659,30.02226]]]},"properties":{"ct_adcode":"422800","ct_name":"恩施土家族苗族自治州","pr_adcode":"420000","pr_name":"湖北省"}},
{"type":"Feature","geometry":{"type":"Polygon","coordinates":[[[113.81454,30.18158],[113.70422,30.39149],[113.45958,30.39436],[113.14771,30.43348],[112.94886,30.52835],[112.95188,30.38354],[113.02768,30.19146],[113.09102,30.14812],[113.3708,30.19525],[113.54801,30.07197],[113.69839,30.09586],[113.81454,30.18158]]]},"properties":{"ct_adcode":"429004","ct_name":"仙桃市","pr_adcode":"420000","pr_name":"湖北省"}},
{"type":"Feature","geometry":{"type":"Polygon","coordinates":[[[113.02768,30.19146],[112.95188,30.38354],[112.94886,30.52835],[112.82822,30.50294],[112.71185,30.6365],[112.52227,30.39707],[112.52203,30.27752],[112.62735,30.11676],[113.02768,30.19146]]]},"properties":{"ct_adcode":"429005","ct_name":"潜江市","pr_adcode":"420000","pr_name":"湖北省"}},
{"type":"Feature","geometry":{"type":"Polygon","coordinates":[[[112.94886,30.52835],[113.14771,30.43348],[113.45958,30.39436],[113.43113,30.78416],[113.32396,30.89691],[113.18262,30.81856],[112.99453,30.79035],[112.8746,30.70037],[112.80583,30.82594],[112.5994,30.70285],[112.71185,30.6365],[112.82822,30.50294],[112.94886,30.52835]]]},"properties":{"ct_adcode":"429006","ct_name":"天门市","pr_adcode":"420000","pr_name":"湖北省"}},
{"type":"Feature","geometry":{"type":"Polygon","coordinates":[[[110.15888,31.30526],[110.31662,31.3969],[110.44259,31.33111],[110.53238,31.31956],[110.60877,31.46911],[110.79136,31.55522],[110.9426,31.56866],[110.97108,31.6525],[110.76158,31.83419],[110.50417,31.85892],[110.22843,31.73488],[109.97741,31.5147],[110.15888,31.30526]]]},"properties":{"ct_adcode":"429021","ct_name":"神农架林区","pr_adcode":"420000","pr_name":"湖北省"}},
{"type":"Feature","geometry":{"type":"Polygon","coordinates":[[[113.08083,27.95325],[113.25834,28.01507],[113.29505,27.87211],[113.48447,27.94272],[113.72484,27.88802],[113.91057,27.99701],[114.04138,28.0615],[114.06314,28.17483],[114.24886,28.32424],[114.19024,28.50178],[114.08119,28.55897],[113.839,28.5273],[113.66445,28.44848],[113.37882,28.64762],[113.22896,28.64967],[113.17964,28.50659],[112.67991,28.5288],[112.54854,28.32243],[112.31105,28.28626],[112.23156,28.21438],[112.11052,28.27489],[111.93385,28.18806],[111.89722,28.02553],[111.99417,27.91118],[112.18731,27.96325],[112.55943,27.98232],[112.73754,27.93529],[112.80315,28.04025],[113.08083,27.95325]]]},"properties":{"ct_adcode":"430100","ct_name":"长沙市","pr_adcode":"430000","pr_name":"湖南省"}},
{"type":"Feature","geometry":{"type":"Polygon","coordinates":[[[113.72484,27.88802],[113.48447,27.94272],[113.29505,27.87211],[113.25834,28.01507],[113.08083,27.95325],[113.00682,27.82617],[113.03309,27.62478],[112.98987,27.44162],[113.0453,27.29065],[113.2428,27.24275],[113.16224,27.12939],[113.2542,26.83122],[113.37565,26.69715],[113.42731,26.56147],[113.55683,26.57874],[113.60993,26.28242],[113.71975,26.22706],[113.73103,26.04431],[113.94099,26.18794],[114.01593,26.28631],[114.1027,26.57826],[113.9013,26.61929],[113.83047,26.80987],[113.91624,26.96363],[113.77391,27.14053],[113.86738,27.3883],[113.61129,27.34887],[113.60232,27.6384],[113.75767,27.80258],[113.72484,27.88802]]]},"properties":{"ct_adcode":"430200","ct_name":"株洲市","pr_adcode":"430000","pr_name":"湖南省"}},
{"type":"Feature","geometry":{"type":"Polygon","coordinates":[[[111.99417,27.91118],[112.19383,27.65753],[112.51659,27.43253],[112.60989,27.46945],[112.82952,27.35779],[112.98987,27.44162],[113.03309,27.62478],[113.00682,27.82617],[113.08083,27.95325],[112.80315,28.04025],[112.73754,27.93529],[112.55943,27.98232],[112.18731,27.96325],[111.99417,27.91118]]]},"properties":{"ct_adcode":"430300","ct_name":"湘潭市","pr_adcode":"430000","pr_name":"湖南省"}},
{"type":"Feature","geometry":{"type":"Polygon","coordinates":[[[112.98987,27.44162],[112.82952,27.35779],[112.60989,27.46945],[112.51659,27.43253],[112.08647,27.20883],[111.99517,26.94707],[111.73237,27.06495],[111.57617,26.96573],[111.53827,26.84448],[111.70723,26.85263],[111.85384,26.80315],[111.95564,26.64885],[112.1101,26.64666],[112.23729,26.53847],[112.14262,26.36059],[112.22705,26.12109],[112.4237,26.19283],[112.66853,26.11436],[113.03168,26.18238],[113.1579,26.41282],[113.18251,26.66582],[113.09149,26.78487],[113.2542,26.83122],[113.16224,27.12939],[113.2428,27.24275],[113.0453,27.29065],[112.98987,27.44162]]]},"properties":{"ct_adcode":"430400","ct_name":"衡阳市","pr_adcode":"430000","pr_name":"湖南省"}},
{"type":"Feature","geometry":{"type":"Polygon","coordinates":[[[112.08647,27.20883],[112.05675,27.28901],[111.58372,27.61004],[111.2393,27.5284],[110.97873,27.66347],[110.86433,27.65893],[110.63345,27.55938],[110.68345,27.44725],[110.54931,27.31171],[110.19576,27.12151],[110.06734,26.93528],[110.05931,26.75426],[109.85375,26.64701],[109.91462,26.47829],[110.00759,26.37585],[109.96177,26.19892],[110.094,26.17141],[110.06784,26.04777],[110.23579,26.03612],[110.5129,26.19017],[110.60779,26.33723],[110.82951,26.25933],[111.0035,26.36225],[111.10285,26.59222],[111.19806,26.46625],[111.2916,26.51515],[111.28837,26.67624],[111.34421,26.85486],[111.53827,26.84448],[111.57617,26.96573],[111.73237,27.06495],[111.99517,26.94707],[112.08647,27.20883]]]},"properties":{"ct_adcode":"430500","ct_name":"邵阳市","pr_adcode":"430000","pr_name":"湖南省"}},
{"type":"Feature","geometry":{"type":"Polygon","coordinates":[[[113.93672,29.05042],[113.67983,29.08982],[113.60412,29.25449],[113.74923,29.45024],[113.73533,29.59417],[113.5415,29.67807],[113.5659,29.85165],[113.37134,29.70562],[113.13938,29.45183],[112.78827,29.73851],[112.68137,29.59543],[112.43381,29.63625],[112.31003,29.52686],[112.38622,29.39898],[112.67726,29.27245],[112.67688,29.19516],[112.91917,29.15248],[112.94385,29.06387],[112.83259,28.93243],[112.67968,28.88293],[112.66622,28.79484],[112.52092,28.70581],[112.55836,28.57437],[112.67991,28.5288],[113.17964,28.50659],[113.22896,28.64967],[113.37882,28.64762],[113.66445,28.44848],[113.839,28.5273],[114.08119,28.55897],[114.14802,28.77398],[113.93672,29.05042]]]},"properties":{"ct_adcode":"430600","ct_name":"岳阳市","pr_adcode":"430000","pr_name":"湖南省"}},
{"type":"Feature","geometry":{"type":"Polygon","coordinates":[[[110.62699,29.76052],[110.66765,29.70957],[111.02668,29.67158],[111.24677,29.60316],[111.32699,29.49997],[111.20092,29.22034],[111.08727,29.20679],[110.90971,29.0389],[111.10961,28.74637],[110.85554,28.40954],[111.46216,28.5601],[111.56181,28.64218],[112.1312,28.65216],[112.27763,28.73161],[112.23967,29.1036],[112.18204,29.13731],[112.28989,29.41096],[112.27774,29.49785],[112.29751,29.58808],[111.77766,29.91551],[111.67615,29.88722],[111.43193,29.93245],[111.23826,30.04216],[110.92483,30.0662],[110.76446,30.12279],[110.48659,30.02226],[110.62699,29.76052]]]},"properties":{"ct_adcode":"430700","ct_name":"常德市","pr_adcode":"430000","pr_name":"湖南省"}},
{"type":"Feature","geometry":{"type":"Polygon","coordinates":[[[110.3854,28.88406],[110.54879,28.96653],[110.78382,28.91691],[110.90971,29.0389],[111.08727,29.20679],[111.20092,29.22034],[111.32699,29.49997],[111.24677,29.60316],[111.02668,29.67158],[110.66765,29.70957],[110.62699,29.76052],[110.36836,29.63631],[110.10846,29.79211],[109.77468,29.76037],[109.71075,29.61582],[109.8242,29.37614],[110.10755,29.29232],[110.06508,29.21458],[110.29933,29.09426],[110.30164,28.96128],[110.3854,28.88406]]]},"properties":{"ct_adcode":"430800","ct_name":"张家界市","pr_adcode":"430000","pr_name":"湖南省"}},
{"type":"Feature","geometry":{"type":"Polygon","coordinates":[[[111.89722,28.02553],[111.93385,28.18806],[112.11052,28.27489],[112.23156,28.21438],[112.31105,28.28626],[112.54854,28.32243],[112.67991,28.5288],[112.55836,28.57437],[112.52092,28.70581],[112.66622,28.79484],[112.67968,28.88293],[112.83259,28.93243],[112.94385,29.06387],[112.91917,29.15248],[112.67688,29.19516],[112.67726,29.27245],[112.38622,29.39898],[112.31003,29.52686],[112.27774,29.49785],[112.28989,29.41096],[112.18204,29.13731],[112.23967,29.1036],[112.27763,28.73161],[112.1312,28.65216],[111.56181,28.64218],[111.46216,28.5601],[110.85554,28.40954],[110.74826,28.34205],[110.84424,28.17578],[110.81878,28.09177],[111.008,28.03226],[111.30886,28.23753],[111.49013,28.1933],[111.48924,28.04119],[111.683,27.99403],[111.89722,28.02553]]]},"properties":{"ct_adcode":"430900","ct_name":"益阳市","pr_adcode":"430000","pr_name":"湖南省"}},
{"type":"Feature","geometry":{"type":"Polygon","coordinates":[[[113.94099,26.18794],[113.73103,26.04431],[113.71975,26.22706],[113.60993,26.28242],[113.55683,26.57874],[113.42731,26.56147],[113.37565,26.69715],[113.2542,26.83122],[113.09149,26.78487],[113.18251,26.66582],[113.1579,26.41282],[113.03168,26.18238],[112.66853,26.11436],[112.4237,26.19283],[112.22705,26.12109],[112.33035,26.07977],[112.26019,25.89977],[112.37246,25.86221],[112.38655,25.74313],[112.24204,25.70692],[112.2335,25.60681],[112.43446,25.41099],[112.35873,25.19441],[112.71034,25.08125],[112.77541,24.90019],[112.98945,24.93027],[112.96273,25.14457],[113.07451,25.38602],[113.24358,25.51698],[113.36619,25.4095],[113.60628,25.33031],[113.80972,25.3316],[113.9397,25.44471],[113.97793,25.60233],[113.90853,25.70442],[114.02302,25.89633],[114.01545,25.97526],[113.94099,26.18794]]]},"properties":{"ct_adcode":"431000","ct_name":"郴州市","pr_adcode":"430000","pr_name":"湖南省"}},
{"type":"Feature","geometry":{"type":"Polygon","coordinates":[[[112.22705,26.12109],[112.14262,26.36059],[112.23729,26.53847],[112.1101,26.64666],[111.95564,26.64885],[111.85384,26.80315],[111.70723,26.85263],[111.53827,26.84448],[111.34421,26.85486],[111.28837,26.67624],[111.2916,26.51515],[111.19806,26.46625],[111.10285,26.59222],[111.0035,26.36225],[111.27598,26.27445],[111.25916,26.09783],[111.19084,25.96398],[111.3408,25.90932],[111.43677,25.78095],[111.30224,25.71928],[111.33777,25.60559],[111.28685,25.43867],[111.09802,25.28776],[110.94716,25.04417],[111.09218,24.94358],[111.10265,25.01242],[111.28386,25.14531],[111.42903,25.09422],[111.47407,24.80038],[111.42565,24.68856],[111.56556,24.64774],[111.70313,24.79176],[112.01875,24.74301],[112.15566,24.84695],[112.11653,24.99221],[112.19638,25.18859],[112.35873,25.19441],[112.43446,25.41099],[112.2335,25.60681],[112.24204,25.70692],[112.38655,25.74313],[112.37246,25.86221],[112.26019,25.89977],[112.33035,26.07977],[112.22705,26.12109]]]},"properties":{"ct_adcode":"431100","ct_name":"永州市","pr_adcode":"430000","pr_name":"湖南省"}},
{"type":"Feature","geometry":{"type":"Polygon","coordinates":[[[108.88306,27.12477],[109.15895,27.06909],[109.41048,27.15708],[109.54877,26.94862],[109.44923,26.76453],[109.35032,26.69657],[109.40401,26.54035],[109.28138,26.29918],[109.4349,26.24203],[109.47803,26.03278],[109.72511,25.99473],[109.76018,25.87929],[109.96177,26.19892],[110.00759,26.37585],[109.91462,26.47829],[109.85375,26.64701],[110.05931,26.75426],[110.06734,26.93528],[110.19576,27.12151],[110.54931,27.31171],[110.68345,27.44725],[110.63345,27.55938],[110.86433,27.65893],[110.76281,27.79875],[110.9689,27.91433],[111.008,28.03226],[110.81878,28.09177],[110.84424,28.17578],[110.74826,28.34205],[110.85554,28.40954],[111.10961,28.74637],[110.90971,29.0389],[110.78382,28.91691],[110.54879,28.96653],[110.3854,28.88406],[110.26549,28.67464],[110.1676,28.58745],[110.10678,28.41909],[110.20103,28.36595],[110.12369,28.02803],[110.01775,27.91131],[109.77705,28.02956],[109.59892,27.80167],[109.41358,27.7245],[109.46441,27.62416],[109.24103,27.4215],[109.1201,27.39105],[108.91013,27.2182],[108.88306,27.12477]]]},"properties":{"ct_adcode":"431200","ct_name":"怀化市","pr_adcode":"430000","pr_name":"湖南省"}},
{"type":"Feature","geometry":{"type":"Polygon","coordinates":[[[110.86433,27.65893],[110.97873,27.66347],[111.2393,27.5284],[111.58372,27.61004],[112.05675,27.28901],[112.08647,27.20883],[112.51659,27.43253],[112.19383,27.65753],[111.99417,27.91118],[111.89722,28.02553],[111.683,27.99403],[111.48924,28.04119],[111.49013,28.1933],[111.30886,28.23753],[111.008,28.03226],[110.9689,27.91433],[110.76281,27.79875],[110.86433,27.65893]]]},"properties":{"ct_adcode":"431300","ct_name":"娄底市","pr_adcode":"430000","pr_name":"湖南省"}},
{"type":"Feature","geometry":{"type":"Polygon","coordinates":[[[109.22793,29.12239],[109.31488,29.04549],[109.22944,28.86696],[109.29529,28.74813],[109.19119,28.64108],[109.26975,28.498],[109.27046,28.31603],[109.38316,28.27134],[109.30971,28.10723],[109.32834,27.78604],[109.41358,27.7245],[109.59892,27.80167],[109.77705,28.02956],[110.01775,27.91131],[110.12369,28.02803],[110.20103,28.36595],[110.10678,28.41909],[110.1676,28.58745],[110.26549,28.67464],[110.3854,28.88406],[110.30164,28.96128],[110.29933,29.09426],[110.06508,29.21458],[110.10755,29.29232],[109.8242,29.37614],[109.71075,29.61582],[109.52643,29.61834],[109.33914,29.37208],[109.22793,29.12239]]]},"properties":{"ct_adcode":"433100","ct_name":"湘西土家族苗族自治州","pr_adcode":"430000","pr_name":"湖南省"}},
{"type":"Feature","geometry":{"type":"Polygon","coordinates":[[[113.83967,23.12841],[113.89106,23.34786],[113.98295,23.43407],[113.82713,23.62692],[114.05257,23.84926],[114.03105,23.90435],[113.79506,23.90525],[113.61004,23.78262],[113.63307,23.70734],[113.34358,23.67045],[113.18664,23.5173],[112.97003,23.46629],[112.98131,23.36025],[113.12248,23.31699],[113.20561,23.17936],[113.20634,23.046],[113.35969,22.77528],[113.53557,22.66916],[113.68692,22.51809],[113.6731,22.72902],[113.52402,22.98542],[113.55115,23.08407],[113.71173,23.14162],[113.83967,23.12841]]]},"properties":{"ct_adcode":"440100","ct_name":"广州市","pr_adcode":"440000","pr_name":"广东省"}},
{"type":"Feature","geometry":{"type":"Polygon","coordinates":[[[113.79506,23.90525],[114.03105,23.90435],[114.15859,23.95615],[114.34493,23.89045],[114.39297,24.02854],[114.24969,24.26887],[114.3032,24.57695],[114.25352,24.64441],[114.39795,24.88023],[114.39082,24.95378],[114.63548,25.07689],[114.73805,25.27739],[114.53566,25.41997],[114.25205,25.29553],[114.04614,25.35155],[113.9397,25.44471],[113.80972,25.3316],[113.60628,25.33031],[113.36619,25.4095],[113.24358,25.51698],[113.07451,25.38602],[112.96273,25.14457],[112.98945,24.93027],[112.88002,24.60251],[113.10854,24.50568],[113.43538,24.45641],[113.57915,24.51288],[113.79868,24.40467],[113.89633,24.20948],[113.83235,24.0756],[113.7229,23.99989],[113.79506,23.90525]]]},"properties":{"ct_adcode":"440200","ct_name":"韶关市","pr_adcode":"440000","pr_name":"广东省"}},
{"type":"Feature","geometry":{"type":"Polygon","coordinates":[[[114.50981,22.66362],[114.42325,22.67942],[114.34295,22.81187],[114.22433,22.8153],[114.16243,22.68343],[113.88791,22.8504],[113.74628,22.71824],[113.88689,22.44569],[114.02681,22.50693],[114.22772,22.5429],[114.39339,22.60553],[114.52081,22.44351],[114.60695,22.48509],[114.50981,22.66362]]]},"properties":{"ct_adcode":"440300","ct_name":"深圳市","pr_adcode":"440000","pr_name":"广东省"}},
{"type":"Feature","geometry":{"type":"Polygon","coordinates":[[[113.56368,22.41496],[113.50912,22.26115],[113.4103,22.20553],[113.25736,22.39494],[113.08173,22.12877],[113.14605,21.98245],[113.26157,21.87434],[113.32482,21.96424],[113.54936,22.11023],[113.55381,22.21534],[113.56368,22.41496]]]},"properties":{"ct_adcode":"440400","ct_name":"珠海市","pr_adcode":"440000","pr_name":"广东省"}},
{"type":"Feature","geometry":{"type":"Polygon","coordinates":[[[116.62574,23.43214],[116.47801,23.50307],[116.34484,23.45217],[116.34498,23.33778],[116.24004,23.14307],[116.37581,23.04235],[116.54817,23.10866],[116.7953,23.24686],[116.91259,23.53442],[116.82299,23.61447],[116.62574,23.43214]]]},"properties":{"ct_adcode":"440500","ct_name":"汕头市","pr_adcode":"440000","pr_name":"广东省"}},
{"type":"Feature","geometry":{"type":"Polygon","coordinates":[[[112.82534,23.54842],[112.7826,23.4058],[112.87585,23.33938],[112.77912,23.20933],[112.82776,23.02427],[112.67956,22.90149],[112.38715,22.77241],[112.47137,22.7068],[112.74872,22.69494],[112.91839,22.85927],[113.04413,22.81044],[113.15599,22.67643],[113.35969,22.77528],[113.20634,23.046],[113.20561,23.17936],[113.12248,23.31699],[112.98131,23.36025],[112.97003,23.46629],[112.82534,23.54842]]]},"properties":{"ct_adcode":"440600","ct_name":"佛山市","pr_adcode":"440000","pr_name":"广东省"}},
{"type":"Feature","geometry":{"type":"Polygon","coordinates":[[[113.08173,22.12877],[113.25736,22.39494],[113.15599,22.67643],[113.04413,22.81044],[112.91839,22.85927],[112.74872,22.69494],[112.47137,22.7068],[112.51664,22.61017],[112.31873,22.55736],[112.16014,22.38776],[112.07654,22.35379],[112.03145,22.17073],[112.31332,21.97904],[112.35336,21.83652],[112.30271,21.70672],[112.64676,21.76489],[112.7872,21.92403],[112.88859,21.84716],[113.03247,21.93792],[113.08173,22.12877]]]},"properties":{"ct_adcode":"440700","ct_name":"江门市","pr_adcode":"440000","pr_name":"广东省"}},
{"type":"Feature","geometry":{"type":"MultiPolygon","coordinates":[[[[110.55132,21.06823],[110.30176,21.09058],[110.20097,20.98105],[110.46845,20.98558],[110.55132,21.06823]]],[[[109.78132,21.45952],[109.75968,21.22881],[109.67072,21.13924],[109.6515,20.93192],[109.74081,20.62365],[109.89151,20.43015],[109.90543,20.23973],[110.11351,20.22187],[110.4478,20.31345],[110.5475,20.46556],[110.38918,20.81903],[110.17984,20.8942],[110.17639,20.98419],[110.41781,21.19308],[110.6221,21.2184],[110.7918,21.37734],[110.97239,21.40939],[110.82434,21.54531],[110.6169,21.4838],[110.42332,21.58305],[110.38302,21.89292],[110.19266,21.90253],[109.9466,21.85217],[109.91002,21.66952],[109.76189,21.6695],[109.78132,21.45952]]]]},"properties":{"ct_adcode":"440800","ct_name":"湛江市","pr_adcode":"440000","pr_name":"广东省"}},
{"type":"Feature","geometry":{"type":"Polygon","coordinates":[[[110.38302,21.89292],[110.42332,21.58305],[110.6169,21.4838],[110.82434,21.54531],[110.97239,21.40939],[111.05636,21.45162],[111.44717,21.51761],[111.41301,21.58104],[111.41193,21.85262],[111.28506,21.91065],[111.28345,22.06107],[111.35527,22.23665],[111.58529,22.37282],[111.6752,22.48537],[111.54046,22.52112],[111.46613,22.44479],[111.29805,22.58358],[111.08456,22.69695],[110.89135,22.61658],[110.74512,22.56008],[110.72076,22.2985],[110.49946,22.14579],[110.37648,22.16687],[110.38657,21.9528],[110.39177,21.90864],[110.38302,21.89292]]]},"properties":{"ct_adcode":"440900","ct_name":"茂名市","pr_adcode":"440000","pr_name":"广东省"}},
{"type":"Feature","geometry":{"type":"Polygon","coordinates":[[[112.38715,22.77241],[112.67956,22.90149],[112.82776,23.02427],[112.77912,23.20933],[112.87585,23.33938],[112.7826,23.4058],[112.82534,23.54842],[112.70827,23.70951],[112.67746,23.94183],[112.51097,23.97977],[112.45333,24.24108],[112.31438,24.38299],[112.24423,24.2462],[111.93756,24.23785],[111.87356,24.11303],[111.93526,23.99065],[111.77982,23.81052],[111.64973,23.83609],[111.61059,23.64178],[111.48178,23.62919],[111.39441,23.47181],[111.36973,23.31775],[111.65098,23.1613],[111.95425,23.13367],[112.18597,23.07714],[112.32186,23.10679],[112.25259,22.91335],[112.38715,22.77241]]]},"properties":{"ct_adcode":"441200","ct_name":"肇庆市","pr_adcode":"440000","pr_name":"广东省"}},
{"type":"Feature","geometry":{"type":"Polygon","coordinates":[[[114.03105,23.90435],[114.05257,23.84926],[113.82713,23.62692],[113.98295,23.43407],[113.89106,23.34786],[113.83967,23.12841],[114.06074,23.10397],[114.2076,22.99049],[114.22433,22.8153],[114.34295,22.81187],[114.42325,22.67942],[114.50981,22.66362],[114.6814,22.76813],[114.74272,22.58448],[114.87065,22.59336],[115.02134,22.70492],[114.92171,22.90378],[115.28542,23.09819],[115.4143,23.24621],[115.26023,23.38702],[115.05126,23.32363],[114.91409,23.34071],[114.85536,23.21384],[114.69139,23.40987],[114.69406,23.52325],[114.56306,23.57345],[114.50793,23.69113],[114.33657,23.7541],[114.34493,23.89045],[114.15859,23.95615],[114.03105,23.90435]]]},"properties":{"ct_adcode":"441300","ct_name":"惠州市","pr_adcode":"440000","pr_name":"广东省"}},
{"type":"Feature","geometry":{"type":"Polygon","coordinates":[[[115.55478,24.64601],[115.56681,24.20718],[115.4127,24.0708],[115.44828,23.96957],[115.34946,23.84492],[115.44908,23.70913],[115.42264,23.48266],[115.47058,23.37618],[115.60199,23.47463],[115.78862,23.52831],[115.90082,23.62402],[116.36375,23.73546],[116.4916,23.75506],[116.49442,23.86109],[116.68023,23.99235],[116.80503,24.17197],[116.92886,24.22521],[116.8994,24.37287],[116.7537,24.54949],[116.7966,24.68119],[116.52557,24.6079],[116.37246,24.82377],[116.22842,24.8035],[115.88799,24.94013],[115.7523,24.75277],[115.8363,24.58704],[115.73911,24.54653],[115.55478,24.64601]]]},"properties":{"ct_adcode":"441400","ct_name":"梅州市","pr_adcode":"440000","pr_name":"广东省"}},
{"type":"Feature","geometry":{"type":"Polygon","coordinates":[[[115.02134,22.70492],[115.06203,22.78826],[115.22322,22.82804],[115.37645,22.68663],[115.53316,22.66586],[115.62792,22.86298],[115.87887,22.78833],[116.22242,22.91722],[116.10524,22.89372],[115.93933,22.95915],[115.90433,23.12851],[115.72091,23.18645],[115.81506,23.33841],[115.60199,23.47463],[115.47058,23.37618],[115.4143,23.24621],[115.28542,23.09819],[114.92171,22.90378],[115.02134,22.70492]]]},"properties":{"ct_adcode":"441500","ct_name":"汕尾市","pr_adcode":"440000","pr_name":"广东省"}},
{"type":"Feature","geometry":{"type":"Polygon","coordinates":[[[115.55478,24.64601],[115.40786,24.79553],[115.09149,24.67661],[114.90501,24.66461],[114.46499,24.51345],[114.3032,24.57695],[114.24969,24.26887],[114.39297,24.02854],[114.34493,23.89045],[114.33657,23.7541],[114.50793,23.69113],[114.56306,23.57345],[114.69406,23.52325],[114.69139,23.40987],[114.85536,23.21384],[114.91409,23.34071],[115.05126,23.32363],[115.26023,23.38702],[115.4143,23.24621],[115.47058,23.37618],[115.42264,23.48266],[115.44908,23.70913],[115.34946,23.84492],[115.44828,23.96957],[115.4127,24.0708],[115.56681,24.20718],[115.55478,24.64601]]]},"properties":{"ct_adcode":"441600","ct_name":"河源市","pr_adcode":"440000","pr_name":"广东省"}},
{"type":"Feature","geometry":{"type":"Polygon","coordinates":[[[111.44717,21.51761],[111.67234,21.53238],[111.6887,21.59301],[111.9166,21.60227],[111.95096,21.7133],[112.1787,21.79893],[112.30271,21.70672],[112.35336,21.83652],[112.31332,21.97904],[112.03145,22.17073],[112.07654,22.35379],[112.16014,22.38776],[111.96445,22.54946],[111.81665,22.60064],[111.6752,22.48537],[111.58529,22.37282],[111.35527,22.23665],[111.28345,22.06107],[111.28506,21.91065],[111.41193,21.85262],[111.41301,21.58104],[111.44717,21.51761]]]},"properties":{"ct_adcode":"441700","ct_name":"阳江市","pr_adcode":"440000","pr_name":"广东省"}},
{"type":"Feature","geometry":{"type":"Polygon","coordinates":[[[113.79506,23.90525],[113.7229,23.99989],[113.83235,24.0756],[113.89633,24.20948],[113.79868,24.40467],[113.57915,24.51288],[113.43538,24.45641],[113.10854,24.50568],[112.88002,24.60251],[112.98945,24.93027],[112.77541,24.90019],[112.71034,25.08125],[112.35873,25.19441],[112.19638,25.18859],[112.11653,24.99221],[112.15566,24.84695],[112.01875,24.74301],[111.9223,24.63249],[112.05227,24.3898],[111.93756,24.23785],[112.24423,24.2462],[112.31438,24.38299],[112.45333,24.24108],[112.51097,23.97977],[112.67746,23.94183],[112.70827,23.70951],[112.82534,23.54842],[112.97003,23.46629],[113.18664,23.5173],[113.34358,23.67045],[113.63307,23.70734],[113.61004,23.78262],[113.79506,23.90525]]]},"properties":{"ct_adcode":"441800","ct_name":"清远市","pr_adcode":"440000","pr_name":"广东省"}},
{"type":"Feature","geometry":{"type":"Polygon","coordinates":[[[113.74628,22.71824],[113.88791,22.8504],[114.16243,22.68343],[114.22433,22.8153],[114.2076,22.99049],[114.06074,23.10397],[113.83967,23.12841],[113.71173,23.14162],[113.55115,23.08407],[113.52402,22.98542],[113.6731,22.72902],[113.74628,22.71824]]]},"properties":{"ct_adcode":"441900","ct_name":"东莞市","pr_adcode":"440000","pr_name":"广东省"}},
{"type":"Feature","geometry":{"type":"Polygon","coordinates":[[[113.25736,22.39494],[113.4103,22.20553],[113.50912,22.26115],[113.56368,22.41496],[113.68692,22.51809],[113.53557,22.66916],[113.35969,22.77528],[113.15599,22.67643],[113.25736,22.39494]]]},"properties":{"ct_adcode":"442000","ct_name":"中山市","pr_adcode":"440000","pr_name":"广东省"}},
{"type":"Feature","geometry":{"type":"Polygon","coordinates":[[[116.62574,23.43214],[116.82299,23.61447],[116.91259,23.53442],[117.18807,23.56413],[117.04898,23.69915],[116.93037,24.12985],[116.92886,24.22521],[116.80503,24.17197],[116.68023,23.99235],[116.49442,23.86109],[116.4916,23.75506],[116.36375,23.73546],[116.50965,23.65855],[116.55552,23.48512],[116.62574,23.43214]]]},"properties":{"ct_adcode":"445100","ct_name":"潮州市","pr_adcode":"440000","pr_name":"广东省"}},
{"type":"Feature","geometry":{"type":"Polygon","coordinates":[[[116.54817,23.10866],[116.37581,23.04235],[116.24004,23.14307],[116.34498,23.33778],[116.34484,23.45217],[116.47801,23.50307],[116.62574,23.43214],[116.55552,23.48512],[116.50965,23.65855],[116.36375,23.73546],[115.90082,23.62402],[115.78862,23.52831],[115.60199,23.47463],[115.81506,23.33841],[115.72091,23.18645],[115.90433,23.12851],[115.93933,22.95915],[116.10524,22.89372],[116.22242,22.91722],[116.50108,22.93361],[116.54817,23.10866]]]},"properties":{"ct_adcode":"445200","ct_name":"揭阳市","pr_adcode":"440000","pr_name":"广东省"}},
{"type":"Feature","geometry":{"type":"Polygon","coordinates":[[[112.47137,22.7068],[112.38715,22.77241],[112.25259,22.91335],[112.32186,23.10679],[112.18597,23.07714],[111.95425,23.13367],[111.65098,23.1613],[111.36973,23.31775],[111.36896,23.0951],[111.42864,23.03878],[111.35351,22.89188],[111.21344,22.75091],[111.08456,22.69695],[111.29805,22.58358],[111.46613,22.44479],[111.54046,22.52112],[111.6752,22.48537],[111.81665,22.60064],[111.96445,22.54946],[112.16014,22.38776],[112.31873,22.55736],[112.51664,22.61017],[112.47137,22.7068]]]},"properties":{"ct_adcode":"445300","ct_name":"云浮市","pr_adcode":"440000","pr_name":"广东省"}},
{"type":"Feature","geometry":{"type":"Polygon","coordinates":[[[109.21271,23.29946],[108.9351,23.36286],[108.81839,23.49666],[108.72476,23.80121],[108.53766,23.70279],[108.46971,23.73785],[108.47585,24.02176],[108.3733,24.01701],[108.27197,23.80406],[108.19902,23.87427],[108.01312,23.76082],[107.8706,23.60391],[107.71224,23.55671],[107.74518,23.44533],[107.86383,23.40524],[107.55064,23.20537],[107.38146,23.24688],[107.33268,23.14927],[107.49583,22.98274],[107.50018,22.84823],[107.73987,22.94678],[108.01653,22.77317],[107.98226,22.50754],[108.09176,22.37437],[108.27593,22.20982],[108.49232,22.24109],[108.55472,22.42293],[108.77879,22.53009],[109.16912,22.52288],[109.26131,22.48749],[109.38243,22.64172],[109.60703,22.6755],[109.2499,23.09823],[109.21271,23.29946]]]},"properties":{"ct_adcode":"450100","ct_name":"南宁市","pr_adcode":"450000","pr_name":"广西壮族自治区"}},
{"type":"Feature","geometry":{"type":"Polygon","coordinates":[[[109.47803,26.03278],[109.29218,25.71716],[109.15476,25.76196],[108.94836,25.55944],[108.82242,25.5531],[108.75788,25.64074],[108.59502,25.45791],[108.62134,25.31119],[108.69054,25.16658],[109.10054,25.10645],[108.98648,24.96051],[109.1322,24.8897],[108.92767,24.71881],[108.83407,24.54123],[109.00699,24.3998],[108.91297,24.25802],[108.96807,24.13267],[109.15088,24.02443],[109.27424,24.05001],[109.3548,23.91478],[109.49675,24.05043],[109.69697,24.15518],[109.79873,24.25902],[110.03166,24.29301],[110.11151,24.46356],[110.14834,24.6189],[109.93349,24.7208],[109.8848,24.81282],[109.62749,24.88274],[109.64906,25.16916],[109.74405,25.3035],[109.80972,25.66332],[109.7158,25.80912],[109.76018,25.87929],[109.72511,25.99473],[109.47803,26.03278]]]},"properties":{"ct_adcode":"450200","ct_name":"柳州市","pr_adcode":"450000","pr_name":"广西壮族自治区"}},
{"type":"Feature","geometry":{"type":"Polygon","coordinates":[[[109.96177,26.19892],[109.76018,25.87929],[109.7158,25.80912],[109.80972,25.66332],[109.74405,25.3035],[109.64906,25.16916],[109.62749,24.88274],[109.8848,24.81282],[109.93349,24.7208],[110.14834,24.6189],[110.11151,24.46356],[110.31234,24.29919],[110.56305,24.36568],[110.59375,24.39952],[110.90541,24.29004],[111.03557,24.46547],[111.01565,24.6725],[111.16483,24.7795],[111.09218,24.94358],[110.94716,25.04417],[111.09802,25.28776],[111.28685,25.43867],[111.33777,25.60559],[111.30224,25.71928],[111.43677,25.78095],[111.3408,25.90932],[111.19084,25.96398],[111.25916,26.09783],[111.27598,26.27445],[111.0035,26.36225],[110.82951,26.25933],[110.60779,26.33723],[110.5129,26.19017],[110.23579,26.03612],[110.06784,26.04777],[110.094,26.17141],[109.96177,26.19892]]]},"properties":{"ct_adcode":"450300","ct_name":"桂林市","pr_adcode":"450000","pr_name":"广西壮族自治区"}},
{"type":"Feature","geometry":{"type":"Polygon","coordinates":[[[111.64973,23.83609],[111.64416,23.94806],[111.53457,24.05982],[111.39116,24.07794],[111.34346,23.87488],[111.1462,23.94041],[111.07615,23.83079],[110.88744,23.70672],[110.85228,23.89725],[110.67157,24.06514],[110.71546,24.17052],[110.56305,24.36568],[110.31234,24.29919],[110.45154,24.18666],[110.38722,24.04475],[110.34884,23.90051],[110.54563,23.82883],[110.61775,23.46315],[110.56903,23.39327],[110.6478,23.25931],[110.54306,23.1291],[110.65534,23.11911],[110.75363,23.0238],[110.72386,22.88997],[110.89135,22.61658],[111.08456,22.69695],[111.21344,22.75091],[111.35351,22.89188],[111.42864,23.03878],[111.36896,23.0951],[111.36973,23.31775],[111.39441,23.47181],[111.48178,23.62919],[111.61059,23.64178],[111.64973,23.83609]]]},"properties":{"ct_adcode":"450400","ct_name":"梧州市","pr_adcode":"450000","pr_name":"广西壮族自治区"}},
{"type":"Feature","geometry":{"type":"Polygon","coordinates":[[[109.78132,21.45952],[109.76189,21.6695],[109.69221,21.67037],[109.69272,21.90512],[109.60349,21.91175],[109.51943,21.87588],[109.26174,21.91094],[109.22738,21.85491],[108.95745,21.82649],[108.85089,21.72729],[108.87766,21.63001],[109.13845,21.56682],[109.13458,21.39137],[109.48084,21.45592],[109.6004,21.52625],[109.78132,21.45952]]]},"properties":{"ct_adcode":"450500","ct_name":"北海市","pr_adcode":"450000","pr_name":"广西壮族自治区"}},
{"type":"Feature","geometry":{"type":"Polygon","coordinates":[[[108.58802,21.68003],[108.50312,21.72838],[108.45327,21.90942],[108.28686,21.91308],[108.19183,21.99712],[108.18102,22.14415],[108.27593,22.20982],[108.09176,22.37437],[107.91761,22.25221],[107.65581,22.18296],[107.66832,22.07849],[107.58427,21.98529],[107.55496,21.73103],[107.47745,21.6581],[107.49513,21.59585],[107.87035,21.64794],[107.95231,21.53871],[108.12959,21.50743],[108.2014,21.60033],[108.33462,21.54369],[108.48872,21.55736],[108.58802,21.68003]]]},"properties":{"ct_adcode":"450600","ct_name":"防城港市","pr_adcode":"450000","pr_name":"广西壮族自治区"}},
{"type":"Feature","geometry":{"type":"Polygon","coordinates":[[[109.60349,21.91175],[109.5544,22.16851],[109.58911,22.29294],[109.70654,22.36144],[109.81081,22.3125],[109.84013,22.57241],[109.72987,22.5585],[109.65801,22.6654],[109.60703,22.6755],[109.38243,22.64172],[109.26131,22.48749],[109.16912,22.52288],[108.77879,22.53009],[108.55472,22.42293],[108.49232,22.24109],[108.27593,22.20982],[108.18102,22.14415],[108.19183,21.99712],[108.28686,21.91308],[108.45327,21.90942],[108.50312,21.72838],[108.58802,21.68003],[108.87766,21.63001],[108.85089,21.72729],[108.95745,21.82649],[109.22738,21.85491],[109.26174,21.91094],[109.51943,21.87588],[109.60349,21.91175]]]},"properties":{"ct_adcode":"450700","ct_name":"钦州市","pr_adcode":"450000","pr_name":"广西壮族自治区"}},
{"type":"Feature","geometry":{"type":"Polygon","coordinates":[[[110.38722,24.04475],[109.99279,23.77943],[109.9187,23.66783],[109.88979,23.47843],[109.65715,23.43175],[109.5497,23.31082],[109.32447,23.41831],[109.21271,23.29946],[109.2499,23.09823],[109.60703,22.6755],[109.65801,22.6654],[109.77892,22.74217],[109.75086,22.84096],[109.94783,23.02561],[110.11122,22.89717],[110.25585,22.94174],[110.33261,23.05306],[110.54306,23.1291],[110.6478,23.25931],[110.56903,23.39327],[110.61775,23.46315],[110.54563,23.82883],[110.34884,23.90051],[110.38722,24.04475]]]},"properties":{"ct_adcode":"450800","ct_name":"贵港市","pr_adcode":"450000","pr_name":"广西壮族自治区"}},
{"type":"Feature","geometry":{"type":"Polygon","coordinates":[[[110.38657,21.9528],[110.37648,22.16687],[110.49946,22.14579],[110.72076,22.2985],[110.74512,22.56008],[110.89135,22.61658],[110.72386,22.88997],[110.75363,23.0238],[110.65534,23.11911],[110.54306,23.1291],[110.33261,23.05306],[110.25585,22.94174],[110.11122,22.89717],[109.94783,23.02561],[109.75086,22.84096],[109.77892,22.74217],[109.65801,22.6654],[109.72987,22.5585],[109.84013,22.57241],[109.81081,22.3125],[109.70654,22.36144],[109.58911,22.29294],[109.5544,22.16851],[109.60349,21.91175],[109.69272,21.90512],[109.69221,21.67037],[109.76189,21.6695],[109.91002,21.66952],[109.9466,21.85217],[110.19266,21.90253],[110.38302,21.89292],[110.39177,21.90864],[110.38657,21.9528]]]},"properties":{"ct_adcode":"450900","ct_name":"玉林市","pr_adcode":"450000","pr_name":"广西壮族自治区"}},
{"type":"Feature","geometry":{"type":"Polygon","coordinates":[[[104.56484,24.47576],[104.97735,24.41588],[105.05165,24.44212],[105.19376,24.32983],[105.19763,24.10813],[105.29046,24.11597],[105.48978,24.01999],[105.93003,24.1268],[106.0464,24.09251],[106.18796,23.83818],[106.05942,23.49093],[105.81051,23.50488],[105.5902,23.31541],[105.53957,23.18706],[105.57203,23.06912],[105.73023,23.05428],[105.89104,22.9395],[106.0165,22.99324],[106.20337,22.98117],[106.36271,22.86076],[106.52275,22.94951],[106.66726,22.89202],[106.79411,23.02655],[106.77936,23.18387],[107.00475,23.31331],[107.33913,23.3359],[107.38146,23.24688],[107.55064,23.20537],[107.86383,23.40524],[107.74518,23.44533],[107.71224,23.55671],[107.81908,23.67311],[107.79931,23.76683],[107.56617,23.80766],[107.51494,23.89455],[107.38439,23.9035],[107.14499,23.99385],[107.11951,24.05268],[106.91045,24.10109],[106.9205,24.25796],[106.77875,24.5153],[106.81093,24.67872],[106.68267,24.76219],[106.84722,24.86344],[106.72962,24.99157],[106.56767,25.08657],[106.51902,25.06283],[106.14625,24.94722],[106.16661,24.7612],[106.04348,24.68691],[105.82427,24.70599],[105.4942,24.81227],[105.42474,24.93347],[105.07212,24.91948],[105.03046,24.79068],[104.83943,24.67927],[104.6308,24.66235],[104.52724,24.73444],[104.48373,24.64787],[104.56484,24.47576]]]},"properties":{"ct_adcode":"451000","ct_name":"百色市","pr_adcode":"450000","pr_name":"广西壮族自治区"}},
{"type":"Feature","geometry":{"type":"Polygon","coordinates":[[[112.01875,24.74301],[111.70313,24.79176],[111.56556,24.64774],[111.42565,24.68856],[111.47407,24.80038],[111.42903,25.09422],[111.28386,25.14531],[111.10265,25.01242],[111.09218,24.94358],[111.16483,24.7795],[111.01565,24.6725],[111.03557,24.46547],[110.90541,24.29004],[110.59375,24.39952],[110.56305,24.36568],[110.71546,24.17052],[110.67157,24.06514],[110.85228,23.89725],[110.88744,23.70672],[111.07615,23.83079],[111.1462,23.94041],[111.34346,23.87488],[111.39116,24.07794],[111.53457,24.05982],[111.64416,23.94806],[111.64973,23.83609],[111.77982,23.81052],[111.93526,23.99065],[111.87356,24.11303],[111.93756,24.23785],[112.05227,24.3898],[111.9223,24.63249],[112.01875,24.74301]]]},"properties":{"ct_adcode":"451100","ct_name":"贺州市","pr_adcode":"450000","pr_name":"广西壮族自治区"}},
{"type":"Feature","geometry":{"type":"Polygon","coordinates":[[[108.29917,25.52363],[108.13359,25.33923],[108.12951,25.23711],[107.83503,25.11912],[107.60571,25.26186],[107.50045,25.21358],[107.41653,25.3958],[107.18108,25.58122],[107.06038,25.56232],[106.95995,25.44036],[107.00974,25.27823],[106.84906,25.18997],[106.68749,25.1822],[106.56767,25.08657],[106.72962,24.99157],[106.84722,24.86344],[106.68267,24.76219],[106.81093,24.67872],[106.77875,24.5153],[106.9205,24.25796],[106.91045,24.10109],[107.11951,24.05268],[107.14499,23.99385],[107.38439,23.9035],[107.51494,23.89455],[107.56617,23.80766],[107.79931,23.76683],[107.81908,23.67311],[107.71224,23.55671],[107.8706,23.60391],[108.01312,23.76082],[108.19902,23.87427],[108.27197,23.80406],[108.3733,24.01701],[108.47585,24.02176],[108.53388,24.00655],[108.81383,24.36419],[108.91297,24.25802],[109.00699,24.3998],[108.83407,24.54123],[108.92767,24.71881],[109.1322,24.8897],[108.98648,24.96051],[109.10054,25.10645],[108.69054,25.16658],[108.62134,25.31119],[108.49629,25.45072],[108.29917,25.52363]]]},"properties":{"ct_adcode":"451200","ct_name":"河池市","pr_adcode":"450000","pr_name":"广西壮族自治区"}},
{"type":"Feature","geometry":{"type":"Polygon","coordinates":[[[109.21271,23.29946],[109.32447,23.41831],[109.5497,23.31082],[109.65715,23.43175],[109.88979,23.47843],[109.9187,23.66783],[109.99279,23.77943],[110.38722,24.04475],[110.45154,24.18666],[110.31234,24.29919],[110.11151,24.46356],[110.03166,24.29301],[109.79873,24.25902],[109.69697,24.15518],[109.49675,24.05043],[109.3548,23.91478],[109.27424,24.05001],[109.15088,24.02443],[108.96807,24.13267],[108.91297,24.25802],[108.81383,24.36419],[108.53388,24.00655],[108.47585,24.02176],[108.46971,23.73785],[108.53766,23.70279],[108.72476,23.80121],[108.81839,23.49666],[108.9351,23.36286],[109.21271,23.29946]]]},"properties":{"ct_adcode":"451300","ct_name":"来宾市","pr_adcode":"450000","pr_name":"广西壮族自治区"}},
{"type":"Feature","geometry":{"type":"Polygon","coordinates":[[[107.38146,23.24688],[107.33913,23.3359],[107.00475,23.31331],[106.77936,23.18387],[106.79411,23.02655],[106.66726,22.89202],[106.78261,22.81436],[106.71719,22.60824],[106.58191,22.51946],[106.56379,22.42372],[106.65993,22.33371],[106.70299,22.02439],[107.05595,21.91782],[107.00606,21.83855],[107.1955,21.72132],[107.30692,21.73625],[107.38431,21.59657],[107.47745,21.6581],[107.55496,21.73103],[107.58427,21.98529],[107.66832,22.07849],[107.65581,22.18296],[107.91761,22.25221],[108.09176,22.37437],[107.98226,22.50754],[108.01653,22.77317],[107.73987,22.94678],[107.50018,22.84823],[107.49583,22.98274],[107.33268,23.14927],[107.38146,23.24688]]]},"properties":{"ct_adcode":"451400","ct_name":"崇左市","pr_adcode":"450000","pr_name":"广西壮族自治区"}},
{"type":"Feature","geometry":{"type":"Polygon","coordinates":[[[110.52235,20.07752],[110.38292,20.11551],[110.13998,20.07639],[110.1021,20.02875],[110.25819,19.68916],[110.33563,19.72236],[110.51507,19.56525],[110.63712,19.55101],[110.63055,19.75328],[110.69516,19.86353],[110.52235,20.07752]]]},"properties":{"ct_adcode":"460100","ct_name":"海口市","pr_adcode":"460000","pr_name":"海南省"}},
{"type":"Feature","geometry":{"type":"Polygon","coordinates":[[[108.92872,18.33723],[109.10417,18.3254],[109.58054,18.14547],[109.74569,18.19499],[109.80126,18.3493],[109.77704,18.51282],[109.66189,18.39326],[109.53588,18.39849],[109.53118,18.53328],[109.40088,18.62495],[109.28803,18.5199],[109.01251,18.42501],[108.92872,18.33723]]]},"properties":{"ct_adcode":"460200","ct_name":"三亚市","pr_adcode":"460000","pr_name":"海南省"}},
{"type":"Feature","geometry":{"type":"Polygon","coordinates":[[[114.04726,7.68436],[113.98295,7.53767],[114.36425,7.63989],[114.41588,7.76703],[114.5366,7.86362],[114.41044,7.95422],[114.26412,7.87228],[114.04726,7.68436]]]},"properties":{"ct_adcode":"460300","ct_name":"三沙市","pr_adcode":"460000","pr_name":"海南省"}},
{"type":"Feature","geometry":{"type":"Polygon","coordinates":[[[109.76521,19.58033],[109.58546,19.63812],[109.56055,19.85704],[109.49446,19.8754],[109.30394,19.91986],[109.16533,19.73846],[108.92497,19.52633],[109.04068,19.43211],[109.47248,19.40274],[109.68287,19.18073],[109.73356,19.40922],[109.76521,19.58033]]]},"properties":{"ct_adcode":"460400","ct_name":"儋州市","pr_adcode":"460000","pr_name":"海南省"}},
{"type":"Feature","geometry":{"type":"Polygon","coordinates":[[[109.7113,18.83551],[109.51993,19.03272],[109.34429,18.94797],[109.35242,18.7122],[109.40368,18.62937],[109.70239,18.73666],[109.7113,18.83551]]]},"properties":{"ct_adcode":"469001","ct_name":"五指山市","pr_adcode":"460000","pr_name":"海南省"}},
{"type":"Feature","geometry":{"type":"Polygon","coordinates":[[[110.60644,19.08633],[110.7256,19.38059],[110.57997,19.36968],[110.54201,19.47018],[110.33215,19.35472],[110.34001,19.22994],[110.22061,19.22336],[110.11089,19.13472],[110.15424,19.00097],[110.28322,18.98482],[110.51757,19.10474],[110.60644,19.08633]]]},"properties":{"ct_adcode":"469002","ct_name":"琼海市","pr_adcode":"460000","pr_name":"海南省"}},
{"type":"Feature","geometry":{"type":"Polygon","coordinates":[[[110.52235,20.07752],[110.69516,19.86353],[110.63055,19.75328],[110.63712,19.55101],[110.51507,19.56525],[110.54201,19.47018],[110.57997,19.36968],[110.7256,19.38059],[110.91637,19.55463],[111.05683,19.61398],[110.96503,20.01236],[110.74017,20.07612],[110.71286,20.15097],[110.52235,20.07752]]]},"properties":{"ct_adcode":"469005","ct_name":"文昌市","pr_adcode":"460000","pr_name":"海南省"}},
{"type":"Feature","geometry":{"type":"Polygon","coordinates":[[[110.60644,19.08633],[110.51757,19.10474],[110.28322,18.98482],[110.15424,19.00097],[110.04101,18.88639],[110.01071,18.73453],[110.01654,18.6605],[110.20976,18.58057],[110.32511,18.6441],[110.49103,18.6517],[110.57379,18.78661],[110.60644,19.08633]]]},"properties":{"ct_adcode":"469006","ct_name":"万宁市","pr_adcode":"460000","pr_name":"海南省"}},
{"type":"Feature","geometry":{"type":"Polygon","coordinates":[[[109.12105,18.88001],[109.09368,19.03165],[109.00485,19.05178],[108.95483,19.21741],[108.70039,19.26454],[108.64118,19.35117],[108.59476,19.05772],[108.6343,18.9265],[108.58963,18.8114],[108.65617,18.71879],[108.80771,18.72187],[109.06693,18.80906],[109.12105,18.88001]]]},"properties":{"ct_adcode":"469007","ct_name":"东方市","pr_adcode":"460000","pr_name":"海南省"}},
{"type":"Feature","geometry":{"type":"Polygon","coordinates":[[[110.13284,19.56194],[110.22061,19.22336],[110.34001,19.22994],[110.33215,19.35472],[110.54201,19.47018],[110.51507,19.56525],[110.33563,19.72236],[110.25819,19.68916],[110.13284,19.56194]]]},"properties":{"ct_adcode":"469021","ct_name":"定安县","pr_adcode":"460000","pr_name":"海南省"}},
{"type":"Feature","geometry":{"type":"Polygon","coordinates":[[[110.11089,19.13472],[110.22061,19.22336],[110.13284,19.56194],[109.9342,19.48772],[109.87242,19.3888],[109.81858,19.29149],[110.11089,19.13472]]]},"properties":{"ct_adcode":"469022","ct_name":"屯昌县","pr_adcode":"460000","pr_name":"海南省"}},
{"type":"Feature","geometry":{"type":"Polygon","coordinates":[[[110.25819,19.68916],[110.1021,20.02875],[109.85095,19.98645],[109.89258,19.78418],[109.76521,19.58033],[109.73356,19.40922],[109.87242,19.3888],[109.9342,19.48772],[110.13284,19.56194],[110.25819,19.68916]]]},"properties":{"ct_adcode":"469023","ct_name":"澄迈县","pr_adcode":"460000","pr_name":"海南省"}},
{"type":"Feature","geometry":{"type":"Polygon","coordinates":[[[109.49446,19.8754],[109.56055,19.85704],[109.58546,19.63812],[109.76521,19.58033],[109.89258,19.78418],[109.85095,19.98645],[109.58132,19.9905],[109.49446,19.8754]]]},"properties":{"ct_adcode":"469024","ct_name":"临高县","pr_adcode":"460000","pr_name":"海南省"}},
{"type":"Feature","geometry":{"type":"Polygon","coordinates":[[[109.29408,18.9626],[109.34429,18.94797],[109.51993,19.03272],[109.68287,19.18073],[109.47248,19.40274],[109.04068,19.43211],[109.13866,19.26726],[109.17295,19.08505],[109.29408,18.9626]]]},"properties":{"ct_adcode":"469025","ct_name":"白沙黎族自治县","pr_adcode":"460000","pr_name":"海南省"}},
{"type":"Feature","geometry":{"type":"Polygon","coordinates":[[[109.04068,19.43211],[108.92497,19.52633],[108.64118,19.35117],[108.70039,19.26454],[108.95483,19.21741],[109.00485,19.05178],[109.09368,19.03165],[109.12105,18.88001],[109.29408,18.9626],[109.17295,19.08505],[109.13866,19.26726],[109.04068,19.43211]]]},"properties":{"ct_adcode":"469026","ct_name":"昌江黎族自治县","pr_adcode":"460000","pr_name":"海南省"}},
{"type":"Feature","geometry":{"type":"Polygon","coordinates":[[[109.40088,18.62495],[109.40368,18.62937],[109.35242,18.7122],[109.34429,18.94797],[109.29408,18.9626],[109.12105,18.88001],[109.06693,18.80906],[108.80771,18.72187],[108.65617,18.71879],[108.64138,18.48858],[108.87758,18.41846],[108.92872,18.33723],[109.01251,18.42501],[109.28803,18.5199],[109.40088,18.62495]]]},"properties":{"ct_adcode":"469027","ct_name":"乐东黎族自治县","pr_adcode":"460000","pr_name":"海南省"}},
{"type":"Feature","geometry":{"type":"Polygon","coordinates":[[[110.20976,18.58057],[110.01654,18.6605],[110.01071,18.73453],[109.82666,18.7304],[109.76931,18.8111],[109.83561,18.68047],[109.77704,18.51282],[109.80126,18.3493],[110.01852,18.36166],[110.20976,18.58057]]]},"properties":{"ct_adcode":"469028","ct_name":"陵水黎族自治县","pr_adcode":"460000","pr_name":"海南省"}},
{"type":"Feature","geometry":{"type":"Polygon","coordinates":[[[109.7113,18.83551],[109.70239,18.73666],[109.40368,18.62937],[109.40088,18.62495],[109.53118,18.53328],[109.53588,18.39849],[109.66189,18.39326],[109.77704,18.51282],[109.83561,18.68047],[109.76931,18.8111],[109.7113,18.83551]]]},"properties":{"ct_adcode":"469029","ct_name":"保亭黎族苗族自治县","pr_adcode":"460000","pr_name":"海南省"}},
{"type":"Feature","geometry":{"type":"Polygon","coordinates":[[[110.01071,18.73453],[110.04101,18.88639],[110.15424,19.00097],[110.11089,19.13472],[109.81858,19.29149],[109.87242,19.3888],[109.73356,19.40922],[109.68287,19.18073],[109.51993,19.03272],[109.7113,18.83551],[109.76931,18.8111],[109.82666,18.7304],[110.01071,18.73453]]]},"properties":{"ct_adcode":"469030","ct_name":"琼中黎族苗族自治县","pr_adcode":"460000","pr_name":"海南省"}},
{"type":"Feature","geometry":{"type":"MultiPolygon","coordinates":[[[[105.5581,30.18651],[105.683,30.04639],[105.70532,29.84329],[105.42028,29.69012],[105.28642,29.55534],[105.43946,29.40173],[105.41648,29.31705],[105.70532,29.24093],[105.80026,28.95077],[105.99727,28.97713],[106.17258,28.92188],[106.37037,28.52884],[106.6299,28.61113],[106.72009,28.53329],[106.87934,28.69591],[106.82014,28.75946],[107.06266,28.8971],[107.21491,28.77592],[107.37891,28.85155],[107.39698,29.18743],[107.57089,29.21089],[107.80629,29.14134],[107.81925,29.03732],[107.90778,29.19342],[108.00597,29.25062],[107.97238,29.36631],[108.04575,29.62517],[107.83976,29.66114],[107.79911,29.56618],[107.62618,29.70453],[107.59047,29.9205],[107.4317,30.03629],[107.32104,29.97556],[107.22393,30.22645],[107.01637,30.03944],[106.7224,30.03593],[106.55651,30.31794],[106.26636,30.19795],[106.16557,30.30692],[105.99704,30.3789],[105.7617,30.39142],[105.72645,30.26851],[105.5581,30.18651]]],[[[108.9155,29.32928],[108.86947,29.45254],[108.88234,29.6359],[108.73866,29.65859],[108.5973,29.8684],[108.50213,29.71084],[108.48289,29.6287],[108.58143,29.4802],[108.54532,29.31832],[108.62481,29.07603],[108.85039,29.13654],[108.9155,29.32928]]],[[[108.53852,31.67585],[108.33702,31.51193],[108.18596,31.49355],[108.17591,31.32789],[107.84549,30.79518],[107.51881,30.85073],[107.44213,30.77244],[107.51095,30.64462],[107.40058,30.51877],[107.66915,30.45656],[107.82486,30.54733],[107.93569,30.48912],[108.10698,30.59582],[108.28846,30.40388],[108.4195,30.49135],[108.69505,30.54702],[108.8394,30.50861],[108.90746,30.58079],[108.87922,30.69833],[108.49971,30.97965],[108.59482,31.23783],[108.75328,31.43309],[108.7999,31.5784],[108.53852,31.67585]]]]},"properties":{"ct_adcode":"500100","ct_name":"重庆城区","pr_adcode":"500000","pr_name":"重庆市"}},
{"type":"Feature","geometry":{"type":"MultiPolygon","coordinates":[[[[108.4195,30.49135],[108.28846,30.40388],[108.10698,30.59582],[107.93569,30.48912],[107.82486,30.54733],[107.66915,30.45656],[107.40058,30.51877],[107.30026,30.35747],[107.22393,30.22645],[107.32104,29.97556],[107.4317,30.03629],[107.59047,29.9205],[107.62618,29.70453],[107.79911,29.56618],[107.83976,29.66114],[108.04575,29.62517],[107.97238,29.36631],[108.00597,29.25062],[107.90778,29.19342],[107.81925,29.03732],[108.06488,29.08939],[108.29343,29.05335],[108.38082,28.77527],[108.32478,28.68269],[108.62963,28.62206],[108.57089,28.50121],[108.81752,28.2486],[108.99715,28.1648],[109.09673,28.20461],[109.18713,28.47419],[109.26975,28.498],[109.19119,28.64108],[109.29529,28.74813],[109.22944,28.86696],[109.31488,29.04549],[109.22793,29.12239],[109.10565,29.21781],[109.06099,29.40322],[108.9155,29.32928],[108.85039,29.13654],[108.62481,29.07603],[108.54532,29.31832],[108.58143,29.4802],[108.48289,29.6287],[108.50213,29.71084],[108.36696,29.84407],[108.51998,29.89949],[108.51861,30.07499],[108.57799,30.25643],[108.4554,30.36228],[108.4195,30.49135]]],[[[108.90746,30.58079],[109.07874,30.60062],[109.14579,30.52982],[109.2947,30.63306],[109.35608,30.55339],[109.88982,30.90234],[110.14662,30.91374],[110.11501,31.09155],[110.18438,31.13163],[110.15888,31.30526],[109.97741,31.5147],[109.74145,31.58007],[109.72611,31.70256],[109.58098,31.72898],[109.29712,31.71274],[109.1621,31.87739],[108.89798,31.98727],[108.50526,32.20343],[108.36477,32.17538],[108.34587,31.97402],[108.27819,31.9199],[108.52461,31.75512],[108.53852,31.67585],[108.7999,31.5784],[108.75328,31.43309],[108.59482,31.23783],[108.49971,30.97965],[108.87922,30.69833],[108.90746,30.58079]]]]},"properties":{"ct_adcode":"500200","ct_name":"重庆郊县","pr_adcode":"500000","pr_name":"重庆市"}},
{"type":"Feature","geometry":{"type":"Polygon","coordinates":[[[103.39283,30.09739],[103.69096,30.24868],[103.79251,30.34861],[103.9948,30.26801],[104.22861,30.25881],[104.44757,30.10366],[104.64974,30.28819],[104.78828,30.2878],[104.8801,30.36648],[104.85616,30.58509],[104.69575,30.82806],[104.46302,30.95301],[104.31853,30.89411],[104.02577,31.1004],[103.8003,31.43239],[103.56755,31.34087],[103.5812,31.19388],[103.44906,30.8949],[103.30308,30.81299],[103.17723,30.84943],[102.99108,30.78089],[103.12947,30.65715],[103.18383,30.51451],[103.06007,30.30509],[103.07468,30.22279],[103.36805,30.23079],[103.39283,30.09739]]]},"properties":{"ct_adcode":"510100","ct_name":"成都市","pr_adcode":"510000","pr_name":"四川省"}},
{"type":"Feature","geometry":{"type":"Polygon","coordinates":[[[105.26371,29.19158],[105.03694,29.3896],[104.84617,29.47073],[104.53815,29.43185],[104.48694,29.60353],[104.33824,29.56831],[104.26718,29.63517],[104.24747,29.63887],[104.09086,29.46643],[104.17447,29.19864],[104.36565,29.2505],[104.53856,29.14648],[104.62309,29.21036],[104.73463,29.08187],[105.14185,28.94524],[105.26371,29.19158]]]},"properties":{"ct_adcode":"510300","ct_name":"自贡市","pr_adcode":"510000","pr_name":"四川省"}},
{"type":"Feature","geometry":{"type":"Polygon","coordinates":[[[101.16647,27.16858],[101.13576,27.0257],[101.39788,26.84379],[101.47954,26.67672],[101.457,26.49885],[101.63659,26.39621],[101.62894,26.22844],[101.73413,26.22338],[101.8385,26.08584],[101.90546,26.19499],[101.94136,26.45269],[102.04908,26.49755],[101.99409,26.65715],[102.17735,26.71178],[102.23928,27.11008],[102.08458,27.14976],[101.81592,27.10532],[101.68047,27.15393],[101.5828,27.33829],[101.39247,27.1485],[101.16647,27.16858]]]},"properties":{"ct_adcode":"510400","ct_name":"攀枝花市","pr_adcode":"510000","pr_name":"四川省"}},
{"type":"Feature","geometry":{"type":"Polygon","coordinates":[[[105.14185,28.94524],[105.22632,28.76688],[105.16563,28.6546],[105.21784,28.45454],[105.31959,28.38969],[105.3546,28.15676],[105.17384,28.07021],[105.30512,27.70847],[105.44511,27.77855],[105.63979,27.66348],[105.71931,27.70926],[106.00043,27.75019],[106.1898,27.75772],[106.30323,27.81197],[106.32456,27.96127],[106.20336,28.13766],[106.00955,28.12334],[105.7692,28.33529],[105.63615,28.3278],[105.60656,28.47754],[105.68966,28.59202],[105.88999,28.60927],[105.97569,28.74988],[106.18885,28.58055],[106.37037,28.52884],[106.17258,28.92188],[105.99727,28.97713],[105.80026,28.95077],[105.70532,29.24093],[105.41648,29.31705],[105.26371,29.19158],[105.14185,28.94524]]]},"properties":{"ct_adcode":"510500","ct_name":"泸州市","pr_adcode":"510000","pr_name":"四川省"}},
{"type":"Feature","geometry":{"type":"Polygon","coordinates":[[[105.16533,30.70883],[104.99552,30.80839],[104.9296,30.9479],[104.82632,30.98963],[104.65033,31.33568],[104.52115,31.44486],[104.34487,31.38392],[104.15318,31.52113],[104.09145,31.69558],[103.92616,31.6419],[103.8003,31.43239],[104.02577,31.1004],[104.31853,30.89411],[104.46302,30.95301],[104.69575,30.82806],[104.85616,30.58509],[105.06359,30.53833],[105.16533,30.70883]]]},"properties":{"ct_adcode":"510600","ct_name":"德阳市","pr_adcode":"510000","pr_name":"四川省"}},
{"type":"Feature","geometry":{"type":"Polygon","coordinates":[[[105.16533,30.70883],[105.25938,30.74426],[105.17134,31.04824],[105.31316,31.11625],[105.61523,30.98012],[105.71043,31.04172],[105.66322,31.25565],[105.52056,31.3936],[105.45547,31.52901],[105.32937,31.63236],[105.28592,31.79535],[105.20187,31.83927],[105.18646,31.99809],[105.28274,32.11101],[105.23473,32.28942],[104.96422,32.32347],[104.77199,32.39938],[104.75197,32.52872],[104.6332,32.67087],[104.45627,32.7506],[104.27456,32.89341],[104.09929,32.84927],[104.18021,32.66562],[103.88823,32.64142],[103.88754,32.3653],[104.03097,32.25094],[104.09795,32.12713],[103.84856,32.16375],[103.76128,31.94866],[104.12504,31.83078],[104.09145,31.69558],[104.15318,31.52113],[104.34487,31.38392],[104.52115,31.44486],[104.65033,31.33568],[104.82632,30.98963],[104.9296,30.9479],[104.99552,30.80839],[105.16533,30.70883]]]},"properties":{"ct_adcode":"510700","ct_name":"绵阳市","pr_adcode":"510000","pr_name":"四川省"}},
{"type":"Feature","geometry":{"type":"Polygon","coordinates":[[[106.39163,31.80766],[106.56364,32.13079],[106.56082,32.22995],[106.7143,32.27155],[106.64547,32.50661],[106.63637,32.68967],[106.46287,32.65345],[106.17028,32.69972],[106.03808,32.86124],[105.8274,32.82831],[105.59282,32.70165],[105.49534,32.91395],[105.45561,32.75444],[105.10735,32.59618],[105.02698,32.65261],[104.6332,32.67087],[104.75197,32.52872],[104.77199,32.39938],[104.96422,32.32347],[105.23473,32.28942],[105.28274,32.11101],[105.18646,31.99809],[105.20187,31.83927],[105.28592,31.79535],[105.32937,31.63236],[105.45547,31.52901],[105.84265,31.65642],[105.97381,31.66471],[106.3315,31.85053],[106.39163,31.80766]]]},"properties":{"ct_adcode":"510800","ct_name":"广元市","pr_adcode":"510000","pr_name":"四川省"}},
{"type":"Feature","geometry":{"type":"Polygon","coordinates":[[[105.06359,30.53833],[105.12273,30.34402],[105.31472,30.30621],[105.55408,30.19859],[105.55546,30.18839],[105.5581,30.18651],[105.72645,30.26851],[105.7617,30.39142],[105.99704,30.3789],[105.96706,30.47982],[105.80545,30.62799],[105.79309,30.80342],[105.61523,30.98012],[105.31316,31.11625],[105.17134,31.04824],[105.25938,30.74426],[105.16533,30.70883],[105.06359,30.53833]]]},"properties":{"ct_adcode":"510900","ct_name":"遂宁市","pr_adcode":"510000","pr_name":"四川省"}},
{"type":"Feature","geometry":{"type":"Polygon","coordinates":[[[105.26371,29.19158],[105.41648,29.31705],[105.43946,29.40173],[105.28642,29.55534],[105.42028,29.69012],[105.40135,29.79144],[105.12226,29.83322],[105.01783,29.97942],[104.8181,29.8776],[104.69789,29.95993],[104.4647,30.03728],[104.50086,29.89873],[104.44255,29.74236],[104.26718,29.63517],[104.33824,29.56831],[104.48694,29.60353],[104.53815,29.43185],[104.84617,29.47073],[105.03694,29.3896],[105.26371,29.19158]]]},"properties":{"ct_adcode":"511000","ct_name":"内江市","pr_adcode":"510000","pr_name":"四川省"}},
{"type":"Feature","geometry":{"type":"Polygon","coordinates":[[[103.61195,28.60089],[103.82841,28.84867],[103.93624,28.76773],[104.10785,28.95424],[104.17447,29.19864],[104.09086,29.46643],[104.24747,29.63887],[104.08686,29.74624],[104.02673,29.87598],[103.89151,29.74539],[103.74282,29.78975],[103.674,29.92324],[103.48362,29.81744],[103.31355,29.77442],[103.28734,29.51187],[103.17804,29.43293],[102.97381,29.40067],[103.00211,29.29003],[102.92713,29.13054],[102.92377,28.80532],[103.034,28.66884],[103.11043,28.81543],[103.26905,28.80927],[103.33373,28.73085],[103.24467,28.55322],[103.33786,28.44683],[103.52975,28.60111],[103.61195,28.60089]]]},"properties":{"ct_adcode":"511100","ct_name":"乐山市","pr_adcode":"510000","pr_name":"四川省"}},
{"type":"Feature","geometry":{"type":"Polygon","coordinates":[[[105.61523,30.98012],[105.79309,30.80342],[105.80545,30.62799],[105.96706,30.47982],[106.11039,30.50773],[106.25401,30.72407],[106.39088,30.68442],[106.48358,30.79044],[106.67124,30.84141],[106.74275,30.97838],[106.8908,31.09004],[106.9606,31.25318],[106.94389,31.34062],[106.74567,31.56941],[106.56306,31.52057],[106.36235,31.69868],[106.39163,31.80766],[106.3315,31.85053],[105.97381,31.66471],[105.84265,31.65642],[105.45547,31.52901],[105.52056,31.3936],[105.66322,31.25565],[105.71043,31.04172],[105.61523,30.98012]]]},"properties":{"ct_adcode":"511300","ct_name":"南充市","pr_adcode":"510000","pr_name":"四川省"}},
{"type":"Feature","geometry":{"type":"Polygon","coordinates":[[[102.97381,29.40067],[103.17804,29.43293],[103.28734,29.51187],[103.31355,29.77442],[103.48362,29.81744],[103.674,29.92324],[103.74282,29.78975],[103.89151,29.74539],[104.02673,29.87598],[104.08686,29.74624],[104.24747,29.63887],[104.26718,29.63517],[104.44255,29.74236],[104.50086,29.89873],[104.4647,30.03728],[104.44757,30.10366],[104.22861,30.25881],[103.9948,30.26801],[103.79251,30.34861],[103.69096,30.24868],[103.39283,30.09739],[103.10789,29.91812],[103.16315,29.77296],[103.12617,29.67408],[102.92717,29.71391],[102.91291,29.55612],[102.82162,29.46857],[102.97381,29.40067]]]},"properties":{"ct_adcode":"511400","ct_name":"眉山市","pr_adcode":"510000","pr_name":"四川省"}},
{"type":"Feature","geometry":{"type":"Polygon","coordinates":[[[103.61195,28.60089],[103.77983,28.52799],[104.12279,28.64046],[104.26527,28.54062],[104.2526,28.41355],[104.44852,28.11967],[104.35368,28.02178],[104.57862,27.84563],[104.87039,27.90952],[105.056,28.10141],[105.17384,28.07021],[105.3546,28.15676],[105.31959,28.38969],[105.21784,28.45454],[105.16563,28.6546],[105.22632,28.76688],[105.14185,28.94524],[104.73463,29.08187],[104.62309,29.21036],[104.53856,29.14648],[104.36565,29.2505],[104.17447,29.19864],[104.10785,28.95424],[103.93624,28.76773],[103.82841,28.84867],[103.61195,28.60089]]]},"properties":{"ct_adcode":"511500","ct_name":"宜宾市","pr_adcode":"510000","pr_name":"四川省"}},
{"type":"Feature","geometry":{"type":"Polygon","coordinates":[[[105.99704,30.3789],[106.16557,30.30692],[106.26636,30.19795],[106.55651,30.31794],[106.7224,30.03593],[107.01637,30.03944],[107.22393,30.22645],[107.30026,30.35747],[107.17172,30.50574],[107.01341,30.55119],[106.86676,30.7398],[106.67124,30.84141],[106.48358,30.79044],[106.39088,30.68442],[106.25401,30.72407],[106.11039,30.50773],[105.96706,30.47982],[105.99704,30.3789]]]},"properties":{"ct_adcode":"511600","ct_name":"广安市","pr_adcode":"510000","pr_name":"四川省"}},
{"type":"Feature","geometry":{"type":"Polygon","coordinates":[[[106.67124,30.84141],[106.86676,30.7398],[107.01341,30.55119],[107.17172,30.50574],[107.30026,30.35747],[107.40058,30.51877],[107.51095,30.64462],[107.44213,30.77244],[107.51881,30.85073],[107.84549,30.79518],[108.17591,31.32789],[108.18596,31.49355],[108.33702,31.51193],[108.53852,31.67585],[108.52461,31.75512],[108.27819,31.9199],[108.34587,31.97402],[108.36477,32.17538],[108.50526,32.20343],[108.46716,32.27277],[108.15199,32.24111],[107.92036,32.19942],[107.71213,32.33111],[107.62399,32.19817],[107.75933,32.07187],[107.56474,31.98362],[107.52471,31.66638],[107.31827,31.49498],[107.16944,31.42998],[107.11575,31.33602],[106.9606,31.25318],[106.8908,31.09004],[106.74275,30.97838],[106.67124,30.84141]]]},"properties":{"ct_adcode":"511700","ct_name":"达州市","pr_adcode":"510000","pr_name":"四川省"}},
{"type":"Feature","geometry":{"type":"Polygon","coordinates":[[[103.39283,30.09739],[103.36805,30.23079],[103.07468,30.22279],[103.06007,30.30509],[103.18383,30.51451],[103.12947,30.65715],[102.99108,30.78089],[102.86199,30.801],[102.85076,30.93937],[102.70662,30.91798],[102.46739,30.77114],[102.41619,30.52662],[102.40055,30.23673],[102.26659,30.08012],[102.26928,29.88428],[102.34239,29.79179],[102.27581,29.6125],[102.3125,29.53617],[101.97263,29.49257],[101.94801,29.34712],[102.12161,29.24143],[102.1635,29.0395],[102.25788,28.89928],[102.42815,28.84853],[102.58951,29.19518],[102.73881,29.15637],[103.00211,29.29003],[102.97381,29.40067],[102.82162,29.46857],[102.91291,29.55612],[102.92717,29.71391],[103.12617,29.67408],[103.16315,29.77296],[103.10789,29.91812],[103.39283,30.09739]]]},"properties":{"ct_adcode":"511800","ct_name":"雅安市","pr_adcode":"510000","pr_name":"四川省"}},
{"type":"Feature","geometry":{"type":"Polygon","coordinates":[[[106.39163,31.80766],[106.36235,31.69868],[106.56306,31.52057],[106.74567,31.56941],[106.94389,31.34062],[106.9606,31.25318],[107.11575,31.33602],[107.16944,31.42998],[107.31827,31.49498],[107.52471,31.66638],[107.56474,31.98362],[107.75933,32.07187],[107.62399,32.19817],[107.71213,32.33111],[107.52068,32.38475],[107.3731,32.54099],[107.25938,32.40553],[107.08069,32.53157],[107.09438,32.65149],[107.00814,32.7237],[106.72787,32.74068],[106.63637,32.68967],[106.64547,32.50661],[106.7143,32.27155],[106.56082,32.22995],[106.56364,32.13079],[106.39163,31.80766]]]},"properties":{"ct_adcode":"511900","ct_name":"巴中市","pr_adcode":"510000","pr_name":"四川省"}},
{"type":"Feature","geometry":{"type":"Polygon","coordinates":[[[104.4647,30.03728],[104.69789,29.95993],[104.8181,29.8776],[105.01783,29.97942],[105.12226,29.83322],[105.40135,29.79144],[105.42028,29.69012],[105.70532,29.84329],[105.683,30.04639],[105.5581,30.18651],[105.55546,30.18839],[105.55408,30.19859],[105.31472,30.30621],[105.12273,30.34402],[105.06359,30.53833],[104.85616,30.58509],[104.8801,30.36648],[104.78828,30.2878],[104.64974,30.28819],[104.44757,30.10366],[104.4647,30.03728]]]},"properties":{"ct_adcode":"512000","ct_name":"资阳市","pr_adcode":"510000","pr_name":"四川省"}},
{"type":"Feature","geometry":{"type":"Polygon","coordinates":[[[104.43451,33.32488],[104.21826,33.40638],[104.16598,33.61333],[104.04968,33.68682],[103.77587,33.66055],[103.52665,33.79339],[103.34724,33.74504],[103.15113,33.82065],[103.17898,33.90227],[103.12182,34.16323],[103.00362,34.18646],[102.86151,34.3057],[102.46541,34.0754],[102.39108,33.97467],[102.13435,33.96669],[102.32136,33.75913],[102.3427,33.60845],[102.43843,33.57636],[102.40028,33.42433],[102.23279,33.38648],[102.21582,33.25001],[101.93407,33.18898],[101.82655,33.21698],[101.92741,33.47162],[101.76736,33.54044],[101.64765,33.32659],[101.73858,33.27103],[101.63258,33.10462],[101.48353,33.22886],[101.35523,33.19452],[101.1817,33.27191],[101.12202,32.912],[101.23601,32.82992],[101.1556,32.66373],[100.93077,32.60315],[100.83269,32.65136],[100.66665,32.52611],[100.53592,32.39645],[100.59791,32.23409],[100.85194,31.96709],[100.9156,31.80739],[101.07272,31.57989],[101.23984,31.52045],[101.24597,31.39428],[101.60857,31.38461],[101.71813,31.29254],[101.85253,31.27465],[102.03254,31.07561],[102.15033,31.14209],[102.18341,30.90159],[102.06357,30.87336],[102.04382,30.67378],[102.17315,30.59767],[102.46739,30.77114],[102.70662,30.91798],[102.85076,30.93937],[102.86199,30.801],[102.99108,30.78089],[103.17723,30.84943],[103.30308,30.81299],[103.44906,30.8949],[103.5812,31.19388],[103.56755,31.34087],[103.8003,31.43239],[103.92616,31.6419],[104.09145,31.69558],[104.12504,31.83078],[103.76128,31.94866],[103.84856,32.16375],[104.09795,32.12713],[104.03097,32.25094],[103.88754,32.3653],[103.88823,32.64142],[104.18021,32.66562],[104.09929,32.84927],[104.27456,32.89341],[104.37568,32.9551],[104.37511,33.11094],[104.30125,33.30633],[104.43451,33.32488]]]},"properties":{"ct_adcode":"513200","ct_name":"阿坝藏族羌族自治州","pr_adcode":"510000","pr_name":"四川省"}},
{"type":"Feature","geometry":{"type":"Polygon","coordinates":[[[100.06017,28.08611],[100.20058,27.9876],[100.42545,28.02278],[100.36645,28.20957],[100.44853,28.47808],[100.52936,28.57764],[100.50763,28.71202],[100.57893,28.80143],[100.52022,28.95291],[100.88222,29.14957],[100.9583,29.07733],[101.11664,29.11477],[101.22807,28.66991],[101.54924,28.60298],[101.42567,28.50828],[101.48038,28.32194],[101.71386,28.38442],[101.75195,28.53728],[101.91729,28.61621],[101.98355,28.7063],[102.00469,28.91075],[102.1635,29.0395],[102.12161,29.24143],[101.94801,29.34712],[101.97263,29.49257],[102.3125,29.53617],[102.27581,29.6125],[102.34239,29.79179],[102.26928,29.88428],[102.26659,30.08012],[102.40055,30.23673],[102.41619,30.52662],[102.46739,30.77114],[102.17315,30.59767],[102.04382,30.67378],[102.06357,30.87336],[102.18341,30.90159],[102.15033,31.14209],[102.03254,31.07561],[101.85253,31.27465],[101.71813,31.29254],[101.60857,31.38461],[101.24597,31.39428],[101.23984,31.52045],[101.07272,31.57989],[100.9156,31.80739],[100.85194,31.96709],[100.59791,32.23409],[100.53592,32.39645],[100.66665,32.52611],[100.54329,32.57292],[100.46872,32.69671],[100.26309,32.74497],[100.0369,32.9312],[99.87664,32.99601],[99.75899,32.77217],[99.60644,32.78328],[99.38437,32.90222],[99.27043,32.88244],[99.17831,33.04685],[98.8602,33.15226],[98.77339,33.30376],[98.6562,33.64922],[98.40621,33.86881],[98.39154,34.09064],[98.04971,34.11626],[97.81927,34.20936],[97.66367,34.12126],[97.65946,33.95818],[97.38885,33.88149],[97.40525,33.63012],[97.62128,33.33633],[97.4943,33.16976],[97.5416,33.03973],[97.37507,32.95871],[97.42859,32.70124],[97.73058,32.5297],[97.93987,32.48494],[98.19702,32.3625],[98.30117,32.12653],[98.40495,32.04566],[98.41409,31.83466],[98.55364,31.65899],[98.8822,31.37049],[98.61521,31.18207],[98.80552,30.99821],[98.77389,30.91092],[98.96333,30.73488],[98.90549,30.68581],[98.97313,30.40145],[98.98086,30.18572],[99.04368,30.07937],[99.05205,29.8955],[98.99132,29.66598],[99.05109,29.56666],[99.11273,29.22417],[99.13073,28.95253],[99.10306,28.84504],[99.1828,28.59227],[99.17484,28.40426],[99.35922,28.18525],[99.43612,28.40186],[99.40168,28.54901],[99.53978,28.62705],[99.67733,28.81365],[99.75533,28.70371],[99.93293,28.5911],[100.05601,28.37223],[100.17191,28.33061],[100.06017,28.08611]]]},"properties":{"ct_adcode":"513300","ct_name":"甘孜藏族自治州","pr_adcode":"510000","pr_name":"四川省"}},
{"type":"Feature","geometry":{"type":"Polygon","coordinates":[[[102.23501,26.1885],[102.56983,26.36628],[102.67315,26.20888],[102.86608,26.34265],[102.9835,26.34923],[103.05268,26.54524],[102.97957,26.80676],[102.86987,27.03163],[102.91207,27.14371],[102.88072,27.29692],[103.10957,27.40425],[103.21625,27.56552],[103.48744,27.80079],[103.54006,27.95716],[103.45283,28.12706],[103.57131,28.23456],[103.78369,28.25755],[103.87543,28.31781],[103.77983,28.52799],[103.61195,28.60089],[103.52975,28.60111],[103.33786,28.44683],[103.24467,28.55322],[103.33373,28.73085],[103.26905,28.80927],[103.11043,28.81543],[103.034,28.66884],[102.92377,28.80532],[102.92713,29.13054],[103.00211,29.29003],[102.73881,29.15637],[102.58951,29.19518],[102.42815,28.84853],[102.25788,28.89928],[102.1635,29.0395],[102.00469,28.91075],[101.98355,28.7063],[101.91729,28.61621],[101.75195,28.53728],[101.71386,28.38442],[101.48038,28.32194],[101.42567,28.50828],[101.54924,28.60298],[101.22807,28.66991],[101.11664,29.11477],[100.9583,29.07733],[100.88222,29.14957],[100.52022,28.95291],[100.57893,28.80143],[100.50763,28.71202],[100.52936,28.57764],[100.44853,28.47808],[100.36645,28.20957],[100.42545,28.02278],[100.20058,27.9876],[100.06017,28.08611],[100.29372,27.873],[100.29828,27.7395],[100.44188,27.86956],[100.54321,27.81373],[100.63362,27.919],[100.83307,27.66407],[101.01874,27.34784],[101.05515,27.20436],[101.16647,27.16858],[101.39247,27.1485],[101.5828,27.33829],[101.68047,27.15393],[101.81592,27.10532],[102.08458,27.14976],[102.23928,27.11008],[102.17735,26.71178],[101.99409,26.65715],[102.04908,26.49755],[101.94136,26.45269],[101.90546,26.19499],[101.8385,26.08584],[102.10612,26.07137],[102.23501,26.1885]]]},"properties":{"ct_adcode":"513400","ct_name":"凉山彝族自治州","pr_adcode":"510000","pr_name":"四川省"}},
{"type":"Feature","geometry":{"type":"Polygon","coordinates":[[[106.71107,27.31266],[106.40978,27.1522],[106.4381,27.01075],[106.33532,26.88617],[106.14571,26.85654],[106.14669,26.62779],[106.32367,26.45514],[106.4401,26.46093],[106.55917,26.37937],[106.4823,26.26545],[106.67705,26.29271],[106.8788,26.23237],[106.81022,26.39117],[106.82977,26.55923],[106.96444,26.74348],[107.12626,26.82359],[107.26191,26.80673],[107.23192,27.00002],[107.16277,27.02917],[107.15148,27.23742],[107.19653,27.35911],[106.71107,27.31266]]]},"properties":{"ct_adcode":"520100","ct_name":"贵阳市","pr_adcode":"520000","pr_name":"贵州省"}},
{"type":"Feature","geometry":{"type":"Polygon","coordinates":[[[105.25114,25.98873],[105.57929,26.06952],[105.53465,26.36321],[105.49815,26.44286],[105.25125,26.52353],[105.08657,26.64956],[105.09133,26.74476],[104.84269,26.89002],[104.75415,26.79288],[104.73491,26.63874],[104.56993,26.5443],[104.67813,26.36768],[104.53979,26.25664],[104.52444,26.10373],[104.41211,25.9129],[104.39548,25.76446],[104.31219,25.63395],[104.42595,25.57887],[104.53837,25.40579],[104.64356,25.35987],[104.81974,25.34498],[104.91068,25.52017],[104.886,25.84067],[104.95732,26.04819],[105.04914,26.17589],[105.17213,26.12262],[105.25114,25.98873]]]},"properties":{"ct_adcode":"520200","ct_name":"六盘水市","pr_adcode":"520000","pr_name":"贵州省"}},
{"type":"Feature","geometry":{"type":"Polygon","coordinates":[[[107.99566,27.30613],[107.77663,27.37705],[107.89854,27.57193],[107.94213,27.77121],[107.88429,27.84758],[107.92921,28.00499],[107.78057,28.09737],[107.85803,28.21552],[107.85738,28.34308],[108.06556,28.51973],[108.03317,28.596],[108.2094,28.77954],[108.12434,28.87897],[108.06488,29.08939],[107.81925,29.03732],[107.80629,29.14134],[107.57089,29.21089],[107.39698,29.18743],[107.37891,28.85155],[107.21491,28.77592],[107.06266,28.8971],[106.82014,28.75946],[106.87934,28.69591],[106.72009,28.53329],[106.6299,28.61113],[106.37037,28.52884],[106.18885,28.58055],[105.97569,28.74988],[105.88999,28.60927],[105.68966,28.59202],[105.60656,28.47754],[105.63615,28.3278],[105.7692,28.33529],[106.00955,28.12334],[106.20336,28.13766],[106.32456,27.96127],[106.30323,27.81197],[106.1898,27.75772],[106.00043,27.75019],[106.15896,27.5638],[106.5089,27.47943],[106.59039,27.53582],[106.72192,27.41053],[106.71107,27.31266],[107.19653,27.35911],[107.33456,27.46319],[107.4874,27.3748],[107.5072,27.20689],[107.66219,27.23811],[107.85862,27.14512],[108.01644,27.23312],[107.99566,27.30613]]]},"properties":{"ct_adcode":"520300","ct_name":"遵义市","pr_adcode":"520000","pr_name":"贵州省"}},
{"type":"Feature","geometry":{"type":"Polygon","coordinates":[[[105.53465,26.36321],[105.57929,26.06952],[105.25114,25.98873],[105.52865,25.69831],[105.68584,25.65611],[105.78321,25.47134],[106.04554,25.56143],[106.22295,25.39692],[106.41506,25.36475],[106.39576,25.4976],[106.48289,25.63746],[106.25185,25.73124],[106.29711,25.99523],[106.27,26.22645],[106.4823,26.26545],[106.55917,26.37937],[106.4401,26.46093],[106.32367,26.45514],[106.14669,26.62779],[106.11255,26.48791],[105.95821,26.52837],[105.60419,26.41906],[105.53465,26.36321]]]},"properties":{"ct_adcode":"520400","ct_name":"安顺市","pr_adcode":"520000","pr_name":"贵州省"}},
{"type":"Feature","geometry":{"type":"Polygon","coordinates":[[[104.56993,26.5443],[104.73491,26.63874],[104.75415,26.79288],[104.84269,26.89002],[105.09133,26.74476],[105.08657,26.64956],[105.25125,26.52353],[105.49815,26.44286],[105.53465,26.36321],[105.60419,26.41906],[105.95821,26.52837],[106.11255,26.48791],[106.14669,26.62779],[106.14571,26.85654],[106.33532,26.88617],[106.4381,27.01075],[106.40978,27.1522],[106.71107,27.31266],[106.72192,27.41053],[106.59039,27.53582],[106.5089,27.47943],[106.15896,27.5638],[106.00043,27.75019],[105.71931,27.70926],[105.63979,27.66348],[105.44511,27.77855],[105.30512,27.70847],[105.20874,27.40287],[105.0835,27.42267],[104.86871,27.29446],[104.80606,27.35802],[104.60688,27.31096],[104.35071,27.47012],[104.25766,27.31172],[103.92342,27.41678],[103.61252,27.00904],[103.77511,26.93848],[103.70361,26.7983],[103.74655,26.62693],[103.86371,26.51594],[104.07023,26.52477],[104.12725,26.64729],[104.46106,26.59921],[104.56993,26.5443]]]},"properties":{"ct_adcode":"520500","ct_name":"毕节市","pr_adcode":"520000","pr_name":"贵州省"}},
{"type":"Feature","geometry":{"type":"Polygon","coordinates":[[[108.06488,29.08939],[108.12434,28.87897],[108.2094,28.77954],[108.03317,28.596],[108.06556,28.51973],[107.85738,28.34308],[107.85803,28.21552],[107.78057,28.09737],[107.92921,28.00499],[107.88429,27.84758],[107.94213,27.77121],[107.89854,27.57193],[107.77663,27.37705],[107.99566,27.30613],[108.3171,27.35276],[108.50697,27.4216],[108.61338,27.52513],[108.96717,27.49119],[108.80926,27.21195],[108.88306,27.12477],[108.91013,27.2182],[109.1201,27.39105],[109.24103,27.4215],[109.46441,27.62416],[109.41358,27.7245],[109.32834,27.78604],[109.30971,28.10723],[109.38316,28.27134],[109.27046,28.31603],[109.26975,28.498],[109.18713,28.47419],[109.09673,28.20461],[108.99715,28.1648],[108.81752,28.2486],[108.57089,28.50121],[108.62963,28.62206],[108.32478,28.68269],[108.38082,28.77527],[108.29343,29.05335],[108.06488,29.08939]]]},"properties":{"ct_adcode":"520600","ct_name":"铜仁市","pr_adcode":"520000","pr_name":"贵州省"}},
{"type":"Feature","geometry":{"type":"Polygon","coordinates":[[[106.41506,25.36475],[106.22295,25.39692],[106.04554,25.56143],[105.78321,25.47134],[105.68584,25.65611],[105.52865,25.69831],[105.25114,25.98873],[105.17213,26.12262],[105.04914,26.17589],[104.95732,26.04819],[104.886,25.84067],[104.91068,25.52017],[104.81974,25.34498],[104.64356,25.35987],[104.74346,25.21618],[104.66869,25.06983],[104.71058,24.9992],[104.53761,24.81693],[104.52724,24.73444],[104.6308,24.66235],[104.83943,24.67927],[105.03046,24.79068],[105.07212,24.91948],[105.42474,24.93347],[105.4942,24.81227],[105.82427,24.70599],[106.04348,24.68691],[106.16661,24.7612],[106.14625,24.94722],[106.51902,25.06283],[106.50276,25.22163],[106.41506,25.36475]]]},"properties":{"ct_adcode":"522300","ct_name":"黔西南布依族苗族自治州","pr_adcode":"520000","pr_name":"贵州省"}},
{"type":"Feature","geometry":{"type":"Polygon","coordinates":[[[108.88306,27.12477],[108.80926,27.21195],[108.96717,27.49119],[108.61338,27.52513],[108.50697,27.4216],[108.3171,27.35276],[107.99566,27.30613],[108.01644,27.23312],[107.85862,27.14512],[107.66219,27.23811],[107.69998,27.1389],[107.59613,26.91315],[107.76405,26.8067],[107.69143,26.73581],[107.74089,26.59083],[107.55818,26.60723],[107.41373,26.56053],[107.30018,26.44326],[107.50197,26.42282],[107.73374,26.17111],[108.16231,26.04294],[108.20577,25.96596],[108.07828,25.7858],[108.29917,25.52363],[108.49629,25.45072],[108.62134,25.31119],[108.59502,25.45791],[108.75788,25.64074],[108.82242,25.5531],[108.94836,25.55944],[109.15476,25.76196],[109.29218,25.71716],[109.47803,26.03278],[109.4349,26.24203],[109.28138,26.29918],[109.40401,26.54035],[109.35032,26.69657],[109.44923,26.76453],[109.54877,26.94862],[109.41048,27.15708],[109.15895,27.06909],[108.88306,27.12477]]]},"properties":{"ct_adcode":"522600","ct_name":"黔东南苗族侗族自治州","pr_adcode":"520000","pr_name":"贵州省"}},
{"type":"Feature","geometry":{"type":"Polygon","coordinates":[[[108.29917,25.52363],[108.07828,25.7858],[108.20577,25.96596],[108.16231,26.04294],[107.73374,26.17111],[107.50197,26.42282],[107.30018,26.44326],[107.41373,26.56053],[107.55818,26.60723],[107.74089,26.59083],[107.69143,26.73581],[107.76405,26.8067],[107.59613,26.91315],[107.69998,27.1389],[107.66219,27.23811],[107.5072,27.20689],[107.4874,27.3748],[107.33456,27.46319],[107.19653,27.35911],[107.15148,27.23742],[107.16277,27.02917],[107.23192,27.00002],[107.26191,26.80673],[107.12626,26.82359],[106.96444,26.74348],[106.82977,26.55923],[106.81022,26.39117],[106.8788,26.23237],[106.67705,26.29271],[106.4823,26.26545],[106.27,26.22645],[106.29711,25.99523],[106.25185,25.73124],[106.48289,25.63746],[106.39576,25.4976],[106.41506,25.36475],[106.50276,25.22163],[106.51902,25.06283],[106.56767,25.08657],[106.68749,25.1822],[106.84906,25.18997],[107.00974,25.27823],[106.95995,25.44036],[107.06038,25.56232],[107.18108,25.58122],[107.41653,25.3958],[107.50045,25.21358],[107.60571,25.26186],[107.83503,25.11912],[108.12951,25.23711],[108.13359,25.33923],[108.29917,25.52363]]]},"properties":{"ct_adcode":"522700","ct_name":"黔南布依族苗族自治州","pr_adcode":"520000","pr_name":"贵州省"}},
{"type":"Feature","geometry":{"type":"Polygon","coordinates":[[[102.23501,26.1885],[102.35194,26.06409],[102.32011,25.96727],[102.36421,25.64088],[102.4808,25.47933],[102.34747,25.35156],[102.41108,25.2316],[102.34098,25.06196],[102.19861,25.07021],[102.22545,24.91367],[102.29059,24.8818],[102.29464,24.59459],[102.37876,24.48469],[102.5982,24.538],[102.69921,24.47079],[102.78759,24.55652],[102.8372,24.74434],[103.0161,24.90001],[103.04019,24.57151],[103.10721,24.50975],[103.23563,24.51049],[103.2797,24.64435],[103.53343,24.53047],[103.66466,24.72728],[103.64657,24.88396],[103.44528,24.89491],[103.49214,25.11054],[103.25646,25.21987],[103.30261,25.40804],[103.48916,25.62584],[103.55465,25.78254],[103.31152,25.84387],[103.30385,26.05166],[103.21002,26.21801],[103.10564,26.26378],[103.06038,26.53802],[103.05268,26.54524],[102.9835,26.34923],[102.86608,26.34265],[102.67315,26.20888],[102.56983,26.36628],[102.23501,26.1885]]]},"properties":{"ct_adcode":"530100","ct_name":"昆明市","pr_adcode":"530000","pr_name":"云南省"}},
{"type":"Feature","geometry":{"type":"Polygon","coordinates":[[[104.64356,25.35987],[104.53837,25.40579],[104.42595,25.57887],[104.31219,25.63395],[104.39548,25.76446],[104.41211,25.9129],[104.52444,26.10373],[104.53979,26.25664],[104.67813,26.36768],[104.56993,26.5443],[104.46106,26.59921],[104.12725,26.64729],[104.07023,26.52477],[103.86371,26.51594],[103.74655,26.62693],[103.70361,26.7983],[103.77511,26.93848],[103.61252,27.00904],[103.43949,26.97945],[103.33669,26.71737],[103.23497,26.7243],[103.06038,26.53802],[103.10564,26.26378],[103.21002,26.21801],[103.30385,26.05166],[103.31152,25.84387],[103.55465,25.78254],[103.48916,25.62584],[103.30261,25.40804],[103.25646,25.21987],[103.49214,25.11054],[103.44528,24.89491],[103.64657,24.88396],[103.66466,24.72728],[103.89066,24.67116],[104.0346,24.50303],[104.00826,24.45194],[104.17457,24.45801],[104.2862,24.35483],[104.56484,24.47576],[104.48373,24.64787],[104.52724,24.73444],[104.53761,24.81693],[104.71058,24.9992],[104.66869,25.06983],[104.74346,25.21618],[104.64356,25.35987]]]},"properties":{"ct_adcode":"530300","ct_name":"曲靖市","pr_adcode":"530000","pr_name":"云南省"}},
{"type":"Feature","geometry":{"type":"Polygon","coordinates":[[[101.87265,23.32985],[102.1396,23.33397],[102.18512,23.42721],[102.31787,23.41635],[102.35858,23.51018],[102.28955,23.63214],[102.1465,23.72394],[102.22943,24.02622],[102.61467,24.04971],[102.85556,23.99047],[103.07972,24.09653],[103.14733,24.23778],[103.08754,24.34359],[103.10721,24.50975],[103.04019,24.57151],[103.0161,24.90001],[102.8372,24.74434],[102.78759,24.55652],[102.69921,24.47079],[102.5982,24.538],[102.37876,24.48469],[102.29464,24.59459],[102.29059,24.8818],[102.22545,24.91367],[102.12308,24.95196],[101.94267,24.76936],[101.91847,24.50495],[102.02717,24.39292],[101.99903,24.29754],[101.84245,24.24383],[101.66694,24.37903],[101.50152,24.22575],[101.43403,24.39999],[101.27559,24.29562],[101.49044,23.95134],[101.61628,23.6362],[101.68809,23.59355],[101.87265,23.32985]]]},"properties":{"ct_adcode":"530400","ct_name":"玉溪市","pr_adcode":"530000","pr_name":"云南省"}},
{"type":"Feature","geometry":{"type":"Polygon","coordinates":[[[99.9927,25.03572],[99.91832,25.20197],[99.82425,25.0903],[99.69257,25.05419],[99.50538,25.12189],[99.28428,25.36845],[99.35198,25.46255],[99.22649,25.54621],[99.08756,25.46975],[99.01023,25.63207],[98.88768,25.63807],[98.7675,25.68569],[98.70582,25.85958],[98.52875,25.84403],[98.40182,25.59728],[98.24741,25.61083],[98.13113,25.51315],[98.08897,25.33886],[98.19227,25.24809],[98.26929,25.08741],[98.22473,25.00949],[98.35565,24.89984],[98.48446,24.54455],[98.69076,24.56648],[98.70912,24.12415],[98.87648,24.15458],[99.09022,24.23889],[99.33038,24.42034],[99.42268,24.2332],[99.67635,24.45186],[99.66717,24.57265],[99.90151,24.99461],[99.9927,25.03572]]]},"properties":{"ct_adcode":"530500","ct_name":"保山市","pr_adcode":"530000","pr_name":"云南省"}},
{"type":"Feature","geometry":{"type":"Polygon","coordinates":[[[103.61252,27.00904],[103.92342,27.41678],[104.25766,27.31172],[104.35071,27.47012],[104.60688,27.31096],[104.80606,27.35802],[104.86871,27.29446],[105.0835,27.42267],[105.20874,27.40287],[105.30512,27.70847],[105.17384,28.07021],[105.056,28.10141],[104.87039,27.90952],[104.57862,27.84563],[104.35368,28.02178],[104.44852,28.11967],[104.2526,28.41355],[104.26527,28.54062],[104.12279,28.64046],[103.77983,28.52799],[103.87543,28.31781],[103.78369,28.25755],[103.57131,28.23456],[103.45283,28.12706],[103.54006,27.95716],[103.48744,27.80079],[103.21625,27.56552],[103.10957,27.40425],[102.88072,27.29692],[102.91207,27.14371],[102.86987,27.03163],[102.97957,26.80676],[103.05268,26.54524],[103.06038,26.53802],[103.23497,26.7243],[103.33669,26.71737],[103.43949,26.97945],[103.61252,27.00904]]]},"properties":{"ct_adcode":"530600","ct_name":"昭通市","pr_adcode":"530000","pr_name":"云南省"}},
{"type":"Feature","geometry":{"type":"Polygon","coordinates":[[[100.29828,27.7395],[100.17597,27.4748],[100.20486,27.3026],[100.0543,27.11378],[100.03295,26.90433],[99.76812,27.20929],[99.66018,27.29062],[99.56589,27.47762],[99.4084,27.47414],[99.42695,27.07917],[99.49185,26.96537],[99.64243,26.68081],[99.72633,26.62341],[100.01505,26.58627],[100.29582,26.65405],[100.46817,26.49454],[100.40202,26.29995],[100.49125,26.01776],[100.82231,26.20076],[100.90879,26.17047],[101.05646,26.30948],[101.46645,26.42354],[101.457,26.49885],[101.47954,26.67672],[101.39788,26.84379],[101.13576,27.0257],[101.16647,27.16858],[101.05515,27.20436],[101.01874,27.34784],[100.83307,27.66407],[100.63362,27.919],[100.54321,27.81373],[100.44188,27.86956],[100.29828,27.7395]]]},"properties":{"ct_adcode":"530700","ct_name":"丽江市","pr_adcode":"530000","pr_name":"云南省"}},
{"type":"Feature","geometry":{"type":"Polygon","coordinates":[[[99.51302,23.07602],[99.55359,22.91012],[99.43554,22.91592],[99.32592,22.75347],[99.3782,22.50867],[99.28134,22.40439],[99.21822,22.11398],[99.48626,22.13149],[99.69522,22.07053],[99.97147,22.05591],[100.09193,22.24444],[100.20291,22.29541],[100.34493,22.24593],[100.41298,22.44016],[100.61481,22.45359],[100.65806,22.52258],[100.85796,22.58867],[100.9222,22.53187],[101.30672,22.53638],[101.44275,22.58615],[101.50836,22.40736],[101.64661,22.33471],[101.67654,22.48023],[101.76309,22.50932],[101.9067,22.44034],[102.25486,22.46033],[102.32116,22.55688],[102.08312,22.65384],[101.99022,22.797],[101.79884,22.87944],[101.87411,23.01698],[102.00934,22.99568],[102.03575,23.13037],[101.82635,23.17919],[101.87265,23.32985],[101.68809,23.59355],[101.61628,23.6362],[101.49044,23.95134],[101.27559,24.29562],[101.04281,24.5078],[100.94261,24.7322],[100.7378,24.7873],[100.64274,24.82513],[100.56351,24.70729],[100.40693,24.71013],[100.52834,24.5127],[100.49673,24.09135],[100.36554,24.05379],[100.3824,23.62616],[100.18573,23.61446],[100.04182,23.22049],[99.88442,23.25841],[99.79817,23.20154],[99.66069,23.2338],[99.51302,23.07602]]]},"properties":{"ct_adcode":"530800","ct_name":"普洱市","pr_adcode":"530000","pr_name":"云南省"}},
{"type":"Feature","geometry":{"type":"Polygon","coordinates":[[[99.9927,25.03572],[99.90151,24.99461],[99.66717,24.57265],[99.67635,24.45186],[99.42268,24.2332],[99.33038,24.42034],[99.09022,24.23889],[98.87648,24.15458],[98.68746,23.92498],[98.8469,23.63473],[98.80335,23.54331],[98.91218,23.42923],[98.92988,23.26966],[99.10563,23.08922],[99.3475,23.13132],[99.51302,23.07602],[99.66069,23.2338],[99.79817,23.20154],[99.88442,23.25841],[100.04182,23.22049],[100.18573,23.61446],[100.3824,23.62616],[100.36554,24.05379],[100.49673,24.09135],[100.52834,24.5127],[100.40693,24.71013],[100.2934,24.76041],[100.12968,24.73533],[100.20895,24.96971],[99.9927,25.03572]]]},"properties":{"ct_adcode":"530900","ct_name":"临沧市","pr_adcode":"530000","pr_name":"云南省"}},
{"type":"Feature","geometry":{"type":"Polygon","coordinates":[[[100.90879,26.17047],[100.92303,25.80524],[101.03449,25.4033],[100.93277,25.24565],[100.84704,25.26487],[100.74954,25.10549],[100.77907,25.00807],[100.7378,24.7873],[100.94261,24.7322],[101.04281,24.5078],[101.27559,24.29562],[101.43403,24.39999],[101.50152,24.22575],[101.66694,24.37903],[101.84245,24.24383],[101.99903,24.29754],[102.02717,24.39292],[101.91847,24.50495],[101.94267,24.76936],[102.12308,24.95196],[102.22545,24.91367],[102.19861,25.07021],[102.34098,25.06196],[102.41108,25.2316],[102.34747,25.35156],[102.4808,25.47933],[102.36421,25.64088],[102.32011,25.96727],[102.35194,26.06409],[102.23501,26.1885],[102.10612,26.07137],[101.8385,26.08584],[101.73413,26.22338],[101.62894,26.22844],[101.63659,26.39621],[101.457,26.49885],[101.46645,26.42354],[101.05646,26.30948],[100.90879,26.17047]]]},"properties":{"ct_adcode":"532300","ct_name":"楚雄彝族自治州","pr_adcode":"530000","pr_name":"云南省"}},
{"type":"Feature","geometry":{"type":"Polygon","coordinates":[[[103.66466,24.72728],[103.53343,24.53047],[103.2797,24.64435],[103.23563,24.51049],[103.10721,24.50975],[103.08754,24.34359],[103.14733,24.23778],[103.07972,24.09653],[102.85556,23.99047],[102.61467,24.04971],[102.22943,24.02622],[102.1465,23.72394],[102.28955,23.63214],[102.35858,23.51018],[102.31787,23.41635],[102.18512,23.42721],[102.1396,23.33397],[101.87265,23.32985],[101.82635,23.17919],[102.03575,23.13037],[102.00934,22.99568],[101.87411,23.01698],[101.79884,22.87944],[101.99022,22.797],[102.08312,22.65384],[102.32116,22.55688],[102.45828,22.76565],[102.69079,22.70261],[102.85768,22.61036],[102.93147,22.48548],[103.07023,22.44809],[103.16489,22.61186],[103.31952,22.78082],[103.5266,22.59625],[103.64555,22.79508],[103.82506,22.61695],[104.00619,22.52011],[104.04323,22.73097],[104.11513,22.81164],[104.27211,22.83079],[104.11647,22.89728],[103.89509,22.70228],[103.94607,22.95635],[103.93054,23.26969],[103.81385,23.37367],[103.7911,23.49281],[103.59388,23.54282],[103.66075,23.65586],[103.6506,23.82793],[103.70243,23.90844],[103.58204,24.05062],[103.63656,24.1744],[103.7715,24.20676],[103.86181,24.36265],[104.00826,24.45194],[104.0346,24.50303],[103.89066,24.67116],[103.66466,24.72728]]]},"properties":{"ct_adcode":"532500","ct_name":"红河哈尼族彝族自治州","pr_adcode":"530000","pr_name":"云南省"}},
{"type":"Feature","geometry":{"type":"Polygon","coordinates":[[[104.27211,22.83079],[104.3737,22.69288],[104.5774,22.84942],[104.7353,22.82891],[104.84385,22.92932],[104.80209,23.11285],[105.05229,23.24782],[105.23514,23.26694],[105.32238,23.39263],[105.53957,23.18706],[105.5902,23.31541],[105.81051,23.50488],[106.05942,23.49093],[106.18796,23.83818],[106.0464,24.09251],[105.93003,24.1268],[105.48978,24.01999],[105.29046,24.11597],[105.19763,24.10813],[105.19376,24.32983],[105.05165,24.44212],[104.97735,24.41588],[104.56484,24.47576],[104.2862,24.35483],[104.17457,24.45801],[104.00826,24.45194],[103.86181,24.36265],[103.7715,24.20676],[103.63656,24.1744],[103.58204,24.05062],[103.70243,23.90844],[103.6506,23.82793],[103.66075,23.65586],[103.59388,23.54282],[103.7911,23.49281],[103.81385,23.37367],[103.93054,23.26969],[103.94607,22.95635],[103.89509,22.70228],[104.11647,22.89728],[104.27211,22.83079]]]},"properties":{"ct_adcode":"532600","ct_name":"文山壮族苗族自治州","pr_adcode":"530000","pr_name":"云南省"}},
{"type":"Feature","geometry":{"type":"Polygon","coordinates":[[[101.64661,22.33471],[101.50836,22.40736],[101.44275,22.58615],[101.30672,22.53638],[100.9222,22.53187],[100.85796,22.58867],[100.65806,22.52258],[100.61481,22.45359],[100.41298,22.44016],[100.34493,22.24593],[100.20291,22.29541],[100.09193,22.24444],[99.97147,22.05591],[99.94335,21.82421],[99.99119,21.70582],[100.13822,21.69826],[100.12577,21.51072],[100.23391,21.46971],[100.43596,21.53537],[100.57802,21.45467],[100.72949,21.52135],[100.86933,21.67511],[101.08883,21.7763],[101.20749,21.5599],[101.18224,21.33723],[101.2888,21.18082],[101.53129,21.25506],[101.76322,21.15048],[101.73964,21.48548],[101.82718,21.61986],[101.74585,21.7327],[101.77035,21.83623],[101.62488,22.00911],[101.54631,22.23419],[101.64661,22.33471]]]},"properties":{"ct_adcode":"532800","ct_name":"西双版纳傣族自治州","pr_adcode":"530000","pr_name":"云南省"}},
{"type":"Feature","geometry":{"type":"Polygon","coordinates":[[[100.7378,24.7873],[100.77907,25.00807],[100.74954,25.10549],[100.84704,25.26487],[100.93277,25.24565],[101.03449,25.4033],[100.92303,25.80524],[100.90879,26.17047],[100.82231,26.20076],[100.49125,26.01776],[100.40202,26.29995],[100.46817,26.49454],[100.29582,26.65405],[100.01505,26.58627],[99.72633,26.62341],[99.64243,26.68081],[99.4898,26.57461],[99.51123,26.4293],[99.13338,26.13972],[98.9975,26.0674],[99.13618,25.78746],[98.88768,25.63807],[99.01023,25.63207],[99.08756,25.46975],[99.22649,25.54621],[99.35198,25.46255],[99.28428,25.36845],[99.50538,25.12189],[99.69257,25.05419],[99.82425,25.0903],[99.91832,25.20197],[99.9927,25.03572],[100.20895,24.96971],[100.12968,24.73533],[100.2934,24.76041],[100.40693,24.71013],[100.56351,24.70729],[100.64274,24.82513],[100.7378,24.7873]]]},"properties":{"ct_adcode":"532900","ct_name":"大理白族自治州","pr_adcode":"530000","pr_name":"云南省"}},
{"type":"Feature","geometry":{"type":"Polygon","coordinates":[[[98.08897,25.33886],[97.94827,25.22293],[97.83942,25.27369],[97.72774,25.05226],[97.70017,24.84055],[97.5885,24.76969],[97.53849,24.43865],[97.66952,24.45593],[97.75225,24.17466],[97.52783,23.9308],[97.66328,23.85486],[97.90205,24.01726],[98.21988,24.11632],[98.70912,24.12415],[98.69076,24.56648],[98.48446,24.54455],[98.35565,24.89984],[98.22473,25.00949],[98.26929,25.08741],[98.19227,25.24809],[98.08897,25.33886]]]},"properties":{"ct_adcode":"533100","ct_name":"德宏傣族景颇族自治州","pr_adcode":"530000","pr_name":"云南省"}},
{"type":"Feature","geometry":{"type":"Polygon","coordinates":[[[99.64243,26.68081],[99.49185,26.96537],[99.04505,26.98885],[98.96739,27.08522],[99.00705,27.29845],[98.90187,27.40112],[98.91821,27.635],[98.83377,27.72828],[98.78847,28.04351],[98.69567,28.21911],[98.38875,28.11797],[98.26468,28.24343],[98.13885,28.14578],[98.13193,27.98648],[98.20479,27.89305],[98.2339,27.69407],[98.3159,27.5253],[98.47429,27.63786],[98.70616,27.55697],[98.6955,27.21351],[98.76163,26.80226],[98.73285,26.35535],[98.57512,26.12144],[98.61416,25.97219],[98.70582,25.85958],[98.7675,25.68569],[98.88768,25.63807],[99.13618,25.78746],[98.9975,26.0674],[99.13338,26.13972],[99.51123,26.4293],[99.4898,26.57461],[99.64243,26.68081]]]},"properties":{"ct_adcode":"533300","ct_name":"怒江傈僳族自治州","pr_adcode":"530000","pr_name":"云南省"}},
{"type":"Feature","geometry":{"type":"Polygon","coordinates":[[[99.11273,29.22417],[98.97579,29.20763],[99.0081,29.03429],[98.82756,28.825],[98.78594,29.00172],[98.63027,28.97584],[98.68129,28.73427],[98.594,28.67311],[98.6844,28.43884],[98.75308,28.34044],[98.69567,28.21911],[98.78847,28.04351],[98.83377,27.72828],[98.91821,27.635],[98.90187,27.40112],[99.00705,27.29845],[98.96739,27.08522],[99.04505,26.98885],[99.49185,26.96537],[99.42695,27.07917],[99.4084,27.47414],[99.56589,27.47762],[99.66018,27.29062],[99.76812,27.20929],[100.03295,26.90433],[100.0543,27.11378],[100.20486,27.3026],[100.17597,27.4748],[100.29828,27.7395],[100.29372,27.873],[100.06017,28.08611],[100.17191,28.33061],[100.05601,28.37223],[99.93293,28.5911],[99.75533,28.70371],[99.67733,28.81365],[99.53978,28.62705],[99.40168,28.54901],[99.43612,28.40186],[99.35922,28.18525],[99.17484,28.40426],[99.1828,28.59227],[99.10306,28.84504],[99.13073,28.95253],[99.11273,29.22417]]]},"properties":{"ct_adcode":"533400","ct_name":"迪庆藏族自治州","pr_adcode":"530000","pr_name":"云南省"}},
{"type":"Feature","geometry":{"type":"Polygon","coordinates":[[[90.34751,29.31024],[90.42242,29.24738],[90.60862,29.27162],[90.98099,29.38249],[91.16905,29.50855],[91.40346,29.49252],[91.63207,29.57852],[91.84154,29.58527],[92.12532,29.52504],[92.38369,29.62919],[92.39272,29.82571],[92.24677,29.93959],[92.55365,30.09988],[92.61601,30.22234],[92.29425,30.27055],[91.95503,30.19514],[91.85825,30.28782],[91.81691,30.48944],[91.90296,30.5174],[91.73731,30.731],[91.54705,30.65394],[91.42692,30.70774],[91.34566,31.04378],[91.19059,31.02233],[91.07937,30.88434],[90.75478,31.01502],[90.59556,30.57556],[90.55578,30.40452],[90.2499,30.28591],[90.21717,30.18979],[90.03171,29.94178],[89.89749,29.97834],[89.83175,29.90956],[89.89102,29.75641],[89.75263,29.58641],[89.78717,29.4254],[89.943,29.33913],[90.19955,29.34699],[90.34751,29.31024]]]},"properties":{"ct_adcode":"540100","ct_name":"拉萨市","pr_adcode":"540000","pr_name":"西藏自治区"}},
{"type":"Feature","geometry":{"type":"Polygon","coordinates":[[[82.14076,30.20291],[82.24453,30.07452],[82.70164,29.8506],[82.82824,29.69065],[82.94434,29.71204],[83.08592,29.60761],[83.26386,29.57421],[83.46107,29.2891],[83.5939,29.17751],[83.91509,29.32789],[84.11402,29.2894],[84.24649,29.03386],[84.22148,28.90938],[84.40601,28.85723],[84.48094,28.73856],[84.6492,28.71821],[84.85521,28.57153],[85.05447,28.67789],[85.19392,28.62075],[85.10613,28.46469],[85.12276,28.33609],[85.37881,28.27891],[85.52394,28.32834],[85.85221,28.17624],[85.89904,28.0574],[86.4536,27.91536],[86.56364,28.09969],[86.86242,28.02625],[87.03252,27.94991],[87.11561,27.84391],[87.45711,27.82453],[87.5881,27.85216],[87.72529,27.80655],[87.87628,27.91242],[88.08852,27.88884],[88.15411,27.9614],[88.39866,27.98019],[88.56303,28.08687],[88.76185,28.07198],[88.88021,27.89298],[88.78117,27.46685],[88.98592,27.21297],[89.18076,27.37733],[89.0931,27.47494],[89.23687,27.80041],[89.36652,27.87342],[89.45895,28.032],[89.60786,28.16695],[89.80082,28.24847],[90.0443,28.14039],[90.18614,28.16909],[90.22338,28.35166],[90.12355,28.35431],[90.07562,28.65641],[90.21795,28.83739],[90.18108,28.96894],[90.22412,29.12035],[90.34751,29.31024],[90.19955,29.34699],[89.943,29.33913],[89.78717,29.4254],[89.75263,29.58641],[89.89102,29.75641],[89.83175,29.90956],[89.89749,29.97834],[89.82882,30.13445],[89.58919,30.23865],[89.39728,30.23022],[89.19926,30.31408],[88.94692,30.19901],[88.6919,30.23216],[88.48027,30.17761],[88.27096,30.2234],[88.03352,30.35977],[87.80687,30.3886],[87.74579,30.33502],[87.5252,30.39891],[87.47108,30.55376],[87.15648,30.58764],[87.09828,30.7983],[86.94803,30.84039],[86.91643,30.93197],[86.73357,30.83406],[86.85601,30.57133],[86.63834,30.43002],[86.42711,30.48395],[86.42189,30.7034],[86.31354,30.95567],[86.19243,31.0065],[86.12123,30.9698],[85.99829,30.7568],[85.81875,30.78484],[85.73553,30.68042],[85.86798,30.5957],[85.89577,30.49796],[85.81952,30.28281],[85.85287,30.1404],[85.6957,29.90506],[85.38958,29.81004],[85.31022,29.68229],[85.18083,29.69538],[84.85564,29.95843],[84.73471,30.00246],[84.74115,30.17468],[84.58285,30.39778],[84.44999,30.4459],[84.51916,30.69352],[84.77229,30.9332],[84.61268,31.07206],[84.60785,31.25695],[84.34545,31.31795],[84.20323,31.407],[84.41877,31.50119],[84.50036,31.48005],[84.62365,31.67912],[84.38609,31.63913],[84.20911,31.67513],[84.10663,31.60944],[83.75906,31.56618],[83.47013,31.59051],[83.26325,31.7092],[82.95043,31.57985],[82.96626,31.18883],[82.82078,31.15698],[82.79876,31.02157],[82.93847,30.94098],[83.17608,30.70798],[83.06689,30.50869],[82.92411,30.59367],[82.72321,30.79322],[82.6405,30.74571],[82.59169,30.35608],[82.31718,30.42921],[82.14076,30.20291]]]},"properties":{"ct_adcode":"540200","ct_name":"日喀则市","pr_adcode":"540000","pr_name":"西藏自治区"}},
{"type":"Feature","geometry":{"type":"Polygon","coordinates":[[[97.73058,32.5297],[97.33395,32.51681],[97.41723,32.30312],[97.29917,32.29739],[97.2193,32.11148],[97.13007,32.04606],[96.74356,32.00183],[96.83696,31.71794],[96.77483,31.67622],[96.56505,31.71569],[96.43278,31.80186],[96.38868,31.9221],[96.25065,31.93195],[96.17734,31.77785],[95.89877,31.81965],[95.7788,31.75143],[95.45485,31.80595],[95.36454,31.96425],[95.45353,32.06479],[95.31173,32.15306],[95.2153,32.39846],[94.91169,32.41828],[94.75843,32.5318],[94.68453,32.4106],[94.75867,32.33099],[94.64525,32.10259],[94.66061,31.83074],[94.76061,31.7876],[94.7636,31.56816],[94.89152,31.53932],[94.87023,31.4156],[94.97218,31.36079],[95.04648,31.18992],[94.77197,31.08145],[94.71943,31.24791],[94.48132,31.35305],[94.30044,31.29702],[94.21347,31.10114],[94.34351,30.91957],[94.1475,30.85203],[93.69846,30.93392],[93.67354,30.77448],[93.86128,30.62244],[93.97631,30.60407],[94.15303,30.48951],[94.33475,30.59821],[94.57625,30.54552],[94.68701,30.62333],[95.0104,30.56173],[95.14035,30.66342],[95.69815,30.55778],[95.69677,30.48396],[95.93585,30.24876],[96.21366,30.22765],[96.42437,30.32817],[96.55927,30.29896],[96.66755,30.13173],[96.47584,29.78353],[96.65405,29.56856],[96.62332,29.40667],[96.72826,29.17176],[96.98243,29.20529],[96.97694,29.46498],[97.09289,29.50156],[97.254,29.45777],[97.41737,29.1863],[97.54998,29.25922],[97.74434,29.23457],[97.83992,29.10873],[97.98468,29.13821],[98.16684,28.87266],[98.43729,28.7919],[98.54068,28.51451],[98.6844,28.43884],[98.594,28.67311],[98.68129,28.73427],[98.63027,28.97584],[98.78594,29.00172],[98.82756,28.825],[99.0081,29.03429],[98.97579,29.20763],[99.11273,29.22417],[99.05109,29.56666],[98.99132,29.66598],[99.05205,29.8955],[99.04368,30.07937],[98.98086,30.18572],[98.97313,30.40145],[98.90549,30.68581],[98.96333,30.73488],[98.77389,30.91092],[98.80552,30.99821],[98.61521,31.18207],[98.8822,31.37049],[98.55364,31.65899],[98.41409,31.83466],[98.40495,32.04566],[98.30117,32.12653],[98.19702,32.3625],[97.93987,32.48494],[97.73058,32.5297]]]},"properties":{"ct_adcode":"540300","ct_name":"昌都市","pr_adcode":"540000","pr_name":"西藏自治区"}},
{"type":"Feature","geometry":{"type":"Polygon","coordinates":[[[94.15303,30.48951],[93.99911,30.3001],[93.55391,30.29301],[93.27294,30.49913],[93.12946,30.41555],[93.02313,30.58681],[92.90315,30.61214],[92.61601,30.22234],[92.55365,30.09988],[92.24677,29.93959],[92.39272,29.82571],[92.48806,29.80059],[92.56274,29.65415],[92.71501,29.65239],[92.88291,29.72064],[93.08251,29.52772],[93.10014,29.33684],[92.9165,29.12768],[92.79248,29.06646],[92.74902,28.91914],[92.65353,28.82276],[92.86788,28.70513],[93.34492,28.75236],[93.51299,28.66824],[93.75443,28.69228],[93.88848,28.53463],[93.90692,28.37854],[94.03055,28.36573],[94.1557,28.23519],[94.20452,28.00001],[94.29111,27.96643],[94.33999,27.71231],[94.2525,27.55892],[94.52422,27.59967],[94.88512,27.74677],[95.28553,27.94353],[95.37048,28.11364],[95.67362,28.25774],[95.87381,28.30132],[96.01301,28.19357],[96.27504,28.23168],[96.29705,28.14424],[96.62323,28.02823],[96.68254,27.95337],[96.97343,27.86416],[97.10105,27.78289],[97.41232,28.0169],[97.3057,28.07567],[97.42235,28.30084],[97.51163,28.31908],[97.5058,28.47494],[97.56929,28.5452],[97.73651,28.46937],[97.79269,28.33573],[97.90758,28.36706],[98.13885,28.14578],[98.26468,28.24343],[98.38875,28.11797],[98.69567,28.21911],[98.75308,28.34044],[98.6844,28.43884],[98.54068,28.51451],[98.43729,28.7919],[98.16684,28.87266],[97.98468,29.13821],[97.83992,29.10873],[97.74434,29.23457],[97.54998,29.25922],[97.41737,29.1863],[97.254,29.45777],[97.09289,29.50156],[96.97694,29.46498],[96.98243,29.20529],[96.72826,29.17176],[96.62332,29.40667],[96.65405,29.56856],[96.47584,29.78353],[96.66755,30.13173],[96.55927,30.29896],[96.42437,30.32817],[96.21366,30.22765],[95.93585,30.24876],[95.69677,30.48396],[95.69815,30.55778],[95.14035,30.66342],[95.0104,30.56173],[94.68701,30.62333],[94.57625,30.54552],[94.33475,30.59821],[94.15303,30.48951]]]},"properties":{"ct_adcode":"540400","ct_name":"林芝市","pr_adcode":"540000","pr_name":"西藏自治区"}},
{"type":"Feature","geometry":{"type":"Polygon","coordinates":[[[90.34751,29.31024],[90.22412,29.12035],[90.18108,28.96894],[90.21795,28.83739],[90.07562,28.65641],[90.12355,28.35431],[90.22338,28.35166],[90.18614,28.16909],[90.37368,28.06874],[90.59074,28.02507],[90.80309,28.03905],[91.02968,27.85915],[91.15957,27.97116],[91.3496,28.04891],[91.61056,27.8953],[91.64117,27.77031],[91.57012,27.65484],[91.62615,27.51269],[91.75278,27.46626],[92.00936,27.47815],[92.12475,27.27658],[92.02858,27.08221],[92.12355,26.96349],[92.10793,26.85827],[92.66476,26.95607],[92.802,26.8989],[93.11,26.88368],[93.56674,26.94184],[93.84108,27.04953],[93.84847,27.17229],[94.2525,27.55892],[94.33999,27.71231],[94.29111,27.96643],[94.20452,28.00001],[94.1557,28.23519],[94.03055,28.36573],[93.90692,28.37854],[93.88848,28.53463],[93.75443,28.69228],[93.51299,28.66824],[93.34492,28.75236],[92.86788,28.70513],[92.65353,28.82276],[92.74902,28.91914],[92.79248,29.06646],[92.9165,29.12768],[93.10014,29.33684],[93.08251,29.52772],[92.88291,29.72064],[92.71501,29.65239],[92.56274,29.65415],[92.48806,29.80059],[92.39272,29.82571],[92.38369,29.62919],[92.12532,29.52504],[91.84154,29.58527],[91.63207,29.57852],[91.40346,29.49252],[91.16905,29.50855],[90.98099,29.38249],[90.60862,29.27162],[90.42242,29.24738],[90.34751,29.31024]]]},"properties":{"ct_adcode":"540500","ct_name":"山南市","pr_adcode":"540000","pr_name":"西藏自治区"}},
{"type":"Feature","geometry":{"type":"MultiPolygon","coordinates":[[[[85.81875,30.78484],[85.99829,30.7568],[86.12123,30.9698],[86.09763,31.06032],[85.91328,31.08251],[85.75792,30.95445],[85.82468,30.80002],[85.81875,30.78484]]],[[[94.75843,32.5318],[94.60041,32.66593],[94.53449,32.60072],[94.13509,32.43634],[93.85435,32.4782],[93.72072,32.58057],[93.5151,32.47846],[93.3826,32.52748],[93.2378,32.66448],[93.05949,32.63389],[92.99999,32.74348],[92.87627,32.69989],[92.68699,32.76848],[92.56007,32.7344],[92.45431,32.76696],[92.25427,32.72316],[92.13785,32.88674],[91.95673,32.8221],[91.85902,32.90471],[91.49509,33.11124],[91.25982,33.14349],[91.07026,33.11501],[90.70419,33.13795],[90.33136,33.3127],[90.24478,33.42606],[90.08984,33.4716],[89.98213,33.6141],[90.00235,33.69564],[89.68598,33.96166],[89.65406,34.09883],[89.81496,34.17133],[89.8668,34.32978],[89.82132,34.45717],[89.79535,34.74535],[89.81931,34.90419],[89.55906,34.93247],[89.59211,35.08859],[89.4562,35.23934],[89.49486,35.36212],[89.73909,35.4709],[89.73852,35.7161],[89.65816,35.84885],[89.42537,35.91778],[89.47038,36.02359],[89.70929,36.09368],[89.30229,36.22931],[88.8365,36.35414],[88.78074,36.29232],[88.46806,36.48253],[87.72923,36.38534],[87.56797,36.34301],[87.42543,36.42528],[87.14664,36.29776],[86.39039,36.20734],[86.18852,36.13318],[86.19673,36.03256],[86.06798,35.86113],[86.31607,35.63709],[86.1757,35.3224],[86.23264,35.16157],[86.11647,34.94052],[86.13512,34.87711],[85.9484,34.56551],[86.1603,34.40662],[86.1294,34.21167],[86.27085,33.89778],[86.186,33.65538],[86.26718,33.59542],[86.30918,33.43145],[86.2433,33.32573],[86.03201,33.24535],[86.17055,33.16105],[86.0528,32.91418],[86.07159,32.80586],[85.87824,32.69886],[85.74719,32.69205],[85.26955,32.50072],[85.17411,32.24782],[85.05372,32.10335],[85.16282,31.88908],[85.12113,31.67765],[85.55928,31.4913],[85.60229,31.36458],[85.86835,31.25518],[86.16614,31.18389],[86.19243,31.0065],[86.31354,30.95567],[86.42189,30.7034],[86.42711,30.48395],[86.63834,30.43002],[86.85601,30.57133],[86.73357,30.83406],[86.91643,30.93197],[86.94803,30.84039],[87.09828,30.7983],[87.15648,30.58764],[87.47108,30.55376],[87.5252,30.39891],[87.74579,30.33502],[87.80687,30.3886],[88.03352,30.35977],[88.27096,30.2234],[88.48027,30.17761],[88.6919,30.23216],[88.94692,30.19901],[89.19926,30.31408],[89.39728,30.23022],[89.58919,30.23865],[89.82882,30.13445],[89.89749,29.97834],[90.03171,29.94178],[90.21717,30.18979],[90.2499,30.28591],[90.55578,30.40452],[90.59556,30.57556],[90.75478,31.01502],[91.07937,30.88434],[91.19059,31.02233],[91.34566,31.04378],[91.42692,30.70774],[91.54705,30.65394],[91.73731,30.731],[91.90296,30.5174],[91.81691,30.48944],[91.85825,30.28782],[91.95503,30.19514],[92.29425,30.27055],[92.61601,30.22234],[92.90315,30.61214],[93.02313,30.58681],[93.12946,30.41555],[93.27294,30.49913],[93.55391,30.29301],[93.99911,30.3001],[94.15303,30.48951],[93.97631,30.60407],[93.86128,30.62244],[93.67354,30.77448],[93.69846,30.93392],[94.1475,30.85203],[94.34351,30.91957],[94.21347,31.10114],[94.30044,31.29702],[94.48132,31.35305],[94.71943,31.24791],[94.77197,31.08145],[95.04648,31.18992],[94.97218,31.36079],[94.87023,31.4156],[94.89152,31.53932],[94.7636,31.56816],[94.76061,31.7876],[94.66061,31.83074],[94.64525,32.10259],[94.75867,32.33099],[94.68453,32.4106],[94.75843,32.5318]]]]},"properties":{"ct_adcode":"540600","ct_name":"那曲市","pr_adcode":"540000","pr_name":"西藏自治区"}},
{"type":"Feature","geometry":{"type":"Polygon","coordinates":[[[86.06798,35.86113],[85.94693,35.77964],[85.65101,35.73202],[85.61062,35.65253],[85.36722,35.70647],[85.26887,35.7894],[84.98409,35.72579],[84.76025,35.62526],[84.44648,35.55097],[84.45067,35.47401],[84.15899,35.35977],[84.04917,35.41666],[83.8827,35.36848],[83.53906,35.34264],[83.44594,35.38285],[83.12378,35.39924],[82.9963,35.48534],[82.96478,35.66823],[82.40595,35.70004],[82.32537,35.56013],[82.02673,35.42677],[81.92549,35.27234],[81.5106,35.236],[81.44028,35.33329],[81.01312,35.31261],[80.68719,35.34002],[80.59804,35.41078],[80.30238,35.38064],[80.32857,35.24062],[80.11591,35.06722],[79.89659,34.73372],[79.7992,34.48076],[79.0088,34.40166],[79.03733,34.33632],[78.8647,34.16335],[78.65114,34.05276],[78.74248,33.9826],[78.77788,33.73461],[78.69011,33.67865],[78.84523,33.42367],[79.02033,33.32572],[79.15973,33.16828],[79.16063,33.01487],[79.2533,32.9453],[79.22308,32.78704],[79.3063,32.61065],[78.96856,32.33483],[78.80858,32.43927],[78.68433,32.68297],[78.42251,32.56837],[78.50653,32.30055],[78.4285,32.21468],[78.7603,31.94958],[78.66303,31.85455],[78.83221,31.58734],[78.72386,31.50999],[78.75196,31.36658],[78.99572,31.16156],[79.00806,31.04688],[79.22547,30.95197],[79.40244,31.07414],[79.549,30.9609],[79.75638,30.93959],[79.88881,30.85811],[79.96863,30.68889],[80.12258,30.56137],[80.31979,30.56709],[80.54771,30.45213],[80.63129,30.46161],[80.81509,30.32442],[81.03204,30.25009],[81.12964,30.01876],[81.25383,30.01499],[81.39105,30.20219],[81.40018,30.36321],[81.55332,30.37267],[81.62777,30.44972],[81.98845,30.32571],[82.10206,30.34922],[82.14076,30.20291],[82.31718,30.42921],[82.59169,30.35608],[82.6405,30.74571],[82.72321,30.79322],[82.92411,30.59367],[83.06689,30.50869],[83.17608,30.70798],[82.93847,30.94098],[82.79876,31.02157],[82.82078,31.15698],[82.96626,31.18883],[82.95043,31.57985],[83.26325,31.7092],[83.47013,31.59051],[83.75906,31.56618],[84.10663,31.60944],[84.20911,31.67513],[84.38609,31.63913],[84.62365,31.67912],[84.50036,31.48005],[84.41877,31.50119],[84.20323,31.407],[84.34545,31.31795],[84.60785,31.25695],[84.61268,31.07206],[84.77229,30.9332],[84.51916,30.69352],[84.44999,30.4459],[84.58285,30.39778],[84.74115,30.17468],[84.73471,30.00246],[84.85564,29.95843],[85.18083,29.69538],[85.31022,29.68229],[85.38958,29.81004],[85.6957,29.90506],[85.85287,30.1404],[85.81952,30.28281],[85.89577,30.49796],[85.86798,30.5957],[85.73553,30.68042],[85.81875,30.78484],[85.82468,30.80002],[85.75792,30.95445],[85.91328,31.08251],[86.09763,31.06032],[86.12123,30.9698],[86.19243,31.0065],[86.16614,31.18389],[85.86835,31.25518],[85.60229,31.36458],[85.55928,31.4913],[85.12113,31.67765],[85.16282,31.88908],[85.05372,32.10335],[85.17411,32.24782],[85.26955,32.50072],[85.74719,32.69205],[85.87824,32.69886],[86.07159,32.80586],[86.0528,32.91418],[86.17055,33.16105],[86.03201,33.24535],[86.2433,33.32573],[86.30918,33.43145],[86.26718,33.59542],[86.186,33.65538],[86.27085,33.89778],[86.1294,34.21167],[86.1603,34.40662],[85.9484,34.56551],[86.13512,34.87711],[86.11647,34.94052],[86.23264,35.16157],[86.1757,35.3224],[86.31607,35.63709],[86.06798,35.86113]]]},"properties":{"ct_adcode":"542500","ct_name":"阿里地区","pr_adcode":"540000","pr_name":"西藏自治区"}},
{"type":"Feature","geometry":{"type":"Polygon","coordinates":[[[109.16792,34.69297],[109.13366,34.58987],[108.96929,34.54273],[108.97062,34.44608],[108.74556,34.29761],[108.46337,34.20711],[108.02315,34.22955],[107.94532,33.98706],[107.70901,33.92894],[107.69119,33.72532],[108.04942,33.7113],[108.34121,33.79532],[108.61332,33.82769],[108.83544,33.8176],[109.00311,33.88481],[109.50343,33.84954],[109.59873,33.94265],[109.56218,34.06631],[109.74932,34.21369],[109.49031,34.26835],[109.386,34.46969],[109.4428,34.56327],[109.40574,34.7438],[109.16792,34.69297]]]},"properties":{"ct_adcode":"610100","ct_name":"西安市","pr_adcode":"610000","pr_name":"陕西省"}},
{"type":"Feature","geometry":{"type":"Polygon","coordinates":[[[108.86392,35.34524],[108.74581,35.29387],[108.57901,35.04452],[108.68304,34.88242],[108.96892,34.82279],[108.9627,34.87904],[109.27799,35.08568],[109.4387,35.09141],[109.28623,35.25791],[109.49038,35.3577],[109.46654,35.50189],[109.05405,35.54982],[108.86392,35.34524]]]},"properties":{"ct_adcode":"610200","ct_name":"铜川市","pr_adcode":"610000","pr_name":"陕西省"}},
{"type":"Feature","geometry":{"type":"Polygon","coordinates":[[[106.48439,35.02173],[106.571,34.77134],[106.30917,34.58375],[106.60742,34.45525],[106.71328,34.36871],[106.67993,34.26153],[106.49,34.2433],[106.4718,33.97529],[106.40662,33.91062],[106.57752,33.59249],[106.80161,33.81149],[107.0818,33.82173],[107.45066,33.65726],[107.69119,33.72532],[107.70901,33.92894],[107.94532,33.98706],[108.02315,34.22955],[108.04822,34.32709],[107.97579,34.57722],[108.02731,34.62778],[107.94415,34.85883],[107.81528,34.97472],[107.57112,34.97168],[107.51926,34.91084],[107.28194,34.93279],[107.18476,34.89418],[107.0714,35.02616],[106.89631,35.09546],[106.55626,35.09081],[106.48439,35.02173]]]},"properties":{"ct_adcode":"610300","ct_name":"宝鸡市","pr_adcode":"610000","pr_name":"陕西省"}},
{"type":"Feature","geometry":{"type":"Polygon","coordinates":[[[108.02315,34.22955],[108.46337,34.20711],[108.74556,34.29761],[108.97062,34.44608],[108.96929,34.54273],[109.13366,34.58987],[109.16792,34.69297],[108.96892,34.82279],[108.68304,34.88242],[108.57901,35.04452],[108.74581,35.29387],[108.86392,35.34524],[108.76255,35.48714],[108.61833,35.54125],[108.59843,35.31301],[108.48436,35.27581],[108.16979,35.30553],[108.04397,35.25435],[107.74086,35.31214],[107.68249,35.21736],[107.81528,34.97472],[107.94415,34.85883],[108.02731,34.62778],[107.97579,34.57722],[108.04822,34.32709],[108.02315,34.22955]]]},"properties":{"ct_adcode":"610400","ct_name":"咸阳市","pr_adcode":"610000","pr_name":"陕西省"}},
{"type":"Feature","geometry":{"type":"Polygon","coordinates":[[[109.16792,34.69297],[109.40574,34.7438],[109.4428,34.56327],[109.386,34.46969],[109.49031,34.26835],[109.74932,34.21369],[109.82046,34.28973],[109.95933,34.21131],[110.09796,34.43004],[110.4255,34.41061],[110.3737,34.60157],[110.22432,34.69375],[110.22568,34.88164],[110.31549,35.00588],[110.36929,35.25231],[110.60406,35.63257],[110.57196,35.73723],[110.54403,35.85433],[110.27683,35.71194],[110.26955,35.56071],[110.08186,35.40689],[109.69279,35.40952],[109.54182,35.4443],[109.49038,35.3577],[109.28623,35.25791],[109.4387,35.09141],[109.27799,35.08568],[108.9627,34.87904],[108.96892,34.82279],[109.16792,34.69297]]]},"properties":{"ct_adcode":"610500","ct_name":"渭南市","pr_adcode":"610000","pr_name":"陕西省"}},
{"type":"Feature","geometry":{"type":"Polygon","coordinates":[[[109.49038,35.3577],[109.54182,35.4443],[109.69279,35.40952],[110.08186,35.40689],[110.26955,35.56071],[110.27683,35.71194],[110.54403,35.85433],[110.44143,36.16426],[110.49274,36.57792],[110.41665,36.66146],[110.4048,36.899],[110.41294,36.9731],[110.02688,37.02919],[109.97271,37.15125],[110.02275,37.26466],[109.48705,37.49785],[109.34423,37.3791],[108.85511,37.23618],[108.8452,37.15385],[108.64645,37.03938],[108.40257,37.38148],[108.18651,37.16312],[107.88381,37.08375],[107.69945,37.1443],[107.66723,36.83282],[107.90275,36.75032],[107.93271,36.65832],[108.16086,36.56517],[108.33566,36.55874],[108.403,36.45945],[108.61432,36.4341],[108.70751,36.13887],[108.65185,35.95327],[108.49475,35.87242],[108.53511,35.606],[108.61833,35.54125],[108.76255,35.48714],[108.86392,35.34524],[109.05405,35.54982],[109.46654,35.50189],[109.49038,35.3577]]]},"properties":{"ct_adcode":"610600","ct_name":"延安市","pr_adcode":"610000","pr_name":"陕西省"}},
{"type":"Feature","geometry":{"type":"Polygon","coordinates":[[[105.49534,32.91395],[105.59282,32.70165],[105.8274,32.82831],[106.03808,32.86124],[106.17028,32.69972],[106.46287,32.65345],[106.63637,32.68967],[106.72787,32.74068],[107.00814,32.7237],[107.09438,32.65149],[107.08069,32.53157],[107.25938,32.40553],[107.3731,32.54099],[107.52068,32.38475],[107.71213,32.33111],[107.92036,32.19942],[108.15199,32.24111],[108.10471,32.3741],[108.27462,32.49927],[108.23605,32.71829],[108.12417,32.77897],[108.09319,33.19224],[108.05161,33.35085],[108.04942,33.7113],[107.69119,33.72532],[107.45066,33.65726],[107.0818,33.82173],[106.80161,33.81149],[106.57752,33.59249],[106.29931,33.60598],[106.1831,33.54812],[105.95829,33.60827],[105.72899,33.39282],[105.7439,33.30067],[105.91761,33.23827],[105.91375,32.99603],[105.73159,32.9074],[105.49534,32.91395]]]},"properties":{"ct_adcode":"610700","ct_name":"汉中市","pr_adcode":"610000","pr_name":"陕西省"}},
{"type":"Feature","geometry":{"type":"Polygon","coordinates":[[[110.41294,36.9731],[110.68403,37.29475],[110.78912,37.56557],[110.75304,37.7497],[110.51689,37.95439],[110.50218,38.18437],[110.57194,38.29686],[110.86847,38.4533],[110.93935,38.72901],[111.0039,38.8409],[110.97389,38.9716],[111.13178,39.06331],[111.22067,39.28342],[111.11776,39.36607],[111.1484,39.56745],[110.8849,39.50807],[110.62071,39.26603],[110.55348,39.35131],[110.20508,39.28051],[109.95493,39.18597],[109.6857,38.99199],[109.61901,38.85397],[109.44511,38.78812],[109.04879,38.43331],[108.93352,38.20709],[109.06338,38.09045],[109.01223,37.96936],[108.79319,37.93314],[108.78702,37.69967],[108.62359,37.65179],[108.0203,37.64916],[107.97702,37.78674],[107.64528,37.8642],[107.49406,37.76509],[107.32534,37.58338],[107.25298,37.33649],[107.3337,37.15859],[107.26375,37.09909],[107.29188,36.93426],[107.66723,36.83282],[107.69945,37.1443],[107.88381,37.08375],[108.18651,37.16312],[108.40257,37.38148],[108.64645,37.03938],[108.8452,37.15385],[108.85511,37.23618],[109.34423,37.3791],[109.48705,37.49785],[110.02275,37.26466],[109.97271,37.15125],[110.02688,37.02919],[110.41294,36.9731]]]},"properties":{"ct_adcode":"610800","ct_name":"榆林市","pr_adcode":"610000","pr_name":"陕西省"}},
{"type":"Feature","geometry":{"type":"Polygon","coordinates":[[[108.15199,32.24111],[108.46716,32.27277],[108.50526,32.20343],[108.89798,31.98727],[109.1621,31.87739],[109.29712,31.71274],[109.58098,31.72898],[109.63342,31.81333],[109.61683,32.10913],[109.49042,32.30259],[109.62697,32.60242],[109.9057,32.59507],[110.02307,32.55053],[110.19984,32.6298],[110.13691,32.80476],[109.98602,32.88794],[109.75924,32.91132],[109.78943,33.06887],[109.43367,33.15378],[109.05464,33.2159],[108.94498,33.12799],[108.65783,33.32546],[108.58384,33.46151],[108.74605,33.53801],[108.9188,33.77643],[108.83544,33.8176],[108.61332,33.82769],[108.34121,33.79532],[108.04942,33.7113],[108.05161,33.35085],[108.09319,33.19224],[108.12417,32.77897],[108.23605,32.71829],[108.27462,32.49927],[108.10471,32.3741],[108.15199,32.24111]]]},"properties":{"ct_adcode":"610900","ct_name":"安康市","pr_adcode":"610000","pr_name":"陕西省"}},
{"type":"Feature","geometry":{"type":"Polygon","coordinates":[[[110.97949,33.25725],[111.03115,33.3683],[111.0043,33.56211],[110.8735,33.63638],[110.77676,33.79761],[110.60704,33.85419],[110.66571,33.96801],[110.43422,34.24466],[110.4255,34.41061],[110.09796,34.43004],[109.95933,34.21131],[109.82046,34.28973],[109.74932,34.21369],[109.56218,34.06631],[109.59873,33.94265],[109.50343,33.84954],[109.00311,33.88481],[108.83544,33.8176],[108.9188,33.77643],[108.74605,33.53801],[108.58384,33.46151],[108.65783,33.32546],[108.94498,33.12799],[109.05464,33.2159],[109.43367,33.15378],[109.5092,33.23957],[109.84026,33.24889],[110.21314,33.16502],[110.58911,33.17056],[110.69722,33.09907],[110.97949,33.25725]]]},"properties":{"ct_adcode":"611000","ct_name":"商洛市","pr_adcode":"610000","pr_name":"陕西省"}},
{"type":"Feature","geometry":{"type":"Polygon","coordinates":[[[103.56259,36.9737],[103.3147,36.98646],[103.22832,36.93701],[102.91781,36.93542],[102.83055,36.76191],[102.71887,36.76995],[102.60509,36.68209],[102.74313,36.58232],[102.83703,36.34011],[103.06864,36.20697],[103.59402,36.06993],[103.62175,35.93537],[104.13621,35.61878],[104.27957,35.57151],[104.49788,36.02039],[104.56822,36.16106],[104.41255,36.39128],[104.1814,36.34199],[104.04439,36.431],[104.02662,36.55584],[103.90278,36.66215],[103.93841,36.74875],[103.75543,36.84412],[103.60217,36.84735],[103.56259,36.9737]]]},"properties":{"ct_adcode":"620100","ct_name":"兰州市","pr_adcode":"620000","pr_name":"甘肃省"}},
{"type":"Feature","geometry":{"type":"Polygon","coordinates":[[[98.36994,39.65331],[98.35485,39.77907],[98.48953,39.83907],[98.49142,39.9526],[98.16127,39.97067],[97.85516,39.70981],[98.36994,39.65331]]]},"properties":{"ct_adcode":"620200","ct_name":"嘉峪关市","pr_adcode":"620000","pr_name":"甘肃省"}},
{"type":"Feature","geometry":{"type":"Polygon","coordinates":[[[102.09233,38.03392],[102.22726,38.11675],[102.41286,38.11159],[102.54756,38.18537],[102.67676,38.15754],[102.69899,38.41114],[102.53431,38.49991],[102.39574,38.66463],[102.43436,38.91755],[102.14284,38.93919],[102.06981,38.89221],[101.77512,38.6602],[101.61124,38.65551],[101.51653,38.43597],[101.34491,38.31685],[101.48915,38.22795],[101.43901,38.03957],[101.73812,38.09568],[102.00166,38.09443],[102.09233,38.03392]]]},"properties":{"ct_adcode":"620300","ct_name":"金昌市","pr_adcode":"620000","pr_name":"甘肃省"}},
{"type":"Feature","geometry":{"type":"Polygon","coordinates":[[[105.34161,35.48561],[105.5168,35.6084],[105.48197,35.72659],[105.33063,35.88651],[105.34005,36.03395],[105.48472,36.19123],[105.35741,36.49809],[105.19726,36.70209],[105.33065,36.80055],[105.16156,36.99452],[104.95136,37.04015],[104.85334,37.2115],[104.59799,37.24246],[104.67696,37.40745],[104.28447,37.42735],[104.18046,37.40624],[103.84775,37.63281],[103.76016,37.54141],[103.69031,37.23792],[103.56259,36.9737],[103.60217,36.84735],[103.75543,36.84412],[103.93841,36.74875],[103.90278,36.66215],[104.02662,36.55584],[104.04439,36.431],[104.1814,36.34199],[104.41255,36.39128],[104.56822,36.16106],[104.49788,36.02039],[104.59928,36.04235],[104.85066,35.85527],[104.97716,35.71695],[104.93408,35.54512],[104.99707,35.45669],[105.34161,35.48561]]]},"properties":{"ct_adcode":"620400","ct_name":"白银市","pr_adcode":"620000","pr_name":"甘肃省"}},
{"type":"Feature","geometry":{"type":"Polygon","coordinates":[[[106.49,34.2433],[106.67993,34.26153],[106.71328,34.36871],[106.60742,34.45525],[106.30917,34.58375],[106.571,34.77134],[106.48439,35.02173],[106.27056,35.17263],[105.88378,35.05298],[105.7014,35.05209],[105.63471,35.14031],[105.40714,35.08008],[104.893,34.86363],[104.61534,34.86373],[104.57963,34.71962],[104.74305,34.4902],[104.98582,34.42708],[105.23952,34.53003],[105.51318,34.31199],[105.56574,34.08804],[105.71956,34.17556],[105.89935,34.12073],[106.01365,34.16053],[106.22595,34.11956],[106.27798,34.22696],[106.44964,34.13694],[106.49,34.2433]]]},"properties":{"ct_adcode":"620500","ct_name":"天水市","pr_adcode":"620000","pr_name":"甘肃省"}},
{"type":"Feature","geometry":{"type":"Polygon","coordinates":[[[102.71887,36.76995],[102.83055,36.76191],[102.91781,36.93542],[103.22832,36.93701],[103.3147,36.98646],[103.56259,36.9737],[103.69031,37.23792],[103.76016,37.54141],[103.84775,37.63281],[103.66759,37.78632],[103.39918,37.86139],[103.3661,38.08834],[103.53245,38.15639],[103.4136,38.40444],[103.85724,38.64419],[104.04151,38.89439],[104.16987,38.94395],[104.20448,39.08301],[104.04471,39.29678],[104.08795,39.41741],[103.8511,39.46065],[103.35421,39.33564],[103.01109,39.10047],[102.61126,39.17142],[102.45154,39.2544],[102.27876,39.18956],[101.82905,39.09182],[102.06981,38.89221],[102.14284,38.93919],[102.43436,38.91755],[102.39574,38.66463],[102.53431,38.49991],[102.69899,38.41114],[102.67676,38.15754],[102.54756,38.18537],[102.41286,38.11159],[102.22726,38.11675],[102.09233,38.03392],[102.09533,38.03174],[102.10637,38.02553],[102.14931,37.78746],[102.03323,37.62712],[102.12311,37.48491],[102.59927,37.17415],[102.48669,37.07823],[102.44834,36.96818],[102.71887,36.76995]]]},"properties":{"ct_adcode":"620600","ct_name":"武威市","pr_adcode":"620000","pr_name":"甘肃省"}},
{"type":"Feature","geometry":{"type":"Polygon","coordinates":[[[102.03323,37.62712],[102.14931,37.78746],[102.10637,38.02553],[102.09533,38.03174],[102.09233,38.03392],[102.00166,38.09443],[101.73812,38.09568],[101.43901,38.03957],[101.48915,38.22795],[101.34491,38.31685],[101.51653,38.43597],[101.61124,38.65551],[101.32908,38.77678],[101.11516,38.97444],[100.83358,39.02556],[100.8405,39.40508],[100.49753,39.39977],[100.32461,39.50823],[100.24852,39.68424],[99.90309,39.78514],[99.82056,39.85931],[99.45436,39.87649],[98.95924,39.7879],[99.10478,39.51314],[99.3067,39.35671],[99.21236,39.22593],[98.9748,39.33014],[98.86594,39.32373],[98.61178,39.44398],[98.36994,39.65331],[97.85516,39.70981],[97.70657,39.6931],[97.48142,39.47666],[97.39623,39.31717],[97.43217,39.12529],[97.70095,38.96286],[98.01137,38.85761],[98.09254,38.78576],[98.25074,38.89082],[98.31627,39.03992],[98.45676,38.95234],[98.62378,38.95505],[98.81247,39.08716],[99.06749,38.89646],[99.36066,38.71769],[99.65834,38.44899],[100.18261,38.23484],[100.06236,38.51808],[100.2397,38.43949],[100.3218,38.32423],[100.5432,38.24769],[100.75018,38.23846],[101.10852,37.93669],[101.3602,37.79062],[101.44098,37.86754],[101.59656,37.82719],[101.82721,37.6556],[101.9446,37.72779],[102.03323,37.62712]]]},"properties":{"ct_adcode":"620700","ct_name":"张掖市","pr_adcode":"620000","pr_name":"甘肃省"}},
{"type":"Feature","geometry":{"type":"Polygon","coordinates":[[[105.34161,35.48561],[105.53672,35.34279],[105.63471,35.14031],[105.7014,35.05209],[105.88378,35.05298],[106.27056,35.17263],[106.48439,35.02173],[106.55626,35.09081],[106.89631,35.09546],[107.0714,35.02616],[107.18476,34.89418],[107.28194,34.93279],[107.51926,34.91084],[107.57112,34.97168],[107.81528,34.97472],[107.68249,35.21736],[107.74086,35.31214],[107.69574,35.42503],[107.28584,35.51855],[107.05868,35.4782],[106.75025,35.69149],[106.48984,35.73687],[106.43634,35.52683],[106.50035,35.35732],[106.35924,35.23877],[106.05935,35.49971],[105.7942,35.56615],[105.6671,35.74998],[105.48197,35.72659],[105.5168,35.6084],[105.34161,35.48561]]]},"properties":{"ct_adcode":"620800","ct_name":"平凉市","pr_adcode":"620000","pr_name":"甘肃省"}},
{"type":"Feature","geometry":{"type":"Polygon","coordinates":[[[97.85516,39.70981],[98.16127,39.97067],[98.49142,39.9526],[98.48953,39.83907],[98.35485,39.77907],[98.36994,39.65331],[98.61178,39.44398],[98.86594,39.32373],[98.9748,39.33014],[99.21236,39.22593],[99.3067,39.35671],[99.10478,39.51314],[98.95924,39.7879],[99.45436,39.87649],[99.84005,40.01259],[100.00604,40.19918],[100.16794,40.27662],[100.16802,40.54025],[100.23569,40.71574],[100.05535,40.90666],[99.67178,40.93181],[99.56471,40.84575],[99.1734,40.85706],[98.71487,40.66076],[98.6275,40.67707],[98.34355,40.5673],[98.33246,40.91782],[97.97154,41.09667],[97.61433,41.47648],[97.84645,41.6551],[97.17197,42.79343],[96.98217,42.75584],[96.38533,42.72599],[96.02282,42.54088],[95.97788,42.43526],[96.17759,42.21632],[96.13795,42.05244],[96.03734,41.9231],[95.85479,41.84824],[95.57094,41.79477],[95.24897,41.60745],[95.13465,41.77111],[94.86094,41.66711],[94.74888,41.53679],[94.53304,41.50454],[94.18266,41.26712],[93.8085,40.87838],[93.75927,40.66398],[92.92733,40.57202],[92.9058,40.3101],[92.79531,40.15319],[92.74431,39.86758],[92.63886,39.51385],[92.5244,39.36816],[92.33873,39.23747],[92.40937,39.038],[92.4928,39.10169],[92.86587,39.13836],[93.12506,39.12211],[93.27248,38.89579],[93.72765,38.92413],[93.88298,38.82607],[93.8707,38.72249],[94.36872,38.76235],[94.52894,38.36073],[95.12022,38.417],[95.20792,38.32799],[95.51513,38.29458],[95.67337,38.3905],[95.8369,38.34239],[95.9378,38.23726],[96.26373,38.14561],[96.37759,38.2769],[96.66489,38.23004],[96.62354,38.34509],[96.78019,38.50404],[97.05524,38.59407],[96.94052,38.91845],[96.96262,39.19788],[97.22022,39.19244],[97.43217,39.12529],[97.39623,39.31717],[97.48142,39.47666],[97.70657,39.6931],[97.85516,39.70981]]]},"properties":{"ct_adcode":"620900","ct_name":"酒泉市","pr_adcode":"620000","pr_name":"甘肃省"}},
{"type":"Feature","geometry":{"type":"Polygon","coordinates":[[[106.75025,35.69149],[107.05868,35.4782],[107.28584,35.51855],[107.69574,35.42503],[107.74086,35.31214],[108.04397,35.25435],[108.16979,35.30553],[108.48436,35.27581],[108.59843,35.31301],[108.61833,35.54125],[108.53511,35.606],[108.49475,35.87242],[108.65185,35.95327],[108.70751,36.13887],[108.61432,36.4341],[108.403,36.45945],[108.33566,36.55874],[108.16086,36.56517],[107.93271,36.65832],[107.90275,36.75032],[107.66723,36.83282],[107.29188,36.93426],[107.26375,37.09909],[107.17651,37.14309],[106.88777,37.09776],[106.77619,37.15827],[106.66243,37.01659],[106.5713,36.74701],[106.44019,36.62476],[106.4064,36.51923],[106.51549,36.45643],[106.47967,36.2856],[106.83685,36.20794],[106.95079,36.08336],[106.84855,35.88372],[106.92193,35.8121],[106.75025,35.69149]]]},"properties":{"ct_adcode":"621000","ct_name":"庆阳市","pr_adcode":"620000","pr_name":"甘肃省"}},
{"type":"Feature","geometry":{"type":"Polygon","coordinates":[[[104.98582,34.42708],[104.74305,34.4902],[104.57963,34.71962],[104.61534,34.86373],[104.893,34.86363],[105.40714,35.08008],[105.63471,35.14031],[105.53672,35.34279],[105.34161,35.48561],[104.99707,35.45669],[104.93408,35.54512],[104.97716,35.71695],[104.85066,35.85527],[104.59928,36.04235],[104.49788,36.02039],[104.27957,35.57151],[104.13621,35.61878],[103.62175,35.93537],[103.46849,35.88195],[103.76879,35.618],[103.8519,35.47792],[103.68763,35.21915],[103.75626,35.02894],[103.98189,34.93908],[103.82601,34.54681],[103.80041,34.41025],[103.86581,34.27529],[104.02622,34.12872],[104.16516,34.22648],[104.2002,34.37655],[104.35119,34.37085],[104.52889,34.19569],[104.7383,34.23494],[104.98582,34.42708]]]},"properties":{"ct_adcode":"621100","ct_name":"定西市","pr_adcode":"620000","pr_name":"甘肃省"}},
{"type":"Feature","geometry":{"type":"Polygon","coordinates":[[[106.49,34.2433],[106.44964,34.13694],[106.27798,34.22696],[106.22595,34.11956],[106.01365,34.16053],[105.89935,34.12073],[105.71956,34.17556],[105.56574,34.08804],[105.51318,34.31199],[105.23952,34.53003],[104.98582,34.42708],[104.7383,34.23494],[104.52889,34.19569],[104.35119,34.37085],[104.2002,34.37655],[104.16516,34.22648],[104.02622,34.12872],[104.03361,34.05823],[104.45376,33.77895],[104.57942,33.51898],[104.71123,33.35533],[104.62511,33.22903],[104.43451,33.32488],[104.30125,33.30633],[104.37511,33.11094],[104.37568,32.9551],[104.27456,32.89341],[104.45627,32.7506],[104.6332,32.67087],[105.02698,32.65261],[105.10735,32.59618],[105.45561,32.75444],[105.49534,32.91395],[105.73159,32.9074],[105.91375,32.99603],[105.91761,33.23827],[105.7439,33.30067],[105.72899,33.39282],[105.95829,33.60827],[106.1831,33.54812],[106.29931,33.60598],[106.57752,33.59249],[106.40662,33.91062],[106.4718,33.97529],[106.49,34.2433]]]},"properties":{"ct_adcode":"621200","ct_name":"陇南市","pr_adcode":"620000","pr_name":"甘肃省"}},
{"type":"Feature","geometry":{"type":"Polygon","coordinates":[[[102.74051,35.49576],[102.92519,35.42881],[103.01732,35.28915],[103.25986,35.23761],[103.36145,35.14325],[103.49899,35.15346],[103.75626,35.02894],[103.68763,35.21915],[103.8519,35.47792],[103.76879,35.618],[103.46849,35.88195],[103.62175,35.93537],[103.59402,36.06993],[103.06864,36.20697],[102.90832,36.08867],[102.96984,35.99564],[102.9487,35.83636],[102.78219,35.86263],[102.68425,35.77255],[102.79984,35.57516],[102.74051,35.49576]]]},"properties":{"ct_adcode":"622900","ct_name":"临夏回族自治州","pr_adcode":"620000","pr_name":"甘肃省"}},
{"type":"Feature","geometry":{"type":"Polygon","coordinates":[[[103.75626,35.02894],[103.49899,35.15346],[103.36145,35.14325],[103.25986,35.23761],[103.01732,35.28915],[102.92519,35.42881],[102.74051,35.49576],[102.50728,35.56942],[102.4487,35.44868],[102.309,35.43372],[102.36806,35.26446],[102.29331,35.07146],[102.12952,35.01538],[101.91693,34.8774],[101.9182,34.62673],[102.15574,34.49755],[102.22081,34.38624],[102.06112,34.28645],[101.95341,34.1114],[101.73434,34.08172],[101.53667,34.21351],[101.19145,34.33779],[100.94916,34.38533],[100.82045,34.31898],[100.76617,34.17651],[100.99745,33.89129],[101.1517,33.84603],[101.16105,33.72115],[101.38909,33.64679],[101.58086,33.67694],[101.62099,33.50428],[101.76736,33.54044],[101.92741,33.47162],[101.82655,33.21698],[101.93407,33.18898],[102.21582,33.25001],[102.23279,33.38648],[102.40028,33.42433],[102.43843,33.57636],[102.3427,33.60845],[102.32136,33.75913],[102.13435,33.96669],[102.39108,33.97467],[102.46541,34.0754],[102.86151,34.3057],[103.00362,34.18646],[103.12182,34.16323],[103.17898,33.90227],[103.15113,33.82065],[103.34724,33.74504],[103.52665,33.79339],[103.77587,33.66055],[104.04968,33.68682],[104.16598,33.61333],[104.21826,33.40638],[104.43451,33.32488],[104.62511,33.22903],[104.71123,33.35533],[104.57942,33.51898],[104.45376,33.77895],[104.03361,34.05823],[104.02622,34.12872],[103.86581,34.27529],[103.80041,34.41025],[103.82601,34.54681],[103.98189,34.93908],[103.75626,35.02894]]]},"properties":{"ct_adcode":"623000","ct_name":"甘南藏族自治州","pr_adcode":"620000","pr_name":"甘肃省"}},
{"type":"Feature","geometry":{"type":"Polygon","coordinates":[[[100.91586,36.74148],[101.01862,36.51642],[101.24721,36.31159],[101.37609,36.39289],[101.60298,36.32134],[101.66656,36.23141],[101.81338,36.29264],[101.9101,36.57338],[101.77366,36.67659],[101.82862,36.98898],[101.91279,37.14805],[101.55032,37.27599],[101.49564,37.33745],[101.07957,37.38756],[100.95254,37.47003],[100.86916,37.35095],[100.93053,37.26122],[101.12681,37.20988],[101.26318,37.06502],[101.29243,36.91969],[100.91586,36.74148]]]},"properties":{"ct_adcode":"630100","ct_name":"西宁市","pr_adcode":"630000","pr_name":"青海省"}},
{"type":"Feature","geometry":{"type":"Polygon","coordinates":[[[102.74051,35.49576],[102.79984,35.57516],[102.68425,35.77255],[102.78219,35.86263],[102.9487,35.83636],[102.96984,35.99564],[102.90832,36.08867],[103.06864,36.20697],[102.83703,36.34011],[102.74313,36.58232],[102.60509,36.68209],[102.71887,36.76995],[102.44834,36.96818],[102.48669,37.07823],[102.38589,37.1063],[102.11617,37.06106],[101.91279,37.14805],[101.82862,36.98898],[101.77366,36.67659],[101.9101,36.57338],[101.81338,36.29264],[101.66656,36.23141],[101.66505,36.16118],[101.78338,36.1453],[102.03297,35.97869],[102.16048,35.694],[102.34467,35.61093],[102.4487,35.44868],[102.50728,35.56942],[102.74051,35.49576]]]},"properties":{"ct_adcode":"630200","ct_name":"海东市","pr_adcode":"630000","pr_name":"青海省"}},
{"type":"Feature","geometry":{"type":"Polygon","coordinates":[[[101.91279,37.14805],[102.11617,37.06106],[102.38589,37.1063],[102.48669,37.07823],[102.59927,37.17415],[102.12311,37.48491],[102.03323,37.62712],[101.9446,37.72779],[101.82721,37.6556],[101.59656,37.82719],[101.44098,37.86754],[101.3602,37.79062],[101.10852,37.93669],[100.75018,38.23846],[100.5432,38.24769],[100.3218,38.32423],[100.2397,38.43949],[100.06236,38.51808],[100.18261,38.23484],[99.65834,38.44899],[99.36066,38.71769],[99.06749,38.89646],[98.81247,39.08716],[98.62378,38.95505],[98.45676,38.95234],[98.31627,39.03992],[98.25074,38.89082],[98.09254,38.78576],[98.18184,38.66715],[98.29507,38.66286],[98.73489,38.485],[98.88125,38.47487],[98.94855,38.27112],[99.25575,38.2905],[99.58376,38.2001],[99.55838,38.02929],[99.37375,37.92356],[99.66031,37.81174],[99.63463,37.65379],[99.46222,37.48216],[99.41546,37.36956],[99.45293,37.15622],[99.83853,36.96654],[100.69486,36.77624],[100.91586,36.74148],[101.29243,36.91969],[101.26318,37.06502],[101.12681,37.20988],[100.93053,37.26122],[100.86916,37.35095],[100.95254,37.47003],[101.07957,37.38756],[101.49564,37.33745],[101.55032,37.27599],[101.91279,37.14805]]]},"properties":{"ct_adcode":"632200","ct_name":"海北藏族自治州","pr_adcode":"630000","pr_name":"青海省"}},
{"type":"Feature","geometry":{"type":"Polygon","coordinates":[[[100.94916,34.38533],[101.19145,34.33779],[101.53667,34.21351],[101.73434,34.08172],[101.95341,34.1114],[102.06112,34.28645],[102.22081,34.38624],[102.15574,34.49755],[101.9182,34.62673],[101.91693,34.8774],[102.12952,35.01538],[102.29331,35.07146],[102.36806,35.26446],[102.309,35.43372],[102.4487,35.44868],[102.34467,35.61093],[102.16048,35.694],[102.03297,35.97869],[101.78338,36.1453],[101.66505,36.16118],[101.67779,35.75989],[101.7687,35.68797],[101.6559,35.53877],[101.36608,35.3388],[101.11944,35.40896],[100.71095,35.42354],[100.73156,35.34314],[100.90973,35.30442],[100.69606,35.08161],[100.91803,34.98343],[101.14643,34.83614],[101.03516,34.6527],[100.88823,34.66506],[100.96859,34.54398],[100.94916,34.38533]]]},"properties":{"ct_adcode":"632300","ct_name":"黄南藏族自治州","pr_adcode":"630000","pr_name":"青海省"}},
{"type":"Feature","geometry":{"type":"Polygon","coordinates":[[[101.66656,36.23141],[101.60298,36.32134],[101.37609,36.39289],[101.24721,36.31159],[101.01862,36.51642],[100.91586,36.74148],[100.69486,36.77624],[99.83853,36.96654],[99.45293,37.15622],[99.27061,37.08888],[99.19767,36.93718],[99.42954,36.76035],[99.33317,36.62091],[98.93299,36.49137],[99.06484,36.3241],[98.97796,36.09516],[99.08824,36.00003],[99.12029,35.81],[99.20704,35.72825],[99.15476,35.62011],[99.29387,35.56601],[99.30952,35.39052],[99.17829,35.30063],[99.47614,34.96677],[99.64432,34.9413],[99.81419,34.83245],[99.9682,34.80927],[100.10455,34.88744],[100.25068,34.89189],[100.48396,34.80746],[100.59712,34.70466],[100.88823,34.66506],[101.03516,34.6527],[101.14643,34.83614],[100.91803,34.98343],[100.69606,35.08161],[100.90973,35.30442],[100.73156,35.34314],[100.71095,35.42354],[101.11944,35.40896],[101.36608,35.3388],[101.6559,35.53877],[101.7687,35.68797],[101.67779,35.75989],[101.66505,36.16118],[101.66656,36.23141]]]},"properties":{"ct_adcode":"632500","ct_name":"海南藏族自治州","pr_adcode":"630000","pr_name":"青海省"}},
{"type":"Feature","geometry":{"type":"Polygon","coordinates":[[[101.76736,33.54044],[101.62099,33.50428],[101.58086,33.67694],[101.38909,33.64679],[101.16105,33.72115],[101.1517,33.84603],[100.99745,33.89129],[100.76617,34.17651],[100.82045,34.31898],[100.94916,34.38533],[100.96859,34.54398],[100.88823,34.66506],[100.59712,34.70466],[100.48396,34.80746],[100.25068,34.89189],[100.10455,34.88744],[99.9682,34.80927],[99.81419,34.83245],[99.64432,34.9413],[99.47614,34.96677],[99.17829,35.30063],[99.30952,35.39052],[99.29387,35.56601],[99.15476,35.62011],[98.81646,35.60073],[98.52005,35.44927],[98.21966,35.46566],[98.17852,35.32073],[98.02089,35.28621],[97.67088,35.34899],[97.59074,35.2583],[97.34752,35.29941],[97.37034,35.23305],[97.12065,34.95145],[96.93512,34.78691],[97.11423,34.72442],[97.20903,34.49951],[97.66367,34.12126],[97.81927,34.20936],[98.04971,34.11626],[98.39154,34.09064],[98.40621,33.86881],[98.6562,33.64922],[98.77339,33.30376],[98.8602,33.15226],[99.17831,33.04685],[99.27043,32.88244],[99.38437,32.90222],[99.60644,32.78328],[99.75899,32.77217],[99.87664,32.99601],[100.0369,32.9312],[100.26309,32.74497],[100.46872,32.69671],[100.54329,32.57292],[100.66665,32.52611],[100.83269,32.65136],[100.93077,32.60315],[101.1556,32.66373],[101.23601,32.82992],[101.12202,32.912],[101.1817,33.27191],[101.35523,33.19452],[101.48353,33.22886],[101.63258,33.10462],[101.73858,33.27103],[101.64765,33.32659],[101.76736,33.54044]]]},"properties":{"ct_adcode":"632600","ct_name":"果洛藏族自治州","pr_adcode":"630000","pr_name":"青海省"}},
{"type":"Feature","geometry":{"type":"Polygon","coordinates":[[[94.75843,32.5318],[94.91169,32.41828],[95.2153,32.39846],[95.31173,32.15306],[95.45353,32.06479],[95.36454,31.96425],[95.45485,31.80595],[95.7788,31.75143],[95.89877,31.81965],[96.17734,31.77785],[96.25065,31.93195],[96.38868,31.9221],[96.43278,31.80186],[96.56505,31.71569],[96.77483,31.67622],[96.83696,31.71794],[96.74356,32.00183],[97.13007,32.04606],[97.2193,32.11148],[97.29917,32.29739],[97.41723,32.30312],[97.33395,32.51681],[97.73058,32.5297],[97.42859,32.70124],[97.37507,32.95871],[97.5416,33.03973],[97.4943,33.16976],[97.62128,33.33633],[97.40525,33.63012],[97.38885,33.88149],[97.65946,33.95818],[97.66367,34.12126],[97.20903,34.49951],[97.11423,34.72442],[96.93512,34.78691],[97.12065,34.95145],[97.37034,35.23305],[97.34752,35.29941],[97.09724,35.35616],[96.99989,35.47326],[96.78584,35.50716],[96.67467,35.59264],[96.35374,35.65286],[96.13299,35.64781],[95.97912,35.53368],[95.88451,35.63684],[95.47787,35.65829],[95.43248,35.60166],[95.17399,35.64809],[95.08895,35.54571],[94.75794,35.60712],[94.40602,35.61441],[94.1539,35.66981],[94.06052,35.63685],[93.76045,35.7568],[93.26401,35.77805],[92.82884,35.86956],[92.15337,35.92744],[91.88438,36.02556],[91.79184,36.00597],[91.54757,36.09584],[91.39024,36.06563],[91.10307,36.15697],[90.85108,36.01776],[90.66162,36.13452],[90.23499,36.16103],[90.02563,36.26024],[89.91131,36.08006],[89.70929,36.09368],[89.47038,36.02359],[89.42537,35.91778],[89.65816,35.84885],[89.73852,35.7161],[89.73909,35.4709],[89.49486,35.36212],[89.4562,35.23934],[89.59211,35.08859],[89.55906,34.93247],[89.81931,34.90419],[90.16584,34.8806],[90.30333,34.92406],[90.63689,34.9207],[91.05527,34.78951],[91.31996,34.79117],[91.85256,34.59435],[91.93927,34.48896],[92.231,34.37929],[92.53992,34.38175],[92.71233,34.0721],[92.78323,33.63874],[92.84795,33.50124],[92.69713,33.47495],[92.59765,33.30581],[92.72876,33.04046],[92.59548,32.87243],[92.56007,32.7344],[92.68699,32.76848],[92.87627,32.69989],[92.99999,32.74348],[93.05949,32.63389],[93.2378,32.66448],[93.3826,32.52748],[93.5151,32.47846],[93.72072,32.58057],[93.85435,32.4782],[94.13509,32.43634],[94.53449,32.60072],[94.60041,32.66593],[94.75843,32.5318]]]},"properties":{"ct_adcode":"632700","ct_name":"玉树藏族自治州","pr_adcode":"630000","pr_name":"青海省"}},
{"type":"Feature","geometry":{"type":"MultiPolygon","coordinates":[[[[92.56007,32.7344],[92.59548,32.87243],[92.72876,33.04046],[92.59765,33.30581],[92.69713,33.47495],[92.84795,33.50124],[92.78323,33.63874],[92.71233,34.0721],[92.53992,34.38175],[92.231,34.37929],[91.93927,34.48896],[91.85256,34.59435],[91.31996,34.79117],[91.05527,34.78951],[90.63689,34.9207],[90.30333,34.92406],[90.16584,34.8806],[89.81931,34.90419],[89.79535,34.74535],[89.82132,34.45717],[89.8668,34.32978],[89.81496,34.17133],[89.65406,34.09883],[89.68598,33.96166],[90.00235,33.69564],[89.98213,33.6141],[90.08984,33.4716],[90.24478,33.42606],[90.33136,33.3127],[90.70419,33.13795],[91.07026,33.11501],[91.25982,33.14349],[91.49509,33.11124],[91.85902,32.90471],[91.95673,32.8221],[92.13785,32.88674],[92.25427,32.72316],[92.45431,32.76696],[92.56007,32.7344]]],[[[98.09254,38.78576],[98.01137,38.85761],[97.70095,38.96286],[97.43217,39.12529],[97.22022,39.19244],[96.96262,39.19788],[96.94052,38.91845],[97.05524,38.59407],[96.78019,38.50404],[96.62354,38.34509],[96.66489,38.23004],[96.37759,38.2769],[96.26373,38.14561],[95.9378,38.23726],[95.8369,38.34239],[95.67337,38.3905],[95.51513,38.29458],[95.20792,38.32799],[95.12022,38.417],[94.52894,38.36073],[94.36872,38.76235],[93.8707,38.72249],[93.88298,38.82607],[93.72765,38.92413],[93.27248,38.89579],[93.12506,39.12211],[92.86587,39.13836],[92.4928,39.10169],[92.40937,39.038],[91.98912,38.93832],[91.77755,38.86181],[91.44466,38.81307],[91.30609,38.75074],[90.7231,38.65796],[90.46187,38.51992],[90.1287,38.49387],[90.13567,38.34032],[90.279,38.23795],[90.52942,38.31966],[90.51812,37.73102],[90.77461,37.65034],[90.93579,37.50231],[91.09373,37.45174],[91.19056,37.20432],[91.27872,37.1637],[91.3095,37.01509],[91.1319,37.00758],[90.98236,36.91382],[90.87234,36.92078],[90.72092,36.79839],[90.73951,36.58616],[91.00987,36.5401],[91.02483,36.32402],[91.10307,36.15697],[91.39024,36.06563],[91.54757,36.09584],[91.79184,36.00597],[91.88438,36.02556],[92.15337,35.92744],[92.82884,35.86956],[93.26401,35.77805],[93.76045,35.7568],[94.06052,35.63685],[94.1539,35.66981],[94.40602,35.61441],[94.75794,35.60712],[95.08895,35.54571],[95.17399,35.64809],[95.43248,35.60166],[95.47787,35.65829],[95.88451,35.63684],[95.97912,35.53368],[96.13299,35.64781],[96.35374,35.65286],[96.67467,35.59264],[96.78584,35.50716],[96.99989,35.47326],[97.09724,35.35616],[97.34752,35.29941],[97.59074,35.2583],[97.67088,35.34899],[98.02089,35.28621],[98.17852,35.32073],[98.21966,35.46566],[98.52005,35.44927],[98.81646,35.60073],[99.15476,35.62011],[99.20704,35.72825],[99.12029,35.81],[99.08824,36.00003],[98.97796,36.09516],[99.06484,36.3241],[98.93299,36.49137],[99.33317,36.62091],[99.42954,36.76035],[99.19767,36.93718],[99.27061,37.08888],[99.45293,37.15622],[99.41546,37.36956],[99.46222,37.48216],[99.63463,37.65379],[99.66031,37.81174],[99.37375,37.92356],[99.55838,38.02929],[99.58376,38.2001],[99.25575,38.2905],[98.94855,38.27112],[98.88125,38.47487],[98.73489,38.485],[98.29507,38.66286],[98.18184,38.66715],[98.09254,38.78576]]]]},"properties":{"ct_adcode":"632800","ct_name":"海西蒙古族藏族自治州","pr_adcode":"630000","pr_name":"青海省"}},
{"type":"Feature","geometry":{"type":"Polygon","coordinates":[[[106.81974,38.163],[106.55108,38.26343],[106.65807,38.60111],[106.59195,38.68223],[106.37799,38.77062],[105.99895,38.87458],[105.90554,38.79092],[105.81757,38.36779],[105.84864,38.26441],[106.19642,38.13411],[106.35345,37.92365],[106.28789,37.82541],[106.54101,37.66724],[106.76755,37.6362],[106.82753,37.76059],[106.75777,38.00205],[106.81974,38.163]]]},"properties":{"ct_adcode":"640100","ct_name":"银川市","pr_adcode":"640000","pr_name":"宁夏回族自治区"}},
{"type":"Feature","geometry":{"type":"Polygon","coordinates":[[[106.96253,39.05416],[106.86556,39.09632],[106.74657,39.38068],[106.59822,39.37463],[106.50181,39.26929],[106.27549,39.2613],[106.14146,39.15232],[105.99895,38.87458],[106.37799,38.77062],[106.59195,38.68223],[106.65807,38.60111],[106.69825,38.70777],[106.94963,38.94066],[106.96253,39.05416]]]},"properties":{"ct_adcode":"640200","ct_name":"石嘴山市","pr_adcode":"640000","pr_name":"宁夏回族自治区"}},
{"type":"Feature","geometry":{"type":"Polygon","coordinates":[[[106.44019,36.62476],[106.5713,36.74701],[106.66243,37.01659],[106.77619,37.15827],[106.88777,37.09776],[107.17651,37.14309],[107.26375,37.09909],[107.3337,37.15859],[107.25298,37.33649],[107.32534,37.58338],[107.49406,37.76509],[107.64528,37.8642],[107.55548,37.89321],[107.32658,38.08596],[107.18533,38.15346],[107.01006,38.11986],[106.81974,38.163],[106.75777,38.00205],[106.82753,37.76059],[106.76755,37.6362],[106.54101,37.66724],[106.28789,37.82541],[106.35345,37.92365],[106.19642,38.13411],[105.84864,38.26441],[105.77109,38.18637],[105.83581,38.00753],[105.75648,37.79938],[105.60615,37.70664],[105.84923,37.73945],[106.02023,37.64318],[106.03359,37.51876],[105.87172,37.41542],[105.67943,37.1271],[105.83829,36.98684],[105.73429,36.86152],[106.02424,36.82413],[106.1476,36.62254],[106.44019,36.62476]]]},"properties":{"ct_adcode":"640300","ct_name":"吴忠市","pr_adcode":"640000","pr_name":"宁夏回族自治区"}},
{"type":"Feature","geometry":{"type":"Polygon","coordinates":[[[105.48197,35.72659],[105.6671,35.74998],[105.7942,35.56615],[106.05935,35.49971],[106.35924,35.23877],[106.50035,35.35732],[106.43634,35.52683],[106.48984,35.73687],[106.75025,35.69149],[106.92193,35.8121],[106.84855,35.88372],[106.95079,36.08336],[106.83685,36.20794],[106.47967,36.2856],[106.51549,36.45643],[106.4064,36.51923],[106.19312,36.34186],[105.98054,36.31926],[105.88246,36.21648],[105.66963,36.15606],[105.48472,36.19123],[105.34005,36.03395],[105.33063,35.88651],[105.48197,35.72659]]]},"properties":{"ct_adcode":"640400","ct_name":"固原市","pr_adcode":"640000","pr_name":"宁夏回族自治区"}},
{"type":"Feature","geometry":{"type":"Polygon","coordinates":[[[105.60615,37.70664],[105.31085,37.70147],[105.02064,37.57931],[104.43027,37.51461],[104.28447,37.42735],[104.67696,37.40745],[104.59799,37.24246],[104.85334,37.2115],[104.95136,37.04015],[105.16156,36.99452],[105.33065,36.80055],[105.19726,36.70209],[105.35741,36.49809],[105.48472,36.19123],[105.66963,36.15606],[105.88246,36.21648],[105.98054,36.31926],[106.19312,36.34186],[106.4064,36.51923],[106.44019,36.62476],[106.1476,36.62254],[106.02424,36.82413],[105.73429,36.86152],[105.83829,36.98684],[105.67943,37.1271],[105.87172,37.41542],[106.03359,37.51876],[106.02023,37.64318],[105.84923,37.73945],[105.60615,37.70664]]]},"properties":{"ct_adcode":"640500","ct_name":"中卫市","pr_adcode":"640000","pr_name":"宁夏回族自治区"}},
{"type":"Feature","geometry":{"type":"Polygon","coordinates":[[[87.50148,44.06524],[87.25962,43.92252],[87.27837,43.80548],[87.09975,43.59452],[86.89832,43.42786],[86.93757,43.36583],[86.79531,43.11104],[87.0516,43.0214],[87.26719,43.03081],[87.53177,42.92202],[87.39239,43.03493],[87.36632,43.28024],[88.22223,43.3236],[88.24516,43.22301],[88.4277,43.19577],[88.52392,43.34712],[88.92743,43.43852],[88.93364,43.63119],[88.59607,43.80292],[88.27974,43.82955],[88.20788,43.7574],[88.01541,43.87306],[87.99391,43.99343],[87.82138,44.12223],[87.79918,44.37722],[88.00135,45.00097],[87.33305,45.0008],[87.55229,44.666],[87.58819,44.53252],[87.7131,44.35581],[87.58124,44.23845],[87.50148,44.06524]]]},"properties":{"ct_adcode":"650100","ct_name":"乌鲁木齐市","pr_adcode":"650000","pr_name":"新疆维吾尔自治区"}},
{"type":"Feature","geometry":{"type":"MultiPolygon","coordinates":[[[[85.11039,44.34255],[84.77561,44.38989],[84.76621,44.1773],[84.91497,44.17837],[84.99352,44.30966],[85.11039,44.34255]]],[[[84.65922,45.10202],[84.78925,44.85544],[85.00771,44.75433],[85.04866,44.93074],[85.23808,45.01874],[85.1991,45.24315],[85.23672,45.37454],[85.48955,45.51242],[85.65677,45.80142],[86.02151,46.06702],[85.90285,46.1809],[85.55488,46.19736],[85.28009,46.08998],[85.19834,45.80519],[84.80079,45.62086],[84.57693,45.30992],[84.65922,45.10202]]]]},"properties":{"ct_adcode":"650200","ct_name":"克拉玛依市","pr_adcode":"650000","pr_name":"新疆维吾尔自治区"}},
{"type":"Feature","geometry":{"type":"Polygon","coordinates":[[[87.53177,42.92202],[87.54121,42.77648],[87.84195,42.75296],[87.91044,42.65819],[88.16305,42.54641],[88.11921,42.36981],[87.89548,42.24754],[87.99474,42.06851],[88.13569,42.00265],[88.33905,41.76657],[88.34736,41.53734],[88.44244,41.46652],[88.73264,41.47369],[89.20133,41.35989],[89.95825,41.35623],[90.10639,41.25143],[90.77899,41.22452],[91.09068,41.24993],[91.43886,41.19636],[91.9092,41.27028],[91.81951,41.49811],[91.85415,41.74199],[91.7344,42.01179],[91.502,42.20128],[91.40542,42.66959],[91.41424,42.83379],[91.16732,43.49347],[90.8797,43.53137],[90.61895,43.49896],[90.31533,43.50362],[90.13358,43.54502],[89.91737,43.45168],[89.67633,43.40894],[89.37709,43.46206],[89.27744,43.55115],[88.93364,43.63119],[88.92743,43.43852],[88.52392,43.34712],[88.4277,43.19577],[88.24516,43.22301],[88.22223,43.3236],[87.36632,43.28024],[87.39239,43.03493],[87.53177,42.92202]]]},"properties":{"ct_adcode":"650400","ct_name":"吐鲁番市","pr_adcode":"650000","pr_name":"新疆维吾尔自治区"}},
{"type":"Feature","geometry":{"type":"Polygon","coordinates":[[[93.8085,40.87838],[94.18266,41.26712],[94.53304,41.50454],[94.74888,41.53679],[94.86094,41.66711],[95.13465,41.77111],[95.24897,41.60745],[95.57094,41.79477],[95.85479,41.84824],[96.03734,41.9231],[96.13795,42.05244],[96.17759,42.21632],[95.97788,42.43526],[96.02282,42.54088],[96.38533,42.72599],[96.36279,42.89873],[95.92064,43.22811],[95.85718,43.41606],[95.7345,43.59587],[95.52561,44.00601],[95.32516,44.0272],[95.41192,44.2971],[94.99746,44.25181],[94.72147,44.3395],[94.60504,44.44728],[94.3574,44.51431],[94.21395,44.66691],[93.51925,44.96102],[92.77814,45.04953],[92.49972,45.00008],[92.23896,45.01482],[92.09846,45.08012],[91.69335,45.06429],[91.5171,45.09579],[91.56737,44.89334],[91.38522,44.7357],[91.40055,44.62355],[91.2858,44.3744],[91.33095,44.27882],[91.30518,44.00762],[91.50968,43.86947],[91.56229,43.74426],[91.39497,43.5835],[91.16732,43.49347],[91.41424,42.83379],[91.40542,42.66959],[91.502,42.20128],[91.7344,42.01179],[91.85415,41.74199],[91.81951,41.49811],[91.9092,41.27028],[92.06846,41.2627],[92.53747,41.11898],[92.86198,41.11187],[93.19925,40.98978],[93.55545,40.95649],[93.8085,40.87838]],[[93.94476,42.61616],[93.83221,42.54014],[93.66859,42.63191],[93.6485,42.76354],[93.83812,42.80589],[93.76094,42.65613],[93.94476,42.61616]]]},"properties":{"ct_adcode":"650500","ct_name":"哈密市","pr_adcode":"650000","pr_name":"新疆维吾尔自治区"}},
{"type":"Feature","geometry":{"type":"MultiPolygon","coordinates":[[[[86.79531,43.11104],[86.93757,43.36583],[86.89832,43.42786],[87.09975,43.59452],[87.27837,43.80548],[87.25962,43.92252],[87.50148,44.06524],[87.52039,44.22619],[87.42893,44.34446],[87.40657,44.53919],[87.58819,44.53252],[87.55229,44.666],[87.33305,45.0008],[87.3336,45.32943],[85.66422,45.33028],[85.6663,44.91843],[85.77876,44.92195],[85.93966,44.75883],[85.95312,44.63774],[86.11989,44.44779],[86.09334,44.12461],[85.78362,43.83827],[85.71687,43.63635],[85.59498,43.52949],[85.78256,43.44932],[86.09085,43.40273],[86.16342,43.30514],[86.48376,43.14063],[86.79531,43.11104]]],[[[91.5171,45.09579],[91.24021,45.13621],[91.12764,45.21468],[90.90599,45.19297],[90.77057,45.43159],[90.66963,45.48663],[90.49307,45.41916],[90.29018,45.17618],[90.23612,45.00066],[89.50119,45.00082],[88.00135,45.00097],[87.79918,44.37722],[87.82138,44.12223],[87.99391,43.99343],[88.01541,43.87306],[88.20788,43.7574],[88.27974,43.82955],[88.59607,43.80292],[88.93364,43.63119],[89.27744,43.55115],[89.37709,43.46206],[89.67633,43.40894],[89.91737,43.45168],[90.13358,43.54502],[90.31533,43.50362],[90.61895,43.49896],[90.8797,43.53137],[91.16732,43.49347],[91.39497,43.5835],[91.56229,43.74426],[91.50968,43.86947],[91.30518,44.00762],[91.33095,44.27882],[91.2858,44.3744],[91.40055,44.62355],[91.38522,44.7357],[91.56737,44.89334],[91.5171,45.09579]]]]},"properties":{"ct_adcode":"652300","ct_name":"昌吉回族自治州","pr_adcode":"650000","pr_name":"新疆维吾尔自治区"}},
{"type":"Feature","geometry":{"type":"Polygon","coordinates":[[[83.46552,44.03564],[83.40854,44.16772],[83.52815,44.41114],[83.7423,44.55203],[83.79272,44.75598],[83.68024,44.8768],[83.4423,44.98129],[83.14736,45.01596],[82.67885,45.15271],[82.57989,45.2184],[82.29136,45.24684],[81.91785,45.2326],[81.78487,45.38278],[81.44643,45.26457],[81.13127,45.21967],[80.89577,45.12693],[80.4914,45.12617],[80.38859,45.04322],[80.10929,45.05178],[79.88572,44.90859],[79.9971,44.79307],[80.18559,44.82489],[80.63382,44.73055],[80.75173,44.60962],[81.20845,44.46203],[81.43852,44.44773],[81.74206,44.34636],[82.16458,44.26242],[82.87513,44.06364],[83.24039,44.07176],[83.46552,44.03564]],[[82.23176,44.82523],[82.35312,44.90076],[82.63124,44.93193],[82.7343,44.83054],[82.59378,44.72217],[82.23176,44.82523]]]},"properties":{"ct_adcode":"652700","ct_name":"博尔塔拉蒙古自治州","pr_adcode":"650000","pr_name":"新疆维吾尔自治区"}},
{"type":"Feature","geometry":{"type":"Polygon","coordinates":[[[91.9092,41.27028],[91.43886,41.19636],[91.09068,41.24993],[90.77899,41.22452],[90.10639,41.25143],[89.95825,41.35623],[89.20133,41.35989],[88.73264,41.47369],[88.44244,41.46652],[88.34736,41.53734],[88.33905,41.76657],[88.13569,42.00265],[87.99474,42.06851],[87.89548,42.24754],[88.11921,42.36981],[88.16305,42.54641],[87.91044,42.65819],[87.84195,42.75296],[87.54121,42.77648],[87.53177,42.92202],[87.26719,43.03081],[87.0516,43.0214],[86.79531,43.11104],[86.48376,43.14063],[86.16342,43.30514],[86.09085,43.40273],[85.78256,43.44932],[85.59498,43.52949],[85.3544,43.4802],[85.05338,43.56234],[84.94826,43.48297],[84.79341,43.4636],[84.52979,43.29145],[84.54654,43.15733],[84.27712,43.1735],[83.71015,43.13603],[83.62488,43.07941],[83.1323,42.99062],[82.88985,42.99115],[82.46731,42.83333],[82.63541,42.59662],[82.9559,42.6293],[83.07515,42.55222],[83.22468,42.58245],[83.48447,42.46856],[83.71098,42.5395],[83.93356,42.52235],[83.87765,42.26072],[83.98496,41.93196],[83.89801,41.59658],[84.0124,41.44419],[84.06969,40.84937],[84.0068,40.03721],[83.94934,39.95603],[83.41168,39.48267],[83.39182,39.32105],[83.38346,38.38803],[83.81655,38.04815],[83.93602,37.83228],[83.98738,37.61289],[83.97019,37.40446],[83.78847,37.25027],[83.85859,37.07187],[83.81827,36.96363],[83.91181,36.76741],[84.16319,36.69482],[84.34075,36.55504],[84.36089,36.31161],[84.53546,36.26996],[84.67906,36.14353],[84.84273,36.09969],[84.91548,35.77518],[84.98409,35.72579],[85.26887,35.7894],[85.36722,35.70647],[85.61062,35.65253],[85.65101,35.73202],[85.94693,35.77964],[86.06798,35.86113],[86.19673,36.03256],[86.18852,36.13318],[86.39039,36.20734],[87.14664,36.29776],[87.42543,36.42528],[87.56797,36.34301],[87.72923,36.38534],[88.46806,36.48253],[88.78074,36.29232],[88.8365,36.35414],[89.30229,36.22931],[89.70929,36.09368],[89.91131,36.08006],[90.02563,36.26024],[90.23499,36.16103],[90.66162,36.13452],[90.85108,36.01776],[91.10307,36.15697],[91.02483,36.32402],[91.00987,36.5401],[90.73951,36.58616],[90.72092,36.79839],[90.87234,36.92078],[90.98236,36.91382],[91.1319,37.00758],[91.3095,37.01509],[91.27872,37.1637],[91.19056,37.20432],[91.09373,37.45174],[90.93579,37.50231],[90.77461,37.65034],[90.51812,37.73102],[90.52942,38.31966],[90.279,38.23795],[90.13567,38.34032],[90.1287,38.49387],[90.46187,38.51992],[90.7231,38.65796],[91.30609,38.75074],[91.44466,38.81307],[91.77755,38.86181],[91.98912,38.93832],[92.40937,39.038],[92.33873,39.23747],[92.5244,39.36816],[92.63886,39.51385],[92.74431,39.86758],[92.79531,40.15319],[92.9058,40.3101],[92.92733,40.57202],[93.75927,40.66398],[93.8085,40.87838],[93.55545,40.95649],[93.19925,40.98978],[92.86198,41.11187],[92.53747,41.11898],[92.06846,41.2627],[91.9092,41.27028]],[[85.50474,41.89628],[85.75188,41.85149],[85.70304,41.7446],[85.35475,41.74584],[85.50474,41.89628]]]},"properties":{"ct_adcode":"652800","ct_name":"巴音郭楞蒙古自治州","pr_adcode":"650000","pr_name":"新疆维吾尔自治区"}},
{"type":"Feature","geometry":{"type":"Polygon","coordinates":[[[83.41168,39.48267],[83.94934,39.95603],[84.0068,40.03721],[84.06969,40.84937],[84.0124,41.44419],[83.89801,41.59658],[83.98496,41.93196],[83.87765,42.26072],[83.93356,42.52235],[83.71098,42.5395],[83.48447,42.46856],[83.22468,42.58245],[83.07515,42.55222],[82.9559,42.6293],[82.63541,42.59662],[82.404,42.55024],[81.95708,42.40111],[81.19267,42.34232],[80.52977,42.35992],[80.2819,42.31948],[80.08731,42.0461],[79.85066,42.01428],[79.77431,41.89136],[79.32352,41.80815],[79.2166,41.72522],[78.95569,41.65046],[78.38926,41.40696],[78.7289,41.16484],[78.8242,40.99401],[78.82268,40.87699],[78.56854,40.76568],[78.52144,40.55213],[78.20282,40.41983],[78.02676,40.11842],[78.09006,40.06023],[78.36255,40.00911],[78.90176,40.25684],[79.49495,40.21133],[79.83958,40.13103],[79.85951,39.95583],[79.76215,39.62252],[80.15997,39.46357],[81.05955,39.4829],[81.95333,39.48344],[83.41168,39.48267]],[[79.94828,40.44801],[80.20554,40.43743],[80.23781,40.28905],[79.90069,40.28883],[79.72461,40.40335],[79.77205,40.66336],[79.99825,40.77891],[80.08281,40.68885],[79.88568,40.51646],[79.94828,40.44801]],[[80.59006,40.61826],[80.72369,40.70082],[80.86522,40.65854],[81.13796,40.69814],[81.86089,40.94338],[81.74065,40.73233],[81.94206,40.49391],[81.75728,40.43733],[81.27824,40.43537],[81.20776,40.39675],[80.90571,40.4201],[80.59006,40.61826]],[[80.78044,41.22006],[80.74361,41.45275],[81.0139,41.28386],[80.78044,41.22006]]]},"properties":{"ct_adcode":"652900","ct_name":"阿克苏地区","pr_adcode":"650000","pr_name":"新疆维吾尔自治区"}},
{"type":"Feature","geometry":{"type":"Polygon","coordinates":[[[78.36255,40.00911],[78.09006,40.06023],[78.02676,40.11842],[78.20282,40.41983],[78.52144,40.55213],[78.56854,40.76568],[78.82268,40.87699],[78.8242,40.99401],[78.7289,41.16484],[78.38926,41.40696],[78.1613,41.38217],[78.12652,41.22709],[77.82972,41.14937],[77.77782,41.02222],[77.16631,41.00821],[76.9814,41.06567],[76.75919,40.95326],[76.64404,40.7597],[76.65463,40.62002],[76.50627,40.42916],[76.26321,40.42815],[75.98348,40.38158],[75.7059,40.28061],[75.73125,40.46711],[75.56561,40.65673],[75.2393,40.44846],[75.09946,40.43933],[74.81641,40.50554],[74.67076,40.27847],[74.35362,40.08886],[74.26036,40.12479],[74.02037,40.08472],[73.84229,39.83104],[73.95066,39.60012],[73.86518,39.48281],[73.60761,39.46583],[73.50321,39.38044],[73.7397,39.02937],[73.69617,38.85786],[73.80573,38.63454],[73.92327,38.53642],[74.08327,38.54787],[74.14498,38.67688],[74.50372,38.6378],[74.86003,38.4844],[74.80403,38.28585],[74.97993,38.2433],[75.10307,38.27631],[75.36508,38.12428],[75.45887,37.93693],[75.66413,37.87566],[75.89084,37.89465],[75.79061,37.73461],[76.02698,37.73229],[76.32433,37.81558],[76.46508,37.9118],[76.59779,38.21994],[76.60231,38.41498],[76.45265,38.49791],[76.40014,38.60621],[76.17582,38.61254],[75.75605,38.94714],[75.92658,39.03899],[76.138,39.03953],[75.94963,39.27359],[75.70404,39.12732],[75.75071,38.99419],[75.56274,38.97152],[75.57973,39.20968],[75.34676,39.1443],[75.31099,39.45557],[75.35749,39.65355],[75.58645,39.66605],[75.85256,39.58566],[76.21311,39.62499],[76.5504,39.58885],[76.82652,39.79468],[77.05168,39.86215],[77.50911,39.87818],[77.79553,39.98656],[78.07118,39.97067],[78.36255,40.00911]]]},"properties":{"ct_adcode":"653000","ct_name":"克孜勒苏柯尔克孜自治州","pr_adcode":"650000","pr_name":"新疆维吾尔自治区"}},
{"type":"Feature","geometry":{"type":"Polygon","coordinates":[[[78.36255,40.00911],[78.07118,39.97067],[77.79553,39.98656],[77.50911,39.87818],[77.05168,39.86215],[76.82652,39.79468],[76.5504,39.58885],[76.21311,39.62499],[75.85256,39.58566],[75.58645,39.66605],[75.35749,39.65355],[75.31099,39.45557],[75.34676,39.1443],[75.57973,39.20968],[75.56274,38.97152],[75.75071,38.99419],[75.70404,39.12732],[75.94963,39.27359],[76.138,39.03953],[75.92658,39.03899],[75.75605,38.94714],[76.17582,38.61254],[76.40014,38.60621],[76.45265,38.49791],[76.60231,38.41498],[76.59779,38.21994],[76.46508,37.9118],[76.32433,37.81558],[76.02698,37.73229],[75.79061,37.73461],[75.89084,37.89465],[75.66413,37.87566],[75.45887,37.93693],[75.36508,38.12428],[75.10307,38.27631],[74.97993,38.2433],[74.80403,38.28585],[74.81892,38.10329],[75.00361,37.77109],[74.88956,37.66847],[74.92819,37.57205],[75.07537,37.51094],[75.12262,37.32223],[74.81328,37.21676],[74.72457,37.28304],[74.50839,37.24017],[74.46213,37.14706],[74.56561,37.03322],[74.92473,36.9785],[75.06016,37.00638],[75.41033,36.95477],[75.42248,36.7791],[75.7208,36.75112],[75.86901,36.66692],[76.03185,36.40973],[76.05228,36.25334],[75.95512,36.05927],[76.10109,36.01938],[76.1574,35.82516],[76.363,35.82487],[76.54636,35.92008],[76.59116,35.77304],[76.75866,35.65674],[77.00627,35.61159],[77.39423,35.46863],[77.68803,35.44926],[77.81411,35.51953],[77.90867,35.96643],[77.74003,36.03991],[77.85234,36.1833],[77.60765,36.36057],[77.57674,36.44969],[77.4224,36.49258],[77.63261,36.69507],[77.48993,36.79338],[77.5163,36.93074],[77.63992,36.97641],[77.67869,37.12882],[77.59788,37.3015],[77.69748,37.58876],[78.03525,37.99591],[78.50479,38.42265],[79.24736,38.79965],[79.38795,38.83009],[79.56466,38.78454],[79.61406,38.91927],[79.76215,39.62252],[79.85951,39.95583],[79.83958,40.13103],[79.49495,40.21133],[78.90176,40.25684],[78.36255,40.00911]],[[79.19664,40.05679],[79.4802,40.09715],[79.60419,39.91319],[79.53333,39.86255],[79.27631,39.87721],[79.23804,39.73263],[78.99803,39.6247],[78.88343,39.71055],[79.02824,40.03318],[79.19664,40.05679]]]},"properties":{"ct_adcode":"653100","ct_name":"喀什地区","pr_adcode":"650000","pr_name":"新疆维吾尔自治区"}},
{"type":"Feature","geometry":{"type":"Polygon","coordinates":[[[79.03733,34.33632],[79.0088,34.40166],[79.7992,34.48076],[79.89659,34.73372],[80.11591,35.06722],[80.32857,35.24062],[80.30238,35.38064],[80.59804,35.41078],[80.68719,35.34002],[81.01312,35.31261],[81.44028,35.33329],[81.5106,35.236],[81.92549,35.27234],[82.02673,35.42677],[82.32537,35.56013],[82.40595,35.70004],[82.96478,35.66823],[82.9963,35.48534],[83.12378,35.39924],[83.44594,35.38285],[83.53906,35.34264],[83.8827,35.36848],[84.04917,35.41666],[84.15899,35.35977],[84.45067,35.47401],[84.44648,35.55097],[84.76025,35.62526],[84.98409,35.72579],[84.91548,35.77518],[84.84273,36.09969],[84.67906,36.14353],[84.53546,36.26996],[84.36089,36.31161],[84.34075,36.55504],[84.16319,36.69482],[83.91181,36.76741],[83.81827,36.96363],[83.85859,37.07187],[83.78847,37.25027],[83.97019,37.40446],[83.98738,37.61289],[83.93602,37.83228],[83.81655,38.04815],[83.38346,38.38803],[83.39182,39.32105],[83.41168,39.48267],[81.95333,39.48344],[81.05955,39.4829],[80.15997,39.46357],[79.76215,39.62252],[79.61406,38.91927],[79.56466,38.78454],[79.38795,38.83009],[79.24736,38.79965],[78.50479,38.42265],[78.03525,37.99591],[77.69748,37.58876],[77.59788,37.3015],[77.67869,37.12882],[77.63992,36.97641],[77.5163,36.93074],[77.48993,36.79338],[77.63261,36.69507],[77.4224,36.49258],[77.57674,36.44969],[77.60765,36.36057],[77.85234,36.1833],[77.74003,36.03991],[77.90867,35.96643],[77.81411,35.51953],[78.01094,35.3668],[78.0601,35.11568],[78.23535,34.88391],[78.2109,34.71958],[78.2787,34.62485],[78.7065,34.52395],[78.90912,34.36034],[79.03733,34.33632]],[[78.348,37.66361],[78.54282,37.79123],[78.54117,37.57448],[78.348,37.66361]],[[79.24895,37.19712],[79.24773,37.41495],[79.37477,37.41629],[79.37214,37.17308],[79.24895,37.19712]]]},"properties":{"ct_adcode":"653200","ct_name":"和田地区","pr_adcode":"650000","pr_name":"新疆维吾尔自治区"}},
{"type":"Feature","geometry":{"type":"MultiPolygon","coordinates":[[[[82.63541,42.59662],[82.46731,42.83333],[82.88985,42.99115],[83.1323,42.99062],[83.62488,43.07941],[83.71015,43.13603],[84.27712,43.1735],[84.54654,43.15733],[84.52979,43.29145],[84.79341,43.4636],[84.94826,43.48297],[84.78421,43.64047],[84.59543,43.66826],[84.55083,43.74975],[84.28507,43.72991],[83.89944,43.94571],[83.75098,43.94323],[83.46552,44.03564],[83.24039,44.07176],[82.87513,44.06364],[82.16458,44.26242],[81.74206,44.34636],[81.43852,44.44773],[81.20845,44.46203],[80.75173,44.60962],[80.63382,44.73055],[80.18559,44.82489],[80.2186,44.73244],[80.39745,44.62786],[80.35013,44.46279],[80.4383,44.08262],[80.56477,44.17245],[80.69958,44.13218],[80.77143,43.71822],[80.61359,43.68547],[80.7525,43.49283],[80.79215,43.13607],[80.5913,43.13236],[80.37609,43.03003],[80.48497,42.94759],[80.2852,42.83641],[80.16157,42.62664],[80.2819,42.31948],[80.52977,42.35992],[81.19267,42.34232],[81.95708,42.40111],[82.404,42.55024],[82.63541,42.59662]]],[[[84.77561,44.38989],[85.11039,44.34255],[85.2384,44.59293],[85.01903,44.64933],[84.8772,44.62773],[84.77561,44.38989]]]]},"properties":{"ct_adcode":"654000","ct_name":"伊犁哈萨克自治州","pr_adcode":"650000","pr_name":"新疆维吾尔自治区"}},
{"type":"Feature","geometry":{"type":"Polygon","coordinates":[[[86.09334,44.12461],[85.98386,44.15595],[85.90978,44.42569],[86.11989,44.44779],[85.95312,44.63774],[85.93966,44.75883],[85.77876,44.92195],[85.6663,44.91843],[85.66422,45.33028],[87.3336,45.32943],[87.33277,46.00409],[87.0339,46.4987],[87.19848,46.7148],[87.20048,46.84858],[87.02649,46.96978],[87.03749,47.11753],[86.57868,47.05112],[86.48326,47.09005],[86.04956,47.03558],[85.95077,47.0771],[85.53736,47.05652],[85.23578,47.05534],[84.95253,46.86035],[84.74533,47.00891],[84.50381,46.97217],[84.19214,47.00254],[84.08322,46.96414],[83.57304,47.05848],[83.36683,47.17743],[83.02397,47.21437],[82.72413,46.4948],[82.51534,46.15313],[82.45831,45.97908],[82.33947,45.9342],[82.27898,45.53796],[82.5439,45.42506],[82.57989,45.2184],[82.67885,45.15271],[83.14736,45.01596],[83.4423,44.98129],[83.68024,44.8768],[83.79272,44.75598],[83.7423,44.55203],[83.52815,44.41114],[83.40854,44.16772],[83.46552,44.03564],[83.75098,43.94323],[83.89944,43.94571],[84.28507,43.72991],[84.55083,43.74975],[84.59543,43.66826],[84.78421,43.64047],[84.94826,43.48297],[85.05338,43.56234],[85.3544,43.4802],[85.59498,43.52949],[85.71687,43.63635],[85.78362,43.83827],[86.09334,44.12461]],[[85.80754,44.45002],[85.6566,44.42221],[85.53196,44.57433],[85.69976,44.60992],[85.80754,44.45002]],[[84.65922,45.10202],[84.57693,45.30992],[84.80079,45.62086],[85.19834,45.80519],[85.28009,46.08998],[85.55488,46.19736],[85.90285,46.1809],[86.02151,46.06702],[85.65677,45.80142],[85.48955,45.51242],[85.23672,45.37454],[85.1991,45.24315],[85.23808,45.01874],[85.04866,44.93074],[85.00771,44.75433],[85.01903,44.64933],[85.2384,44.59293],[85.11039,44.34255],[84.99352,44.30966],[84.91497,44.17837],[84.76621,44.1773],[84.77561,44.38989],[84.8772,44.62773],[84.65641,44.75347],[84.65922,45.10202]]]},"properties":{"ct_adcode":"654200","ct_name":"塔城地区","pr_adcode":"650000","pr_name":"新疆维吾尔自治区"}},
{"type":"Feature","geometry":{"type":"Polygon","coordinates":[[[90.66963,45.48663],[90.71303,45.72782],[91.02635,46.02199],[90.89891,46.31149],[91.07705,46.55768],[91.05201,46.71628],[90.89989,46.95986],[90.76538,46.99144],[90.48631,47.31596],[90.46605,47.49629],[90.3292,47.68011],[90.13248,47.72176],[90.08413,47.86427],[89.75942,47.83453],[89.56616,48.03679],[89.08515,47.98523],[88.93597,48.11447],[88.66558,48.17035],[88.50082,48.41203],[88.19348,48.49295],[87.95846,48.59859],[88.08601,48.69374],[87.82321,48.8001],[87.75649,48.92505],[87.88006,49.02303],[87.81761,49.17291],[87.38523,49.09691],[87.10915,49.15445],[86.8863,49.13181],[86.7297,48.9945],[86.77814,48.73402],[86.58316,48.54144],[86.22329,48.43145],[85.85588,48.43176],[85.7091,48.36057],[85.54878,48.12698],[85.61503,47.54976],[85.69868,47.38321],[85.67965,47.22174],[85.53736,47.05652],[85.95077,47.0771],[86.04956,47.03558],[86.48326,47.09005],[86.57868,47.05112],[87.03749,47.11753],[87.02649,46.96978],[87.20048,46.84858],[87.19848,46.7148],[87.0339,46.4987],[87.33277,46.00409],[87.3336,45.32943],[87.33305,45.0008],[88.00135,45.00097],[89.50119,45.00082],[90.23612,45.00066],[90.29018,45.17618],[90.49307,45.41916],[90.66963,45.48663]],[[87.55108,47.35269],[88.03488,47.31316],[88.33953,47.17309],[88.17354,47.11368],[87.73983,47.20376],[87.55108,47.35269]]]},"properties":{"ct_adcode":"654300","ct_name":"阿勒泰地区","pr_adcode":"650000","pr_name":"新疆维吾尔自治区"}},
{"type":"Feature","geometry":{"type":"MultiPolygon","coordinates":[[[[86.09334,44.12461],[86.11989,44.44779],[85.90978,44.42569],[85.98386,44.15595],[86.09334,44.12461]]],[[[85.80754,44.45002],[85.69976,44.60992],[85.53196,44.57433],[85.6566,44.42221],[85.80754,44.45002]]]]},"properties":{"ct_adcode":"659001","ct_name":"石河子市","pr_adcode":"650000","pr_name":"新疆维吾尔自治区"}},
{"type":"Feature","geometry":{"type":"MultiPolygon","coordinates":[[[[79.94828,40.44801],[79.88568,40.51646],[80.08281,40.68885],[79.99825,40.77891],[79.77205,40.66336],[79.72461,40.40335],[79.90069,40.28883],[80.23781,40.28905],[80.20554,40.43743],[79.94828,40.44801]]],[[[80.59006,40.61826],[80.90571,40.4201],[81.20776,40.39675],[81.27824,40.43537],[81.75728,40.43733],[81.94206,40.49391],[81.74065,40.73233],[81.86089,40.94338],[81.13796,40.69814],[80.86522,40.65854],[80.72369,40.70082],[80.59006,40.61826]]],[[[80.78044,41.22006],[81.0139,41.28386],[80.74361,41.45275],[80.78044,41.22006]]]]},"properties":{"ct_adcode":"659002","ct_name":"阿拉尔市","pr_adcode":"650000","pr_name":"新疆维吾尔自治区"}},
{"type":"Feature","geometry":{"type":"Polygon","coordinates":[[[79.19664,40.05679],[79.02824,40.03318],[78.88343,39.71055],[78.99803,39.6247],[79.23804,39.73263],[79.27631,39.87721],[79.53333,39.86255],[79.60419,39.91319],[79.4802,40.09715],[79.19664,40.05679]]]},"properties":{"ct_adcode":"659003","ct_name":"图木舒克市","pr_adcode":"650000","pr_name":"新疆维吾尔自治区"}},
{"type":"Feature","geometry":{"type":"Polygon","coordinates":[[[87.58819,44.53252],[87.40657,44.53919],[87.42893,44.34446],[87.52039,44.22619],[87.50148,44.06524],[87.58124,44.23845],[87.7131,44.35581],[87.58819,44.53252]]]},"properties":{"ct_adcode":"659004","ct_name":"五家渠市","pr_adcode":"650000","pr_name":"新疆维吾尔自治区"}},
{"type":"Feature","geometry":{"type":"Polygon","coordinates":[[[87.55108,47.35269],[87.73983,47.20376],[88.17354,47.11368],[88.33953,47.17309],[88.03488,47.31316],[87.55108,47.35269]]]},"properties":{"ct_adcode":"659005","ct_name":"北屯市","pr_adcode":"650000","pr_name":"新疆维吾尔自治区"}},
{"type":"Feature","geometry":{"type":"Polygon","coordinates":[[[85.50474,41.89628],[85.35475,41.74584],[85.70304,41.7446],[85.75188,41.85149],[85.50474,41.89628]]]},"properties":{"ct_adcode":"659006","ct_name":"铁门关市","pr_adcode":"650000","pr_name":"新疆维吾尔自治区"}},
{"type":"Feature","geometry":{"type":"Polygon","coordinates":[[[82.23176,44.82523],[82.59378,44.72217],[82.7343,44.83054],[82.63124,44.93193],[82.35312,44.90076],[82.23176,44.82523]]]},"properties":{"ct_adcode":"659007","ct_name":"双河市","pr_adcode":"650000","pr_name":"新疆维吾尔自治区"}},
{"type":"Feature","geometry":{"type":"Polygon","coordinates":[[[80.61359,43.68547],[80.77143,43.71822],[80.69958,44.13218],[80.56477,44.17245],[80.4383,44.08262],[80.51985,43.81545],[80.61359,43.68547]]]},"properties":{"ct_adcode":"659008","ct_name":"可克达拉市","pr_adcode":"650000","pr_name":"新疆维吾尔自治区"}},
{"type":"Feature","geometry":{"type":"MultiPolygon","coordinates":[[[[79.24895,37.19712],[79.37214,37.17308],[79.37477,37.41629],[79.24773,37.41495],[79.24895,37.19712]]],[[[78.348,37.66361],[78.54117,37.57448],[78.54282,37.79123],[78.348,37.66361]]]]},"properties":{"ct_adcode":"659009","ct_name":"昆玉市","pr_adcode":"650000","pr_name":"新疆维吾尔自治区"}},
{"type":"Feature","geometry":{"type":"Polygon","coordinates":[[[84.65922,45.10202],[84.65641,44.75347],[84.8772,44.62773],[85.01903,44.64933],[85.00771,44.75433],[84.78925,44.85544],[84.65922,45.10202]]]},"properties":{"ct_adcode":"659010","ct_name":"胡杨河市","pr_adcode":"650000","pr_name":"新疆维吾尔自治区"}},
{"type":"Feature","geometry":{"type":"Polygon","coordinates":[[[93.94476,42.61616],[93.76094,42.65613],[93.83812,42.80589],[93.6485,42.76354],[93.66859,42.63191],[93.83221,42.54014],[93.94476,42.61616]]]},"properties":{"ct_adcode":"659011","ct_name":"新星市","pr_adcode":"650000","pr_name":"新疆维吾尔自治区"}},
{"type":"Feature","geometry":{"type":"Polygon","coordinates":[[[120.25663,22.59507],[120.29327,22.53412],[120.56631,22.36471],[120.63694,22.24431],[120.64787,22.036],[120.6979,21.92978],[120.86936,21.90019],[120.9114,22.30569],[121.02942,22.65342],[121.16664,22.72582],[121.32077,22.9483],[121.47562,23.32478],[121.61794,23.92353],[121.64014,24.10056],[121.80537,24.34189],[121.88887,24.62092],[121.84131,24.83917],[122.00836,25.0042],[121.91344,25.14083],[121.74662,25.16347],[121.61926,25.29761],[121.44029,25.27321],[121.36772,25.16247],[121.0207,25.0432],[120.81998,24.69121],[120.68488,24.60358],[120.3879,24.12076],[120.24175,23.84312],[120.09845,23.70334],[120.10356,23.34364],[120.01901,23.11024],[120.13052,22.99653],[120.25663,22.59507]]]},"properties":{"ct_adcode":"710000","ct_name":"台湾省","pr_adcode":"710000","pr_name":"台湾省"}},
{"type":"Feature","geometry":{"type":"Polygon","coordinates":[[[114.22772,22.5429],[114.02681,22.50693],[113.83798,22.22957],[114.25318,22.22626],[114.28385,22.3928],[114.22772,22.5429]]]},"properties":{"ct_adcode":"810000","ct_name":"香港特别行政区","pr_adcode":"810000","pr_name":"香港特别行政区"}},
{"type":"Feature","geometry":{"type":"Polygon","coordinates":[[[113.55381,22.21534],[113.54936,22.11023],[113.59886,22.13584],[113.55381,22.21534]]]},"properties":{"ct_adcode":"820000","ct_name":"澳门特别行政区","pr_adcode":"820000","pr_name":"澳门特别行政区"}}
]}