{"type":"FeatureCollection", "features": [
{"type":"Feature","geometry":{"type":"Polygon","coordinates":[[[116.90005,39.68689],[116.93332,39.78029],[116.77862,39.89021],[116.77544,40.0336],[117.20336,40.08096],[117.34973,40.13952],[117.38332,40.22652],[117.28875,40.2772],[117.22261,40.38553],[117.20209,40.49971],[117.24309,40.54681],[117.42184,40.62601],[117.40246,40.68564],[117.27974,40.65948],[117.20189,40.69293],[116.99918,40.6934],[116.85039,40.8336],[116.7072,40.90884],[116.67185,40.9694],[116.44921,40.97867],[116.47134,40.90006],[116.32818,40.90293],[116.45095,40.79665],[116.21417,40.74318],[116.06708,40.61058],[115.89986,40.61478],[115.74237,40.52476],[115.76456,40.44586],[115.85839,40.35822],[115.91232,40.35281],[115.95398,40.25554],[115.86429,40.18501],[115.72785,40.12817],[115.59303,40.11899],[115.44801,40.02836],[115.41718,39.95432],[115.51676,39.89777],[115.47996,39.74042],[115.50042,39.65096],[115.56615,39.59045],[115.67918,39.60259],[115.74631,39.51431],[116.00152,39.57604],[116.23465,39.56292],[116.23984,39.51373],[116.32842,39.45579],[116.59437,39.61865],[116.80638,39.61477],[116.90005,39.68689]]]},"properties":{"pr_adcode":"110000","pr_name":"北京市"}},
{"type":"Feature","geometry":{"type":"Polygon","coordinates":[[[118.02857,39.21744],[117.96594,39.31353],[117.84187,39.33119],[117.86423,39.45393],[117.92399,39.57711],[117.79563,39.60059],[117.69953,39.57533],[117.66128,39.66046],[117.59626,39.70432],[117.50099,39.90781],[117.54103,39.97572],[117.78733,39.99326],[117.7452,40.08074],[117.57013,40.17751],[117.56537,40.21814],[117.4436,40.25105],[117.38332,40.22652],[117.34973,40.13952],[117.20336,40.08096],[117.14419,39.94276],[117.17125,39.64432],[117.11939,39.61641],[116.90005,39.68689],[116.80638,39.61477],[116.78101,39.5506],[116.83222,39.40941],[116.82276,39.33959],[116.91828,39.11857],[116.8546,39.04977],[116.75064,39.04938],[116.70225,38.93103],[116.74008,38.85065],[116.73964,38.75545],[116.85329,38.74069],[116.8715,38.68013],[117.03607,38.70564],[117.06524,38.6065],[117.21889,38.64312],[117.24698,38.55547],[117.3626,38.5639],[117.47254,38.61644],[117.63295,38.62614],[117.72281,38.67932],[117.73499,38.75316],[117.63998,38.82843],[117.84128,38.8549],[117.83124,39.05616],[117.86558,39.12174],[118.02857,39.21744]],[[117.77711,39.38538],[117.73826,39.35347],[117.52997,39.33702],[117.56934,39.40323],[117.73094,39.40941],[117.77711,39.38538]]]},"properties":{"pr_adcode":"120000","pr_name":"天津市"}},
{"type":"Feature","geometry":{"type":"MultiPolygon","coordinates":[[[[114.12793,40.7357],[114.20249,40.62702],[114.27647,40.58946],[114.26074,40.47294],[114.30793,40.36831],[114.44,40.37149],[114.52439,40.34396],[114.46348,40.26675],[114.22941,40.19712],[114.06126,40.17844],[114.09494,40.09847],[114.0146,39.99058],[114.06102,39.92098],[114.2093,39.86085],[114.38889,39.86587],[114.40162,39.65063],[114.42518,39.61274],[114.56293,39.57298],[114.42803,39.31476],[114.46855,39.21818],[114.38173,39.17586],[114.34232,39.07545],[114.10207,39.05121],[114.0442,39.13483],[113.89168,39.06694],[113.76088,38.95883],[113.76956,38.88489],[113.84913,38.82835],[113.76903,38.70917],[113.60639,38.64555],[113.5555,38.55784],[113.57701,38.46553],[113.51879,38.38247],[113.53827,38.27001],[113.75,38.17106],[113.86711,38.05768],[113.95299,37.90576],[113.96395,37.83337],[114.12183,37.69731],[114.1119,37.58974],[114.03039,37.49343],[113.95367,37.34847],[113.89604,37.30953],[113.82564,37.16707],[113.75171,37.07517],[113.78647,36.8944],[113.69055,36.882],[113.64946,36.78556],[113.49282,36.74033],[113.48028,36.63499],[113.58189,36.56277],[113.54814,36.49124],[113.70201,36.42331],[113.7251,36.36333],[113.81201,36.33116],[113.87588,36.35398],[114.02462,36.35061],[114.06541,36.27167],[114.20462,36.27269],[114.46021,36.19759],[114.62197,36.12353],[114.74298,36.15084],[114.85304,36.14445],[114.94893,36.06795],[115.03995,36.1121],[115.04247,36.1619],[115.13682,36.20949],[115.23624,36.19121],[115.30206,36.09068],[115.4776,36.14888],[115.47053,36.24638],[115.36262,36.34238],[115.2769,36.47828],[115.32825,36.58221],[115.44056,36.69423],[115.4727,36.75896],[115.65924,36.81225],[115.76279,36.91539],[115.77036,36.99096],[115.85933,37.07045],[115.95055,37.23466],[115.98239,37.34125],[116.27715,37.40059],[116.31488,37.57068],[116.4282,37.47245],[116.74798,37.76976],[116.78877,37.84625],[117.02109,37.83155],[117.43219,37.85294],[117.50663,37.94273],[117.55884,38.06309],[117.69836,38.07537],[117.80243,38.22774],[117.88975,38.30112],[117.93153,38.38721],[117.77502,38.37315],[117.64181,38.50815],[117.63295,38.62614],[117.47254,38.61644],[117.3626,38.5639],[117.24698,38.55547],[117.21889,38.64312],[117.06524,38.6065],[117.03607,38.70564],[116.8715,38.68013],[116.85329,38.74069],[116.73964,38.75545],[116.74008,38.85065],[116.70225,38.93103],[116.75064,39.04938],[116.8546,39.04977],[116.91828,39.11857],[116.82276,39.33959],[116.83222,39.40941],[116.78101,39.5506],[116.80638,39.61477],[116.59437,39.61865],[116.32842,39.45579],[116.23984,39.51373],[116.23465,39.56292],[116.00152,39.57604],[115.74631,39.51431],[115.67918,39.60259],[115.56615,39.59045],[115.50042,39.65096],[115.47996,39.74042],[115.51676,39.89777],[115.41718,39.95432],[115.44801,40.02836],[115.59303,40.11899],[115.72785,40.12817],[115.86429,40.18501],[115.95398,40.25554],[115.91232,40.35281],[115.85839,40.35822],[115.76456,40.44586],[115.74237,40.52476],[115.89986,40.61478],[116.06708,40.61058],[116.21417,40.74318],[116.45095,40.79665],[116.32818,40.90293],[116.47134,40.90006],[116.44921,40.97867],[116.67185,40.9694],[116.7072,40.90884],[116.85039,40.8336],[116.99918,40.6934],[117.20189,40.69293],[117.27974,40.65948],[117.40246,40.68564],[117.42184,40.62601],[117.24309,40.54681],[117.20209,40.49971],[117.22261,40.38553],[117.28875,40.2772],[117.38332,40.22652],[117.4436,40.25105],[117.56537,40.21814],[117.57013,40.17751],[117.7452,40.08074],[117.78733,39.99326],[117.54103,39.97572],[117.50099,39.90781],[117.59626,39.70432],[117.66128,39.66046],[117.69953,39.57533],[117.79563,39.60059],[117.92399,39.57711],[117.86423,39.45393],[117.84187,39.33119],[117.96594,39.31353],[118.02857,39.21744],[118.11893,39.18154],[118.21889,39.03383],[118.31313,39.00852],[118.48503,38.90813],[118.59873,38.97074],[118.52697,39.09015],[118.63153,39.15651],[118.75475,39.13246],[118.85208,39.16195],[118.92053,39.12264],[119.08978,39.24069],[119.17941,39.3408],[119.26669,39.36244],[119.3103,39.4359],[119.26394,39.49738],[119.35187,39.72046],[119.53511,39.88692],[119.69197,39.92238],[119.8486,39.98731],[119.84857,40.03112],[119.73077,40.10356],[119.74001,40.20665],[119.66043,40.23805],[119.59228,40.33302],[119.59908,40.45381],[119.52824,40.55286],[119.29592,40.52884],[119.21576,40.56557],[119.10865,40.66486],[119.00508,40.68603],[118.84019,40.82062],[118.96372,41.07483],[119.03115,41.06545],[119.1725,41.17583],[119.23311,41.31251],[119.19431,41.28028],[118.88467,41.29892],[118.76375,41.35103],[118.34265,41.34064],[118.34218,41.42616],[118.26576,41.46922],[118.30683,41.55934],[118.22409,41.58007],[118.12396,41.73999],[118.15926,41.81104],[118.28585,41.7707],[118.33368,41.87023],[118.29077,42.04664],[118.22013,42.08813],[118.09096,42.10282],[118.09952,42.16968],[117.97092,42.22788],[118.04068,42.27838],[118.01772,42.3827],[117.86758,42.50826],[117.77315,42.6165],[117.66068,42.58047],[117.59371,42.60107],[117.43275,42.58307],[117.40579,42.47024],[117.28007,42.47777],[117.00986,42.4541],[116.88058,42.36472],[116.91228,42.228],[116.84395,42.15439],[116.87341,42.01647],[116.62874,41.928],[116.4474,41.94376],[116.36723,42.0077],[116.22708,41.93934],[116.12819,41.86161],[116.09211,41.77422],[116.01022,41.77496],[115.91019,41.94324],[115.72138,41.88636],[115.52712,41.76975],[115.3403,41.71015],[115.3708,41.60028],[115.19762,41.56934],[115.13569,41.61387],[115.04927,41.6001],[114.88937,41.63456],[114.91609,41.82328],[114.9108,41.97841],[114.81906,42.13788],[114.74838,42.11372],[114.50442,42.10891],[114.45938,42.03585],[114.50277,41.97049],[114.37405,41.95495],[114.19621,41.79136],[114.2087,41.68302],[114.2527,41.62135],[114.22436,41.51169],[114.09422,41.53558],[113.97081,41.50475],[113.86448,41.41157],[113.93565,41.38532],[113.90796,41.2927],[114.00028,41.24894],[113.91381,41.17042],[113.86181,41.06734],[114.03437,40.92992],[114.03794,40.82949],[114.12793,40.7357]]],[[[117.77711,39.38538],[117.73094,39.40941],[117.56934,39.40323],[117.52997,39.33702],[117.73826,39.35347],[117.77711,39.38538]]],[[[117.20336,40.08096],[116.77544,40.0336],[116.77862,39.89021],[116.93332,39.78029],[116.90005,39.68689],[117.11939,39.61641],[117.17125,39.64432],[117.14419,39.94276],[117.20336,40.08096]]]]},"properties":{"pr_adcode":"130000","pr_name":"河北省"}},
{"type":"Feature","geometry":{"type":"Polygon","coordinates":[[[114.12793,40.7357],[114.05725,40.70556],[114.07333,40.54628],[113.96352,40.52103],[113.84436,40.45948],[113.78388,40.50126],[113.55309,40.34755],[113.30892,40.31886],[113.24075,40.41176],[112.89205,40.32831],[112.83835,40.20286],[112.74394,40.16687],[112.62336,40.23478],[112.44922,40.29875],[112.30637,40.25503],[112.02824,39.85317],[111.9639,39.7954],[111.92544,39.61128],[111.78092,39.58864],[111.63998,39.64334],[111.49522,39.66199],[111.43648,39.64043],[111.41563,39.54088],[111.33052,39.41983],[111.16562,39.42227],[111.11776,39.36607],[111.22067,39.28342],[111.13178,39.06331],[110.97389,38.9716],[111.0039,38.8409],[110.87498,38.62652],[110.90361,38.56279],[110.86847,38.4533],[110.77173,38.44034],[110.74443,38.36896],[110.66292,38.31324],[110.57194,38.29686],[110.56173,38.21716],[110.50218,38.18437],[110.49572,38.0384],[110.51689,37.95439],[110.58248,37.9262],[110.67473,37.7895],[110.75304,37.7497],[110.78912,37.56557],[110.73918,37.45014],[110.64264,37.43771],[110.636,37.35968],[110.68403,37.29475],[110.53006,37.11477],[110.42023,37.04026],[110.403,36.89187],[110.43103,36.71094],[110.41665,36.66146],[110.49274,36.57792],[110.49788,36.48813],[110.45436,36.32776],[110.44143,36.16426],[110.50884,35.97585],[110.50625,35.8799],[110.56597,35.80104],[110.60406,35.63257],[110.47211,35.41414],[110.44446,35.32806],[110.36929,35.25231],[110.35923,35.14075],[110.31549,35.00588],[110.22568,34.88164],[110.22432,34.69375],[110.29023,34.6122],[110.3737,34.60157],[110.52795,34.58478],[110.66946,34.5937],[110.74363,34.65341],[110.81883,34.61709],[110.90978,34.7175],[111.11215,34.75743],[111.14243,34.80835],[111.23386,34.79458],[111.33413,34.83218],[111.56481,34.84443],[111.66356,34.9891],[111.92236,35.08291],[112.05577,35.05634],[112.03574,35.20071],[112.05243,35.28023],[112.21104,35.25373],[112.28236,35.21804],[112.38434,35.23913],[112.63124,35.22635],[112.76103,35.20462],[112.81605,35.25864],[112.92359,35.25753],[112.98945,35.36163],[113.12,35.33247],[113.18452,35.43436],[113.29167,35.42764],[113.38515,35.50693],[113.49247,35.53238],[113.57238,35.6339],[113.58064,35.74433],[113.65485,35.83746],[113.64269,35.99433],[113.67951,36.05612],[113.7251,36.36333],[113.70201,36.42331],[113.54814,36.49124],[113.58189,36.56277],[113.48028,36.63499],[113.49282,36.74033],[113.64946,36.78556],[113.69055,36.882],[113.78647,36.8944],[113.75171,37.07517],[113.82564,37.16707],[113.89604,37.30953],[113.95367,37.34847],[114.03039,37.49343],[114.1119,37.58974],[114.12183,37.69731],[113.96395,37.83337],[113.95299,37.90576],[113.86711,38.05768],[113.75,38.17106],[113.53827,38.27001],[113.51879,38.38247],[113.57701,38.46553],[113.5555,38.55784],[113.60639,38.64555],[113.76903,38.70917],[113.84913,38.82835],[113.76956,38.88489],[113.76088,38.95883],[113.89168,39.06694],[114.0442,39.13483],[114.10207,39.05121],[114.34232,39.07545],[114.38173,39.17586],[114.46855,39.21818],[114.42803,39.31476],[114.56293,39.57298],[114.42518,39.61274],[114.40162,39.65063],[114.38889,39.86587],[114.2093,39.86085],[114.06102,39.92098],[114.0146,39.99058],[114.09494,40.09847],[114.06126,40.17844],[114.22941,40.19712],[114.46348,40.26675],[114.52439,40.34396],[114.44,40.37149],[114.30793,40.36831],[114.26074,40.47294],[114.27647,40.58946],[114.20249,40.62702],[114.12793,40.7357]]]},"properties":{"pr_adcode":"140000","pr_name":"山西省"}},
{"type":"Feature","geometry":{"type":"Polygon","coordinates":[[[119.23311,41.31251],[119.31985,41.3273],[119.39832,41.50794],[119.30575,41.64987],[119.31902,41.96867],[119.37837,42.08722],[119.26986,42.1839],[119.27474,42.26057],[119.42524,42.3142],[119.53763,42.30493],[119.61093,42.25066],[119.73839,42.20951],[119.84078,42.21323],[119.83965,42.09524],[119.94492,41.97225],[120.0399,41.80177],[120.12116,41.77028],[120.36774,41.99237],[120.45069,42.014],[120.46085,42.10303],[120.61944,42.15254],[120.73977,42.22133],[120.87847,42.24073],[120.93079,42.27776],[121.04232,42.25778],[121.27825,42.38511],[121.37938,42.47076],[121.58562,42.50036],[121.66014,42.43533],[121.81221,42.50206],[121.90019,42.56894],[121.93503,42.68642],[122.05536,42.72101],[122.13411,42.68776],[122.39031,42.68178],[122.43216,42.76764],[122.35343,42.8336],[122.55849,42.82381],[122.61991,42.77115],[122.72748,42.78357],[122.84361,42.70964],[122.8819,42.76802],[123.0525,42.76667],[123.16399,42.85731],[123.25299,42.99065],[123.46563,43.04023],[123.56883,43.00831],[123.62118,43.07861],[123.70689,43.34413],[123.69761,43.36828],[123.60265,43.36401],[123.48076,43.443],[123.40758,43.42328],[123.30986,43.48952],[123.35038,43.56517],[123.44612,43.54315],[123.5299,43.6294],[123.48617,43.79032],[123.39446,43.97687],[123.32605,44.02607],[123.31735,44.17761],[123.19076,44.34296],[123.12553,44.36017],[123.11852,44.50746],[123.01878,44.49096],[122.85044,44.39646],[122.75486,44.36772],[122.67077,44.28429],[122.47695,44.23481],[122.3137,44.23079],[122.28597,44.30824],[122.28043,44.4758],[122.12572,44.57544],[122.0645,44.87997],[122.1038,45.13989],[122.22429,45.20484],[122.23321,45.27429],[122.14126,45.29343],[122.15124,45.4441],[122.01749,45.48816],[121.96071,45.59425],[121.94333,45.70919],[121.80347,45.68527],[121.6385,45.75068],[121.74815,45.79294],[121.79972,45.89872],[121.80845,46.0201],[122.03402,45.95698],[122.08537,45.87986],[122.19497,45.85489],[122.25829,45.79682],[122.43987,45.91484],[122.48991,45.85626],[122.63491,45.76929],[122.66574,45.69872],[122.78643,45.76428],[122.7464,45.83287],[122.82258,45.91042],[122.78711,46.07134],[123.03933,46.09803],[123.17204,46.24614],[123.00435,46.43395],[123.00088,46.57509],[123.17408,46.61204],[123.35959,46.67573],[123.59602,46.68741],[123.61914,46.84589],[123.36765,46.8355],[123.2245,46.85802],[123.15693,46.73807],[122.99022,46.75969],[122.90098,46.80566],[122.87386,46.89077],[122.79626,46.9354],[122.78925,47.07493],[122.67267,47.09255],[122.54691,47.17365],[122.41174,47.34809],[122.50069,47.39921],[122.58726,47.54508],[122.75866,47.61226],[122.8513,47.67629],[123.15649,47.78023],[123.28227,47.94095],[123.53073,48.01985],[123.73926,48.19547],[124.07464,48.4356],[124.23504,48.51982],[124.3072,48.50176],[124.31189,48.34501],[124.41483,48.24353],[124.41375,48.17882],[124.53663,48.16288],[124.57364,48.30013],[124.51199,48.37589],[124.54876,48.4659],[124.52816,48.56087],[124.61829,48.69836],[124.60725,48.74933],[124.69115,48.84234],[124.8997,49.18202],[125.10994,49.12371],[125.21361,49.18891],[125.21601,49.27669],[125.26999,49.37766],[125.22093,49.48488],[125.2167,49.83383],[125.18241,49.95787],[125.28896,50.00769],[125.27008,50.12467],[125.43566,50.20489],[125.5167,50.40228],[125.6249,50.4425],[125.82194,50.56021],[125.75446,50.75294],[125.88226,50.80354],[126.06062,50.96684],[125.98624,51.1174],[125.85755,51.14443],[125.84922,51.20417],[125.61742,51.37937],[125.57075,51.44961],[125.34354,51.62218],[125.12226,51.6337],[125.03957,51.52793],[124.92135,51.49709],[124.85721,51.3782],[124.77601,51.39065],[124.68605,51.33121],[124.48262,51.37878],[124.39868,51.27031],[124.23171,51.34304],[124.06404,51.31909],[123.88039,51.31947],[123.71913,51.39561],[123.57532,51.29335],[123.2634,51.25389],[123.05172,51.32023],[122.99547,51.31064],[122.84771,51.47628],[122.84938,51.60535],[122.74305,51.7462],[122.71909,51.9774],[122.65802,51.99739],[122.62248,52.13539],[122.76221,52.17837],[122.75385,52.26551],[122.57913,52.26521],[122.33506,52.41262],[122.30335,52.47387],[122.13499,52.49341],[121.94074,52.2972],[121.83416,52.28143],[121.70689,52.31682],[121.63299,52.44319],[121.51156,52.45541],[121.31816,52.57119],[121.17495,52.59786],[121.3654,52.68158],[121.58415,52.82336],[121.70823,52.99645],[121.80761,53.06751],[121.74577,53.14561],[121.65798,53.16894],[121.67157,53.23967],[121.4919,53.33535],[121.32179,53.32088],[121.22702,53.27922],[121.08882,53.30542],[120.81557,53.26848],[120.17997,52.80646],[120.03031,52.7785],[120.02714,52.64491],[120.07247,52.58396],[120.19633,52.58061],[120.43092,52.63857],[120.67742,52.54796],[120.69934,52.48883],[120.62006,52.32407],[120.75449,52.24694],[120.77947,52.15639],[120.6795,52.03827],[120.64964,51.92498],[120.46493,51.87419],[120.35589,51.78838],[120.16494,51.67845],[120.08649,51.6804],[119.97802,51.50336],[119.99491,51.45797],[119.87671,51.30033],[119.753,51.21286],[119.75634,51.09083],[119.59686,50.98668],[119.48333,50.87756],[119.49886,50.7627],[119.37915,50.68142],[119.28849,50.57378],[119.21627,50.42746],[119.3176,50.28269],[119.34295,50.20096],[119.27525,50.10548],[119.12057,50.00702],[118.92168,49.98805],[118.56306,49.92819],[118.47694,49.83814],[118.2278,49.73633],[118.07465,49.61464],[117.86009,49.59114],[117.80162,49.51942],[117.47695,49.63118],[117.27011,49.63461],[117.06098,49.69365],[116.71035,49.84566],[116.04088,48.87154],[116.07041,48.82049],[115.7918,48.51335],[115.81544,48.25767],[115.52182,48.15341],[115.57325,47.92],[115.93196,47.68126],[116.10334,47.80959],[116.25854,47.87473],[116.44545,47.83542],[116.6629,47.88875],[116.87199,47.89208],[117.08698,47.82175],[117.37627,47.639],[117.48586,47.75634],[117.80586,48.01427],[118.00777,48.01003],[118.17054,48.04848],[118.27747,48.0089],[118.56093,47.9903],[118.7659,47.76907],[119.12664,47.66221],[119.14468,47.53831],[119.35835,47.47515],[119.33612,47.42955],[119.70903,47.19362],[119.79979,47.05297],[119.85309,46.91537],[119.92229,46.90205],[119.90532,46.66816],[119.77671,46.62412],[119.42442,46.63675],[119.36679,46.6013],[119.06665,46.67449],[119.00419,46.74389],[118.83831,46.77019],[118.78089,46.6853],[118.43929,46.70258],[118.30914,46.73767],[118.03926,46.62961],[117.90742,46.60641],[117.86363,46.54834],[117.69646,46.5151],[117.58875,46.60197],[117.41238,46.58019],[117.44001,46.52635],[117.38449,46.46135],[117.36442,46.35836],[117.08989,46.35531],[116.81963,46.37892],[116.73858,46.32611],[116.57855,46.29083],[116.40697,46.13218],[116.26481,45.965],[116.23617,45.87437],[116.27999,45.77332],[116.16732,45.68665],[116.02836,45.68321],[115.92992,45.63126],[115.69269,45.45775],[115.35735,45.39038],[115.16069,45.39432],[114.96723,45.37531],[114.73812,45.4365],[114.5443,45.38589],[114.51263,45.28197],[114.34001,45.11751],[114.18369,45.03483],[114.05776,44.92933],[113.90016,44.91362],[113.62383,44.74397],[113.49644,44.77583],[113.12125,44.79519],[112.8433,44.83909],[112.59269,44.92908],[112.43117,45.06966],[112.10602,45.07122],[111.99525,45.0891],[111.75699,44.96767],[111.61742,44.77691],[111.55338,44.64545],[111.56267,44.57474],[111.47091,44.48707],[111.40844,44.35528],[111.49945,44.29245],[111.55203,44.16964],[111.65579,44.05946],[111.86321,43.93847],[111.95281,43.82132],[111.94372,43.69118],[111.78697,43.66985],[111.55753,43.48835],[111.44921,43.49214],[111.34679,43.43386],[111.17656,43.39387],[111.01369,43.32788],[110.76343,43.09724],[110.62537,42.93415],[110.46315,42.83689],[110.43077,42.77926],[110.13312,42.67264],[110.0896,42.64204],[109.90031,42.63403],[109.67804,42.55717],[109.53836,42.47057],[109.28565,42.43389],[109.01996,42.45662],[108.84023,42.394],[108.52759,42.44121],[108.2929,42.43653],[108.23265,42.45849],[108.01675,42.43135],[107.93396,42.40206],[107.56918,42.41137],[107.46052,42.45689],[107.29859,42.41079],[107.26629,42.36227],[107.04582,42.3173],[106.78087,42.28967],[106.60835,42.24012],[106.00851,42.03024],[105.7372,41.94744],[105.2874,41.7481],[105.22674,41.74931],[105.0059,41.58142],[104.91967,41.65254],[104.68568,41.64359],[104.5212,41.66019],[104.52707,41.87317],[104.07658,41.80298],[103.86621,41.80096],[103.41556,41.88041],[103.01953,42.02633],[102.7099,42.15111],[102.53907,42.16067],[102.44674,42.1422],[102.06816,42.23038],[101.81686,42.48908],[101.55587,42.52818],[100.86105,42.6697],[100.32369,42.68825],[100.27089,42.63465],[99.96758,42.64629],[99.50603,42.56645],[98.54608,42.6367],[98.19469,42.65162],[97.17197,42.79343],[97.37035,42.45523],[97.84645,41.6551],[97.61433,41.47648],[97.62906,41.4392],[97.97154,41.09667],[98.24964,40.93796],[98.33246,40.91782],[98.34355,40.5673],[98.6275,40.67707],[98.56961,40.74583],[98.66797,40.77193],[98.71487,40.66076],[98.98407,40.78182],[99.0404,40.69263],[99.1007,40.67518],[99.17177,40.74611],[99.1734,40.85706],[99.56471,40.84575],[99.67178,40.93181],[100.05535,40.90666],[100.1062,40.87416],[100.23569,40.71574],[100.24101,40.61765],[100.16802,40.54025],[100.16794,40.27662],[100.00604,40.19918],[99.92694,40.06425],[99.84005,40.01259],[99.48656,39.87514],[99.67116,39.88731],[99.82056,39.85931],[99.90309,39.78514],[100.03908,39.75609],[100.12616,39.70117],[100.24852,39.68424],[100.31257,39.60603],[100.32461,39.50823],[100.49897,39.48057],[100.49753,39.39977],[100.60051,39.38776],[100.8405,39.40508],[100.84127,39.19959],[100.86282,39.10646],[100.83358,39.02556],[100.9677,38.99619],[100.96755,38.94655],[101.11516,38.97444],[101.19653,38.94267],[101.23789,38.86527],[101.33185,38.84793],[101.32908,38.77678],[101.77512,38.6602],[101.93968,38.80851],[102.07284,38.89085],[101.82905,39.09182],[102.27876,39.18956],[102.45154,39.2544],[102.61126,39.17142],[103.01109,39.10047],[103.35421,39.33564],[103.59285,39.38604],[103.8511,39.46065],[104.08795,39.41741],[104.04471,39.29678],[104.17463,39.15135],[104.20448,39.08301],[104.16987,38.94395],[104.04151,38.89439],[103.85724,38.64419],[103.4136,38.40444],[103.50532,38.28047],[103.53245,38.15639],[103.3661,38.08834],[103.39918,37.86139],[103.66759,37.78632],[103.93113,37.57376],[104.18046,37.40624],[104.28447,37.42735],[104.40454,37.46398],[104.43027,37.51461],[104.80191,37.53881],[105.02064,37.57931],[105.10708,37.63308],[105.31085,37.70147],[105.59507,37.69905],[105.61817,37.77744],[105.75648,37.79938],[105.80451,37.87492],[105.83581,38.00753],[105.77646,38.08435],[105.77109,38.18637],[105.8618,38.29701],[105.81757,38.36779],[105.90554,38.79092],[105.98818,38.85703],[105.96901,38.91091],[106.05621,38.96772],[106.14146,39.15232],[106.24948,39.13157],[106.29105,39.16718],[106.27549,39.2613],[106.39817,39.29063],[106.50181,39.26929],[106.59822,39.37463],[106.77677,39.37099],[106.79121,39.21354],[106.86556,39.09632],[106.96253,39.05416],[106.94963,38.94066],[106.83274,38.84697],[106.69825,38.70777],[106.65798,38.60085],[106.64436,38.47241],[106.59754,38.39224],[106.47792,38.31899],[106.55108,38.26343],[106.77428,38.17141],[107.01006,38.11986],[107.18533,38.15346],[107.32658,38.08596],[107.55548,37.89321],[107.64528,37.8642],[107.97702,37.78674],[108.0203,37.64916],[108.12874,37.62126],[108.24155,37.66518],[108.41725,37.64809],[108.52782,37.6901],[108.62359,37.65179],[108.78702,37.69967],[108.79319,37.93314],[108.87807,38.01345],[108.93086,37.92123],[109.01223,37.96936],[109.06338,38.09045],[108.95939,38.15435],[108.93352,38.20709],[109.04879,38.43331],[109.17032,38.51805],[109.33309,38.70078],[109.44511,38.78812],[109.61901,38.85397],[109.6857,38.99199],[109.75672,39.05672],[109.95493,39.18597],[110.20508,39.28051],[110.13083,39.39061],[110.21139,39.44227],[110.38498,39.31064],[110.42899,39.37978],[110.55348,39.35131],[110.62071,39.26603],[110.69695,39.27298],[110.73232,39.34759],[110.8849,39.50807],[111.0109,39.55098],[111.1484,39.56745],[111.05895,39.41432],[111.11776,39.36607],[111.16562,39.42227],[111.33052,39.41983],[111.41563,39.54088],[111.43648,39.64043],[111.49522,39.66199],[111.63998,39.64334],[111.78092,39.58864],[111.92544,39.61128],[111.9639,39.7954],[112.02824,39.85317],[112.30637,40.25503],[112.44922,40.29875],[112.62336,40.23478],[112.74394,40.16687],[112.83835,40.20286],[112.89205,40.32831],[113.24075,40.41176],[113.30892,40.31886],[113.55309,40.34755],[113.78388,40.50126],[113.84436,40.45948],[113.96352,40.52103],[114.07333,40.54628],[114.05725,40.70556],[114.12793,40.7357],[114.03794,40.82949],[114.03437,40.92992],[113.86181,41.06734],[113.91381,41.17042],[114.00028,41.24894],[113.90796,41.2927],[113.93565,41.38532],[113.86448,41.41157],[113.97081,41.50475],[114.09422,41.53558],[114.22436,41.51169],[114.2527,41.62135],[114.2087,41.68302],[114.19621,41.79136],[114.37405,41.95495],[114.50277,41.97049],[114.45938,42.03585],[114.50442,42.10891],[114.74838,42.11372],[114.81906,42.13788],[114.9108,41.97841],[114.91609,41.82328],[114.88937,41.63456],[115.04927,41.6001],[115.13569,41.61387],[115.19762,41.56934],[115.3708,41.60028],[115.3403,41.71015],[115.52712,41.76975],[115.72138,41.88636],[115.91019,41.94324],[116.01022,41.77496],[116.09211,41.77422],[116.12819,41.86161],[116.22708,41.93934],[116.36723,42.0077],[116.4474,41.94376],[116.62874,41.928],[116.87341,42.01647],[116.84395,42.15439],[116.91228,42.228],[116.88058,42.36472],[117.00986,42.4541],[117.28007,42.47777],[117.40579,42.47024],[117.43275,42.58307],[117.59371,42.60107],[117.66068,42.58047],[117.77315,42.6165],[117.86758,42.50826],[118.01772,42.3827],[118.04068,42.27838],[117.97092,42.22788],[118.09952,42.16968],[118.09096,42.10282],[118.22013,42.08813],[118.29077,42.04664],[118.33368,41.87023],[118.28585,41.7707],[118.15926,41.81104],[118.12396,41.73999],[118.22409,41.58007],[118.30683,41.55934],[118.26576,41.46922],[118.34218,41.42616],[118.34265,41.34064],[118.76375,41.35103],[118.88467,41.29892],[119.19431,41.28028],[119.23311,41.31251]],[[124.12187,50.56638],[124.43219,50.53838],[124.43235,50.38384],[124.33775,50.33024],[124.35229,50.20014],[124.1279,50.23549],[123.92362,50.18544],[123.77032,50.34293],[123.91319,50.37168],[123.99797,50.43306],[123.97631,50.5088],[124.12187,50.56638]]]},"properties":{"pr_adcode":"150000","pr_name":"内蒙古自治区"}},
{"type":"Feature","geometry":{"type":"Polygon","coordinates":[[[123.69761,43.36828],[123.70689,43.34413],[123.62118,43.07861],[123.56883,43.00831],[123.46563,43.04023],[123.25299,42.99065],[123.16399,42.85731],[123.0525,42.76667],[122.8819,42.76802],[122.84361,42.70964],[122.72748,42.78357],[122.61991,42.77115],[122.55849,42.82381],[122.35343,42.8336],[122.43216,42.76764],[122.39031,42.68178],[122.13411,42.68776],[122.05536,42.72101],[121.93503,42.68642],[121.90019,42.56894],[121.81221,42.50206],[121.66014,42.43533],[121.58562,42.50036],[121.37938,42.47076],[121.27825,42.38511],[121.04232,42.25778],[120.93079,42.27776],[120.87847,42.24073],[120.73977,42.22133],[120.61944,42.15254],[120.46085,42.10303],[120.45069,42.014],[120.36774,41.99237],[120.12116,41.77028],[120.0399,41.80177],[119.94492,41.97225],[119.83965,42.09524],[119.84078,42.21323],[119.73839,42.20951],[119.61093,42.25066],[119.53763,42.30493],[119.42524,42.3142],[119.27474,42.26057],[119.26986,42.1839],[119.37837,42.08722],[119.31902,41.96867],[119.30575,41.64987],[119.39832,41.50794],[119.31985,41.3273],[119.23311,41.31251],[119.1725,41.17583],[119.03115,41.06545],[118.96372,41.07483],[118.84019,40.82062],[119.00508,40.68603],[119.10865,40.66486],[119.21576,40.56557],[119.29592,40.52884],[119.52824,40.55286],[119.59908,40.45381],[119.59228,40.33302],[119.66043,40.23805],[119.74001,40.20665],[119.73077,40.10356],[119.84857,40.03112],[119.8486,39.98731],[119.95032,40.04553],[120.26748,40.12585],[120.36615,40.17305],[120.45969,40.17731],[120.53232,40.32412],[120.59728,40.35974],[120.61392,40.45879],[120.8175,40.5927],[120.85338,40.68316],[121.02687,40.70742],[121.12057,40.86729],[121.43352,40.82824],[121.52132,40.8501],[121.6774,40.82805],[121.81081,40.89316],[121.84228,40.82303],[121.92915,40.79672],[121.94621,40.67935],[122.06075,40.64693],[122.24049,40.51825],[122.24584,40.44434],[122.02164,40.24355],[122.00459,40.14747],[121.76064,39.99402],[121.62175,39.88163],[121.52501,39.85024],[121.4563,39.74811],[121.49744,39.70201],[121.44475,39.62366],[121.2734,39.598],[121.22133,39.55375],[121.2397,39.39388],[121.42767,39.35593],[121.4794,39.28162],[121.59378,39.27818],[121.58082,39.07696],[121.4257,39.02628],[121.36837,39.06109],[121.27489,38.97273],[121.12233,38.95787],[121.10688,38.77501],[121.20901,38.73264],[121.35407,38.82131],[121.50452,38.81693],[121.56292,38.87497],[121.69747,38.86683],[121.73312,38.99812],[121.85831,38.94166],[121.89912,39.0276],[122.06621,39.0729],[122.12217,39.14362],[122.1121,39.21269],[122.23794,39.26661],[122.26642,39.31596],[122.40786,39.41033],[122.5448,39.39334],[122.56486,39.45129],[122.80375,39.5586],[122.85591,39.60359],[122.97383,39.61512],[123.10088,39.67427],[123.2094,39.66468],[123.26913,39.75244],[123.4421,39.73082],[123.69136,39.80564],[123.82336,39.83013],[123.99705,39.79898],[124.20786,39.86186],[124.23845,39.92788],[124.35351,39.9891],[124.34139,40.07818],[124.61522,40.28925],[124.72295,40.32571],[124.73357,40.37025],[124.89186,40.47764],[124.99009,40.47566],[125.01212,40.53472],[125.17573,40.60962],[125.44758,40.67489],[125.53919,40.75999],[125.65135,40.76765],[125.70192,40.86523],[125.62997,40.94028],[125.72051,41.05329],[125.75191,41.22958],[125.64197,41.26221],[125.63142,41.34243],[125.52842,41.42671],[125.40611,41.68868],[125.28859,41.82096],[125.28581,41.95648],[125.48097,42.1285],[125.29933,42.147],[125.26976,42.26445],[125.16759,42.30834],[125.18021,42.42516],[125.06097,42.53196],[125.09103,42.61959],[125.0046,42.63019],[124.96947,42.8],[124.84339,42.87935],[124.8688,42.95405],[124.78046,43.11534],[124.68024,43.04809],[124.67182,43.00037],[124.55769,42.88706],[124.46021,42.84364],[124.36065,42.90033],[124.41693,42.97294],[124.3273,42.99486],[124.4197,43.0737],[124.27791,43.16358],[124.27507,43.2246],[124.02736,43.2786],[123.74767,43.47091],[123.69761,43.36828]]]},"properties":{"pr_adcode":"210000","pr_name":"辽宁省"}},
{"type":"Feature","geometry":{"type":"Polygon","coordinates":[[[125.70192,40.86523],[125.87249,40.90749],[125.91792,40.88019],[126.03535,40.92645],[126.12214,41.09125],[126.27146,41.156],[126.43547,41.35323],[126.48806,41.37242],[126.56466,41.61956],[126.7946,41.70073],[126.92612,41.81072],[127.04482,41.74216],[127.09818,41.645],[127.20798,41.53057],[127.34483,41.46299],[127.52217,41.46652],[127.56266,41.42938],[127.84836,41.41894],[127.93576,41.44756],[128.09048,41.38032],[128.19891,41.40875],[128.31141,41.57374],[128.25426,41.67189],[128.16603,41.71144],[128.10619,41.79242],[128.0846,42.02022],[128.46004,42.01832],[128.73188,42.04785],[128.89204,42.01451],[128.94851,42.08151],[129.10695,42.13824],[129.18531,42.19632],[129.25351,42.33327],[129.35433,42.43096],[129.44528,42.43848],[129.53137,42.36611],[129.59707,42.42771],[129.69763,42.42488],[129.78991,42.67946],[129.84939,42.95136],[129.89035,42.99935],[130.05924,42.9673],[130.12881,42.90081],[130.24684,42.90347],[130.23504,42.7363],[130.38076,42.60046],[130.47548,42.62417],[130.56362,42.5521],[130.61615,42.62945],[130.42754,42.74911],[130.659,42.84533],[130.88387,42.85059],[131.01043,42.91012],[131.13677,42.93775],[131.09503,43.0187],[131.21116,43.14441],[131.19879,43.23444],[131.24785,43.2625],[131.30687,43.38994],[131.29688,43.49955],[131.13503,43.42308],[131.01939,43.50607],[130.85471,43.43556],[130.81635,43.50032],[130.58963,43.61934],[130.40549,43.64993],[130.41605,43.74193],[130.37243,43.77907],[130.37595,43.90318],[130.30043,44.00034],[130.18308,43.93873],[130.07098,43.83238],[130.00227,43.88585],[130.01026,43.95636],[129.94419,44.02499],[129.83404,43.99435],[129.77307,43.8905],[129.65267,43.86997],[129.4909,43.8778],[129.34952,43.79612],[129.2053,43.78253],[129.22351,43.59273],[129.03096,43.53744],[128.8712,43.53822],[128.71241,43.8155],[128.71712,43.89227],[128.63393,43.94559],[128.44363,44.20169],[128.47525,44.37344],[128.36647,44.51199],[128.20573,44.43025],[128.18086,44.36021],[128.04386,44.34818],[128.09785,44.22695],[128.08348,44.12981],[127.90203,44.0624],[127.77729,44.06968],[127.71429,44.1606],[127.62057,44.18586],[127.6174,44.27599],[127.47917,44.40648],[127.45745,44.47966],[127.5503,44.5741],[127.38642,44.63007],[127.17538,44.64146],[127.03517,44.58896],[127.03486,44.71037],[126.97822,44.82297],[127.07995,44.95577],[126.96257,45.07251],[126.9582,45.13018],[126.80678,45.13452],[126.56878,45.25032],[126.42577,45.2324],[126.24312,45.14145],[126.15975,45.13132],[125.91361,45.19412],[125.68928,45.34864],[125.68321,45.51135],[125.42681,45.45645],[125.36306,45.39258],[125.18273,45.39714],[125.04312,45.42628],[125.01897,45.49117],[124.90239,45.51752],[124.83355,45.45372],[124.68413,45.45044],[124.53804,45.40996],[124.39217,45.43834],[124.35212,45.54263],[124.25826,45.553],[124.04747,45.74916],[124.05146,45.8875],[123.96515,45.93004],[124.00934,46.12226],[123.95019,46.20435],[123.95996,46.27531],[123.8434,46.30062],[123.7806,46.26571],[123.45037,46.23161],[123.17204,46.24614],[123.03933,46.09803],[122.78711,46.07134],[122.82258,45.91042],[122.7464,45.83287],[122.78643,45.76428],[122.66574,45.69872],[122.63491,45.76929],[122.48991,45.85626],[122.43987,45.91484],[122.25829,45.79682],[122.19497,45.85489],[122.08537,45.87986],[122.03402,45.95698],[121.80845,46.0201],[121.79972,45.89872],[121.74815,45.79294],[121.6385,45.75068],[121.80347,45.68527],[121.94333,45.70919],[121.96071,45.59425],[122.01749,45.48816],[122.15124,45.4441],[122.14126,45.29343],[122.23321,45.27429],[122.22429,45.20484],[122.1038,45.13989],[122.0645,44.87997],[122.12572,44.57544],[122.28043,44.4758],[122.28597,44.30824],[122.3137,44.23079],[122.47695,44.23481],[122.67077,44.28429],[122.75486,44.36772],[122.85044,44.39646],[123.01878,44.49096],[123.11852,44.50746],[123.12553,44.36017],[123.19076,44.34296],[123.31735,44.17761],[123.32605,44.02607],[123.39446,43.97687],[123.48617,43.79032],[123.5299,43.6294],[123.44612,43.54315],[123.35038,43.56517],[123.30986,43.48952],[123.40758,43.42328],[123.48076,43.443],[123.60265,43.36401],[123.69761,43.36828],[123.74767,43.47091],[124.02736,43.2786],[124.27507,43.2246],[124.27791,43.16358],[124.4197,43.0737],[124.3273,42.99486],[124.41693,42.97294],[124.36065,42.90033],[124.46021,42.84364],[124.55769,42.88706],[124.67182,43.00037],[124.68024,43.04809],[124.78046,43.11534],[124.8688,42.95405],[124.84339,42.87935],[124.96947,42.8],[125.0046,42.63019],[125.09103,42.61959],[125.06097,42.53196],[125.18021,42.42516],[125.16759,42.30834],[125.26976,42.26445],[125.29933,42.147],[125.48097,42.1285],[125.28581,41.95648],[125.28859,41.82096],[125.40611,41.68868],[125.52842,41.42671],[125.63142,41.34243],[125.64197,41.26221],[125.75191,41.22958],[125.72051,41.05329],[125.62997,40.94028],[125.70192,40.86523]]]},"properties":{"pr_adcode":"220000","pr_name":"吉林省"}},
{"type":"Feature","geometry":{"type":"MultiPolygon","coordinates":[[[[121.4919,53.33535],[121.67157,53.23967],[121.65798,53.16894],[121.74577,53.14561],[121.80761,53.06751],[121.70823,52.99645],[121.58415,52.82336],[121.3654,52.68158],[121.17495,52.59786],[121.31816,52.57119],[121.51156,52.45541],[121.63299,52.44319],[121.70689,52.31682],[121.83416,52.28143],[121.94074,52.2972],[122.13499,52.49341],[122.30335,52.47387],[122.33506,52.41262],[122.57913,52.26521],[122.75385,52.26551],[122.76221,52.17837],[122.62248,52.13539],[122.65802,51.99739],[122.71909,51.9774],[122.74305,51.7462],[122.84938,51.60535],[122.84771,51.47628],[122.99547,51.31064],[123.05172,51.32023],[123.2634,51.25389],[123.57532,51.29335],[123.71913,51.39561],[123.88039,51.31947],[124.06404,51.31909],[124.23171,51.34304],[124.39868,51.27031],[124.48262,51.37878],[124.68605,51.33121],[124.77601,51.39065],[124.85721,51.3782],[124.92135,51.49709],[125.03957,51.52793],[125.12226,51.6337],[125.34354,51.62218],[125.57075,51.44961],[125.61742,51.37937],[125.84922,51.20417],[125.85755,51.14443],[125.98624,51.1174],[126.06062,50.96684],[125.88226,50.80354],[125.75446,50.75294],[125.82194,50.56021],[125.6249,50.4425],[125.5167,50.40228],[125.43566,50.20489],[125.27008,50.12467],[125.28896,50.00769],[125.18241,49.95787],[125.2167,49.83383],[125.22093,49.48488],[125.26999,49.37766],[125.21601,49.27669],[125.21361,49.18891],[125.10994,49.12371],[124.8997,49.18202],[124.69115,48.84234],[124.60725,48.74933],[124.61829,48.69836],[124.52816,48.56087],[124.54876,48.4659],[124.51199,48.37589],[124.57364,48.30013],[124.53663,48.16288],[124.41375,48.17882],[124.41483,48.24353],[124.31189,48.34501],[124.3072,48.50176],[124.23504,48.51982],[124.07464,48.4356],[123.73926,48.19547],[123.53073,48.01985],[123.28227,47.94095],[123.15649,47.78023],[122.8513,47.67629],[122.75866,47.61226],[122.58726,47.54508],[122.50069,47.39921],[122.41174,47.34809],[122.54691,47.17365],[122.67267,47.09255],[122.78925,47.07493],[122.79626,46.9354],[122.87386,46.89077],[122.90098,46.80566],[122.99022,46.75969],[123.15693,46.73807],[123.2245,46.85802],[123.36765,46.8355],[123.61914,46.84589],[123.59602,46.68741],[123.35959,46.67573],[123.17408,46.61204],[123.00088,46.57509],[123.00435,46.43395],[123.17204,46.24614],[123.45037,46.23161],[123.7806,46.26571],[123.8434,46.30062],[123.95996,46.27531],[123.95019,46.20435],[124.00934,46.12226],[123.96515,45.93004],[124.05146,45.8875],[124.04747,45.74916],[124.25826,45.553],[124.35212,45.54263],[124.39217,45.43834],[124.53804,45.40996],[124.68413,45.45044],[124.83355,45.45372],[124.90239,45.51752],[125.01897,45.49117],[125.04312,45.42628],[125.18273,45.39714],[125.36306,45.39258],[125.42681,45.45645],[125.68321,45.51135],[125.68928,45.34864],[125.91361,45.19412],[126.15975,45.13132],[126.24312,45.14145],[126.42577,45.2324],[126.56878,45.25032],[126.80678,45.13452],[126.9582,45.13018],[126.96257,45.07251],[127.07995,44.95577],[126.97822,44.82297],[127.03486,44.71037],[127.03517,44.58896],[127.17538,44.64146],[127.38642,44.63007],[127.5503,44.5741],[127.45745,44.47966],[127.47917,44.40648],[127.6174,44.27599],[127.62057,44.18586],[127.71429,44.1606],[127.77729,44.06968],[127.90203,44.0624],[128.08348,44.12981],[128.09785,44.22695],[128.04386,44.34818],[128.18086,44.36021],[128.20573,44.43025],[128.36647,44.51199],[128.47525,44.37344],[128.44363,44.20169],[128.63393,43.94559],[128.71712,43.89227],[128.71241,43.8155],[128.8712,43.53822],[129.03096,43.53744],[129.22351,43.59273],[129.2053,43.78253],[129.34952,43.79612],[129.4909,43.8778],[129.65267,43.86997],[129.77307,43.8905],[129.83404,43.99435],[129.94419,44.02499],[130.01026,43.95636],[130.00227,43.88585],[130.07098,43.83238],[130.18308,43.93873],[130.30043,44.00034],[130.37595,43.90318],[130.37243,43.77907],[130.41605,43.74193],[130.40549,43.64993],[130.58963,43.61934],[130.81635,43.50032],[130.85471,43.43556],[131.01939,43.50607],[131.13503,43.42308],[131.29688,43.49955],[131.19424,43.53213],[131.22466,43.63254],[131.21027,43.8346],[131.30312,44.04415],[131.10374,44.70777],[131.05644,44.78467],[130.96479,44.81835],[131.15171,44.9459],[131.28582,44.92579],[131.34766,44.98729],[131.4567,44.96113],[131.67759,45.11342],[131.67418,45.21293],[131.78095,45.24365],[131.88043,45.34019],[132.00659,45.25083],[132.85513,45.05872],[133.00377,45.04202],[133.09993,45.12197],[133.08806,45.2435],[133.13685,45.41764],[133.19824,45.50311],[133.37944,45.5726],[133.47788,45.6878],[133.46668,45.83623],[133.52509,45.89492],[133.66978,45.94292],[133.73799,46.07319],[133.68323,46.13166],[133.9113,46.27915],[133.86625,46.35764],[133.94286,46.3928],[133.84227,46.47318],[133.91286,46.5939],[134.00382,46.63591],[134.01408,46.82411],[134.13375,47.08894],[134.21486,47.1029],[134.22277,47.17978],[134.14964,47.24586],[134.16996,47.3238],[134.32036,47.43542],[134.48615,47.44426],[134.67782,47.60083],[134.77206,47.71338],[134.67111,47.81681],[134.5441,48.03043],[134.62503,48.09718],[134.67187,48.25414],[134.85648,48.33017],[135.07464,48.3939],[135.08626,48.43818],[134.92008,48.44942],[134.81304,48.37363],[134.69687,48.40296],[134.49398,48.41657],[134.3619,48.38048],[134.19575,48.38009],[133.73285,48.25239],[133.68558,48.18455],[133.57243,48.18573],[133.51398,48.11263],[133.29418,48.10057],[133.14604,48.13445],[133.05863,48.11443],[132.98438,48.03288],[132.8756,48.00019],[132.81143,47.93468],[132.7153,47.96055],[132.56316,47.71875],[132.36425,47.7626],[132.26435,47.71611],[131.9628,47.66917],[131.68195,47.70446],[131.58253,47.65852],[131.5358,47.7336],[131.26541,47.7364],[131.10709,47.68724],[130.96042,47.71485],[130.95376,47.82566],[130.88354,47.92496],[130.68604,48.04598],[130.66596,48.12605],[130.75784,48.18695],[130.83792,48.2986],[130.73962,48.40217],[130.76361,48.48953],[130.63947,48.48292],[130.59791,48.59204],[130.53062,48.60975],[130.67239,48.8788],[130.49363,48.86371],[130.43619,48.90758],[130.27154,48.86487],[129.92936,49.03834],[129.83955,49.17916],[129.7456,49.20645],[129.68908,49.29616],[129.55449,49.2975],[129.53782,49.39303],[129.44023,49.43897],[129.31221,49.35631],[129.20719,49.39684],[129.0479,49.37991],[129.0058,49.45505],[128.86399,49.49032],[128.78455,49.47108],[128.70748,49.56272],[128.53085,49.60239],[128.078,49.54889],[127.99417,49.59018],[127.80789,49.59183],[127.67084,49.69585],[127.66767,49.76226],[127.52499,49.82405],[127.54023,49.927],[127.49443,50.05489],[127.58003,50.13619],[127.59607,50.23792],[127.36424,50.29468],[127.32479,50.33885],[127.35701,50.43665],[127.28639,50.46418],[127.36304,50.57952],[127.28709,50.66196],[127.29535,50.74669],[127.22871,50.77985],[127.13656,50.9085],[126.91589,51.06042],[126.89294,51.19924],[126.83431,51.2573],[126.83014,51.34352],[126.90133,51.40579],[126.77695,51.44645],[126.83688,51.52046],[126.68837,51.57691],[126.72695,51.7099],[126.61586,51.77597],[126.44321,52.02608],[126.55456,52.11246],[126.49177,52.15888],[126.29942,52.20419],[126.40131,52.28065],[126.3104,52.3276],[126.34589,52.38767],[126.20571,52.52369],[126.08594,52.59715],[125.96091,52.62892],[126.06451,52.68941],[125.72876,52.94186],[125.60589,53.08182],[125.49563,53.09352],[125.13349,53.20224],[124.96233,53.1923],[124.82494,53.14345],[124.71289,53.19043],[124.4277,53.2219],[124.23142,53.37771],[124.13365,53.34727],[123.85751,53.48794],[123.69014,53.49653],[123.61316,53.54836],[123.44832,53.53433],[123.2724,53.56167],[123.13696,53.49628],[123.04423,53.5048],[122.88711,53.46131],[122.60081,53.46369],[122.42772,53.44265],[122.34258,53.50349],[122.10355,53.42502],[121.86883,53.42498],[121.4919,53.33535]]],[[[124.12187,50.56638],[123.97631,50.5088],[123.99797,50.43306],[123.91319,50.37168],[123.77032,50.34293],[123.92362,50.18544],[124.1279,50.23549],[124.35229,50.20014],[124.33775,50.33024],[124.43235,50.38384],[124.43219,50.53838],[124.12187,50.56638]]]]},"properties":{"pr_adcode":"230000","pr_name":"黑龙江省"}},
{"type":"Feature","geometry":{"type":"MultiPolygon","coordinates":[[[[120.89722,31.01982],[120.98521,31.01658],[120.9895,30.89191],[121.03486,30.82477],[121.12254,30.78081],[121.21358,30.78721],[121.27026,30.67971],[121.35734,30.6817],[121.42176,30.7324],[121.59716,30.80752],[121.67693,30.82073],[121.90039,30.81658],[121.93959,30.77952],[121.96556,30.79155],[121.99425,30.90217],[121.94267,31.06813],[121.71814,31.30552],[121.51685,31.39679],[121.33891,31.51388],[121.15634,31.45151],[121.11652,31.28757],[121.05867,31.26976],[121.07244,31.16035],[121.01406,31.13613],[120.87714,31.13697],[120.89722,31.01982]]],[[[121.97095,31.61904],[121.66926,31.7014],[121.56074,31.71879],[121.41622,31.78136],[121.31848,31.87041],[121.16722,31.81847],[121.1407,31.75571],[121.36756,31.55497],[121.42956,31.5921],[121.54337,31.53318],[121.81489,31.44022],[121.91392,31.43681],[121.99144,31.49505],[121.97095,31.61904]]],[[[121.78846,31.37956],[121.83633,31.29753],[122.10074,31.26395],[122.11221,31.32302],[121.94758,31.33938],[121.78846,31.37956]]]]},"properties":{"pr_adcode":"310000","pr_name":"上海市"}},
{"type":"Feature","geometry":{"type":"Polygon","coordinates":[[[120.89722,31.01982],[120.87714,31.13697],[121.01406,31.13613],[121.07244,31.16035],[121.05867,31.26976],[121.11652,31.28757],[121.15634,31.45151],[121.33891,31.51388],[121.36756,31.55497],[121.1407,31.75571],[121.16722,31.81847],[121.31848,31.87041],[121.41622,31.78136],[121.56074,31.71879],[121.66926,31.7014],[121.97095,31.61904],[121.96607,31.72089],[121.85176,31.95733],[121.75463,32.06138],[121.53997,32.12518],[121.46847,32.17173],[121.42072,32.43288],[121.34724,32.47616],[121.14844,32.53115],[121.01593,32.60746],[120.94854,32.71616],[120.97693,32.86164],[120.92826,33.00783],[120.86972,33.09552],[120.81734,33.30021],[120.73644,33.33918],[120.71293,33.43824],[120.5794,33.67001],[120.36266,34.09257],[120.288,34.31928],[119.9576,34.46015],[119.80642,34.48672],[119.46253,34.67216],[119.51742,34.7233],[119.45387,34.77187],[119.37277,34.76526],[119.23304,34.80041],[119.20801,34.83473],[119.20574,34.98232],[119.30023,35.07719],[119.28108,35.11565],[119.13232,35.09667],[119.10884,35.05536],[118.90582,35.04854],[118.85712,35.02648],[118.85551,34.92681],[118.67598,34.67942],[118.51779,34.7128],[118.41814,34.59381],[118.43525,34.52571],[118.39926,34.42876],[118.2851,34.42575],[118.16471,34.38246],[118.17899,34.54522],[118.07314,34.5707],[118.09681,34.64856],[117.94614,34.67959],[117.79388,34.64837],[117.78917,34.54088],[117.67879,34.54854],[117.58669,34.46389],[117.46056,34.48571],[117.39652,34.57034],[117.27583,34.56493],[117.2289,34.45565],[117.16987,34.47086],[117.14439,34.56699],[117.06464,34.71452],[116.97295,34.76462],[116.91977,34.90109],[116.78359,34.97582],[116.77569,34.91736],[116.63471,34.93351],[116.43941,34.89606],[116.40227,34.8514],[116.3686,34.64087],[116.65727,34.47433],[116.75519,34.46378],[116.82266,34.39054],[116.96386,34.39017],[116.96354,34.2851],[117.04526,34.22274],[117.02012,34.16827],[117.21901,34.0655],[117.35127,34.08944],[117.40443,34.02824],[117.50904,34.06225],[117.57021,33.98443],[117.75293,33.88706],[117.73615,33.76419],[117.78611,33.73483],[118.01315,33.74722],[118.11222,33.76774],[118.16247,33.66506],[118.10652,33.61833],[118.10234,33.47642],[118.02301,33.4599],[118.02365,33.37376],[117.94264,33.25391],[118.0326,33.13681],[118.20614,33.20074],[118.23941,33.00014],[118.2276,32.91811],[118.29336,32.78749],[118.3698,32.72083],[118.702,32.72232],[118.7374,32.85546],[118.80647,32.85694],[118.84416,32.95859],[119.01617,32.90778],[119.10751,32.82466],[119.1795,32.82745],[119.21485,32.5786],[119.06196,32.46432],[118.88,32.58857],[118.72004,32.61028],[118.59674,32.59958],[118.58706,32.48425],[118.68745,32.46724],[118.6706,32.2573],[118.63906,32.2122],[118.49018,32.17824],[118.45748,32.10259],[118.39144,32.07445],[118.35893,31.93202],[118.49951,31.84374],[118.47686,31.78027],[118.53119,31.74064],[118.63665,31.76038],[118.68749,31.70942],[118.63862,31.65213],[118.85352,31.62606],[118.8813,31.52982],[118.86464,31.42372],[118.71589,31.32439],[118.79065,31.23146],[118.91024,31.24642],[119.07243,31.23416],[119.14473,31.27905],[119.26179,31.25248],[119.3693,31.26022],[119.36043,31.19787],[119.4553,31.15834],[119.61893,31.13254],[119.67313,31.17035],[119.89557,31.17144],[119.99699,31.02928],[120.13033,30.94393],[120.21911,30.92888],[120.36552,30.95021],[120.41926,30.90372],[120.50006,30.76027],[120.58482,30.85685],[120.70896,30.8873],[120.69392,30.97301],[120.89722,31.01982]]]},"properties":{"pr_adcode":"320000","pr_name":"江苏省"}},
{"type":"Feature","geometry":{"type":"MultiPolygon","coordinates":[[[[119.61893,31.13254],[119.62918,31.0218],[119.55141,30.89907],[119.57089,30.83218],[119.47758,30.70674],[119.39983,30.6515],[119.33789,30.66644],[119.2318,30.54913],[119.28281,30.51501],[119.36618,30.38622],[119.19589,30.29343],[119.05772,30.30728],[118.94925,30.36294],[118.87499,30.31751],[118.90595,30.19015],[118.86011,30.14057],[118.89463,29.98411],[118.83642,29.8939],[118.73151,29.79095],[118.73969,29.74128],[118.64247,29.64606],[118.56905,29.64107],[118.49463,29.57614],[118.49011,29.5209],[118.37457,29.50496],[118.31098,29.42515],[118.18784,29.39784],[118.1476,29.28884],[118.07281,29.29311],[118.0282,29.17985],[118.06687,29.04171],[118.12806,28.98707],[118.2648,28.92161],[118.29587,28.82892],[118.36301,28.81418],[118.42622,28.68247],[118.40427,28.57227],[118.47302,28.47393],[118.43562,28.39573],[118.42859,28.29169],[118.44989,28.24941],[118.57976,28.28778],[118.74961,28.25675],[118.79747,28.12061],[118.71393,28.06693],[118.72506,27.97584],[118.81362,27.92003],[118.90408,27.61484],[118.86893,27.52112],[118.90613,27.46425],[118.97798,27.49933],[119.18981,27.4219],[119.26298,27.42469],[119.35502,27.52746],[119.46972,27.54241],[119.49649,27.64799],[119.63057,27.67206],[119.62632,27.58606],[119.7039,27.51751],[119.68488,27.4341],[119.81582,27.29938],[120.04773,27.34176],[120.12688,27.41974],[120.24265,27.43777],[120.33642,27.40275],[120.39703,27.3016],[120.40004,27.20705],[120.45741,27.14571],[120.54201,27.16018],[120.57643,27.32478],[120.65313,27.35566],[120.6988,27.48196],[120.63097,27.58062],[120.7736,27.77794],[120.83669,27.76205],[120.90698,27.86812],[120.97024,27.8905],[121.02362,27.83575],[121.18012,27.81722],[121.15362,27.9134],[121.05162,27.90322],[120.98776,27.95301],[121.0548,28.09947],[121.13667,28.03449],[121.25701,28.03766],[121.32387,28.13734],[121.49511,28.30917],[121.62356,28.25544],[121.68304,28.40419],[121.63022,28.56604],[121.55305,28.64827],[121.68532,28.72231],[121.70059,28.80772],[121.76786,28.90132],[121.65487,29.06146],[121.65582,29.12125],[121.77637,29.11242],[121.96213,29.0558],[121.97702,29.2868],[121.93374,29.38686],[121.98796,29.46397],[121.99615,29.58493],[121.96203,29.63843],[121.82943,29.6557],[122.04427,29.82837],[121.96392,29.95907],[121.91553,29.92344],[121.77978,29.99596],[121.72075,29.99468],[121.63121,30.07243],[121.49341,30.26103],[121.32358,30.39946],[121.22109,30.40707],[121.05385,30.56625],[121.27026,30.67971],[121.21358,30.78721],[121.12254,30.78081],[121.03486,30.82477],[120.9895,30.89191],[120.98521,31.01658],[120.89722,31.01982],[120.69392,30.97301],[120.70896,30.8873],[120.58482,30.85685],[120.50006,30.76027],[120.41926,30.90372],[120.36552,30.95021],[120.21911,30.92888],[120.13033,30.94393],[119.99699,31.02928],[119.89557,31.17144],[119.67313,31.17035],[119.61893,31.13254]]],[[[121.88912,30.08187],[121.83566,30.0498],[121.84678,29.97221],[121.92882,29.9974],[121.88912,30.08187]]],[[[122.2887,30.06625],[122.28976,30.10274],[122.14891,30.11554],[121.95108,30.18659],[121.97712,30.05134],[122.02218,29.99481],[122.10446,30.00719],[122.31994,29.94365],[122.34007,29.99759],[122.2887,30.06625]]],[[[122.16918,30.35043],[122.08843,30.30223],[122.14202,30.24854],[122.22721,30.23617],[122.21746,30.32704],[122.16918,30.35043]]]]},"properties":{"pr_adcode":"330000","pr_name":"浙江省"}},
{"type":"Feature","geometry":{"type":"Polygon","coordinates":[[[119.61893,31.13254],[119.4553,31.15834],[119.36043,31.19787],[119.3693,31.26022],[119.26179,31.25248],[119.14473,31.27905],[119.07243,31.23416],[118.91024,31.24642],[118.79065,31.23146],[118.71589,31.32439],[118.86464,31.42372],[118.8813,31.52982],[118.85352,31.62606],[118.63862,31.65213],[118.68749,31.70942],[118.63665,31.76038],[118.53119,31.74064],[118.47686,31.78027],[118.49951,31.84374],[118.35893,31.93202],[118.39144,32.07445],[118.45748,32.10259],[118.49018,32.17824],[118.63906,32.2122],[118.6706,32.2573],[118.68745,32.46724],[118.58706,32.48425],[118.59674,32.59958],[118.72004,32.61028],[118.88,32.58857],[119.06196,32.46432],[119.21485,32.5786],[119.1795,32.82745],[119.10751,32.82466],[119.01617,32.90778],[118.84416,32.95859],[118.80647,32.85694],[118.7374,32.85546],[118.702,32.72232],[118.3698,32.72083],[118.29336,32.78749],[118.2276,32.91811],[118.23941,33.00014],[118.20614,33.20074],[118.0326,33.13681],[117.94264,33.25391],[118.02365,33.37376],[118.02301,33.4599],[118.10234,33.47642],[118.10652,33.61833],[118.16247,33.66506],[118.11222,33.76774],[118.01315,33.74722],[117.78611,33.73483],[117.73615,33.76419],[117.75293,33.88706],[117.57021,33.98443],[117.50904,34.06225],[117.40443,34.02824],[117.35127,34.08944],[117.21901,34.0655],[117.02012,34.16827],[117.04526,34.22274],[116.96354,34.2851],[116.96386,34.39017],[116.82266,34.39054],[116.75519,34.46378],[116.65727,34.47433],[116.3686,34.64087],[116.22797,34.55626],[116.19149,34.57702],[116.15644,34.46049],[116.21043,34.40455],[116.35212,34.32095],[116.35896,34.27065],[116.56378,34.2849],[116.52947,34.11508],[116.64282,33.97488],[116.56187,33.90975],[116.43181,33.8478],[116.42707,33.79659],[116.14985,33.71125],[116.06881,33.7828],[116.05987,33.84729],[115.98023,33.90268],[115.95223,34.00925],[115.73026,34.07822],[115.59554,34.0254],[115.55714,33.92875],[115.6241,33.87298],[115.59575,33.66047],[115.63435,33.58678],[115.41032,33.55672],[115.30997,33.43296],[115.35642,33.30304],[115.28533,33.13511],[115.1604,33.0893],[115.03562,33.08834],[114.96098,33.14825],[114.89766,33.13153],[114.93694,32.93963],[115.13482,32.89928],[115.18432,32.81445],[115.17284,32.68486],[115.20659,32.59054],[115.30086,32.55467],[115.40583,32.57668],[115.5638,32.4169],[115.66588,32.41761],[115.6958,32.49746],[115.78335,32.47105],[115.87839,32.49154],[115.90762,32.2299],[115.9368,32.16743],[115.91508,31.9227],[115.88013,31.7783],[115.67127,31.78053],[115.48991,31.67491],[115.36597,31.49771],[115.36803,31.40765],[115.45226,31.28353],[115.50222,31.27001],[115.58055,31.1465],[115.64075,31.21187],[115.70507,31.20277],[115.75873,31.12035],[115.87503,31.14422],[115.93354,31.04966],[116.0536,31.01481],[116.00467,30.95193],[115.86059,30.8667],[115.84643,30.75919],[115.77765,30.75409],[115.75725,30.68803],[115.91491,30.51765],[115.87991,30.38222],[115.89946,30.31276],[115.98025,30.29362],[116.05907,30.20926],[116.08263,30.12786],[116.06876,29.96572],[116.12054,29.9037],[116.12995,29.82179],[116.24861,29.78566],[116.4626,29.89856],[116.54709,29.91249],[116.58123,30.049],[116.66196,30.07936],[116.74229,30.05974],[116.79776,29.99909],[116.89521,29.95218],[116.80735,29.81427],[116.75746,29.80504],[116.65183,29.68899],[116.68404,29.60673],[116.77545,29.57349],[116.9909,29.68593],[117.10757,29.71449],[117.12251,29.89786],[117.21171,29.92942],[117.24405,29.84863],[117.33314,29.8503],[117.4496,29.75154],[117.44634,29.69833],[117.58132,29.58748],[117.64279,29.61759],[117.70238,29.55159],[117.7897,29.57289],[117.8714,29.54893],[118.00889,29.57979],[118.13851,29.4922],[118.18784,29.39784],[118.31098,29.42515],[118.37457,29.50496],[118.49011,29.5209],[118.49463,29.57614],[118.56905,29.64107],[118.64247,29.64606],[118.73969,29.74128],[118.73151,29.79095],[118.83642,29.8939],[118.89463,29.98411],[118.86011,30.14057],[118.90595,30.19015],[118.87499,30.31751],[118.94925,30.36294],[119.05772,30.30728],[119.19589,30.29343],[119.36618,30.38622],[119.28281,30.51501],[119.2318,30.54913],[119.33789,30.66644],[119.39983,30.6515],[119.47758,30.70674],[119.57089,30.83218],[119.55141,30.89907],[119.62918,31.0218],[119.61893,31.13254]]]},"properties":{"pr_adcode":"340000","pr_name":"安徽省"}},
{"type":"Feature","geometry":{"type":"MultiPolygon","coordinates":[[[[118.18114,24.46108],[118.18688,24.5396],[118.1376,24.56429],[118.08408,24.53519],[118.06405,24.4704],[118.13831,24.42351],[118.18114,24.46108]]],[[[120.45741,27.14571],[120.40004,27.20705],[120.39703,27.3016],[120.33642,27.40275],[120.24265,27.43777],[120.12688,27.41974],[120.04773,27.34176],[119.81582,27.29938],[119.68488,27.4341],[119.7039,27.51751],[119.62632,27.58606],[119.63057,27.67206],[119.49649,27.64799],[119.46972,27.54241],[119.35502,27.52746],[119.26298,27.42469],[119.18981,27.4219],[118.97798,27.49933],[118.90613,27.46425],[118.86893,27.52112],[118.90408,27.61484],[118.81362,27.92003],[118.72506,27.97584],[118.71393,28.06693],[118.79747,28.12061],[118.74961,28.25675],[118.57976,28.28778],[118.44989,28.24941],[118.42859,28.29169],[118.30984,28.2261],[118.36748,28.1919],[118.34759,28.09024],[118.11552,28.04492],[118.02914,27.99138],[117.85098,27.94927],[117.70053,27.83629],[117.60508,27.8669],[117.57418,27.94917],[117.50625,27.9778],[117.3992,27.8963],[117.31283,27.89728],[117.30042,27.7787],[117.10662,27.64844],[116.99841,27.62922],[117.01499,27.56028],[117.09703,27.5431],[117.12753,27.42542],[117.09505,27.34222],[117.16671,27.29343],[117.03855,27.14299],[117.04776,27.10349],[116.94205,27.04148],[116.67462,26.98193],[116.54402,26.8435],[116.55402,26.77036],[116.51041,26.72443],[116.5642,26.64577],[116.53625,26.55984],[116.62342,26.44902],[116.59688,26.37646],[116.51475,26.41374],[116.38053,26.24128],[116.48235,26.11395],[116.41683,26.06866],[116.29765,25.92561],[116.12578,25.86156],[116.17145,25.78811],[116.10201,25.70387],[116.05526,25.6977],[116.05795,25.56603],[116.00248,25.47656],[116.00325,25.32423],[115.92632,25.23899],[115.85094,25.21237],[115.92371,25.05349],[115.86902,25.02292],[115.88799,24.94013],[116.01049,24.90851],[116.04682,24.86474],[116.14843,24.84936],[116.22842,24.8035],[116.37246,24.82377],[116.44133,24.71717],[116.4823,24.7214],[116.52557,24.6079],[116.66258,24.6616],[116.7966,24.68119],[116.7537,24.54949],[116.82773,24.49908],[116.8994,24.37287],[116.93037,24.12985],[116.97799,23.96205],[116.95427,23.90343],[117.00734,23.85788],[117.04898,23.69915],[117.18772,23.63207],[117.18807,23.56413],[117.37735,23.55589],[117.45873,23.58765],[117.49775,23.70719],[117.60828,23.71615],[117.65554,23.79183],[117.66716,23.88079],[117.75771,23.88959],[117.86023,24.00761],[117.90602,24.01466],[117.99661,24.17961],[118.15062,24.26136],[118.08364,24.4088],[118.04409,24.421],[118.0797,24.53258],[118.11641,24.57252],[118.16453,24.56196],[118.23818,24.51533],[118.37711,24.53858],[118.43982,24.61764],[118.51398,24.6088],[118.57551,24.51021],[118.6758,24.58518],[118.69886,24.66831],[118.77188,24.74384],[118.72679,24.84351],[118.86024,24.89035],[118.98509,24.97692],[118.91606,25.05791],[118.97979,25.19831],[119.12576,25.02713],[119.17766,25.18092],[119.26465,25.16276],[119.3734,25.25152],[119.29426,25.33159],[119.21403,25.3707],[119.2616,25.42605],[119.34487,25.40958],[119.35215,25.52339],[119.43794,25.47521],[119.51535,25.37973],[119.64466,25.34584],[119.68104,25.44296],[119.73408,25.41918],[119.82214,25.46817],[119.81013,25.53228],[119.88306,25.55542],[119.77478,25.6401],[119.6793,25.59884],[119.70984,25.5239],[119.62006,25.47682],[119.59235,25.59636],[119.46822,25.66508],[119.59855,25.68837],[119.63314,25.75269],[119.62404,25.8752],[119.69067,25.90748],[119.71906,26.01463],[119.66422,26.02938],[119.60084,26.17312],[119.67173,26.26641],[119.7932,26.27151],[119.88944,26.35934],[119.83124,26.44113],[119.78382,26.58661],[119.65647,26.6135],[119.70648,26.69002],[119.89489,26.69672],[119.95262,26.63203],[119.84759,26.59887],[119.86267,26.51237],[120.05544,26.62912],[120.15126,26.75345],[120.04996,26.86691],[120.11261,26.918],[120.21875,26.91758],[120.30234,27.0912],[120.38773,27.08437],[120.45741,27.14571]]],[[[118.40974,24.5293],[118.36743,24.42907],[118.45295,24.41496],[118.40974,24.5293]]]]},"properties":{"pr_adcode":"350000","pr_name":"福建省"}},
{"type":"Feature","geometry":{"type":"Polygon","coordinates":[[[115.88799,24.94013],[115.86902,25.02292],[115.92371,25.05349],[115.85094,25.21237],[115.92632,25.23899],[116.00325,25.32423],[116.00248,25.47656],[116.05795,25.56603],[116.05526,25.6977],[116.10201,25.70387],[116.17145,25.78811],[116.12578,25.86156],[116.29765,25.92561],[116.41683,26.06866],[116.48235,26.11395],[116.38053,26.24128],[116.51475,26.41374],[116.59688,26.37646],[116.62342,26.44902],[116.53625,26.55984],[116.5642,26.64577],[116.51041,26.72443],[116.55402,26.77036],[116.54402,26.8435],[116.67462,26.98193],[116.94205,27.04148],[117.04776,27.10349],[117.03855,27.14299],[117.16671,27.29343],[117.09505,27.34222],[117.12753,27.42542],[117.09703,27.5431],[117.01499,27.56028],[116.99841,27.62922],[117.10662,27.64844],[117.30042,27.7787],[117.31283,27.89728],[117.3992,27.8963],[117.50625,27.9778],[117.57418,27.94917],[117.60508,27.8669],[117.70053,27.83629],[117.85098,27.94927],[118.02914,27.99138],[118.11552,28.04492],[118.34759,28.09024],[118.36748,28.1919],[118.30984,28.2261],[118.42859,28.29169],[118.43562,28.39573],[118.47302,28.47393],[118.40427,28.57227],[118.42622,28.68247],[118.36301,28.81418],[118.29587,28.82892],[118.2648,28.92161],[118.12806,28.98707],[118.06687,29.04171],[118.0282,29.17985],[118.07281,29.29311],[118.1476,29.28884],[118.18784,29.39784],[118.13851,29.4922],[118.00889,29.57979],[117.8714,29.54893],[117.7897,29.57289],[117.70238,29.55159],[117.64279,29.61759],[117.58132,29.58748],[117.44634,29.69833],[117.4496,29.75154],[117.33314,29.8503],[117.24405,29.84863],[117.21171,29.92942],[117.12251,29.89786],[117.10757,29.71449],[116.9909,29.68593],[116.77545,29.57349],[116.68404,29.60673],[116.65183,29.68899],[116.75746,29.80504],[116.80735,29.81427],[116.89521,29.95218],[116.79776,29.99909],[116.74229,30.05974],[116.66196,30.07936],[116.58123,30.049],[116.54709,29.91249],[116.4626,29.89856],[116.24861,29.78566],[116.12995,29.82179],[115.96084,29.72737],[115.83212,29.75118],[115.66277,29.85284],[115.50635,29.84284],[115.46667,29.74501],[115.34414,29.65319],[115.14985,29.66104],[115.14859,29.51284],[114.97621,29.56702],[114.89217,29.52986],[114.86129,29.40738],[114.75484,29.36583],[114.71386,29.39994],[114.61688,29.38293],[114.51449,29.32817],[114.33946,29.32785],[114.25366,29.34666],[114.21897,29.2382],[114.05763,29.20759],[113.94722,29.09576],[113.93672,29.05042],[113.96136,28.9474],[114.05457,28.90528],[114.07484,28.83617],[114.15164,28.76447],[114.08103,28.5593],[114.19024,28.50178],[114.17329,28.4365],[114.24722,28.39905],[114.24886,28.32424],[114.06314,28.17483],[113.98727,28.1648],[114.04138,28.0615],[113.90904,27.99486],[113.76393,27.95446],[113.7224,27.87938],[113.75767,27.80258],[113.60232,27.6384],[113.57797,27.52812],[113.61129,27.34887],[113.69427,27.33539],[113.86738,27.3883],[113.84188,27.2259],[113.77391,27.14053],[113.85806,27.022],[113.89701,26.92941],[113.83047,26.80987],[113.85526,26.66766],[113.9013,26.61929],[113.99113,26.61904],[114.1027,26.57826],[114.06732,26.48314],[114.08004,26.40946],[113.97372,26.24112],[114.05376,26.16927],[114.17608,26.2177],[114.23217,26.1554],[114.0299,26.0621],[114.02302,25.89633],[113.96495,25.83707],[113.90853,25.70442],[113.97793,25.60233],[113.9397,25.44471],[114.04614,25.35155],[114.07819,25.2782],[114.1533,25.31629],[114.25205,25.29553],[114.30977,25.34134],[114.37781,25.31978],[114.53566,25.41997],[114.63174,25.32754],[114.73805,25.27739],[114.68095,25.17609],[114.73035,25.12413],[114.63548,25.07689],[114.55691,25.08056],[114.50128,25.00291],[114.39082,24.95378],[114.39795,24.88023],[114.25352,24.64441],[114.30361,24.57676],[114.38657,24.56617],[114.46499,24.51345],[114.5294,24.56197],[114.58786,24.54102],[114.72781,24.61526],[114.89726,24.61099],[114.90501,24.66461],[115.09149,24.67661],[115.40786,24.79553],[115.55148,24.68567],[115.56607,24.6223],[115.66693,24.60771],[115.73911,24.54653],[115.8363,24.58704],[115.7523,24.75277],[115.81643,24.91087],[115.88799,24.94013]]]},"properties":{"pr_adcode":"360000","pr_name":"江西省"}},
{"type":"Feature","geometry":{"type":"Polygon","coordinates":[[[115.4776,36.14888],[115.44171,36.01252],[115.35708,35.97189],[115.32906,35.7967],[115.45408,35.86767],[115.69297,35.96611],[115.76892,35.97455],[116.01068,36.06132],[116.04288,35.97018],[115.90634,35.96047],[115.85438,35.85806],[115.7676,35.85422],[115.68784,35.75421],[115.48004,35.71018],[115.35202,35.55477],[115.35197,35.50664],[115.23155,35.42338],[115.15356,35.42795],[114.92422,35.24883],[114.92701,35.19931],[114.83614,35.15183],[114.82626,35.0749],[114.91833,34.96966],[115.12215,35.0049],[115.23776,34.85104],[115.3113,34.85998],[115.42083,34.80615],[115.43882,34.67537],[115.50993,34.58375],[115.69179,34.59547],[115.85288,34.57124],[116.10024,34.5975],[116.19149,34.57702],[116.22797,34.55626],[116.3686,34.64087],[116.40227,34.8514],[116.43941,34.89606],[116.63471,34.93351],[116.77569,34.91736],[116.78359,34.97582],[116.91977,34.90109],[116.97295,34.76462],[117.06464,34.71452],[117.14439,34.56699],[117.16987,34.47086],[117.2289,34.45565],[117.27583,34.56493],[117.39652,34.57034],[117.46056,34.48571],[117.58669,34.46389],[117.67879,34.54854],[117.78917,34.54088],[117.79388,34.64837],[117.94614,34.67959],[118.09681,34.64856],[118.07314,34.5707],[118.17899,34.54522],[118.16471,34.38246],[118.2851,34.42575],[118.39926,34.42876],[118.43525,34.52571],[118.41814,34.59381],[118.51779,34.7128],[118.67598,34.67942],[118.85551,34.92681],[118.85712,35.02648],[118.90582,35.04854],[119.10884,35.05536],[119.13232,35.09667],[119.28108,35.11565],[119.30023,35.07719],[119.38474,35.08284],[119.40552,35.23182],[119.47089,35.30856],[119.57385,35.35806],[119.66043,35.57046],[119.71256,35.61576],[119.87249,35.61119],[119.94785,35.71328],[120.01496,35.72221],[120.06587,35.88134],[120.20421,35.91753],[120.23994,36.02034],[120.10325,36.12714],[120.17635,36.20375],[120.35721,36.19586],[120.28489,36.05915],[120.41016,36.05712],[120.59523,36.10189],[120.7025,36.16496],[120.65831,36.33172],[120.75462,36.46238],[120.82374,36.4665],[120.8764,36.37012],[120.96398,36.47423],[120.95747,36.56262],[121.02398,36.57282],[121.15629,36.65084],[121.24694,36.67099],[121.47722,36.77306],[121.59498,36.74538],[121.62376,36.79704],[121.76279,36.87434],[122.01009,36.95722],[122.12222,36.91782],[122.24113,36.83495],[122.33647,36.82842],[122.54195,36.92307],[122.4763,37.11706],[122.57649,37.14719],[122.56256,37.26053],[122.59023,37.34734],[122.54898,37.40622],[122.3321,37.41349],[122.24783,37.46703],[122.16224,37.43714],[122.12849,37.55542],[122.01236,37.53002],[121.91927,37.47241],[121.76816,37.46567],[121.62869,37.4925],[121.5605,37.43972],[121.34961,37.59518],[121.21084,37.58224],[121.14851,37.61296],[121.15438,37.70588],[121.01449,37.73019],[120.93096,37.8217],[120.68361,37.82805],[120.57516,37.7602],[120.46683,37.75668],[120.36292,37.69699],[120.22201,37.69276],[120.2416,37.55577],[120.13892,37.48095],[119.83859,37.37609],[119.88693,37.26335],[119.73471,37.13315],[119.67303,37.15742],[119.57103,37.12708],[119.32201,37.11511],[119.29256,37.19665],[119.18511,37.25868],[119.04821,37.25412],[118.98123,37.33883],[118.93404,37.52642],[119.01837,37.63745],[119.23048,37.65125],[119.27457,37.69167],[119.30322,37.80453],[119.28627,37.8688],[119.1298,37.827],[119.10446,37.92039],[118.99871,37.99151],[118.96832,38.09349],[118.84798,38.15439],[118.72058,38.15354],[118.49862,38.11318],[118.21084,38.14617],[118.10584,38.20933],[117.99153,38.21125],[117.88975,38.30112],[117.80243,38.22774],[117.69836,38.07537],[117.55884,38.06309],[117.50663,37.94273],[117.43219,37.85294],[117.02109,37.83155],[116.78877,37.84625],[116.74798,37.76976],[116.4282,37.47245],[116.31488,37.57068],[116.27715,37.40059],[115.98239,37.34125],[115.95055,37.23466],[115.85933,37.07045],[115.77036,36.99096],[115.76279,36.91539],[115.65924,36.81225],[115.4727,36.75896],[115.44056,36.69423],[115.32825,36.58221],[115.2769,36.47828],[115.36262,36.34238],[115.47053,36.24638],[115.4776,36.14888]]]},"properties":{"pr_adcode":"370000","pr_name":"山东省"}},
{"type":"Feature","geometry":{"type":"Polygon","coordinates":[[[110.97949,33.25725],[111.05201,33.18526],[111.17366,33.11723],[111.26782,32.97379],[111.2491,32.88604],[111.37395,32.83069],[111.40743,32.75904],[111.5719,32.59581],[111.70763,32.60872],[111.88417,32.50551],[111.95064,32.51457],[112.0084,32.45247],[112.15081,32.37915],[112.19995,32.39511],[112.31937,32.32368],[112.53899,32.39781],[112.76195,32.34632],[112.85493,32.39811],[112.98592,32.3805],[113.02509,32.42651],[113.11246,32.3778],[113.20568,32.43411],[113.42257,32.27255],[113.64539,32.41572],[113.72931,32.41301],[113.76475,32.36077],[113.73796,32.28577],[113.77742,32.19181],[113.72259,32.08532],[113.78544,32.03814],[113.85323,31.8433],[113.94932,31.85855],[113.97332,31.75593],[114.22988,31.83544],[114.28728,31.75429],[114.44096,31.72994],[114.58086,31.76461],[114.55587,31.56312],[114.63656,31.58434],[114.7841,31.4826],[114.93477,31.47936],[115.09063,31.5103],[115.11976,31.60095],[115.22762,31.55878],[115.20507,31.44746],[115.30809,31.38542],[115.36803,31.40765],[115.36597,31.49771],[115.48991,31.67491],[115.67127,31.78053],[115.88013,31.7783],[115.91508,31.9227],[115.9368,32.16743],[115.90762,32.2299],[115.87839,32.49154],[115.78335,32.47105],[115.6958,32.49746],[115.66588,32.41761],[115.5638,32.4169],[115.40583,32.57668],[115.30086,32.55467],[115.20659,32.59054],[115.17284,32.68486],[115.18432,32.81445],[115.13482,32.89928],[114.93694,32.93963],[114.89766,33.13153],[114.96098,33.14825],[115.03562,33.08834],[115.1604,33.0893],[115.28533,33.13511],[115.35642,33.30304],[115.30997,33.43296],[115.41032,33.55672],[115.63435,33.58678],[115.59575,33.66047],[115.6241,33.87298],[115.55714,33.92875],[115.59554,34.0254],[115.73026,34.07822],[115.95223,34.00925],[115.98023,33.90268],[116.05987,33.84729],[116.06881,33.7828],[116.14985,33.71125],[116.42707,33.79659],[116.43181,33.8478],[116.56187,33.90975],[116.64282,33.97488],[116.52947,34.11508],[116.56378,34.2849],[116.35896,34.27065],[116.35212,34.32095],[116.21043,34.40455],[116.15644,34.46049],[116.19149,34.57702],[116.10024,34.5975],[115.85288,34.57124],[115.69179,34.59547],[115.50993,34.58375],[115.43882,34.67537],[115.42083,34.80615],[115.3113,34.85998],[115.23776,34.85104],[115.12215,35.0049],[114.91833,34.96966],[114.82626,35.0749],[114.83614,35.15183],[114.92701,35.19931],[114.92422,35.24883],[115.15356,35.42795],[115.23155,35.42338],[115.35197,35.50664],[115.35202,35.55477],[115.48004,35.71018],[115.68784,35.75421],[115.7676,35.85422],[115.85438,35.85806],[115.90634,35.96047],[116.04288,35.97018],[116.01068,36.06132],[115.76892,35.97455],[115.69297,35.96611],[115.45408,35.86767],[115.32906,35.7967],[115.35708,35.97189],[115.44171,36.01252],[115.4776,36.14888],[115.30206,36.09068],[115.23624,36.19121],[115.13682,36.20949],[115.04247,36.1619],[115.03995,36.1121],[114.94893,36.06795],[114.85304,36.14445],[114.74298,36.15084],[114.62197,36.12353],[114.46021,36.19759],[114.20462,36.27269],[114.06541,36.27167],[114.02462,36.35061],[113.87588,36.35398],[113.81201,36.33116],[113.7251,36.36333],[113.67951,36.05612],[113.64269,35.99433],[113.65485,35.83746],[113.58064,35.74433],[113.57238,35.6339],[113.49247,35.53238],[113.38515,35.50693],[113.29167,35.42764],[113.18452,35.43436],[113.12,35.33247],[112.98945,35.36163],[112.92359,35.25753],[112.81605,35.25864],[112.76103,35.20462],[112.63124,35.22635],[112.38434,35.23913],[112.28236,35.21804],[112.21104,35.25373],[112.05243,35.28023],[112.03574,35.20071],[112.05577,35.05634],[111.92236,35.08291],[111.66356,34.9891],[111.56481,34.84443],[111.33413,34.83218],[111.23386,34.79458],[111.14243,34.80835],[111.11215,34.75743],[110.90978,34.7175],[110.81883,34.61709],[110.74363,34.65341],[110.66946,34.5937],[110.52795,34.58478],[110.3737,34.60157],[110.35504,34.5188],[110.404,34.42275],[110.46831,34.39449],[110.43422,34.24466],[110.63678,34.16247],[110.58666,34.10331],[110.66571,33.96801],[110.58218,33.88941],[110.60704,33.85419],[110.77676,33.79761],[110.8735,33.63638],[110.99807,33.58026],[111.02164,33.4947],[110.99113,33.43764],[111.03115,33.3683],[110.97949,33.25725]]]},"properties":{"pr_adcode":"410000","pr_name":"河南省"}},
{"type":"Feature","geometry":{"type":"Polygon","coordinates":[[[109.22793,29.12239],[109.25321,29.22545],[109.34733,29.28732],[109.33914,29.37208],[109.42639,29.5078],[109.52643,29.61834],[109.69646,29.63901],[109.77468,29.76037],[110.01924,29.77218],[110.10846,29.79211],[110.21501,29.74924],[110.36836,29.63631],[110.55803,29.71532],[110.63793,29.7767],[110.54515,29.85073],[110.50182,29.92163],[110.55238,29.99101],[110.52647,30.06378],[110.64609,30.08037],[110.7073,30.03578],[110.76446,30.12279],[110.91921,30.11408],[110.92483,30.0662],[111.23665,30.04297],[111.43193,29.93245],[111.54582,29.89794],[111.67615,29.88722],[111.77766,29.91551],[111.90909,29.85545],[112.07053,29.74591],[112.05425,29.69719],[112.1724,29.65917],[112.36446,29.54469],[112.43381,29.63625],[112.68137,29.59543],[112.75814,29.66739],[112.78827,29.73851],[112.86446,29.78873],[112.92436,29.75809],[112.9065,29.61894],[112.94459,29.4757],[113.02857,29.52616],[113.13938,29.45183],[113.37134,29.70562],[113.5609,29.84892],[113.5415,29.67807],[113.6323,29.6726],[113.73533,29.59417],[113.68321,29.51229],[113.74923,29.45024],[113.65538,29.37104],[113.60412,29.25449],[113.68447,29.23367],[113.65645,29.17025],[113.67983,29.08982],[113.76995,29.09812],[113.89001,29.03262],[113.93672,29.05042],[113.94722,29.09576],[114.05763,29.20759],[114.21897,29.2382],[114.25366,29.34666],[114.33946,29.32785],[114.51449,29.32817],[114.61688,29.38293],[114.71386,29.39994],[114.75484,29.36583],[114.86129,29.40738],[114.89217,29.52986],[114.97621,29.56702],[115.14859,29.51284],[115.14985,29.66104],[115.34414,29.65319],[115.46667,29.74501],[115.50635,29.84284],[115.66277,29.85284],[115.83212,29.75118],[115.96084,29.72737],[116.12995,29.82179],[116.12054,29.9037],[116.06876,29.96572],[116.08263,30.12786],[116.05907,30.20926],[115.98025,30.29362],[115.89946,30.31276],[115.87991,30.38222],[115.91491,30.51765],[115.75725,30.68803],[115.77765,30.75409],[115.84643,30.75919],[115.86059,30.8667],[116.00467,30.95193],[116.0536,31.01481],[115.93354,31.04966],[115.87503,31.14422],[115.75873,31.12035],[115.70507,31.20277],[115.64075,31.21187],[115.58055,31.1465],[115.50222,31.27001],[115.45226,31.28353],[115.36803,31.40765],[115.30809,31.38542],[115.20507,31.44746],[115.22762,31.55878],[115.11976,31.60095],[115.09063,31.5103],[114.93477,31.47936],[114.7841,31.4826],[114.63656,31.58434],[114.55587,31.56312],[114.58086,31.76461],[114.44096,31.72994],[114.28728,31.75429],[114.22988,31.83544],[113.97332,31.75593],[113.94932,31.85855],[113.85323,31.8433],[113.78544,32.03814],[113.72259,32.08532],[113.77742,32.19181],[113.73796,32.28577],[113.76475,32.36077],[113.72931,32.41301],[113.64539,32.41572],[113.42257,32.27255],[113.20568,32.43411],[113.11246,32.3778],[113.02509,32.42651],[112.98592,32.3805],[112.85493,32.39811],[112.76195,32.34632],[112.53899,32.39781],[112.31937,32.32368],[112.19995,32.39511],[112.15081,32.37915],[112.0084,32.45247],[111.95064,32.51457],[111.88417,32.50551],[111.70763,32.60872],[111.5719,32.59581],[111.40743,32.75904],[111.37395,32.83069],[111.2491,32.88604],[111.26782,32.97379],[111.17366,33.11723],[111.05201,33.18526],[110.97949,33.25725],[110.91894,33.21025],[110.82521,33.20446],[110.69722,33.09907],[110.58911,33.17056],[110.53588,33.25749],[110.46518,33.1867],[110.21314,33.16502],[110.15976,33.21101],[110.02588,33.19368],[109.84026,33.24889],[109.68795,33.25616],[109.5092,33.23957],[109.43367,33.15378],[109.57133,33.1123],[109.68304,33.11855],[109.78943,33.06887],[109.75924,32.91132],[109.98602,32.88794],[110.13691,32.80476],[110.14925,32.6921],[110.19984,32.6298],[110.02307,32.55053],[109.9057,32.59507],[109.81208,32.57962],[109.72166,32.61047],[109.62697,32.60242],[109.49543,32.38109],[109.49042,32.30259],[109.61683,32.10913],[109.5828,32.02763],[109.62649,31.96457],[109.60276,31.88397],[109.63342,31.81333],[109.58098,31.72898],[109.72611,31.70256],[109.74145,31.58007],[109.91908,31.52377],[110.04888,31.41288],[110.1133,31.4116],[110.15697,31.31442],[110.18438,31.13163],[110.11501,31.09155],[110.14662,30.91374],[110.07816,30.80321],[110.00328,30.88594],[109.88982,30.90234],[109.77586,30.851],[109.65438,30.76457],[109.56944,30.64954],[109.50985,30.65794],[109.35608,30.55339],[109.2947,30.63306],[109.14579,30.52982],[109.07874,30.60062],[108.96304,30.62747],[108.8394,30.50861],[108.73976,30.49738],[108.69505,30.54702],[108.57752,30.48866],[108.42296,30.49485],[108.4554,30.36228],[108.57799,30.25643],[108.51861,30.07499],[108.53808,29.99447],[108.51998,29.89949],[108.36696,29.84407],[108.50213,29.71084],[108.5973,29.8684],[108.66188,29.84545],[108.67679,29.72412],[108.73866,29.65859],[108.88234,29.6359],[108.86947,29.45254],[108.92776,29.4346],[108.9155,29.32928],[108.98174,29.3396],[109.06099,29.40322],[109.10772,29.36358],[109.10565,29.21781],[109.22793,29.12239]]]},"properties":{"pr_adcode":"420000","pr_name":"湖北省"}},
{"type":"Feature","geometry":{"type":"Polygon","coordinates":[[[109.26975,28.498],[109.27046,28.31603],[109.38316,28.27134],[109.30971,28.10723],[109.37434,28.03631],[109.29713,27.96167],[109.32834,27.78604],[109.45207,27.69676],[109.46441,27.62416],[109.24103,27.4215],[109.19756,27.45335],[109.1201,27.39105],[109.03691,27.27987],[108.91013,27.2182],[108.91521,27.16023],[108.79962,27.08232],[108.91728,27.01336],[109.01442,27.09921],[109.10824,27.12676],[109.15895,27.06909],[109.27061,27.13337],[109.41048,27.15708],[109.54877,26.94862],[109.44923,26.76453],[109.35032,26.69657],[109.40401,26.54035],[109.32222,26.4313],[109.28138,26.29918],[109.4349,26.24203],[109.47154,26.15128],[109.44286,26.07487],[109.47803,26.03278],[109.72511,25.99473],[109.68074,25.88354],[109.82148,25.91462],[109.77789,26.0004],[109.86649,26.03672],[109.90281,26.14835],[109.95623,26.19426],[110.094,26.17141],[110.06784,26.04777],[110.23579,26.03612],[110.32086,25.97873],[110.37231,26.0975],[110.5129,26.19017],[110.55066,26.28987],[110.60779,26.33723],[110.82951,26.25933],[110.93492,26.2902],[110.94001,26.37716],[111.08726,26.30989],[111.19947,26.31116],[111.27598,26.27445],[111.25916,26.09783],[111.19084,25.96398],[111.24638,25.86777],[111.3408,25.90932],[111.42774,25.84917],[111.43677,25.78095],[111.30224,25.71928],[111.33777,25.60559],[111.28685,25.43867],[111.17661,25.36937],[111.09802,25.28776],[111.10749,25.21976],[110.994,25.16448],[110.94716,25.04417],[110.99849,24.92435],[111.09518,24.94842],[111.09658,25.03787],[111.28386,25.14531],[111.42903,25.09422],[111.46194,25.00523],[111.44398,24.8598],[111.47407,24.80038],[111.42565,24.68856],[111.56556,24.64774],[111.70313,24.79176],[112.01875,24.74301],[112.05375,24.80228],[112.15566,24.84695],[112.16979,24.93029],[112.11653,24.99221],[112.19638,25.18859],[112.29721,25.16001],[112.35936,25.19441],[112.55755,25.1275],[112.62309,25.14363],[112.71034,25.08125],[112.70984,25.02893],[112.77541,24.90019],[112.86834,24.89973],[113.00649,24.94895],[112.96273,25.14457],[113.025,25.19726],[112.99361,25.24692],[112.86313,25.2518],[112.8954,25.31437],[113.07451,25.38602],[113.13899,25.47421],[113.24358,25.51698],[113.30581,25.49325],[113.36619,25.4095],[113.53073,25.37143],[113.60628,25.33031],[113.71427,25.36234],[113.80972,25.3316],[113.9397,25.44471],[113.97793,25.60233],[113.90853,25.70442],[113.96495,25.83707],[114.02302,25.89633],[114.0299,26.0621],[114.23217,26.1554],[114.17608,26.2177],[114.05376,26.16927],[113.97372,26.24112],[114.08004,26.40946],[114.06732,26.48314],[114.1027,26.57826],[113.99113,26.61904],[113.9013,26.61929],[113.85526,26.66766],[113.83047,26.80987],[113.89701,26.92941],[113.85806,27.022],[113.77391,27.14053],[113.84188,27.2259],[113.86738,27.3883],[113.69427,27.33539],[113.61129,27.34887],[113.57797,27.52812],[113.60232,27.6384],[113.75767,27.80258],[113.7224,27.87938],[113.76393,27.95446],[113.90904,27.99486],[114.04138,28.0615],[113.98727,28.1648],[114.06314,28.17483],[114.24886,28.32424],[114.24722,28.39905],[114.17329,28.4365],[114.19024,28.50178],[114.08103,28.5593],[114.15164,28.76447],[114.07484,28.83617],[114.05457,28.90528],[113.96136,28.9474],[113.93672,29.05042],[113.89001,29.03262],[113.76995,29.09812],[113.67983,29.08982],[113.65645,29.17025],[113.68447,29.23367],[113.60412,29.25449],[113.65538,29.37104],[113.74923,29.45024],[113.68321,29.51229],[113.73533,29.59417],[113.6323,29.6726],[113.5415,29.67807],[113.5609,29.84892],[113.37134,29.70562],[113.13938,29.45183],[113.02857,29.52616],[112.94459,29.4757],[112.9065,29.61894],[112.92436,29.75809],[112.86446,29.78873],[112.78827,29.73851],[112.75814,29.66739],[112.68137,29.59543],[112.43381,29.63625],[112.36446,29.54469],[112.1724,29.65917],[112.05425,29.69719],[112.07053,29.74591],[111.90909,29.85545],[111.77766,29.91551],[111.67615,29.88722],[111.54582,29.89794],[111.43193,29.93245],[111.23665,30.04297],[110.92483,30.0662],[110.91921,30.11408],[110.76446,30.12279],[110.7073,30.03578],[110.64609,30.08037],[110.52647,30.06378],[110.55238,29.99101],[110.50182,29.92163],[110.54515,29.85073],[110.63793,29.7767],[110.55803,29.71532],[110.36836,29.63631],[110.21501,29.74924],[110.10846,29.79211],[110.01924,29.77218],[109.77468,29.76037],[109.69646,29.63901],[109.52643,29.61834],[109.42639,29.5078],[109.33914,29.37208],[109.34733,29.28732],[109.25321,29.22545],[109.22793,29.12239],[109.31488,29.04549],[109.22944,28.86696],[109.23669,28.77972],[109.29529,28.74813],[109.19119,28.64108],[109.29605,28.57954],[109.26975,28.498]]]},"properties":{"pr_adcode":"430000","pr_name":"湖南省"}},
{"type":"Feature","geometry":{"type":"MultiPolygon","coordinates":[[[[110.55649,21.051],[110.39403,21.09863],[110.30176,21.09058],[110.20097,20.98105],[110.21016,20.94021],[110.34325,20.98716],[110.46845,20.98558],[110.55649,21.051]]],[[[110.52945,21.11358],[110.57813,21.09748],[110.62731,21.19355],[110.49164,21.21464],[110.45885,21.15198],[110.52945,21.11358]]],[[[112.01875,24.74301],[111.95612,24.7242],[111.9223,24.63249],[112.00207,24.53743],[111.98137,24.46743],[112.05227,24.3898],[112.02077,24.29788],[111.91083,24.22567],[111.87356,24.11303],[111.93526,23.99065],[111.81769,23.91399],[111.77982,23.81052],[111.6593,23.83767],[111.62294,23.79145],[111.66162,23.72167],[111.61059,23.64178],[111.48178,23.62919],[111.47495,23.53512],[111.39441,23.47181],[111.34814,23.29148],[111.38355,23.21269],[111.36896,23.0951],[111.42864,23.03878],[111.35948,22.95019],[111.35351,22.89188],[111.21344,22.75091],[111.09056,22.74176],[111.0506,22.65123],[110.9726,22.64449],[110.88275,22.58663],[110.74512,22.56008],[110.70878,22.4404],[110.78096,22.29751],[110.72076,22.2985],[110.6425,22.226],[110.55602,22.19939],[110.49946,22.14579],[110.42619,22.2089],[110.37648,22.16687],[110.34542,22.03382],[110.38707,21.89619],[110.19266,21.90253],[110.04684,21.85982],[109.9466,21.85217],[109.91002,21.66952],[109.74191,21.62556],[109.78132,21.45952],[109.90055,21.43285],[109.86467,21.3685],[109.75316,21.34931],[109.75968,21.22881],[109.67072,21.13924],[109.6515,20.93192],[109.70752,20.77726],[109.74081,20.62365],[109.78908,20.61819],[109.83575,20.49207],[109.89151,20.43015],[109.85716,20.37924],[109.91177,20.31944],[109.90543,20.23973],[110.0781,20.26084],[110.11351,20.22187],[110.2122,20.25281],[110.32317,20.25378],[110.4478,20.31345],[110.5475,20.46556],[110.46166,20.68265],[110.40288,20.73445],[110.38918,20.81903],[110.2647,20.84226],[110.17984,20.8942],[110.17639,20.98419],[110.29259,21.09629],[110.3967,21.13342],[110.41781,21.19308],[110.49673,21.22005],[110.6221,21.2184],[110.7918,21.37734],[110.92463,21.37875],[111.05636,21.45162],[111.37728,21.49791],[111.44717,21.51761],[111.67234,21.53238],[111.6887,21.59301],[111.7893,21.61391],[111.86371,21.56191],[111.9166,21.60227],[111.95096,21.7133],[112.0312,21.76395],[112.1787,21.79893],[112.25517,21.70067],[112.41051,21.73723],[112.43418,21.80616],[112.53065,21.75681],[112.64676,21.76489],[112.7872,21.92403],[112.83588,21.92332],[112.88859,21.84716],[112.98451,21.87227],[113.08664,22.06791],[113.14605,21.98245],[113.26157,21.87434],[113.32482,21.96424],[113.43676,22.01209],[113.54936,22.11023],[113.55381,22.21534],[113.66426,22.41925],[113.61978,22.44602],[113.7353,22.53714],[113.68016,22.72064],[113.72856,22.73923],[113.77715,22.62857],[113.85161,22.54263],[113.88689,22.44569],[113.97161,22.51358],[114.02681,22.50693],[114.16059,22.56164],[114.22772,22.5429],[114.39339,22.60553],[114.52081,22.44351],[114.60695,22.48509],[114.5552,22.57619],[114.59865,22.64178],[114.59724,22.73377],[114.6814,22.76813],[114.73063,22.72727],[114.74272,22.58448],[114.87065,22.59336],[115.02797,22.70644],[115.06203,22.78826],[115.22322,22.82804],[115.33311,22.7794],[115.37645,22.68663],[115.46687,22.70056],[115.53316,22.66586],[115.58454,22.72731],[115.56577,22.78949],[115.62792,22.86298],[115.75122,22.84011],[115.82472,22.73761],[115.87887,22.78833],[116.06578,22.84618],[116.10213,22.82049],[116.22242,22.91722],[116.30234,22.95545],[116.37799,22.92177],[116.50108,22.93361],[116.55872,23.00359],[116.54791,23.11731],[116.66088,23.16093],[116.7953,23.24686],[116.77821,23.31643],[116.82854,23.36844],[116.90524,23.53128],[117.00554,23.50523],[117.03993,23.54214],[117.18807,23.56413],[117.18772,23.63207],[117.04898,23.69915],[117.00734,23.85788],[116.95427,23.90343],[116.97799,23.96205],[116.93037,24.12985],[116.8994,24.37287],[116.82773,24.49908],[116.7537,24.54949],[116.7966,24.68119],[116.66258,24.6616],[116.52557,24.6079],[116.4823,24.7214],[116.44133,24.71717],[116.37246,24.82377],[116.22842,24.8035],[116.14843,24.84936],[116.04682,24.86474],[116.01049,24.90851],[115.88799,24.94013],[115.81643,24.91087],[115.7523,24.75277],[115.8363,24.58704],[115.73911,24.54653],[115.66693,24.60771],[115.56607,24.6223],[115.55148,24.68567],[115.40786,24.79553],[115.09149,24.67661],[114.90501,24.66461],[114.89726,24.61099],[114.72781,24.61526],[114.58786,24.54102],[114.5294,24.56197],[114.46499,24.51345],[114.38657,24.56617],[114.30361,24.57676],[114.25352,24.64441],[114.39795,24.88023],[114.39082,24.95378],[114.50128,25.00291],[114.55691,25.08056],[114.63548,25.07689],[114.73035,25.12413],[114.68095,25.17609],[114.73805,25.27739],[114.63174,25.32754],[114.53566,25.41997],[114.37781,25.31978],[114.30977,25.34134],[114.25205,25.29553],[114.1533,25.31629],[114.07819,25.2782],[114.04614,25.35155],[113.9397,25.44471],[113.80972,25.3316],[113.71427,25.36234],[113.60628,25.33031],[113.53073,25.37143],[113.36619,25.4095],[113.30581,25.49325],[113.24358,25.51698],[113.13899,25.47421],[113.07451,25.38602],[112.8954,25.31437],[112.86313,25.2518],[112.99361,25.24692],[113.025,25.19726],[112.96273,25.14457],[113.00649,24.94895],[112.86834,24.89973],[112.77541,24.90019],[112.70984,25.02893],[112.71034,25.08125],[112.62309,25.14363],[112.55755,25.1275],[112.35936,25.19441],[112.29721,25.16001],[112.19638,25.18859],[112.11653,24.99221],[112.16979,24.93029],[112.15566,24.84695],[112.05375,24.80228],[112.01875,24.74301]]],[[[116.06109,21.06724],[116.01993,21.12663],[115.93981,21.0853],[116.03553,21.0229],[116.06109,21.06724]]]]},"properties":{"pr_adcode":"440000","pr_name":"广东省"}},
{"type":"Feature","geometry":{"type":"Polygon","coordinates":[[[109.47803,26.03278],[109.42965,25.93531],[109.33471,25.83675],[109.3355,25.73465],[109.29218,25.71716],[109.15476,25.76196],[109.11342,25.81228],[109.02699,25.79692],[109.0746,25.72354],[109.03859,25.65984],[109.02076,25.51535],[108.94836,25.55944],[108.82242,25.5531],[108.75788,25.64074],[108.67977,25.58914],[108.59502,25.45791],[108.41748,25.44312],[108.34053,25.54017],[108.3,25.52478],[108.13359,25.33923],[108.12951,25.23711],[107.99783,25.19945],[107.83503,25.11912],[107.75583,25.19153],[107.60571,25.26186],[107.50045,25.21358],[107.423,25.2901],[107.41653,25.3958],[107.3285,25.44954],[107.3147,25.50603],[107.18108,25.58122],[107.06038,25.56232],[106.95995,25.44036],[107.00974,25.27823],[106.84906,25.18997],[106.68749,25.1822],[106.58426,25.08899],[106.3014,24.97693],[106.21187,24.98472],[106.14625,24.94722],[106.20257,24.85397],[106.16661,24.7612],[106.04348,24.68691],[105.93872,24.72793],[105.82427,24.70599],[105.70238,24.77147],[105.4942,24.81227],[105.42474,24.93347],[105.26245,24.93314],[105.20963,24.99826],[105.07212,24.91948],[105.03046,24.79068],[104.89692,24.75607],[104.83943,24.67927],[104.69559,24.65243],[104.6308,24.66235],[104.52724,24.73444],[104.48373,24.64787],[104.51871,24.5381],[104.60883,24.38024],[104.7187,24.34292],[104.71214,24.44311],[104.8342,24.44971],[104.97735,24.41588],[105.05165,24.44212],[105.19376,24.32983],[105.16531,24.28045],[105.21222,24.21776],[105.19763,24.10813],[105.29046,24.11597],[105.48978,24.01999],[105.52763,24.11652],[105.6253,24.12956],[105.6385,24.04761],[105.78705,24.07268],[105.88908,24.04327],[105.93003,24.1268],[106.0464,24.09251],[106.18796,23.83818],[106.13327,23.79796],[106.15375,23.7267],[106.11716,23.60786],[106.13787,23.57217],[106.05942,23.49093],[105.88884,23.5277],[105.81051,23.50488],[105.69661,23.40414],[105.67918,23.35165],[105.5902,23.31541],[105.53064,23.24544],[105.53957,23.18706],[105.57203,23.06912],[105.73023,23.05428],[105.89104,22.9395],[105.99195,22.94054],[106.0165,22.99324],[106.20337,22.98117],[106.26725,22.87777],[106.36271,22.86076],[106.50106,22.91326],[106.52275,22.94951],[106.67175,22.89427],[106.78261,22.81436],[106.71719,22.60824],[106.58191,22.51946],[106.56379,22.42372],[106.65993,22.33371],[106.70195,22.21958],[106.66995,22.18556],[106.71424,22.07727],[106.70299,22.02439],[106.79915,21.98438],[106.91684,21.97303],[107.05595,21.91782],[107.00606,21.83855],[107.08407,21.80766],[107.1955,21.72132],[107.30692,21.73625],[107.38431,21.59657],[107.47329,21.66266],[107.49513,21.59585],[107.68864,21.61169],[107.8083,21.65796],[107.87035,21.64794],[107.95231,21.53871],[108.02665,21.54852],[108.12959,21.50743],[108.2014,21.60033],[108.33462,21.54369],[108.48872,21.55736],[108.58802,21.68003],[108.82943,21.61338],[109.13845,21.56682],[109.13787,21.51447],[109.05368,21.48321],[109.04246,21.42689],[109.13458,21.39137],[109.24161,21.42824],[109.48084,21.45592],[109.52569,21.43958],[109.6004,21.52625],[109.69994,21.46521],[109.78132,21.45952],[109.74191,21.62556],[109.91002,21.66952],[109.9466,21.85217],[110.04684,21.85982],[110.19266,21.90253],[110.38707,21.89619],[110.34542,22.03382],[110.37648,22.16687],[110.42619,22.2089],[110.49946,22.14579],[110.55602,22.19939],[110.6425,22.226],[110.72076,22.2985],[110.78096,22.29751],[110.70878,22.4404],[110.74512,22.56008],[110.88275,22.58663],[110.9726,22.64449],[111.0506,22.65123],[111.09056,22.74176],[111.21344,22.75091],[111.35351,22.89188],[111.35948,22.95019],[111.42864,23.03878],[111.36896,23.0951],[111.38355,23.21269],[111.34814,23.29148],[111.39441,23.47181],[111.47495,23.53512],[111.48178,23.62919],[111.61059,23.64178],[111.66162,23.72167],[111.62294,23.79145],[111.6593,23.83767],[111.77982,23.81052],[111.81769,23.91399],[111.93526,23.99065],[111.87356,24.11303],[111.91083,24.22567],[112.02077,24.29788],[112.05227,24.3898],[111.98137,24.46743],[112.00207,24.53743],[111.9223,24.63249],[111.95612,24.7242],[112.01875,24.74301],[111.70313,24.79176],[111.56556,24.64774],[111.42565,24.68856],[111.47407,24.80038],[111.44398,24.8598],[111.46194,25.00523],[111.42903,25.09422],[111.28386,25.14531],[111.09658,25.03787],[111.09518,24.94842],[110.99849,24.92435],[110.94716,25.04417],[110.994,25.16448],[111.10749,25.21976],[111.09802,25.28776],[111.17661,25.36937],[111.28685,25.43867],[111.33777,25.60559],[111.30224,25.71928],[111.43677,25.78095],[111.42774,25.84917],[111.3408,25.90932],[111.24638,25.86777],[111.19084,25.96398],[111.25916,26.09783],[111.27598,26.27445],[111.19947,26.31116],[111.08726,26.30989],[110.94001,26.37716],[110.93492,26.2902],[110.82951,26.25933],[110.60779,26.33723],[110.55066,26.28987],[110.5129,26.19017],[110.37231,26.0975],[110.32086,25.97873],[110.23579,26.03612],[110.06784,26.04777],[110.094,26.17141],[109.95623,26.19426],[109.90281,26.14835],[109.86649,26.03672],[109.77789,26.0004],[109.82148,25.91462],[109.68074,25.88354],[109.72511,25.99473],[109.47803,26.03278]]]},"properties":{"pr_adcode":"450000","pr_name":"广西壮族自治区"}},
{"type":"Feature","geometry":{"type":"MultiPolygon","coordinates":[[[[109.81277,7.57406],[109.6494,7.56101],[109.53227,7.45015],[109.46292,7.35488],[109.50957,7.32156],[109.65051,7.48089],[109.78819,7.52595],[109.81277,7.57406]]],[[[110.07403,7.95088],[109.9492,7.8903],[109.98458,7.81419],[110.04632,7.84787],[110.07403,7.95088]]],[[[110.59611,8.15878],[110.45767,8.12987],[110.47445,8.06977],[110.55062,8.09547],[110.59611,8.15878]]],[[[110.25578,20.0628],[110.13998,20.07639],[110.1021,20.02875],[109.96112,19.99584],[109.75752,19.98342],[109.70803,20.01956],[109.58132,19.9905],[109.49446,19.8754],[109.30394,19.91986],[109.26046,19.907],[109.15497,19.79257],[109.16533,19.73846],[109.08945,19.69154],[109.04448,19.62172],[108.74385,19.39347],[108.64118,19.35117],[108.60216,19.26657],[108.59476,19.05772],[108.6343,18.9265],[108.58963,18.8114],[108.64898,18.7424],[108.66048,18.67525],[108.64138,18.48858],[108.70627,18.44587],[108.87758,18.41846],[108.94093,18.31574],[109.10417,18.3254],[109.13456,18.26934],[109.28401,18.26657],[109.35164,18.21648],[109.58054,18.14547],[109.74569,18.19499],[109.77925,18.33916],[109.91567,18.37743],[110.01852,18.36166],[110.08616,18.40082],[110.11222,18.50812],[110.24204,18.61135],[110.49103,18.6517],[110.49648,18.75448],[110.57379,18.78661],[110.61512,19.15399],[110.7256,19.38059],[110.83967,19.45206],[110.91637,19.55463],[111.05683,19.61398],[111.03917,19.76532],[110.96503,20.01236],[110.86708,20.0138],[110.74017,20.07612],[110.71286,20.15097],[110.55808,20.11212],[110.52235,20.07752],[110.38292,20.11551],[110.25578,20.0628]]],[[[114.05174,7.68781],[113.91738,7.64057],[113.89394,7.60069],[113.98295,7.53767],[114.15331,7.56269],[114.36425,7.63989],[114.41588,7.76703],[114.5366,7.86362],[114.53688,7.94728],[114.41044,7.95422],[114.26412,7.87228],[114.20339,7.78397],[114.05174,7.68781]]]]},"properties":{"pr_adcode":"460000","pr_name":"海南省"}},
{"type":"Feature","geometry":{"type":"Polygon","coordinates":[[[108.50526,32.20343],[108.36477,32.17538],[108.34587,31.97402],[108.27819,31.9199],[108.4517,31.78601],[108.52461,31.75512],[108.52845,31.67133],[108.41046,31.62096],[108.33702,31.51193],[108.18596,31.49355],[108.21184,31.41331],[108.17591,31.32789],[108.07591,31.2635],[108.08101,31.19015],[108.02441,31.06396],[107.93401,30.93788],[107.9894,30.90672],[107.84549,30.79518],[107.7593,30.81959],[107.73513,30.88659],[107.64309,30.82582],[107.51881,30.85073],[107.44213,30.77244],[107.45192,30.6851],[107.51095,30.64462],[107.35541,30.45873],[107.25161,30.26642],[107.08002,30.06635],[106.98119,30.08677],[106.89882,30.03317],[106.7224,30.03593],[106.55651,30.31794],[106.43581,30.3107],[106.39967,30.24465],[106.26636,30.19795],[106.17649,30.23542],[106.16557,30.30692],[105.89595,30.40841],[105.7617,30.39142],[105.72645,30.26851],[105.61534,30.23819],[105.53297,30.16761],[105.683,30.04639],[105.74748,30.02235],[105.70123,29.93019],[105.70532,29.84329],[105.57992,29.82213],[105.57159,29.74731],[105.47209,29.67731],[105.41603,29.69046],[105.28642,29.55534],[105.33455,29.46453],[105.43946,29.40173],[105.42719,29.32076],[105.51497,29.26738],[105.64068,29.27398],[105.70532,29.24093],[105.80026,28.95077],[105.90645,28.91849],[105.99727,28.97713],[106.09735,28.90193],[106.17258,28.92188],[106.29973,28.71237],[106.30027,28.65316],[106.37037,28.52884],[106.49067,28.60332],[106.55817,28.75948],[106.6299,28.61113],[106.61697,28.50607],[106.72009,28.53329],[106.7764,28.62834],[106.8625,28.62798],[106.87934,28.69591],[106.82014,28.75946],[107.06266,28.8971],[107.17976,28.88302],[107.21491,28.77592],[107.37891,28.85155],[107.43422,28.95821],[107.36001,29.01344],[107.40834,29.09855],[107.39698,29.18743],[107.48381,29.17756],[107.57089,29.21089],[107.69427,29.14425],[107.74433,29.20202],[107.80629,29.14134],[107.78087,29.05025],[107.85612,28.96631],[107.92696,29.03842],[108.01986,29.04166],[108.06598,29.08924],[108.29343,29.05335],[108.34615,28.93328],[108.34985,28.81733],[108.38082,28.77527],[108.32478,28.68269],[108.46678,28.631],[108.57184,28.66317],[108.62963,28.62206],[108.57089,28.50121],[108.57349,28.39374],[108.60678,28.32867],[108.69258,28.40803],[108.77501,28.43082],[108.75946,28.30904],[108.81752,28.2486],[108.99715,28.1648],[109.09673,28.20461],[109.18713,28.47419],[109.26975,28.498],[109.29605,28.57954],[109.19119,28.64108],[109.29529,28.74813],[109.23669,28.77972],[109.22944,28.86696],[109.31488,29.04549],[109.22793,29.12239],[109.10565,29.21781],[109.10772,29.36358],[109.06099,29.40322],[108.98174,29.3396],[108.9155,29.32928],[108.92776,29.4346],[108.86947,29.45254],[108.88234,29.6359],[108.73866,29.65859],[108.67679,29.72412],[108.66188,29.84545],[108.5973,29.8684],[108.50213,29.71084],[108.36696,29.84407],[108.51998,29.89949],[108.53808,29.99447],[108.51861,30.07499],[108.57799,30.25643],[108.4554,30.36228],[108.42296,30.49485],[108.57752,30.48866],[108.69505,30.54702],[108.73976,30.49738],[108.8394,30.50861],[108.96304,30.62747],[109.07874,30.60062],[109.14579,30.52982],[109.2947,30.63306],[109.35608,30.55339],[109.50985,30.65794],[109.56944,30.64954],[109.65438,30.76457],[109.77586,30.851],[109.88982,30.90234],[110.00328,30.88594],[110.07816,30.80321],[110.14662,30.91374],[110.11501,31.09155],[110.18438,31.13163],[110.15697,31.31442],[110.1133,31.4116],[110.04888,31.41288],[109.91908,31.52377],[109.74145,31.58007],[109.72611,31.70256],[109.58098,31.72898],[109.29712,31.71274],[109.1621,31.87739],[109.0345,31.96278],[108.89798,31.98727],[108.50526,32.20343]]]},"properties":{"pr_adcode":"500000","pr_name":"重庆市"}},
{"type":"Feature","geometry":{"type":"Polygon","coordinates":[[[99.11273,29.22417],[99.13073,28.95253],[99.10306,28.84504],[99.12588,28.7027],[99.1828,28.59227],[99.17484,28.40426],[99.27964,28.30156],[99.35922,28.18525],[99.43612,28.40186],[99.40168,28.54901],[99.53978,28.62705],[99.55279,28.71394],[99.67733,28.81365],[99.75533,28.70371],[99.93293,28.5911],[99.98923,28.48019],[100.0733,28.42768],[100.05601,28.37223],[100.17191,28.33061],[100.15202,28.21162],[100.03203,28.18802],[100.07669,28.04505],[100.19496,27.94078],[100.20933,27.88068],[100.29372,27.873],[100.3495,27.75928],[100.44188,27.86956],[100.54321,27.81373],[100.63362,27.919],[100.70193,27.89238],[100.70606,27.80446],[100.83307,27.66407],[101.01874,27.34784],[101.05515,27.20436],[101.1688,27.19898],[101.13576,27.0257],[101.26291,26.95904],[101.2662,26.90653],[101.36365,26.88706],[101.39788,26.84379],[101.35604,26.77403],[101.45739,26.75081],[101.47954,26.67672],[101.40258,26.55172],[101.50532,26.50323],[101.63659,26.39621],[101.62894,26.22844],[101.73413,26.22338],[101.79502,26.11819],[102.01923,26.09957],[102.10612,26.07137],[102.24493,26.21735],[102.34747,26.24799],[102.56983,26.36628],[102.62812,26.34049],[102.61889,26.24934],[102.67315,26.20888],[102.73842,26.27206],[102.86608,26.34265],[102.9835,26.34923],[102.99607,26.46315],[103.05519,26.53152],[102.97957,26.80676],[102.89737,26.91198],[102.86987,27.03163],[102.91207,27.14371],[102.88072,27.29692],[102.9399,27.40911],[102.98841,27.37162],[103.10957,27.40425],[103.21625,27.56552],[103.48744,27.80079],[103.50091,27.91523],[103.54006,27.95716],[103.4923,28.02958],[103.42861,28.04793],[103.45283,28.12706],[103.57131,28.23456],[103.78369,28.25755],[103.87543,28.31781],[103.80832,28.49888],[103.7803,28.52556],[103.90797,28.63477],[103.94047,28.6066],[104.12279,28.64046],[104.42272,28.62989],[104.35432,28.55894],[104.26527,28.54062],[104.2526,28.41355],[104.31159,28.31],[104.38227,28.33339],[104.39883,28.20471],[104.44852,28.11967],[104.35368,28.02178],[104.39427,27.95735],[104.57862,27.84563],[104.67668,27.88576],[104.87039,27.90952],[105.056,28.10141],[105.18227,28.06019],[105.268,28.00031],[105.2317,27.9023],[105.30512,27.70847],[105.44511,27.77855],[105.53418,27.75723],[105.63979,27.66348],[105.71931,27.70926],[105.83945,27.70883],[106.01936,27.75031],[106.05994,27.78037],[106.1898,27.75772],[106.30323,27.81197],[106.33619,27.86861],[106.32456,27.96127],[106.23952,28.03248],[106.20336,28.13766],[106.08971,28.16594],[106.00955,28.12334],[105.85754,28.16318],[105.88561,28.24209],[105.7692,28.33529],[105.7265,28.27563],[105.63615,28.3278],[105.63991,28.43508],[105.60656,28.47754],[105.68966,28.59202],[105.88999,28.60927],[105.97569,28.74988],[106.16192,28.63945],[106.18885,28.58055],[106.37037,28.52884],[106.30027,28.65316],[106.29973,28.71237],[106.17258,28.92188],[106.09735,28.90193],[105.99727,28.97713],[105.90645,28.91849],[105.80026,28.95077],[105.70532,29.24093],[105.64068,29.27398],[105.51497,29.26738],[105.42719,29.32076],[105.43946,29.40173],[105.33455,29.46453],[105.28642,29.55534],[105.41603,29.69046],[105.47209,29.67731],[105.57159,29.74731],[105.57992,29.82213],[105.70532,29.84329],[105.70123,29.93019],[105.74748,30.02235],[105.683,30.04639],[105.53297,30.16761],[105.61534,30.23819],[105.72645,30.26851],[105.7617,30.39142],[105.89595,30.40841],[106.16557,30.30692],[106.17649,30.23542],[106.26636,30.19795],[106.39967,30.24465],[106.43581,30.3107],[106.55651,30.31794],[106.7224,30.03593],[106.89882,30.03317],[106.98119,30.08677],[107.08002,30.06635],[107.25161,30.26642],[107.35541,30.45873],[107.51095,30.64462],[107.45192,30.6851],[107.44213,30.77244],[107.51881,30.85073],[107.64309,30.82582],[107.73513,30.88659],[107.7593,30.81959],[107.84549,30.79518],[107.9894,30.90672],[107.93401,30.93788],[108.02441,31.06396],[108.08101,31.19015],[108.07591,31.2635],[108.17591,31.32789],[108.21184,31.41331],[108.18596,31.49355],[108.33702,31.51193],[108.41046,31.62096],[108.52845,31.67133],[108.52461,31.75512],[108.4517,31.78601],[108.27819,31.9199],[108.34587,31.97402],[108.36477,32.17538],[108.50526,32.20343],[108.46716,32.27277],[108.30749,32.23437],[108.23472,32.27641],[108.17516,32.22387],[108.08519,32.23574],[107.92036,32.19942],[107.82612,32.22953],[107.75082,32.3398],[107.64353,32.41609],[107.52068,32.38475],[107.3731,32.54099],[107.25938,32.40553],[107.08069,32.53157],[107.09438,32.65149],[107.00814,32.7237],[106.72787,32.74068],[106.4163,32.61869],[106.34361,32.67324],[106.17028,32.69972],[106.05793,32.76935],[106.03808,32.86124],[105.8274,32.82831],[105.79927,32.76356],[105.71542,32.76191],[105.59282,32.70165],[105.55273,32.73439],[105.49534,32.91395],[105.42168,32.93302],[105.38915,32.83507],[105.45561,32.75444],[105.29417,32.65927],[105.10735,32.59618],[105.02698,32.65261],[104.90175,32.60511],[104.84298,32.65625],[104.7368,32.63771],[104.64223,32.66358],[104.58033,32.72459],[104.45627,32.7506],[104.28967,32.84614],[104.28364,32.94116],[104.37568,32.9551],[104.37511,33.11094],[104.26966,33.38576],[104.21826,33.40638],[104.15351,33.54872],[104.16598,33.61333],[104.04968,33.68682],[103.85941,33.68401],[103.77587,33.66055],[103.61654,33.726],[103.54288,33.72074],[103.52665,33.79339],[103.34724,33.74504],[103.15113,33.82065],[103.17898,33.90227],[103.12182,34.16323],[103.00362,34.18646],[102.93824,34.30163],[102.86151,34.3057],[102.73009,34.23902],[102.46541,34.0754],[102.39108,33.97467],[102.2472,33.98798],[102.13435,33.96669],[102.25163,33.86317],[102.32136,33.75913],[102.3427,33.60845],[102.43843,33.57636],[102.45189,33.48524],[102.40028,33.42433],[102.23279,33.38648],[102.18889,33.33778],[102.21582,33.25001],[102.08764,33.20673],[101.93407,33.18898],[101.86435,33.10519],[101.82655,33.21698],[101.92741,33.47162],[101.90558,33.54397],[101.76736,33.54044],[101.77085,33.45144],[101.69399,33.43584],[101.64765,33.32659],[101.73858,33.27103],[101.63258,33.10462],[101.48353,33.22886],[101.35523,33.19452],[101.29516,33.26411],[101.1817,33.27191],[101.11909,33.19154],[101.16786,33.10231],[101.12202,32.912],[101.23601,32.82992],[101.2213,32.72804],[101.1556,32.66373],[101.02888,32.66277],[100.93077,32.60315],[100.83269,32.65136],[100.65738,32.60214],[100.64428,32.52893],[100.54329,32.57292],[100.46872,32.69671],[100.38344,32.74843],[100.26309,32.74497],[100.18673,32.63304],[100.08641,32.67123],[100.13485,32.74301],[100.12163,32.83886],[100.0369,32.9312],[99.87664,32.99601],[99.79078,32.88532],[99.75899,32.77217],[99.60644,32.78328],[99.55723,32.84129],[99.38437,32.90222],[99.27043,32.88244],[99.23371,32.98549],[99.17831,33.04685],[99.01366,33.08336],[98.8602,33.15226],[98.77339,33.30376],[98.74161,33.47954],[98.64761,33.55073],[98.6562,33.64922],[98.53913,33.7486],[98.46293,33.85002],[98.40621,33.86881],[98.43998,33.98289],[98.39154,34.09064],[98.20583,34.08581],[98.04971,34.11626],[97.9482,34.19365],[97.81927,34.20936],[97.66313,34.11626],[97.70268,34.05989],[97.65946,33.95818],[97.46001,33.88899],[97.38885,33.88149],[97.43455,33.68406],[97.40525,33.63012],[97.55222,33.46767],[97.75387,33.41164],[97.62128,33.33633],[97.5762,33.22553],[97.4943,33.16976],[97.5416,33.03973],[97.50571,32.98353],[97.37507,32.95871],[97.38512,32.78234],[97.42859,32.70124],[97.54341,32.62418],[97.73058,32.5297],[97.93987,32.48494],[98.19702,32.3625],[98.30117,32.12653],[98.40495,32.04566],[98.43199,31.92473],[98.41409,31.83466],[98.54785,31.71592],[98.55364,31.65899],[98.73981,31.49548],[98.83633,31.43948],[98.8822,31.37049],[98.74721,31.26516],[98.64579,31.34145],[98.60322,31.25913],[98.61521,31.18207],[98.70981,31.11892],[98.80552,30.99821],[98.77389,30.91092],[98.96333,30.73488],[98.90549,30.68581],[98.97313,30.40145],[98.98086,30.18572],[99.04368,30.07937],[99.05205,29.8955],[99.01286,29.82061],[98.99132,29.66598],[99.05109,29.56666],[99.06651,29.33904],[99.11273,29.22417]]]},"properties":{"pr_adcode":"510000","pr_name":"四川省"}},
{"type":"Feature","geometry":{"type":"Polygon","coordinates":[[[109.47803,26.03278],[109.44286,26.07487],[109.47154,26.15128],[109.4349,26.24203],[109.28138,26.29918],[109.32222,26.4313],[109.40401,26.54035],[109.35032,26.69657],[109.44923,26.76453],[109.54877,26.94862],[109.41048,27.15708],[109.27061,27.13337],[109.15895,27.06909],[109.10824,27.12676],[109.01442,27.09921],[108.91728,27.01336],[108.79962,27.08232],[108.91521,27.16023],[108.91013,27.2182],[109.03691,27.27987],[109.1201,27.39105],[109.19756,27.45335],[109.24103,27.4215],[109.46441,27.62416],[109.45207,27.69676],[109.32834,27.78604],[109.29713,27.96167],[109.37434,28.03631],[109.30971,28.10723],[109.38316,28.27134],[109.27046,28.31603],[109.26975,28.498],[109.18713,28.47419],[109.09673,28.20461],[108.99715,28.1648],[108.81752,28.2486],[108.75946,28.30904],[108.77501,28.43082],[108.69258,28.40803],[108.60678,28.32867],[108.57349,28.39374],[108.57089,28.50121],[108.62963,28.62206],[108.57184,28.66317],[108.46678,28.631],[108.32478,28.68269],[108.38082,28.77527],[108.34985,28.81733],[108.34615,28.93328],[108.29343,29.05335],[108.06598,29.08924],[108.01986,29.04166],[107.92696,29.03842],[107.85612,28.96631],[107.78087,29.05025],[107.80629,29.14134],[107.74433,29.20202],[107.69427,29.14425],[107.57089,29.21089],[107.48381,29.17756],[107.39698,29.18743],[107.40834,29.09855],[107.36001,29.01344],[107.43422,28.95821],[107.37891,28.85155],[107.21491,28.77592],[107.17976,28.88302],[107.06266,28.8971],[106.82014,28.75946],[106.87934,28.69591],[106.8625,28.62798],[106.7764,28.62834],[106.72009,28.53329],[106.61697,28.50607],[106.6299,28.61113],[106.55817,28.75948],[106.49067,28.60332],[106.37037,28.52884],[106.18885,28.58055],[106.16192,28.63945],[105.97569,28.74988],[105.88999,28.60927],[105.68966,28.59202],[105.60656,28.47754],[105.63991,28.43508],[105.63615,28.3278],[105.7265,28.27563],[105.7692,28.33529],[105.88561,28.24209],[105.85754,28.16318],[106.00955,28.12334],[106.08971,28.16594],[106.20336,28.13766],[106.23952,28.03248],[106.32456,27.96127],[106.33619,27.86861],[106.30323,27.81197],[106.1898,27.75772],[106.05994,27.78037],[106.01936,27.75031],[105.83945,27.70883],[105.71931,27.70926],[105.63979,27.66348],[105.53418,27.75723],[105.44511,27.77855],[105.30512,27.70847],[105.30182,27.61696],[105.20874,27.40287],[105.0835,27.42267],[104.86871,27.29446],[104.80606,27.35802],[104.60688,27.31096],[104.53791,27.33977],[104.48614,27.41871],[104.35071,27.47012],[104.25766,27.31172],[104.17183,27.26634],[104.11145,27.34122],[103.92342,27.41678],[103.86349,27.2853],[103.7986,27.26894],[103.70952,27.14601],[103.59968,27.06347],[103.72857,27.02458],[103.77511,26.93848],[103.77193,26.87049],[103.70361,26.7983],[103.77126,26.72042],[103.74655,26.62693],[103.86371,26.51594],[104.07023,26.52477],[104.12725,26.64729],[104.35079,26.62417],[104.4188,26.7154],[104.46106,26.59921],[104.55432,26.59407],[104.66252,26.43855],[104.67813,26.36768],[104.5896,26.32071],[104.53979,26.25664],[104.52444,26.10373],[104.47036,26.0565],[104.41211,25.9129],[104.43944,25.87215],[104.39548,25.76446],[104.32655,25.76348],[104.31219,25.63395],[104.42595,25.57887],[104.48172,25.49791],[104.55482,25.52722],[104.53837,25.40579],[104.64356,25.35987],[104.74346,25.21618],[104.66869,25.06983],[104.71058,24.9992],[104.53761,24.81693],[104.52724,24.73444],[104.6308,24.66235],[104.69559,24.65243],[104.83943,24.67927],[104.89692,24.75607],[105.03046,24.79068],[105.07212,24.91948],[105.20963,24.99826],[105.26245,24.93314],[105.42474,24.93347],[105.4942,24.81227],[105.70238,24.77147],[105.82427,24.70599],[105.93872,24.72793],[106.04348,24.68691],[106.16661,24.7612],[106.20257,24.85397],[106.14625,24.94722],[106.21187,24.98472],[106.3014,24.97693],[106.58426,25.08899],[106.68749,25.1822],[106.84906,25.18997],[107.00974,25.27823],[106.95995,25.44036],[107.06038,25.56232],[107.18108,25.58122],[107.3147,25.50603],[107.3285,25.44954],[107.41653,25.3958],[107.423,25.2901],[107.50045,25.21358],[107.60571,25.26186],[107.75583,25.19153],[107.83503,25.11912],[107.99783,25.19945],[108.12951,25.23711],[108.13359,25.33923],[108.3,25.52478],[108.34053,25.54017],[108.41748,25.44312],[108.59502,25.45791],[108.67977,25.58914],[108.75788,25.64074],[108.82242,25.5531],[108.94836,25.55944],[109.02076,25.51535],[109.03859,25.65984],[109.0746,25.72354],[109.02699,25.79692],[109.11342,25.81228],[109.15476,25.76196],[109.29218,25.71716],[109.3355,25.73465],[109.33471,25.83675],[109.42965,25.93531],[109.47803,26.03278]]]},"properties":{"pr_adcode":"520000","pr_name":"贵州省"}},
{"type":"Feature","geometry":{"type":"Polygon","coordinates":[[[98.13885,28.14578],[98.16006,28.1029],[98.13193,27.98648],[98.20479,27.89305],[98.2339,27.69407],[98.28383,27.65666],[98.3159,27.5253],[98.42868,27.55209],[98.47429,27.63786],[98.70616,27.55697],[98.70631,27.36563],[98.72863,27.25181],[98.6955,27.21351],[98.76163,26.80226],[98.74582,26.70059],[98.781,26.62431],[98.75309,26.56287],[98.73285,26.35535],[98.67257,26.24357],[98.73506,26.18675],[98.71999,26.13147],[98.63059,26.14917],[98.57512,26.12144],[98.61416,25.97219],[98.6863,25.92914],[98.70582,25.85958],[98.64055,25.80215],[98.52875,25.84403],[98.47862,25.78723],[98.45749,25.68598],[98.40182,25.59728],[98.30436,25.54912],[98.24741,25.61083],[98.13113,25.51315],[98.13677,25.38442],[98.06927,25.31465],[98.0114,25.30634],[97.94827,25.22293],[97.83942,25.27369],[97.79671,25.16039],[97.72774,25.05226],[97.72901,24.91327],[97.70017,24.84055],[97.5885,24.76969],[97.53849,24.43865],[97.66952,24.45593],[97.73901,24.29175],[97.75225,24.17466],[97.62848,24.00792],[97.52783,23.9308],[97.66328,23.85486],[97.90205,24.01726],[98.03969,24.07362],[98.21988,24.11632],[98.34628,24.1022],[98.55059,24.12836],[98.61182,24.08839],[98.71616,24.13049],[98.85494,24.13377],[98.68746,23.92498],[98.69375,23.78891],[98.78576,23.78417],[98.8469,23.63473],[98.80335,23.54331],[98.91218,23.42923],[98.92988,23.26966],[98.88534,23.19473],[99.05927,23.15828],[99.10563,23.08922],[99.25458,23.08074],[99.3795,23.10252],[99.52716,23.06848],[99.51615,23.00966],[99.55359,22.91012],[99.43554,22.91592],[99.40007,22.82879],[99.32592,22.75347],[99.38452,22.57313],[99.3782,22.50867],[99.28134,22.40439],[99.23494,22.25356],[99.15757,22.16842],[99.21822,22.11398],[99.39881,22.10292],[99.48626,22.13149],[99.59487,22.11546],[99.69522,22.07053],[99.97147,22.05591],[99.99676,21.97058],[99.94335,21.82421],[99.99119,21.70582],[100.13822,21.69826],[100.11165,21.60318],[100.12577,21.51072],[100.23391,21.46971],[100.35009,21.53185],[100.43596,21.53537],[100.48177,21.46177],[100.57802,21.45467],[100.72949,21.52135],[100.86933,21.67511],[101.01392,21.71003],[101.08883,21.7763],[101.20749,21.5599],[101.18224,21.33723],[101.24334,21.30481],[101.22077,21.23694],[101.2888,21.18082],[101.386,21.22835],[101.53129,21.25506],[101.76322,21.15048],[101.79025,21.28843],[101.72886,21.33954],[101.73964,21.48548],[101.82718,21.61986],[101.74585,21.7327],[101.77035,21.83623],[101.62488,22.00911],[101.57267,22.11813],[101.5952,22.16415],[101.54631,22.23419],[101.62418,22.28567],[101.67654,22.48023],[101.76309,22.50932],[101.86142,22.39232],[101.9067,22.44034],[102.04496,22.46072],[102.12989,22.43363],[102.25486,22.46033],[102.40012,22.62936],[102.45828,22.76565],[102.5646,22.72092],[102.69079,22.70261],[102.79963,22.62349],[102.85768,22.61036],[102.93147,22.48548],[103.07023,22.44809],[103.08167,22.51119],[103.18208,22.5605],[103.16489,22.61186],[103.281,22.68141],[103.31952,22.78082],[103.43904,22.75573],[103.4335,22.70151],[103.5266,22.59625],[103.56615,22.70398],[103.64555,22.79508],[103.82506,22.61695],[103.94486,22.52512],[104.00619,22.52011],[104.04323,22.73097],[104.11513,22.81164],[104.27211,22.83079],[104.27954,22.74141],[104.3737,22.69288],[104.5774,22.84942],[104.7353,22.82891],[104.77024,22.89631],[104.84385,22.92932],[104.80209,23.11285],[104.95104,23.16375],[105.05229,23.24782],[105.17904,23.28154],[105.23514,23.26694],[105.32238,23.39263],[105.41247,23.28623],[105.53957,23.18706],[105.53064,23.24544],[105.5902,23.31541],[105.67918,23.35165],[105.69661,23.40414],[105.81051,23.50488],[105.88884,23.5277],[106.05942,23.49093],[106.13787,23.57217],[106.11716,23.60786],[106.15375,23.7267],[106.13327,23.79796],[106.18796,23.83818],[106.0464,24.09251],[105.93003,24.1268],[105.88908,24.04327],[105.78705,24.07268],[105.6385,24.04761],[105.6253,24.12956],[105.52763,24.11652],[105.48978,24.01999],[105.29046,24.11597],[105.19763,24.10813],[105.21222,24.21776],[105.16531,24.28045],[105.19376,24.32983],[105.05165,24.44212],[104.97735,24.41588],[104.8342,24.44971],[104.71214,24.44311],[104.7187,24.34292],[104.60883,24.38024],[104.51871,24.5381],[104.48373,24.64787],[104.52724,24.73444],[104.53761,24.81693],[104.71058,24.9992],[104.66869,25.06983],[104.74346,25.21618],[104.64356,25.35987],[104.53837,25.40579],[104.55482,25.52722],[104.48172,25.49791],[104.42595,25.57887],[104.31219,25.63395],[104.32655,25.76348],[104.39548,25.76446],[104.43944,25.87215],[104.41211,25.9129],[104.47036,26.0565],[104.52444,26.10373],[104.53979,26.25664],[104.5896,26.32071],[104.67813,26.36768],[104.66252,26.43855],[104.55432,26.59407],[104.46106,26.59921],[104.4188,26.7154],[104.35079,26.62417],[104.12725,26.64729],[104.07023,26.52477],[103.86371,26.51594],[103.74655,26.62693],[103.77126,26.72042],[103.70361,26.7983],[103.77193,26.87049],[103.77511,26.93848],[103.72857,27.02458],[103.59968,27.06347],[103.70952,27.14601],[103.7986,27.26894],[103.86349,27.2853],[103.92342,27.41678],[104.11145,27.34122],[104.17183,27.26634],[104.25766,27.31172],[104.35071,27.47012],[104.48614,27.41871],[104.53791,27.33977],[104.60688,27.31096],[104.80606,27.35802],[104.86871,27.29446],[105.0835,27.42267],[105.20874,27.40287],[105.30182,27.61696],[105.30512,27.70847],[105.2317,27.9023],[105.268,28.00031],[105.18227,28.06019],[105.056,28.10141],[104.87039,27.90952],[104.67668,27.88576],[104.57862,27.84563],[104.39427,27.95735],[104.35368,28.02178],[104.44852,28.11967],[104.39883,28.20471],[104.38227,28.33339],[104.31159,28.31],[104.2526,28.41355],[104.26527,28.54062],[104.35432,28.55894],[104.42272,28.62989],[104.12279,28.64046],[103.94047,28.6066],[103.90797,28.63477],[103.7803,28.52556],[103.80832,28.49888],[103.87543,28.31781],[103.78369,28.25755],[103.57131,28.23456],[103.45283,28.12706],[103.42861,28.04793],[103.4923,28.02958],[103.54006,27.95716],[103.50091,27.91523],[103.48744,27.80079],[103.21625,27.56552],[103.10957,27.40425],[102.98841,27.37162],[102.9399,27.40911],[102.88072,27.29692],[102.91207,27.14371],[102.86987,27.03163],[102.89737,26.91198],[102.97957,26.80676],[103.05519,26.53152],[102.99607,26.46315],[102.9835,26.34923],[102.86608,26.34265],[102.73842,26.27206],[102.67315,26.20888],[102.61889,26.24934],[102.62812,26.34049],[102.56983,26.36628],[102.34747,26.24799],[102.24493,26.21735],[102.10612,26.07137],[102.01923,26.09957],[101.79502,26.11819],[101.73413,26.22338],[101.62894,26.22844],[101.63659,26.39621],[101.50532,26.50323],[101.40258,26.55172],[101.47954,26.67672],[101.45739,26.75081],[101.35604,26.77403],[101.39788,26.84379],[101.36365,26.88706],[101.2662,26.90653],[101.26291,26.95904],[101.13576,27.0257],[101.1688,27.19898],[101.05515,27.20436],[101.01874,27.34784],[100.83307,27.66407],[100.70606,27.80446],[100.70193,27.89238],[100.63362,27.919],[100.54321,27.81373],[100.44188,27.86956],[100.3495,27.75928],[100.29372,27.873],[100.20933,27.88068],[100.19496,27.94078],[100.07669,28.04505],[100.03203,28.18802],[100.15202,28.21162],[100.17191,28.33061],[100.05601,28.37223],[100.0733,28.42768],[99.98923,28.48019],[99.93293,28.5911],[99.75533,28.70371],[99.67733,28.81365],[99.55279,28.71394],[99.53978,28.62705],[99.40168,28.54901],[99.43612,28.40186],[99.35922,28.18525],[99.27964,28.30156],[99.17484,28.40426],[99.1828,28.59227],[99.12588,28.7027],[99.10306,28.84504],[99.13073,28.95253],[99.11273,29.22417],[98.97579,29.20763],[98.96684,29.1315],[99.0081,29.03429],[98.92559,28.98184],[98.914,28.9083],[98.97159,28.8378],[98.89607,28.8031],[98.82756,28.825],[98.78594,29.00172],[98.63027,28.97584],[98.68129,28.73427],[98.594,28.67311],[98.66418,28.48133],[98.75308,28.34044],[98.71188,28.233],[98.46419,28.15472],[98.38875,28.11797],[98.37727,28.25043],[98.2997,28.38945],[98.2346,28.37355],[98.26468,28.24343],[98.1686,28.20773],[98.13885,28.14578]]]},"properties":{"pr_adcode":"530000","pr_name":"云南省"}},
{"type":"Feature","geometry":{"type":"Polygon","coordinates":[[[79.03733,34.33632],[78.98163,34.32048],[78.9241,34.15784],[78.8647,34.16335],[78.65114,34.05276],[78.74248,33.9826],[78.75604,33.79305],[78.77788,33.73461],[78.69011,33.67865],[78.74001,33.55551],[78.84523,33.42367],[79.02033,33.32572],[79.07005,33.23063],[79.15973,33.16828],[79.16063,33.01487],[79.2533,32.9453],[79.22308,32.78704],[79.29904,32.73154],[79.3063,32.61065],[79.24307,32.51624],[79.13356,32.47463],[79.0899,32.3727],[78.96856,32.33483],[78.80858,32.43927],[78.7584,32.56648],[78.77944,32.61071],[78.68433,32.68297],[78.61685,32.63246],[78.42251,32.56837],[78.3933,32.53307],[78.4711,32.43785],[78.45688,32.3826],[78.50653,32.30055],[78.4285,32.21468],[78.45595,32.13583],[78.51839,32.12586],[78.7603,31.94958],[78.73747,31.88794],[78.66303,31.85455],[78.75332,31.68113],[78.83221,31.58734],[78.72386,31.50999],[78.79043,31.44284],[78.75196,31.36658],[78.79318,31.30376],[78.88292,31.2797],[78.99572,31.16156],[79.00806,31.04688],[79.095,30.9947],[79.17963,31.0182],[79.22547,30.95197],[79.40244,31.07414],[79.50391,31.03008],[79.549,30.9609],[79.75638,30.93959],[79.81888,30.86076],[79.88881,30.85811],[79.95914,30.77419],[79.96863,30.68889],[80.04179,30.60633],[80.12258,30.56137],[80.21256,30.58884],[80.31979,30.56709],[80.54771,30.45213],[80.63129,30.46161],[80.71748,30.41786],[80.81509,30.32442],[81.03204,30.25009],[81.12964,30.01876],[81.25383,30.01499],[81.3174,30.15112],[81.39105,30.20219],[81.41643,30.27324],[81.40018,30.36321],[81.4516,30.41528],[81.55332,30.37267],[81.62777,30.44972],[81.75619,30.38863],[81.86967,30.37603],[81.98845,30.32571],[82.10206,30.34922],[82.11156,30.22953],[82.18624,30.18853],[82.1842,30.06881],[82.24453,30.07452],[82.50763,29.95085],[82.55886,29.95847],[82.65231,29.83685],[82.70164,29.8506],[82.76756,29.73279],[82.82824,29.69065],[82.94434,29.71204],[83.08592,29.60761],[83.12617,29.62644],[83.26386,29.57421],[83.32271,29.50589],[83.46107,29.2891],[83.5939,29.17751],[83.82327,29.30082],[83.91509,29.32789],[83.99979,29.29461],[84.11402,29.2894],[84.24649,29.03386],[84.22148,28.90938],[84.40601,28.85723],[84.48094,28.73856],[84.55534,28.74987],[84.6492,28.71821],[84.6962,28.63711],[84.85521,28.57153],[84.97942,28.59004],[85.05447,28.67789],[85.12368,28.67933],[85.19392,28.62075],[85.18756,28.54837],[85.10613,28.46469],[85.12276,28.33609],[85.20627,28.34303],[85.27004,28.28615],[85.37881,28.27891],[85.41313,28.32356],[85.52394,28.32834],[85.64822,28.28747],[85.71828,28.37591],[85.75143,28.23146],[85.85221,28.17624],[85.89904,28.0574],[85.97814,27.98975],[85.94736,27.94123],[86.05182,27.90405],[86.12321,27.92673],[86.08057,28.02172],[86.19935,28.13478],[86.21887,28.00003],[86.30705,27.95407],[86.4536,27.91536],[86.56364,28.09969],[86.64574,28.07344],[86.74619,28.09315],[86.75473,28.03665],[86.86242,28.02625],[86.93362,27.95929],[87.03252,27.94991],[87.11561,27.84391],[87.45711,27.82453],[87.5881,27.85216],[87.72529,27.80655],[87.77905,27.89203],[87.87628,27.91242],[88.08852,27.88884],[88.15411,27.9614],[88.25186,27.9431],[88.39866,27.98019],[88.56303,28.08687],[88.76185,28.07198],[88.84309,27.99997],[88.88021,27.89298],[88.84984,27.67494],[88.7858,27.5746],[88.78117,27.46685],[88.98592,27.21297],[89.06566,27.24381],[89.18076,27.37733],[89.0931,27.47494],[89.16094,27.57794],[89.1776,27.67227],[89.23687,27.80041],[89.36652,27.87342],[89.45895,28.032],[89.60786,28.16695],[89.71827,28.17403],[89.80082,28.24847],[89.90438,28.18449],[89.97433,28.19272],[90.0443,28.14039],[90.12178,28.19282],[90.21312,28.15183],[90.29147,28.1584],[90.37368,28.06874],[90.59074,28.02507],[90.70058,28.07973],[90.80309,28.03905],[90.88747,27.95333],[91.02968,27.85915],[91.11181,27.84951],[91.15957,27.97116],[91.25042,27.97397],[91.3496,28.04891],[91.44402,28.01],[91.4852,27.94105],[91.61056,27.8953],[91.64117,27.77031],[91.57012,27.65484],[91.56486,27.57732],[91.62615,27.51269],[91.75278,27.46626],[91.83819,27.4933],[92.00936,27.47815],[92.12475,27.27658],[92.03116,27.17168],[92.02858,27.08221],[92.12355,26.96349],[92.10793,26.85827],[92.66476,26.95607],[92.802,26.8989],[92.9084,26.91817],[93.11,26.88368],[93.23141,26.91039],[93.56674,26.94184],[93.84108,27.04953],[93.84847,27.17229],[93.98611,27.32576],[94.27643,27.58468],[94.52422,27.59967],[94.88512,27.74677],[95.01431,27.83245],[95.28553,27.94353],[95.37048,28.11364],[95.67362,28.25774],[95.87381,28.30132],[96.01301,28.19357],[96.27504,28.23168],[96.29705,28.14424],[96.39918,28.1228],[96.45441,28.15391],[96.49945,28.07087],[96.62323,28.02823],[96.68254,27.95337],[96.7854,27.93446],[96.84959,27.87821],[96.97343,27.86416],[97.00865,27.81098],[97.10105,27.78289],[97.30869,27.91647],[97.41232,28.0169],[97.3057,28.07567],[97.42235,28.30084],[97.51163,28.31908],[97.48417,28.3894],[97.5058,28.47494],[97.56929,28.5452],[97.66361,28.5345],[97.73651,28.46937],[97.73767,28.39998],[97.79269,28.33573],[97.90758,28.36706],[98.13885,28.14578],[98.1686,28.20773],[98.26468,28.24343],[98.2346,28.37355],[98.2997,28.38945],[98.37727,28.25043],[98.38875,28.11797],[98.46419,28.15472],[98.71188,28.233],[98.75308,28.34044],[98.66418,28.48133],[98.594,28.67311],[98.68129,28.73427],[98.63027,28.97584],[98.78594,29.00172],[98.82756,28.825],[98.89607,28.8031],[98.97159,28.8378],[98.914,28.9083],[98.92559,28.98184],[99.0081,29.03429],[98.96684,29.1315],[98.97579,29.20763],[99.11273,29.22417],[99.06651,29.33904],[99.05109,29.56666],[98.99132,29.66598],[99.01286,29.82061],[99.05205,29.8955],[99.04368,30.07937],[98.98086,30.18572],[98.97313,30.40145],[98.90549,30.68581],[98.96333,30.73488],[98.77389,30.91092],[98.80552,30.99821],[98.70981,31.11892],[98.61521,31.18207],[98.60322,31.25913],[98.64579,31.34145],[98.74721,31.26516],[98.8822,31.37049],[98.83633,31.43948],[98.73981,31.49548],[98.55364,31.65899],[98.54785,31.71592],[98.41409,31.83466],[98.43199,31.92473],[98.40495,32.04566],[98.30117,32.12653],[98.19702,32.3625],[97.93987,32.48494],[97.73058,32.5297],[97.50069,32.53391],[97.44799,32.58893],[97.33395,32.51681],[97.38696,32.42939],[97.41723,32.30312],[97.29917,32.29739],[97.2193,32.11148],[97.13007,32.04606],[96.95256,32.06399],[96.96589,32.01189],[96.74356,32.00183],[96.76059,31.86534],[96.83696,31.71794],[96.77483,31.67622],[96.56505,31.71569],[96.43278,31.80186],[96.38868,31.9221],[96.25065,31.93195],[96.1825,31.83807],[96.17734,31.77785],[96.2522,31.6985],[96.22467,31.62719],[96.15587,31.60508],[96.13982,31.69854],[95.98831,31.78981],[95.89877,31.81965],[95.82427,31.68444],[95.7788,31.75143],[95.61396,31.78587],[95.54573,31.74227],[95.45485,31.80595],[95.36454,31.96425],[95.45353,32.06479],[95.43894,32.15976],[95.31173,32.15306],[95.23832,32.28927],[95.10592,32.26112],[95.09557,32.32446],[95.24582,32.34515],[95.2153,32.39846],[95.05579,32.39706],[94.91169,32.41828],[94.89094,32.47399],[94.80335,32.49396],[94.73652,32.58982],[94.60041,32.66593],[94.53449,32.60072],[94.28836,32.50571],[94.19564,32.51855],[94.13509,32.43634],[93.95884,32.48753],[93.85435,32.4782],[93.82146,32.55009],[93.72072,32.58057],[93.5151,32.47846],[93.46143,32.55835],[93.3826,32.52748],[93.2378,32.66448],[93.05949,32.63389],[92.99999,32.74348],[92.87627,32.69989],[92.68699,32.76848],[92.64864,32.72405],[92.40971,32.75001],[92.25427,32.72316],[92.19753,32.75715],[92.22961,32.84256],[92.13785,32.88674],[91.95673,32.8221],[91.85902,32.90471],[91.66331,33.01541],[91.57954,33.04184],[91.49509,33.11124],[91.43432,33.0682],[91.25982,33.14349],[91.13143,33.07649],[91.07026,33.11501],[90.80226,33.11664],[90.70419,33.13795],[90.47929,33.26781],[90.40428,33.26238],[90.33136,33.3127],[90.24478,33.42606],[90.08984,33.4716],[89.98213,33.6141],[90.00235,33.69564],[89.90054,33.76052],[89.8981,33.80972],[89.79288,33.8674],[89.68598,33.96166],[89.65406,34.09883],[89.81496,34.17133],[89.8668,34.32978],[89.79999,34.39254],[89.82132,34.45717],[89.79756,34.62998],[89.74111,34.64628],[89.73035,34.73373],[89.79535,34.74535],[89.84967,34.82288],[89.78539,34.92302],[89.65237,34.8846],[89.55906,34.93247],[89.59211,35.08859],[89.5386,35.1221],[89.4562,35.23934],[89.51267,35.26667],[89.49486,35.36212],[89.68655,35.41723],[89.73909,35.4709],[89.69783,35.5382],[89.74736,35.58115],[89.73852,35.7161],[89.77945,35.77844],[89.77664,35.86208],[89.65816,35.84885],[89.54175,35.86801],[89.42537,35.91778],[89.47038,36.02359],[89.6031,36.03894],[89.70929,36.09368],[89.48776,36.1515],[89.37283,36.22846],[89.30229,36.22931],[88.8365,36.35414],[88.78074,36.29232],[88.62137,36.39],[88.57088,36.46173],[88.46806,36.48253],[88.36298,36.45806],[88.23905,36.46904],[88.13178,36.42743],[87.97321,36.43615],[87.91699,36.39427],[87.72923,36.38534],[87.56797,36.34301],[87.46758,36.35465],[87.42543,36.42528],[87.28957,36.35946],[87.19076,36.3498],[87.14664,36.29776],[86.99368,36.30918],[86.92931,36.26615],[86.74369,36.2925],[86.69772,36.24533],[86.39039,36.20734],[86.18852,36.13318],[86.19673,36.03256],[86.13038,35.97989],[86.05741,35.84632],[85.94693,35.77964],[85.80087,35.77894],[85.65101,35.73202],[85.61062,35.65253],[85.36722,35.70647],[85.26887,35.7894],[85.15663,35.74604],[84.99252,35.73747],[84.76025,35.62526],[84.44648,35.55097],[84.45067,35.47401],[84.33274,35.41535],[84.15899,35.35977],[84.04917,35.41666],[83.9024,35.40283],[83.8827,35.36848],[83.68198,35.36353],[83.53906,35.34264],[83.44594,35.38285],[83.2775,35.40212],[83.12378,35.39924],[82.9963,35.48534],[82.96478,35.66823],[82.78602,35.68537],[82.72869,35.63861],[82.62604,35.69316],[82.46587,35.71801],[82.40595,35.70004],[82.32537,35.56013],[82.2695,35.55105],[82.02673,35.42677],[82.05183,35.356],[81.92549,35.27234],[81.73394,35.26332],[81.67238,35.23467],[81.5106,35.236],[81.44028,35.33329],[81.36109,35.3554],[81.21695,35.32013],[81.05206,35.40316],[81.01312,35.31261],[80.84233,35.34647],[80.68719,35.34002],[80.59804,35.41078],[80.44212,35.41799],[80.30238,35.38064],[80.27212,35.29173],[80.32857,35.24062],[80.11591,35.06722],[80.02886,35.04006],[80.03958,34.94468],[79.89659,34.73372],[79.90527,34.68568],[79.7992,34.48076],[79.67359,34.45304],[79.50245,34.45661],[79.22745,34.41585],[79.15923,34.44307],[79.0088,34.40166],[79.03733,34.33632]]]},"properties":{"pr_adcode":"540000","pr_name":"西藏自治区"}},
{"type":"Feature","geometry":{"type":"Polygon","coordinates":[[[105.49534,32.91395],[105.55273,32.73439],[105.59282,32.70165],[105.71542,32.76191],[105.79927,32.76356],[105.8274,32.82831],[106.03808,32.86124],[106.05793,32.76935],[106.17028,32.69972],[106.34361,32.67324],[106.4163,32.61869],[106.72787,32.74068],[107.00814,32.7237],[107.09438,32.65149],[107.08069,32.53157],[107.25938,32.40553],[107.3731,32.54099],[107.52068,32.38475],[107.64353,32.41609],[107.75082,32.3398],[107.82612,32.22953],[107.92036,32.19942],[108.08519,32.23574],[108.17516,32.22387],[108.23472,32.27641],[108.30749,32.23437],[108.46716,32.27277],[108.50526,32.20343],[108.89798,31.98727],[109.0345,31.96278],[109.1621,31.87739],[109.29712,31.71274],[109.58098,31.72898],[109.63342,31.81333],[109.60276,31.88397],[109.62649,31.96457],[109.5828,32.02763],[109.61683,32.10913],[109.49042,32.30259],[109.49543,32.38109],[109.62697,32.60242],[109.72166,32.61047],[109.81208,32.57962],[109.9057,32.59507],[110.02307,32.55053],[110.19984,32.6298],[110.14925,32.6921],[110.13691,32.80476],[109.98602,32.88794],[109.75924,32.91132],[109.78943,33.06887],[109.68304,33.11855],[109.57133,33.1123],[109.43367,33.15378],[109.5092,33.23957],[109.68795,33.25616],[109.84026,33.24889],[110.02588,33.19368],[110.15976,33.21101],[110.21314,33.16502],[110.46518,33.1867],[110.53588,33.25749],[110.58911,33.17056],[110.69722,33.09907],[110.82521,33.20446],[110.91894,33.21025],[110.97949,33.25725],[111.03115,33.3683],[110.99113,33.43764],[111.02164,33.4947],[110.99807,33.58026],[110.8735,33.63638],[110.77676,33.79761],[110.60704,33.85419],[110.58218,33.88941],[110.66571,33.96801],[110.58666,34.10331],[110.63678,34.16247],[110.43422,34.24466],[110.46831,34.39449],[110.404,34.42275],[110.35504,34.5188],[110.3737,34.60157],[110.29023,34.6122],[110.22432,34.69375],[110.22568,34.88164],[110.31549,35.00588],[110.35923,35.14075],[110.36929,35.25231],[110.44446,35.32806],[110.47211,35.41414],[110.60406,35.63257],[110.56597,35.80104],[110.50625,35.8799],[110.50884,35.97585],[110.44143,36.16426],[110.45436,36.32776],[110.49788,36.48813],[110.49274,36.57792],[110.41665,36.66146],[110.43103,36.71094],[110.403,36.89187],[110.42023,37.04026],[110.53006,37.11477],[110.68403,37.29475],[110.636,37.35968],[110.64264,37.43771],[110.73918,37.45014],[110.78912,37.56557],[110.75304,37.7497],[110.67473,37.7895],[110.58248,37.9262],[110.51689,37.95439],[110.49572,38.0384],[110.50218,38.18437],[110.56173,38.21716],[110.57194,38.29686],[110.66292,38.31324],[110.74443,38.36896],[110.77173,38.44034],[110.86847,38.4533],[110.90361,38.56279],[110.87498,38.62652],[111.0039,38.8409],[110.97389,38.9716],[111.13178,39.06331],[111.22067,39.28342],[111.11776,39.36607],[111.05895,39.41432],[111.1484,39.56745],[111.0109,39.55098],[110.8849,39.50807],[110.73232,39.34759],[110.69695,39.27298],[110.62071,39.26603],[110.55348,39.35131],[110.42899,39.37978],[110.38498,39.31064],[110.21139,39.44227],[110.13083,39.39061],[110.20508,39.28051],[109.95493,39.18597],[109.75672,39.05672],[109.6857,38.99199],[109.61901,38.85397],[109.44511,38.78812],[109.33309,38.70078],[109.17032,38.51805],[109.04879,38.43331],[108.93352,38.20709],[108.95939,38.15435],[109.06338,38.09045],[109.01223,37.96936],[108.93086,37.92123],[108.87807,38.01345],[108.79319,37.93314],[108.78702,37.69967],[108.62359,37.65179],[108.52782,37.6901],[108.41725,37.64809],[108.24155,37.66518],[108.12874,37.62126],[108.0203,37.64916],[107.97702,37.78674],[107.64528,37.8642],[107.61581,37.77557],[107.49406,37.76509],[107.32534,37.58338],[107.34052,37.51817],[107.27931,37.48136],[107.25298,37.33649],[107.3337,37.15859],[107.26375,37.09909],[107.29188,36.93426],[107.47284,36.90812],[107.5352,36.82852],[107.66581,36.83283],[107.90275,36.75032],[107.93271,36.65832],[108.16086,36.56517],[108.33566,36.55874],[108.403,36.45945],[108.61432,36.4341],[108.64658,36.38491],[108.64141,36.25437],[108.70751,36.13887],[108.65185,35.95327],[108.5842,35.95072],[108.49475,35.87242],[108.53511,35.606],[108.61392,35.55745],[108.62656,35.41921],[108.59843,35.31301],[108.48436,35.27581],[108.3159,35.28239],[108.23561,35.25655],[108.16979,35.30553],[108.04397,35.25435],[107.86087,35.25766],[107.74086,35.31214],[107.68249,35.21736],[107.7177,35.11565],[107.85392,34.98789],[107.73676,34.95445],[107.57112,34.97168],[107.51926,34.91084],[107.28194,34.93279],[107.18476,34.89418],[107.09815,34.96077],[107.0714,35.02616],[106.89631,35.09546],[106.72912,35.10207],[106.61132,35.07209],[106.55626,35.09081],[106.47888,34.98093],[106.571,34.77134],[106.50162,34.74804],[106.40635,34.63728],[106.30917,34.58375],[106.3437,34.52079],[106.44957,34.53251],[106.60742,34.45525],[106.63322,34.39358],[106.71328,34.36871],[106.67993,34.26153],[106.5985,34.25258],[106.58087,34.15113],[106.4977,34.10643],[106.4718,33.97529],[106.40662,33.91062],[106.48923,33.84773],[106.45758,33.79112],[106.53082,33.69685],[106.57703,33.58136],[106.53715,33.51489],[106.4518,33.53949],[106.44265,33.61473],[106.29931,33.60598],[106.1831,33.54812],[106.08245,33.61861],[105.95829,33.60827],[105.8382,33.49192],[105.83416,33.41262],[105.72899,33.39282],[105.7439,33.30067],[105.85885,33.23633],[105.91761,33.23827],[105.91375,32.99603],[105.73159,32.9074],[105.58705,32.87903],[105.49534,32.91395]]]},"properties":{"pr_adcode":"610000","pr_name":"陕西省"}},
{"type":"Feature","geometry":{"type":"Polygon","coordinates":[[[107.26375,37.09909],[107.17651,37.14309],[107.09049,37.11514],[106.88777,37.09776],[106.77619,37.15827],[106.61657,37.09558],[106.66243,37.01659],[106.57502,36.9308],[106.63397,36.88414],[106.62768,36.74395],[106.5713,36.74701],[106.44019,36.62476],[106.51549,36.45643],[106.47967,36.2856],[106.57333,36.28645],[106.83685,36.20794],[106.95079,36.08336],[106.94464,35.99939],[106.84855,35.88372],[106.92193,35.8121],[106.86438,35.74482],[106.68841,35.71537],[106.48984,35.73687],[106.43634,35.52683],[106.48584,35.48078],[106.50035,35.35732],[106.35924,35.23877],[106.1664,35.43355],[106.1022,35.36747],[106.05935,35.49971],[105.7942,35.56615],[105.71073,35.64732],[105.7425,35.73207],[105.6671,35.74998],[105.56634,35.71676],[105.47785,35.72731],[105.38678,35.86654],[105.33063,35.88651],[105.34005,36.03395],[105.50969,36.15037],[105.40135,36.35796],[105.35741,36.49809],[105.27222,36.56314],[105.19726,36.70209],[105.33065,36.80055],[105.24033,36.8953],[105.18033,36.90212],[105.16156,36.99452],[104.95136,37.04015],[104.85334,37.2115],[104.77328,37.24626],[104.7142,37.20813],[104.59799,37.24246],[104.70165,37.3297],[104.67696,37.40745],[104.43473,37.44516],[104.28447,37.42735],[104.18046,37.40624],[103.93113,37.57376],[103.66759,37.78632],[103.39918,37.86139],[103.3661,38.08834],[103.53245,38.15639],[103.50532,38.28047],[103.4136,38.40444],[103.85724,38.64419],[104.04151,38.89439],[104.16987,38.94395],[104.20448,39.08301],[104.17463,39.15135],[104.04471,39.29678],[104.08795,39.41741],[103.8511,39.46065],[103.59285,39.38604],[103.35421,39.33564],[103.01109,39.10047],[102.61126,39.17142],[102.45154,39.2544],[102.27876,39.18956],[101.82905,39.09182],[102.07284,38.89085],[101.93968,38.80851],[101.77512,38.6602],[101.32908,38.77678],[101.33185,38.84793],[101.23789,38.86527],[101.19653,38.94267],[101.11516,38.97444],[100.96755,38.94655],[100.9677,38.99619],[100.83358,39.02556],[100.86282,39.10646],[100.84127,39.19959],[100.8405,39.40508],[100.60051,39.38776],[100.49753,39.39977],[100.49897,39.48057],[100.32461,39.50823],[100.31257,39.60603],[100.24852,39.68424],[100.12616,39.70117],[100.03908,39.75609],[99.90309,39.78514],[99.82056,39.85931],[99.67116,39.88731],[99.48656,39.87514],[99.84005,40.01259],[99.92694,40.06425],[100.00604,40.19918],[100.16794,40.27662],[100.16802,40.54025],[100.24101,40.61765],[100.23569,40.71574],[100.1062,40.87416],[100.05535,40.90666],[99.67178,40.93181],[99.56471,40.84575],[99.1734,40.85706],[99.17177,40.74611],[99.1007,40.67518],[99.0404,40.69263],[98.98407,40.78182],[98.71487,40.66076],[98.66797,40.77193],[98.56961,40.74583],[98.6275,40.67707],[98.34355,40.5673],[98.33246,40.91782],[98.24964,40.93796],[97.97154,41.09667],[97.62906,41.4392],[97.61433,41.47648],[97.84645,41.6551],[97.37035,42.45523],[97.17197,42.79343],[96.98217,42.75584],[96.74162,42.75545],[96.38533,42.72599],[96.02282,42.54088],[95.97788,42.43526],[96.06508,42.41282],[96.04007,42.32486],[96.17759,42.21632],[96.07617,42.14792],[96.13795,42.05244],[96.11488,41.98299],[96.03734,41.9231],[95.85479,41.84824],[95.67491,41.82873],[95.57094,41.79477],[95.24897,41.60745],[95.19816,41.7178],[95.13465,41.77111],[94.86094,41.66711],[94.74888,41.53679],[94.53304,41.50454],[94.18266,41.26712],[94.00932,41.11354],[93.80848,40.87851],[93.81968,40.79281],[93.75927,40.66398],[93.50483,40.64757],[92.92733,40.57202],[92.9058,40.3101],[92.79531,40.15319],[92.74431,39.86758],[92.63886,39.51385],[92.5244,39.36816],[92.33873,39.23747],[92.3685,39.05764],[92.40937,39.038],[92.4928,39.10169],[92.86587,39.13836],[92.93792,39.16929],[93.12506,39.12211],[93.19666,39.04553],[93.17776,38.92345],[93.27248,38.89579],[93.45152,38.91494],[93.72765,38.92413],[93.88298,38.82607],[93.76843,38.77685],[93.8707,38.72249],[94.36872,38.76235],[94.51001,38.44498],[94.52894,38.36073],[94.67884,38.38707],[94.81156,38.38567],[94.97241,38.43016],[95.12022,38.417],[95.20792,38.32799],[95.51513,38.29458],[95.67337,38.3905],[95.8369,38.34239],[95.9378,38.23726],[96.0224,38.19882],[96.26373,38.14561],[96.37759,38.2769],[96.46302,38.2774],[96.66489,38.23004],[96.62354,38.34509],[96.69763,38.42195],[96.70642,38.50525],[96.78019,38.50404],[96.79394,38.60776],[96.96039,38.55768],[97.05524,38.59407],[97.00856,38.70232],[96.98316,38.86971],[96.94052,38.91845],[96.96944,39.09733],[96.96262,39.19788],[97.22022,39.19244],[97.34128,39.16759],[97.49995,39.07768],[97.6863,39.00505],[97.70095,38.96286],[98.01137,38.85761],[98.09422,38.78571],[98.25074,38.89082],[98.23564,38.9204],[98.31627,39.03992],[98.38316,39.02869],[98.45676,38.95234],[98.62378,38.95505],[98.74308,39.08632],[98.81247,39.08716],[98.94886,38.9881],[99.10761,38.94569],[99.06749,38.89646],[99.22089,38.7885],[99.36066,38.71769],[99.4493,38.604],[99.65834,38.44899],[99.82936,38.36845],[99.99704,38.31613],[100.18261,38.23484],[100.09076,38.4073],[99.99974,38.46667],[100.06236,38.51808],[100.2397,38.43949],[100.3218,38.32423],[100.5432,38.24769],[100.61767,38.26557],[100.75018,38.23846],[100.92095,38.09865],[100.88583,38.04938],[101.10852,37.93669],[101.15895,37.86705],[101.3602,37.79062],[101.44098,37.86754],[101.59656,37.82719],[101.66848,37.75393],[101.82721,37.6556],[101.9446,37.72779],[102.03137,37.68793],[102.03345,37.62812],[102.12882,37.54624],[102.12311,37.48491],[102.42443,37.28616],[102.4863,37.22464],[102.59927,37.17415],[102.58195,37.10527],[102.48655,37.07837],[102.44834,36.96818],[102.55993,36.91903],[102.70297,36.79169],[102.60509,36.68209],[102.74313,36.58232],[102.83703,36.34011],[102.99102,36.26372],[102.98544,36.19405],[102.90832,36.08867],[102.96984,35.99564],[102.9487,35.83636],[102.78219,35.86263],[102.68425,35.77255],[102.70623,35.70536],[102.79984,35.57516],[102.74388,35.49551],[102.5856,35.54242],[102.52973,35.58096],[102.40668,35.41041],[102.309,35.43372],[102.29053,35.29361],[102.36806,35.26446],[102.40148,35.17876],[102.34072,35.16111],[102.29331,35.07146],[102.12952,35.01538],[102.02628,34.8973],[101.91693,34.8774],[101.9182,34.62673],[102.00191,34.53968],[102.15574,34.49755],[102.22081,34.38624],[102.13136,34.27433],[102.06112,34.28645],[101.95341,34.1114],[101.78558,34.13302],[101.73434,34.08172],[101.53667,34.21351],[101.41362,34.22984],[101.22734,34.30001],[101.19145,34.33779],[101.05275,34.32438],[100.94946,34.38543],[100.82045,34.31898],[100.76617,34.17651],[100.86928,34.08372],[100.99745,33.89129],[101.1517,33.84603],[101.18978,33.78925],[101.16105,33.72115],[101.38909,33.64679],[101.48981,33.7016],[101.58086,33.67694],[101.62099,33.50428],[101.73401,33.49812],[101.76736,33.54044],[101.90558,33.54397],[101.92741,33.47162],[101.82655,33.21698],[101.86435,33.10519],[101.93407,33.18898],[102.08764,33.20673],[102.21582,33.25001],[102.18889,33.33778],[102.23279,33.38648],[102.40028,33.42433],[102.45189,33.48524],[102.43843,33.57636],[102.3427,33.60845],[102.32136,33.75913],[102.25163,33.86317],[102.13435,33.96669],[102.2472,33.98798],[102.39108,33.97467],[102.46541,34.0754],[102.73009,34.23902],[102.86151,34.3057],[102.93824,34.30163],[103.00362,34.18646],[103.12182,34.16323],[103.17898,33.90227],[103.15113,33.82065],[103.34724,33.74504],[103.52665,33.79339],[103.54288,33.72074],[103.61654,33.726],[103.77587,33.66055],[103.85941,33.68401],[104.04968,33.68682],[104.16598,33.61333],[104.15351,33.54872],[104.21826,33.40638],[104.26966,33.38576],[104.37511,33.11094],[104.37568,32.9551],[104.28364,32.94116],[104.28967,32.84614],[104.45627,32.7506],[104.58033,32.72459],[104.64223,32.66358],[104.7368,32.63771],[104.84298,32.65625],[104.90175,32.60511],[105.02698,32.65261],[105.10735,32.59618],[105.29417,32.65927],[105.45561,32.75444],[105.38915,32.83507],[105.42168,32.93302],[105.49534,32.91395],[105.58705,32.87903],[105.73159,32.9074],[105.91375,32.99603],[105.91761,33.23827],[105.85885,33.23633],[105.7439,33.30067],[105.72899,33.39282],[105.83416,33.41262],[105.8382,33.49192],[105.95829,33.60827],[106.08245,33.61861],[106.1831,33.54812],[106.29931,33.60598],[106.44265,33.61473],[106.4518,33.53949],[106.53715,33.51489],[106.57703,33.58136],[106.53082,33.69685],[106.45758,33.79112],[106.48923,33.84773],[106.40662,33.91062],[106.4718,33.97529],[106.4977,34.10643],[106.58087,34.15113],[106.5985,34.25258],[106.67993,34.26153],[106.71328,34.36871],[106.63322,34.39358],[106.60742,34.45525],[106.44957,34.53251],[106.3437,34.52079],[106.30917,34.58375],[106.40635,34.63728],[106.50162,34.74804],[106.571,34.77134],[106.47888,34.98093],[106.55626,35.09081],[106.61132,35.07209],[106.72912,35.10207],[106.89631,35.09546],[107.0714,35.02616],[107.09815,34.96077],[107.18476,34.89418],[107.28194,34.93279],[107.51926,34.91084],[107.57112,34.97168],[107.73676,34.95445],[107.85392,34.98789],[107.7177,35.11565],[107.68249,35.21736],[107.74086,35.31214],[107.86087,35.25766],[108.04397,35.25435],[108.16979,35.30553],[108.23561,35.25655],[108.3159,35.28239],[108.48436,35.27581],[108.59843,35.31301],[108.62656,35.41921],[108.61392,35.55745],[108.53511,35.606],[108.49475,35.87242],[108.5842,35.95072],[108.65185,35.95327],[108.70751,36.13887],[108.64141,36.25437],[108.64658,36.38491],[108.61432,36.4341],[108.403,36.45945],[108.33566,36.55874],[108.16086,36.56517],[107.93271,36.65832],[107.90275,36.75032],[107.66581,36.83283],[107.5352,36.82852],[107.47284,36.90812],[107.29188,36.93426],[107.26375,37.09909]]]},"properties":{"pr_adcode":"620000","pr_name":"甘肃省"}},
{"type":"Feature","geometry":{"type":"Polygon","coordinates":[[[101.76736,33.54044],[101.73401,33.49812],[101.62099,33.50428],[101.58086,33.67694],[101.48981,33.7016],[101.38909,33.64679],[101.16105,33.72115],[101.18978,33.78925],[101.1517,33.84603],[100.99745,33.89129],[100.86928,34.08372],[100.76617,34.17651],[100.82045,34.31898],[100.94946,34.38543],[101.05275,34.32438],[101.19145,34.33779],[101.22734,34.30001],[101.41362,34.22984],[101.53667,34.21351],[101.73434,34.08172],[101.78558,34.13302],[101.95341,34.1114],[102.06112,34.28645],[102.13136,34.27433],[102.22081,34.38624],[102.15574,34.49755],[102.00191,34.53968],[101.9182,34.62673],[101.91693,34.8774],[102.02628,34.8973],[102.12952,35.01538],[102.29331,35.07146],[102.34072,35.16111],[102.40148,35.17876],[102.36806,35.26446],[102.29053,35.29361],[102.309,35.43372],[102.40668,35.41041],[102.52973,35.58096],[102.5856,35.54242],[102.74388,35.49551],[102.79984,35.57516],[102.70623,35.70536],[102.68425,35.77255],[102.78219,35.86263],[102.9487,35.83636],[102.96984,35.99564],[102.90832,36.08867],[102.98544,36.19405],[102.99102,36.26372],[102.83703,36.34011],[102.74313,36.58232],[102.60509,36.68209],[102.70297,36.79169],[102.55993,36.91903],[102.44834,36.96818],[102.48655,37.07837],[102.58195,37.10527],[102.59927,37.17415],[102.4863,37.22464],[102.42443,37.28616],[102.12311,37.48491],[102.12882,37.54624],[102.03345,37.62812],[102.03137,37.68793],[101.9446,37.72779],[101.82721,37.6556],[101.66848,37.75393],[101.59656,37.82719],[101.44098,37.86754],[101.3602,37.79062],[101.15895,37.86705],[101.10852,37.93669],[100.88583,38.04938],[100.92095,38.09865],[100.75018,38.23846],[100.61767,38.26557],[100.5432,38.24769],[100.3218,38.32423],[100.2397,38.43949],[100.06236,38.51808],[99.99974,38.46667],[100.09076,38.4073],[100.18261,38.23484],[99.99704,38.31613],[99.82936,38.36845],[99.65834,38.44899],[99.4493,38.604],[99.36066,38.71769],[99.22089,38.7885],[99.06749,38.89646],[99.10761,38.94569],[98.94886,38.9881],[98.81247,39.08716],[98.74308,39.08632],[98.62378,38.95505],[98.45676,38.95234],[98.38316,39.02869],[98.31627,39.03992],[98.23564,38.9204],[98.25074,38.89082],[98.09422,38.78571],[98.01137,38.85761],[97.70095,38.96286],[97.6863,39.00505],[97.49995,39.07768],[97.34128,39.16759],[97.22022,39.19244],[96.96262,39.19788],[96.96944,39.09733],[96.94052,38.91845],[96.98316,38.86971],[97.00856,38.70232],[97.05524,38.59407],[96.96039,38.55768],[96.79394,38.60776],[96.78019,38.50404],[96.70642,38.50525],[96.69763,38.42195],[96.62354,38.34509],[96.66489,38.23004],[96.46302,38.2774],[96.37759,38.2769],[96.26373,38.14561],[96.0224,38.19882],[95.9378,38.23726],[95.8369,38.34239],[95.67337,38.3905],[95.51513,38.29458],[95.20792,38.32799],[95.12022,38.417],[94.97241,38.43016],[94.81156,38.38567],[94.67884,38.38707],[94.52894,38.36073],[94.51001,38.44498],[94.36872,38.76235],[93.8707,38.72249],[93.76843,38.77685],[93.88298,38.82607],[93.72765,38.92413],[93.45152,38.91494],[93.27248,38.89579],[93.17776,38.92345],[93.19666,39.04553],[93.12506,39.12211],[92.93792,39.16929],[92.86587,39.13836],[92.4928,39.10169],[92.40937,39.038],[92.38122,38.99973],[92.26296,39.00176],[92.1717,38.96016],[91.98912,38.93832],[91.77755,38.86181],[91.70417,38.8679],[91.44466,38.81307],[91.30609,38.75074],[91.01694,38.69663],[90.7231,38.65796],[90.60716,38.61323],[90.46187,38.51992],[90.1287,38.49387],[90.13567,38.34032],[90.279,38.23795],[90.35975,38.2999],[90.52942,38.31966],[90.51487,38.20718],[90.51812,37.73102],[90.77461,37.65034],[90.88119,37.57568],[90.93579,37.50231],[91.09373,37.45174],[91.13307,37.32383],[91.19032,37.27762],[91.19056,37.20432],[91.27872,37.1637],[91.3095,37.01509],[91.1319,37.00758],[90.98236,36.91382],[90.87234,36.92078],[90.72092,36.79839],[90.7067,36.65889],[90.73951,36.58616],[91.00987,36.5401],[91.03809,36.47506],[91.02483,36.32402],[91.12308,36.11579],[90.99355,36.10825],[90.92598,36.03193],[90.85108,36.01776],[90.77481,36.08678],[90.66162,36.13452],[90.52555,36.14905],[90.42208,36.13425],[90.23499,36.16103],[90.02563,36.26024],[90.00708,36.1847],[89.91131,36.08006],[89.70929,36.09368],[89.6031,36.03894],[89.47038,36.02359],[89.42537,35.91778],[89.54175,35.86801],[89.65816,35.84885],[89.77664,35.86208],[89.77945,35.77844],[89.73852,35.7161],[89.74736,35.58115],[89.69783,35.5382],[89.73909,35.4709],[89.68655,35.41723],[89.49486,35.36212],[89.51267,35.26667],[89.4562,35.23934],[89.5386,35.1221],[89.59211,35.08859],[89.55906,34.93247],[89.65237,34.8846],[89.78539,34.92302],[89.84967,34.82288],[89.79535,34.74535],[89.73035,34.73373],[89.74111,34.64628],[89.79756,34.62998],[89.82132,34.45717],[89.79999,34.39254],[89.8668,34.32978],[89.81496,34.17133],[89.65406,34.09883],[89.68598,33.96166],[89.79288,33.8674],[89.8981,33.80972],[89.90054,33.76052],[90.00235,33.69564],[89.98213,33.6141],[90.08984,33.4716],[90.24478,33.42606],[90.33136,33.3127],[90.40428,33.26238],[90.47929,33.26781],[90.70419,33.13795],[90.80226,33.11664],[91.07026,33.11501],[91.13143,33.07649],[91.25982,33.14349],[91.43432,33.0682],[91.49509,33.11124],[91.57954,33.04184],[91.66331,33.01541],[91.85902,32.90471],[91.95673,32.8221],[92.13785,32.88674],[92.22961,32.84256],[92.19753,32.75715],[92.25427,32.72316],[92.40971,32.75001],[92.64864,32.72405],[92.68699,32.76848],[92.87627,32.69989],[92.99999,32.74348],[93.05949,32.63389],[93.2378,32.66448],[93.3826,32.52748],[93.46143,32.55835],[93.5151,32.47846],[93.72072,32.58057],[93.82146,32.55009],[93.85435,32.4782],[93.95884,32.48753],[94.13509,32.43634],[94.19564,32.51855],[94.28836,32.50571],[94.53449,32.60072],[94.60041,32.66593],[94.73652,32.58982],[94.80335,32.49396],[94.89094,32.47399],[94.91169,32.41828],[95.05579,32.39706],[95.2153,32.39846],[95.24582,32.34515],[95.09557,32.32446],[95.10592,32.26112],[95.23832,32.28927],[95.31173,32.15306],[95.43894,32.15976],[95.45353,32.06479],[95.36454,31.96425],[95.45485,31.80595],[95.54573,31.74227],[95.61396,31.78587],[95.7788,31.75143],[95.82427,31.68444],[95.89877,31.81965],[95.98831,31.78981],[96.13982,31.69854],[96.15587,31.60508],[96.22467,31.62719],[96.2522,31.6985],[96.17734,31.77785],[96.1825,31.83807],[96.25065,31.93195],[96.38868,31.9221],[96.43278,31.80186],[96.56505,31.71569],[96.77483,31.67622],[96.83696,31.71794],[96.76059,31.86534],[96.74356,32.00183],[96.96589,32.01189],[96.95256,32.06399],[97.13007,32.04606],[97.2193,32.11148],[97.29917,32.29739],[97.41723,32.30312],[97.38696,32.42939],[97.33395,32.51681],[97.44799,32.58893],[97.50069,32.53391],[97.73058,32.5297],[97.54341,32.62418],[97.42859,32.70124],[97.38512,32.78234],[97.37507,32.95871],[97.50571,32.98353],[97.5416,33.03973],[97.4943,33.16976],[97.5762,33.22553],[97.62128,33.33633],[97.75387,33.41164],[97.55222,33.46767],[97.40525,33.63012],[97.43455,33.68406],[97.38885,33.88149],[97.46001,33.88899],[97.65946,33.95818],[97.70268,34.05989],[97.66313,34.11626],[97.81927,34.20936],[97.9482,34.19365],[98.04971,34.11626],[98.20583,34.08581],[98.39154,34.09064],[98.43998,33.98289],[98.40621,33.86881],[98.46293,33.85002],[98.53913,33.7486],[98.6562,33.64922],[98.64761,33.55073],[98.74161,33.47954],[98.77339,33.30376],[98.8602,33.15226],[99.01366,33.08336],[99.17831,33.04685],[99.23371,32.98549],[99.27043,32.88244],[99.38437,32.90222],[99.55723,32.84129],[99.60644,32.78328],[99.75899,32.77217],[99.79078,32.88532],[99.87664,32.99601],[100.0369,32.9312],[100.12163,32.83886],[100.13485,32.74301],[100.08641,32.67123],[100.18673,32.63304],[100.26309,32.74497],[100.38344,32.74843],[100.46872,32.69671],[100.54329,32.57292],[100.64428,32.52893],[100.65738,32.60214],[100.83269,32.65136],[100.93077,32.60315],[101.02888,32.66277],[101.1556,32.66373],[101.2213,32.72804],[101.23601,32.82992],[101.12202,32.912],[101.16786,33.10231],[101.11909,33.19154],[101.1817,33.27191],[101.29516,33.26411],[101.35523,33.19452],[101.48353,33.22886],[101.63258,33.10462],[101.73858,33.27103],[101.64765,33.32659],[101.69399,33.43584],[101.77085,33.45144],[101.76736,33.54044]]]},"properties":{"pr_adcode":"630000","pr_name":"青海省"}},
{"type":"Feature","geometry":{"type":"Polygon","coordinates":[[[104.28447,37.42735],[104.43473,37.44516],[104.67696,37.40745],[104.70165,37.3297],[104.59799,37.24246],[104.7142,37.20813],[104.77328,37.24626],[104.85334,37.2115],[104.95136,37.04015],[105.16156,36.99452],[105.18033,36.90212],[105.24033,36.8953],[105.33065,36.80055],[105.19726,36.70209],[105.27222,36.56314],[105.35741,36.49809],[105.40135,36.35796],[105.50969,36.15037],[105.34005,36.03395],[105.33063,35.88651],[105.38678,35.86654],[105.47785,35.72731],[105.56634,35.71676],[105.6671,35.74998],[105.7425,35.73207],[105.71073,35.64732],[105.7942,35.56615],[106.05935,35.49971],[106.1022,35.36747],[106.1664,35.43355],[106.35924,35.23877],[106.50035,35.35732],[106.48584,35.48078],[106.43634,35.52683],[106.48984,35.73687],[106.68841,35.71537],[106.86438,35.74482],[106.92193,35.8121],[106.84855,35.88372],[106.94464,35.99939],[106.95079,36.08336],[106.83685,36.20794],[106.57333,36.28645],[106.47967,36.2856],[106.51549,36.45643],[106.44019,36.62476],[106.5713,36.74701],[106.62768,36.74395],[106.63397,36.88414],[106.57502,36.9308],[106.66243,37.01659],[106.61657,37.09558],[106.77619,37.15827],[106.88777,37.09776],[107.09049,37.11514],[107.17651,37.14309],[107.26375,37.09909],[107.3337,37.15859],[107.25298,37.33649],[107.27931,37.48136],[107.34052,37.51817],[107.32534,37.58338],[107.49406,37.76509],[107.61581,37.77557],[107.64528,37.8642],[107.55548,37.89321],[107.32658,38.08596],[107.18533,38.15346],[107.01006,38.11986],[106.77428,38.17141],[106.55108,38.26343],[106.47792,38.31899],[106.59754,38.39224],[106.64436,38.47241],[106.65798,38.60085],[106.69825,38.70777],[106.83274,38.84697],[106.94963,38.94066],[106.96253,39.05416],[106.86556,39.09632],[106.79121,39.21354],[106.77677,39.37099],[106.59822,39.37463],[106.50181,39.26929],[106.39817,39.29063],[106.27549,39.2613],[106.29105,39.16718],[106.24948,39.13157],[106.14146,39.15232],[106.05621,38.96772],[105.96901,38.91091],[105.98818,38.85703],[105.90554,38.79092],[105.81757,38.36779],[105.8618,38.29701],[105.77109,38.18637],[105.77646,38.08435],[105.83581,38.00753],[105.80451,37.87492],[105.75648,37.79938],[105.61817,37.77744],[105.59507,37.69905],[105.31085,37.70147],[105.10708,37.63308],[105.02064,37.57931],[104.80191,37.53881],[104.43027,37.51461],[104.40454,37.46398],[104.28447,37.42735]]]},"properties":{"pr_adcode":"640000","pr_name":"宁夏回族自治区"}},
{"type":"Feature","geometry":{"type":"Polygon","coordinates":[[[96.38533,42.72599],[96.36279,42.89873],[95.92064,43.22811],[95.879,43.27859],[95.85718,43.41606],[95.7345,43.59587],[95.62207,43.85432],[95.52561,44.00601],[95.32516,44.0272],[95.37455,44.22589],[95.41192,44.2971],[94.99746,44.25181],[94.94424,44.29154],[94.72147,44.3395],[94.60504,44.44728],[94.4693,44.50815],[94.3574,44.51431],[94.32831,44.58139],[94.21395,44.66691],[93.72213,44.86422],[93.71444,44.89329],[93.51925,44.96102],[93.17221,45.014],[92.93171,45.01636],[92.77814,45.04953],[92.49972,45.00008],[92.31398,45.02769],[92.23896,45.01482],[92.09846,45.08012],[91.56002,45.07452],[91.44716,45.15535],[91.37536,45.10976],[91.24021,45.13621],[91.12764,45.21468],[90.90599,45.19297],[90.87556,45.27994],[90.80921,45.30386],[90.77057,45.43159],[90.66963,45.48663],[90.71303,45.72782],[90.84851,45.88707],[91.02635,46.02199],[91.01948,46.12003],[90.89891,46.31149],[90.98186,46.37398],[91.07705,46.55768],[91.01595,46.58132],[91.05201,46.71628],[90.94106,46.82492],[90.89989,46.95986],[90.76538,46.99144],[90.59863,47.1672],[90.48631,47.31596],[90.46605,47.49629],[90.39597,47.54621],[90.3292,47.68011],[90.13248,47.72176],[90.07346,47.77608],[90.08413,47.86427],[89.95813,47.8847],[89.93101,47.83466],[89.75942,47.83453],[89.64842,47.91274],[89.56616,48.03679],[89.30558,48.02079],[89.22836,47.97901],[89.08515,47.98523],[88.93597,48.11447],[88.82158,48.10581],[88.66558,48.17035],[88.57235,48.27676],[88.6038,48.32856],[88.50082,48.41203],[88.19348,48.49295],[87.95846,48.59859],[88.08601,48.69374],[88.02586,48.74917],[87.82321,48.8001],[87.75649,48.92505],[87.85334,48.94336],[87.88006,49.02303],[87.81761,49.17291],[87.49214,49.13096],[87.38523,49.09691],[87.10915,49.15445],[86.8863,49.13181],[86.83329,49.05026],[86.7297,48.9945],[86.77814,48.73402],[86.64005,48.62881],[86.58316,48.54144],[86.40966,48.48006],[86.30238,48.49095],[86.22329,48.43145],[85.85588,48.43176],[85.7091,48.36057],[85.65997,48.24362],[85.54878,48.12698],[85.54405,48.00741],[85.61503,47.54976],[85.61242,47.4971],[85.69868,47.38321],[85.67965,47.22174],[85.58026,47.14194],[85.54299,47.0571],[85.23578,47.05534],[84.95253,46.86035],[84.74533,47.00891],[84.50381,46.97217],[84.19214,47.00254],[84.08322,46.96414],[83.90489,46.98511],[83.57304,47.05848],[83.36683,47.17743],[83.25444,47.17226],[83.15127,47.23496],[83.02397,47.21437],[82.99261,47.07133],[82.93487,47.01333],[82.87334,46.82326],[82.82673,46.77198],[82.72413,46.4948],[82.51534,46.15313],[82.45831,45.97908],[82.33947,45.9342],[82.33707,45.77156],[82.28701,45.71554],[82.27898,45.53796],[82.5439,45.42506],[82.59825,45.34546],[82.58471,45.22316],[82.48369,45.18017],[82.29136,45.24684],[82.10616,45.21029],[82.04972,45.25476],[81.91785,45.2326],[81.78487,45.38278],[81.57979,45.33588],[81.44643,45.26457],[81.13127,45.21967],[80.89577,45.12693],[80.72918,45.15536],[80.59704,45.10507],[80.4914,45.12617],[80.38859,45.04322],[80.24155,45.03074],[80.10929,45.05178],[79.88572,44.90859],[79.9971,44.79307],[80.14887,44.82701],[80.2186,44.73244],[80.31258,44.70379],[80.39745,44.62786],[80.35013,44.46279],[80.41078,44.26449],[80.39158,44.12595],[80.44687,44.0767],[80.45752,43.97615],[80.51985,43.81545],[80.7525,43.49283],[80.75854,43.44516],[80.68404,43.33243],[80.77453,43.30667],[80.79215,43.13607],[80.5913,43.13236],[80.37609,43.03003],[80.48497,42.94759],[80.58941,42.92214],[80.40471,42.83315],[80.2852,42.83641],[80.16157,42.62664],[80.21943,42.53216],[80.2267,42.35718],[80.2819,42.31948],[80.2843,42.23186],[80.16645,42.19904],[80.16564,42.09547],[80.08731,42.0461],[79.92154,42.04125],[79.85066,42.01428],[79.77431,41.89136],[79.63891,41.88374],[79.54901,41.83287],[79.45453,41.84647],[79.32352,41.80815],[79.2166,41.72522],[79.13557,41.72165],[78.95569,41.65046],[78.82315,41.55923],[78.70408,41.54714],[78.64854,41.46629],[78.57862,41.48063],[78.45242,41.41103],[78.1613,41.38217],[78.12652,41.22709],[77.96269,41.17176],[77.82972,41.14937],[77.77782,41.02222],[77.47336,40.9987],[77.36005,41.03972],[77.29343,41.00416],[77.16631,41.00821],[77.08834,41.06172],[76.9814,41.06567],[76.8509,40.97577],[76.75919,40.95326],[76.71981,40.81521],[76.64404,40.7597],[76.65463,40.62002],[76.55437,40.54234],[76.50627,40.42916],[76.38722,40.3771],[76.26321,40.42815],[76.14086,40.39287],[75.98348,40.38158],[75.88756,40.3092],[75.7059,40.28061],[75.6669,40.36358],[75.73125,40.46711],[75.64322,40.51643],[75.6339,40.6242],[75.56561,40.65673],[75.42897,40.56273],[75.35209,40.53737],[75.2393,40.44846],[75.09946,40.43933],[74.81641,40.50554],[74.79229,40.44289],[74.90559,40.33874],[74.69523,40.34425],[74.67076,40.27847],[74.54445,40.21897],[74.35362,40.08886],[74.26036,40.12479],[74.02037,40.08472],[73.84229,39.83104],[73.83879,39.75616],[73.92142,39.72186],[73.95066,39.60012],[73.86518,39.48281],[73.60761,39.46583],[73.50321,39.38044],[73.57718,39.23763],[73.63641,39.22055],[73.71664,39.10811],[73.7397,39.02937],[73.81725,39.04165],[73.83784,38.93596],[73.73912,38.93388],[73.69617,38.85786],[73.76767,38.77127],[73.80573,38.63454],[73.92327,38.53642],[74.08327,38.54787],[74.14498,38.67688],[74.2268,38.65634],[74.50372,38.6378],[74.63766,38.59993],[74.71491,38.5425],[74.86003,38.4844],[74.86951,38.4159],[74.7867,38.32489],[74.81892,38.10329],[74.90858,37.96736],[74.91482,37.84536],[75.00361,37.77109],[74.88956,37.66847],[74.92819,37.57205],[75.07537,37.51094],[75.15009,37.41403],[75.12262,37.32223],[74.92446,37.27797],[74.81328,37.21676],[74.72457,37.28304],[74.50839,37.24017],[74.46213,37.14706],[74.56561,37.03322],[74.70634,37.08486],[74.73636,37.02832],[74.83995,37.02095],[74.92473,36.9785],[75.06016,37.00638],[75.24182,36.96363],[75.41033,36.95477],[75.42248,36.7791],[75.7208,36.75112],[75.86901,36.66692],[75.99771,36.48801],[76.03185,36.40973],[75.98823,36.35262],[76.05228,36.25334],[76.01354,36.16616],[75.94026,36.13872],[75.95512,36.05927],[76.10109,36.01938],[76.16182,35.90954],[76.1574,35.82516],[76.296,35.84234],[76.363,35.82487],[76.54636,35.92008],[76.59116,35.77304],[76.69055,35.74847],[76.75866,35.65674],[76.83429,35.66296],[76.96415,35.59272],[77.00627,35.61159],[77.193,35.52015],[77.30494,35.54138],[77.39423,35.46863],[77.5162,35.48307],[77.68803,35.44926],[77.81411,35.51953],[77.89658,35.46919],[78.09863,35.4979],[78.10462,35.43801],[78.01094,35.3668],[78.01463,35.2294],[78.0601,35.11568],[78.23535,34.88391],[78.2109,34.71958],[78.2787,34.62485],[78.54047,34.5766],[78.7065,34.52395],[78.74088,34.45637],[78.86955,34.4049],[78.90912,34.36034],[79.03733,34.33632],[79.0088,34.40166],[79.15923,34.44307],[79.22745,34.41585],[79.50245,34.45661],[79.67359,34.45304],[79.7992,34.48076],[79.90527,34.68568],[79.89659,34.73372],[80.03958,34.94468],[80.02886,35.04006],[80.11591,35.06722],[80.32857,35.24062],[80.27212,35.29173],[80.30238,35.38064],[80.44212,35.41799],[80.59804,35.41078],[80.68719,35.34002],[80.84233,35.34647],[81.01312,35.31261],[81.05206,35.40316],[81.21695,35.32013],[81.36109,35.3554],[81.44028,35.33329],[81.5106,35.236],[81.67238,35.23467],[81.73394,35.26332],[81.92549,35.27234],[82.05183,35.356],[82.02673,35.42677],[82.2695,35.55105],[82.32537,35.56013],[82.40595,35.70004],[82.46587,35.71801],[82.62604,35.69316],[82.72869,35.63861],[82.78602,35.68537],[82.96478,35.66823],[82.9963,35.48534],[83.12378,35.39924],[83.2775,35.40212],[83.44594,35.38285],[83.53906,35.34264],[83.68198,35.36353],[83.8827,35.36848],[83.9024,35.40283],[84.04917,35.41666],[84.15899,35.35977],[84.33274,35.41535],[84.45067,35.47401],[84.44648,35.55097],[84.76025,35.62526],[84.99252,35.73747],[85.15663,35.74604],[85.26887,35.7894],[85.36722,35.70647],[85.61062,35.65253],[85.65101,35.73202],[85.80087,35.77894],[85.94693,35.77964],[86.05741,35.84632],[86.13038,35.97989],[86.19673,36.03256],[86.18852,36.13318],[86.39039,36.20734],[86.69772,36.24533],[86.74369,36.2925],[86.92931,36.26615],[86.99368,36.30918],[87.14664,36.29776],[87.19076,36.3498],[87.28957,36.35946],[87.42543,36.42528],[87.46758,36.35465],[87.56797,36.34301],[87.72923,36.38534],[87.91699,36.39427],[87.97321,36.43615],[88.13178,36.42743],[88.23905,36.46904],[88.36298,36.45806],[88.46806,36.48253],[88.57088,36.46173],[88.62137,36.39],[88.78074,36.29232],[88.8365,36.35414],[89.30229,36.22931],[89.37283,36.22846],[89.48776,36.1515],[89.70929,36.09368],[89.91131,36.08006],[90.00708,36.1847],[90.02563,36.26024],[90.23499,36.16103],[90.42208,36.13425],[90.52555,36.14905],[90.66162,36.13452],[90.77481,36.08678],[90.85108,36.01776],[90.92598,36.03193],[90.99355,36.10825],[91.12308,36.11579],[91.02483,36.32402],[91.03809,36.47506],[91.00987,36.5401],[90.73951,36.58616],[90.7067,36.65889],[90.72092,36.79839],[90.87234,36.92078],[90.98236,36.91382],[91.1319,37.00758],[91.3095,37.01509],[91.27872,37.1637],[91.19056,37.20432],[91.19032,37.27762],[91.13307,37.32383],[91.09373,37.45174],[90.93579,37.50231],[90.88119,37.57568],[90.77461,37.65034],[90.51812,37.73102],[90.51487,38.20718],[90.52942,38.31966],[90.35975,38.2999],[90.279,38.23795],[90.13567,38.34032],[90.1287,38.49387],[90.46187,38.51992],[90.60716,38.61323],[90.7231,38.65796],[91.01694,38.69663],[91.30609,38.75074],[91.44466,38.81307],[91.70417,38.8679],[91.77755,38.86181],[91.98912,38.93832],[92.1717,38.96016],[92.26296,39.00176],[92.38122,38.99973],[92.40937,39.038],[92.3685,39.05764],[92.33873,39.23747],[92.5244,39.36816],[92.63886,39.51385],[92.74431,39.86758],[92.79531,40.15319],[92.9058,40.3101],[92.92733,40.57202],[93.50483,40.64757],[93.75927,40.66398],[93.81968,40.79281],[93.80848,40.87851],[94.00932,41.11354],[94.18266,41.26712],[94.53304,41.50454],[94.74888,41.53679],[94.86094,41.66711],[95.13465,41.77111],[95.19816,41.7178],[95.24897,41.60745],[95.57094,41.79477],[95.67491,41.82873],[95.85479,41.84824],[96.03734,41.9231],[96.11488,41.98299],[96.13795,42.05244],[96.07617,42.14792],[96.17759,42.21632],[96.04007,42.32486],[96.06508,42.41282],[95.97788,42.43526],[96.02282,42.54088],[96.38533,42.72599]]]},"properties":{"pr_adcode":"650000","pr_name":"新疆维吾尔自治区"}},
{"type":"Feature","geometry":{"type":"Polygon","coordinates":[[[120.25663,22.59507],[120.29327,22.53412],[120.56631,22.36471],[120.63694,22.24431],[120.64787,22.036],[120.6979,21.92978],[120.86936,21.90019],[120.86295,21.98721],[120.90382,22.03609],[120.9114,22.30569],[120.97798,22.53117],[121.02942,22.65342],[121.16664,22.72582],[121.32077,22.9483],[121.3664,23.08684],[121.42629,23.13965],[121.41096,23.19839],[121.47562,23.32478],[121.5193,23.54128],[121.61794,23.92353],[121.65564,24.00967],[121.64014,24.10056],[121.80537,24.34189],[121.82299,24.42644],[121.88182,24.53266],[121.88887,24.62092],[121.83426,24.76307],[121.84131,24.83917],[122.00836,25.0042],[121.94374,25.03488],[121.91344,25.14083],[121.74662,25.16347],[121.61926,25.29761],[121.53119,25.31038],[121.44029,25.27321],[121.36772,25.16247],[121.2053,25.12982],[121.0207,25.0432],[120.90479,24.85498],[120.88859,24.77052],[120.81998,24.69121],[120.68488,24.60358],[120.63907,24.49312],[120.54254,24.37334],[120.4474,24.18529],[120.3879,24.12076],[120.27425,23.93039],[120.24175,23.84312],[120.17119,23.80988],[120.09845,23.70334],[120.09052,23.58981],[120.11748,23.50702],[120.10356,23.34364],[120.01901,23.11024],[120.02535,23.05122],[120.13052,22.99653],[120.19639,22.72384],[120.25663,22.59507]]]},"properties":{"pr_adcode":"710000","pr_name":"台湾省"}},
{"type":"Feature","geometry":{"type":"Polygon","coordinates":[[[114.22772,22.5429],[114.16059,22.56164],[114.02681,22.50693],[113.90115,22.40745],[113.93654,22.35829],[113.83798,22.22957],[113.85245,22.19572],[113.99947,22.24353],[114.06495,22.32976],[114.13472,22.24811],[114.25318,22.22626],[114.31278,22.29867],[114.28385,22.3928],[114.39104,22.38881],[114.40121,22.43582],[114.22772,22.5429]]]},"properties":{"pr_adcode":"810000","pr_name":"香港特别行政区"}},
{"type":"Feature","geometry":{"type":"Polygon","coordinates":[[[113.55381,22.21534],[113.54936,22.11023],[113.59886,22.13584],[113.55381,22.21534]]]},"properties":{"pr_adcode":"820000","pr_name":"澳门特别行政区"}}
]}