{"type":"FeatureCollection", "features": [
{"type":"Feature","geometry":{"type":"MultiLineString","coordinates":[[[92.44154,34.2161],[92.44389,34.21533],[92.44731,34.21481],[92.44864,34.21455],[92.44886,34.21451],[92.44895,34.21483]],[[92.43211,34.21596],[92.43289,34.21592],[92.43447,34.21567],[92.4361,34.21539],[92.43813,34.21501],[92.44034,34.21416]],[[92.43635,34.21701],[92.43739,34.21691],[92.44093,34.21726],[92.44209,34.21699]],[[92.43741,34.20934],[92.44153,34.21144],[92.44675,34.21409],[92.44731,34.21481],[92.44747,34.21552]],[[92.44236,34.21745],[92.44255,34.21806],[92.44398,34.22072],[92.44672,34.22546],[92.44694,34.22576],[92.44733,34.22626],[92.44286,34.23003],[92.44255,34.23023],[92.44242,34.23031],[92.44313,34.23119],[92.44454,34.23532],[92.44455,34.23637],[92.44375,34.23758],[92.44393,34.24063],[92.4436,34.243],[92.44366,34.24901],[92.44431,34.25211],[92.4455,34.25662],[92.44646,34.25771],[92.4462,34.26307],[92.44657,34.26693],[92.44629,34.2703],[92.44458,34.27494],[92.44278,34.27801],[92.4418,34.27935],[92.43851,34.28249],[92.4372,34.28979],[92.43725,34.29202],[92.43544,34.29884],[92.4351,34.30128],[92.43522,34.30363],[92.43687,34.30751],[92.43813,34.31207],[92.43927,34.31956],[92.43946,34.32722],[92.43832,34.32911],[92.43741,34.32995],[92.43457,34.33214],[92.43162,34.33392],[92.4306,34.33411],[92.4259,34.33392],[92.41862,34.33459],[92.41605,34.33606],[92.41251,34.33955],[92.4115,34.34106],[92.41098,34.34406],[92.41104,34.34833],[92.41172,34.35033],[92.41129,34.35111],[92.41126,34.35278],[92.41199,34.35354],[92.41188,34.355],[92.41232,34.35792],[92.41107,34.3597],[92.41053,34.3621],[92.40953,34.36413],[92.40849,34.36544],[92.40646,34.36887],[92.40775,34.3774],[92.40945,34.38052],[92.41037,34.3838],[92.41105,34.38993]],[[92.44731,34.22554],[92.44694,34.22576]],[[92.34903,34.10296],[92.34342,34.10293],[92.34227,34.10277],[92.34146,34.10229],[92.33899,34.09964],[92.33866,34.09893],[92.34004,34.09542],[92.34126,34.09531],[92.34204,34.09478],[92.34239,34.0923],[92.34173,34.08513],[92.34567,34.07707],[92.34572,34.07694]],[[92.68297,34.05261],[92.68248,34.05331],[92.68304,34.05366],[92.68404,34.05337],[92.68897,34.05392],[92.69184,34.0571],[92.69459,34.0581],[92.69669,34.05931],[92.69852,34.06586],[92.6974,34.06953],[92.69386,34.07301],[92.68968,34.07624],[92.68652,34.07925],[92.68414,34.07992],[92.68362,34.08184],[92.68267,34.08254],[92.67792,34.08424],[92.67386,34.08662],[92.67116,34.08762],[92.66865,34.08774],[92.668,34.08853],[92.66588,34.08929],[92.66457,34.09105],[92.66245,34.09164],[92.66084,34.0932],[92.66021,34.09467],[92.65841,34.09656],[92.65552,34.10167],[92.65193,34.10628],[92.65158,34.11034],[92.65241,34.11238],[92.65142,34.11435],[92.65279,34.11545],[92.65256,34.11758],[92.65186,34.11956],[92.64846,34.11985],[92.64755,34.12273],[92.64658,34.12345],[92.64481,34.12615],[92.64446,34.1282],[92.64526,34.13133],[92.64492,34.13263],[92.6454,34.13287],[92.64627,34.13194],[92.6484,34.13216],[92.64938,34.13508],[92.64921,34.13584],[92.64406,34.13912],[92.64295,34.14025],[92.64271,34.14193],[92.64424,34.14681],[92.64781,34.15002],[92.6474,34.15321],[92.64376,34.15805],[92.63942,34.16208],[92.6352,34.16723],[92.633,34.16878],[92.63234,34.1707],[92.62992,34.17381],[92.62243,34.17583],[92.61663,34.17878],[92.60168,34.18703],[92.59314,34.19288],[92.58496,34.19682],[92.57437,34.20398],[92.56458,34.2035],[92.56017,34.20202],[92.55818,34.20085],[92.5556,34.20045],[92.55218,34.20061],[92.5498,34.20013],[92.54566,34.19851],[92.54428,34.19836],[92.53663,34.19853],[92.52986,34.19991],[92.5207,34.2036],[92.51339,34.20502],[92.50441,34.20391]],[[91.56044,33.99767],[91.55896,34.00026],[91.55786,34.00417],[91.55386,34.01239],[91.55413,34.01452],[91.55391,34.01591],[91.5521,34.01897],[91.55252,34.02176],[91.55111,34.02805],[91.54986,34.03166],[91.5467,34.03773],[91.54241,34.04424],[91.53828,34.04465],[91.52145,34.04915],[91.50927,34.05704],[91.50629,34.0584],[91.49779,34.06709],[91.49492,34.0696],[91.49218,34.07127],[91.48581,34.07828],[91.4818,34.08265],[91.48072,34.08434],[91.48,34.08405],[91.47689,34.08482],[91.47785,34.08533],[91.47559,34.08646],[91.47736,34.08688],[91.4736,34.08954],[91.47282,34.09123],[91.47247,34.09368],[91.47473,34.09849],[91.47375,34.10328],[91.47524,34.10684],[91.47161,34.11537],[91.47173,34.11638],[91.47118,34.11858],[91.45991,34.14124],[91.45753,34.14153],[91.45531,34.1422],[91.44455,34.14276],[91.42834,34.14619],[91.42497,34.14661],[91.42129,34.14769],[91.41384,34.14923],[91.41197,34.15247],[91.41176,34.15425],[91.41072,34.15512],[91.41036,34.15673],[91.40805,34.15691],[91.40719,34.15748],[91.40028,34.15811],[91.39979,34.15877],[91.39884,34.15905],[91.3941,34.15857],[91.39101,34.16192],[91.38899,34.16273],[91.38697,34.16134],[91.38227,34.16294],[91.37844,34.16278],[91.37661,34.16332],[91.37395,34.1634],[91.36936,34.1651],[91.36704,34.16635],[91.36286,34.16722],[91.35695,34.17026],[91.347,34.17794],[91.34214,34.1785],[91.33894,34.18177],[91.33824,34.18347],[91.33568,34.18555],[91.33292,34.18704],[91.32876,34.19013],[91.32275,34.19366],[91.30914,34.19192],[91.29949,34.1913],[91.29452,34.19136],[91.29225,34.19225],[91.2891,34.19402],[91.2874,34.19427],[91.27062,34.19231],[91.26668,34.19244],[91.26454,34.19287],[91.25862,34.19564],[91.25408,34.19655],[91.24073,34.19726],[91.23665,34.19788],[91.2352,34.19886],[91.23366,34.19945],[91.22527,34.20187],[91.21887,34.20697],[91.21771,34.20731],[91.21709,34.20793],[91.21486,34.20908],[91.21236,34.20952],[91.20471,34.21008],[91.20185,34.21085],[91.20057,34.21064],[91.19718,34.21085],[91.19638,34.21116],[91.19477,34.21254],[91.19264,34.21339],[91.1903,34.21375],[91.18933,34.21332],[91.18609,34.21335],[91.17896,34.21467],[91.17102,34.21409],[91.16701,34.21563],[91.16352,34.21619],[91.16165,34.21611],[91.15732,34.21665],[91.15067,34.21846],[91.14157,34.22183],[91.13884,34.2224],[91.13818,34.22281],[91.13733,34.22262],[91.13675,34.22302],[91.13158,34.22357],[91.12668,34.22525],[91.11902,34.22638],[91.11127,34.22689],[91.10643,34.22664],[91.09758,34.22679],[91.09202,34.22632],[91.09069,34.22598],[91.08803,34.22642],[91.08677,34.2259],[91.08423,34.2273],[91.08021,34.22706],[91.07954,34.22712],[91.07845,34.22782],[91.07783,34.23044],[91.078,34.23186],[91.08,34.23525],[91.07971,34.23883],[91.07933,34.23971],[91.07946,34.24102],[91.0815,34.24248],[91.08329,34.24542],[91.08506,34.24753],[91.08576,34.25011],[91.08666,34.25966],[91.08922,34.26228],[91.08979,34.26348],[91.09136,34.26491],[91.08868,34.2694],[91.08886,34.27035],[91.08752,34.27492],[91.08973,34.2791],[91.09215,34.28252],[91.09375,34.28364],[91.09365,34.2844],[91.09164,34.28513],[91.09111,34.28569],[91.09146,34.28897],[91.09117,34.29427],[91.08847,34.29777],[91.08551,34.29988],[91.08568,34.30258],[91.0881,34.30613],[91.08774,34.3093],[91.08372,34.31218],[91.08323,34.31204],[91.08256,34.31186],[91.08188,34.31171],[91.07978,34.31377],[91.08022,34.31575],[91.08133,34.31819],[91.0821,34.3235],[91.07998,34.32609],[91.07676,34.32896],[91.07624,34.33103],[91.07235,34.33425],[91.07125,34.33575],[91.07134,34.33693],[91.07103,34.33708],[91.07018,34.33717],[91.06913,34.33663],[91.06705,34.33677],[91.06504,34.33734],[91.06068,34.33794],[91.05978,34.33849],[91.0594,34.3388],[91.05777,34.34041],[91.05825,34.34445],[91.05808,34.34553],[91.05673,34.34625],[91.05475,34.34674],[91.05052,34.34928],[91.04795,34.35047],[91.0461,34.35229],[91.04453,34.35558],[91.04389,34.36036],[91.04301,34.3633],[91.04208,34.36505],[91.04035,34.36641],[91.03884,34.36832],[91.03603,34.36968],[91.03152,34.37052],[91.02775,34.37351],[91.02558,34.37443],[91.02154,34.3755],[91.01237,34.3787],[91.00893,34.38098],[91.0031,34.38328],[90.99975,34.38529],[90.99475,34.3868],[90.99093,34.38735],[90.98984,34.38781],[90.98663,34.38838],[90.98427,34.38942],[90.97873,34.39005],[90.97092,34.39268],[90.96987,34.39366],[90.96967,34.39581],[90.96924,34.39661],[90.96777,34.39738],[90.96526,34.39805],[90.96402,34.39878],[90.96286,34.39896],[90.96069,34.4018],[90.96,34.40567],[90.95823,34.4097],[90.95783,34.41447],[90.95775,34.41506],[90.95783,34.4187],[90.95666,34.42358],[90.9529,34.42683],[90.95197,34.42808],[90.94651,34.43228],[90.94012,34.43602],[90.9344,34.43829],[90.93115,34.4414],[90.91773,34.44494],[90.91337,34.44538],[90.91215,34.44515],[90.90983,34.44302],[90.90717,34.44199],[90.90547,34.44083],[90.90449,34.44063],[90.9012,34.44128],[90.89976,34.44188],[90.89898,34.44273],[90.89282,34.44582],[90.89062,34.44614],[90.8886,34.4468],[90.88538,34.44684],[90.88279,34.44726],[90.881,34.44716],[90.8774,34.44604],[90.87664,34.44616],[90.87211,34.44784],[90.86822,34.44976],[90.86819,34.44978]],[[90.06107,33.89398],[90.06244,33.89265],[90.06253,33.89176],[90.05888,33.88839],[90.05412,33.88232],[90.04712,33.87437],[90.04256,33.87028],[90.04332,33.86846],[90.04672,33.86365],[90.05357,33.85898],[90.0561,33.85607],[90.05625,33.85509],[90.05549,33.84958],[90.06001,33.84364],[90.06415,33.84007],[90.06932,33.83646],[90.07724,33.82901],[90.07753,33.82719],[90.07611,33.8256],[90.07589,33.82332],[90.07663,33.82264],[90.07786,33.81996],[90.079,33.8188],[90.08259,33.81697],[90.08645,33.8137],[90.0921,33.81072],[90.09823,33.80638],[90.10066,33.80297],[90.10321,33.80001],[90.10478,33.79875],[90.11113,33.7909],[90.11138,33.78961],[90.11233,33.78832],[90.11336,33.78797],[90.11485,33.78606],[90.11989,33.7809],[90.12541,33.77632],[90.12992,33.77076],[90.13244,33.76893],[90.13809,33.76299],[90.15166,33.75269],[90.15704,33.75169],[90.164,33.75132],[90.17803,33.75132],[90.18041,33.75154],[90.18346,33.75028],[90.18792,33.74988],[90.19259,33.74857],[90.19934,33.7483],[90.20059,33.74867],[90.20361,33.74847],[90.20871,33.75169],[90.21031,33.75223],[90.21134,33.75213],[90.21384,33.75282],[90.21559,33.75398],[90.21889,33.75542],[90.22518,33.75733],[90.22894,33.75968],[90.23297,33.76157],[90.2374,33.76265],[90.23901,33.76358],[90.24181,33.76387],[90.24412,33.76459],[90.24539,33.76524],[90.24798,33.76804],[90.25078,33.77003],[90.25538,33.77213],[90.25761,33.77255],[90.27608,33.77289]],[[92.11852,34.3067],[92.11754,34.30982],[92.11701,34.31055],[92.11793,34.31438],[92.12066,34.31613],[92.12801,34.31696],[92.13325,34.31725],[92.13302,34.31233],[92.13354,34.31056],[92.13564,34.30762],[92.13668,34.3047],[92.1406,34.3012],[92.14309,34.29814],[92.14605,34.2966],[92.15459,34.29527],[92.1578,34.29539],[92.15901,34.29617],[92.1639,34.29702],[92.16589,34.29708],[92.16825,34.29477],[92.16851,34.29396],[92.17149,34.29043],[92.17486,34.28935],[92.17574,34.28848],[92.18096,34.28617],[92.18385,34.28651],[92.18677,34.28788],[92.18737,34.28786],[92.18948,34.2869],[92.19267,34.28694],[92.19621,34.28614],[92.19967,34.28608],[92.20568,34.28699],[92.21241,34.28186],[92.21604,34.28066],[92.22982,34.27509],[92.24387,34.27225],[92.251,34.26979],[92.25791,34.2692],[92.26153,34.26793],[92.27129,34.26578],[92.28288,34.26465],[92.29082,34.26555],[92.30797,34.26419],[92.34182,34.26261],[92.34472,34.26221],[92.34812,34.26142],[92.35127,34.26018],[92.3534,34.2599],[92.36208,34.25756],[92.36844,34.25516],[92.37174,34.25336],[92.37513,34.25249],[92.37741,34.25261],[92.37934,34.25217],[92.38169,34.25115],[92.38403,34.2506],[92.39131,34.24766],[92.40618,34.24285],[92.40742,34.24171],[92.41178,34.23994],[92.4172,34.23684],[92.41813,34.23612],[92.4187,34.235],[92.41925,34.23481],[92.42209,34.23501],[92.42877,34.23479],[92.43141,34.23406],[92.43265,34.23418],[92.43564,34.23529],[92.43681,34.23487],[92.43747,34.23405],[92.4395,34.23178],[92.44242,34.23031]],[[92.1308,34.20218],[92.13303,34.19896],[92.1367,34.191],[92.13871,34.18852],[92.14034,34.18697],[92.14665,34.18495],[92.15081,34.18217],[92.15423,34.1766],[92.15471,34.17368],[92.15536,34.17249],[92.15696,34.17272],[92.15733,34.17357],[92.16091,34.17498],[92.16149,34.17553],[92.16148,34.17633],[92.16199,34.17656],[92.1639,34.1771],[92.16677,34.17643],[92.16728,34.17683],[92.16927,34.17688],[92.17025,34.1773]],[[92.11526,34.32072],[92.11451,34.3207],[92.10794,34.32018],[92.10687,34.31973],[92.10386,34.31947],[92.10124,34.31866],[92.10011,34.31764],[92.09723,34.31654],[92.09578,34.31727],[92.08455,34.31778],[92.07804,34.31864],[92.06792,34.31939],[92.06311,34.32043],[92.06194,34.32032],[92.05505,34.32302],[92.04982,34.32446],[92.04559,34.32373],[92.04207,34.32536],[92.03681,34.3247],[92.0339,34.32395]],[[92.12279,34.33461],[92.12264,34.33154],[92.12442,34.33147]],[[92.11049,34.33227],[92.11019,34.33231],[92.10888,34.33263],[92.10798,34.33327],[92.10311,34.33519],[92.09954,34.33621],[92.09781,34.33619]],[[92.09906,34.33602],[92.09403,34.33617],[92.08499,34.33577],[92.07967,34.33777],[92.07341,34.33875],[92.06975,34.34027],[92.06634,34.34103],[92.06045,34.34314],[92.05777,34.34363],[92.05323,34.34528],[92.04837,34.34802],[92.04639,34.34811],[92.04212,34.34948],[92.03898,34.35],[92.03447,34.3522],[92.03088,34.35243],[92.03049,34.35283],[92.02451,34.35423],[92.02303,34.35366],[92.02059,34.35396],[92.01266,34.35505],[92.0104,34.35499],[92.00898,34.35542],[92.00732,34.35461],[92.00658,34.35293],[92.00429,34.35278],[92.00297,34.35206],[92.00109,34.3517],[91.99368,34.35172],[91.99002,34.35263],[91.98763,34.3526],[91.98618,34.35235],[91.98481,34.35246],[91.98229,34.35322]],[[92.05285,34.20671],[92.05275,34.20676],[92.04862,34.20889],[92.04732,34.21056],[92.04656,34.21089],[92.04508,34.21083],[92.04346,34.21142],[92.04165,34.2125],[92.04043,34.21379],[92.03338,34.2144],[92.02957,34.21577],[92.02796,34.21595],[92.02478,34.21728],[92.02265,34.21865],[92.02144,34.21899],[92.02003,34.21996],[92.01692,34.22135],[92.01489,34.22175],[92.01005,34.22451],[92.00691,34.22536],[92.00187,34.2259],[91.9921,34.22976],[91.98616,34.23105],[91.98301,34.23229],[91.9798,34.23402],[91.97674,34.23638],[91.9759,34.2374],[91.97507,34.23899],[91.97535,34.2399],[91.97521,34.24265],[91.97355,34.24893],[91.97241,34.25029],[91.97112,34.25137],[91.96617,34.25292],[91.96512,34.25354],[91.96404,34.25343],[91.96232,34.25322],[91.95803,34.2557],[91.95581,34.2555],[91.94788,34.25615],[91.94386,34.25588],[91.93935,34.25639],[91.93146,34.25788]],[[91.8772,34.28212],[91.87693,34.28209],[91.87486,34.28241],[91.871,34.28129],[91.86974,34.28057],[91.86821,34.28038],[91.86541,34.27983],[91.85832,34.27655],[91.85594,34.27618]],[[91.92847,34.25835],[91.92774,34.25818],[91.92286,34.2596],[91.92159,34.25968],[91.91527,34.25949],[91.91111,34.25845],[91.90701,34.25899],[91.90241,34.25992],[91.8982,34.26168],[91.89661,34.26295],[91.89519,34.26508],[91.89383,34.26742],[91.89068,34.26947],[91.88739,34.27225],[91.8857,34.27413],[91.88512,34.27655],[91.88562,34.27882],[91.88632,34.27989],[91.88598,34.28128],[91.88057,34.28101],[91.87693,34.28209]],[[91.8755,34.33984],[91.8845,34.33586],[91.9013,34.33033],[91.90347,34.3292],[91.90711,34.32841],[91.91039,34.32893],[91.912,34.3285],[91.91121,34.32845],[91.90946,34.32758],[91.90549,34.32783],[91.90317,34.32602],[91.90065,34.32531],[91.89882,34.32229],[91.89627,34.32181],[91.89358,34.32347],[91.89022,34.32029],[91.88693,34.32008],[91.884,34.31252],[91.88207,34.30997],[91.87946,34.30493],[91.87722,34.30286],[91.87602,34.30176],[91.87482,34.29923],[91.87606,34.29697],[91.87534,34.29537],[91.87574,34.29442],[91.87583,34.2926],[91.87683,34.29153],[91.87666,34.28987],[91.87516,34.28688],[91.87485,34.28542],[91.87134,34.28341],[91.86967,34.28128],[91.86821,34.28038]],[[92.03701,34.32477],[92.03681,34.3247],[92.03339,34.32368],[92.03069,34.32362],[92.02712,34.32418],[92.02189,34.32397],[92.01877,34.32536],[92.01683,34.32541],[92.01433,34.32427],[92.01312,34.32326],[92.01154,34.32313],[92.00628,34.32385],[92.00483,34.32353],[92.00346,34.32261],[92.00052,34.3227],[91.99985,34.32225],[91.99666,34.32276],[91.9951,34.32264],[91.99041,34.32067],[91.98738,34.32024],[91.98526,34.31919],[91.98374,34.31905],[91.98132,34.31901],[91.97573,34.32044],[91.97137,34.32016],[91.96909,34.3205],[91.96479,34.32039],[91.94968,34.322],[91.94723,34.32134],[91.94434,34.32185],[91.94063,34.32191],[91.93555,34.32373],[91.93349,34.32411],[91.92121,34.32412],[91.91462,34.32765],[91.912,34.3285]],[[91.72771,34.31074],[91.72765,34.31099],[91.7268,34.30888],[91.72265,34.30206],[91.72286,34.30014],[91.72545,34.29162],[91.72522,34.29044],[91.72382,34.28816],[91.71952,34.28475],[91.70887,34.2792],[91.7047,34.27752],[91.69635,34.27601],[91.68552,34.2757],[91.67549,34.27599],[91.66525,34.28526],[91.66304,34.28554],[91.65587,34.28581],[91.64374,34.28334],[91.64198,34.28003],[91.64198,34.27964],[91.64325,34.26991],[91.64358,34.2704]],[[91.92744,34.47939],[91.92153,34.47922],[91.9169,34.48015],[91.91044,34.47704],[91.9041,34.47562],[91.90403,34.47475],[91.90507,34.47274],[91.90274,34.46475],[91.90435,34.46061],[91.90879,34.45835],[91.91042,34.45642],[91.91008,34.45156],[91.90731,34.44639],[91.89217,34.43735],[91.88863,34.43606],[91.88195,34.43124],[91.88047,34.42765],[91.88348,34.42193],[91.88011,34.39487],[91.8792,34.39191],[91.87953,34.39115],[91.87747,34.38657],[91.86977,34.38477],[91.86714,34.38543],[91.86398,34.38678],[91.85569,34.38758],[91.84819,34.38721],[91.84761,34.38715],[91.84618,34.38704],[91.84597,34.3868],[91.84311,34.37286],[91.8419,34.36026],[91.82641,34.35192],[91.81988,34.34794],[91.81215,34.34516],[91.81145,34.34441],[91.8087,34.34268],[91.79885,34.33905],[91.79362,34.33774],[91.79154,34.33695],[91.78348,34.33554],[91.78132,34.33523],[91.77618,34.33558],[91.77211,34.33355],[91.77061,34.33198],[91.76863,34.33141],[91.76612,34.33178],[91.76477,34.33164],[91.76099,34.33066],[91.76063,34.32921],[91.7597,34.32884],[91.75778,34.32904],[91.75258,34.33124],[91.74973,34.33167],[91.73876,34.33169],[91.73571,34.33221],[91.73179,34.32981],[91.72965,34.32779],[91.72602,34.32146],[91.72622,34.31996],[91.72595,34.31878],[91.72815,34.31557],[91.72765,34.31099]],[[91.60946,33.81189],[91.60833,33.79838],[91.60945,33.79704],[91.61811,33.792],[91.62923,33.78694],[91.63805,33.78604],[91.64432,33.78657],[91.65359,33.78934],[91.65671,33.78988],[91.65908,33.78981],[91.67832,33.79652],[91.68262,33.79859],[91.68354,33.79947],[91.6929,33.80488],[91.69547,33.80572],[91.69986,33.80606],[91.70368,33.80743],[91.70591,33.81035],[91.70732,33.81086],[91.71064,33.81364],[91.71356,33.81497],[91.71589,33.82124],[91.7178,33.8238],[91.71985,33.82528],[91.73134,33.83028],[91.73324,33.83053],[91.73787,33.83449],[91.7401,33.8357],[91.74188,33.83588],[91.74387,33.83538],[91.74559,33.83558],[91.74706,33.83645],[91.7516,33.83697],[91.75215,33.83859],[91.75391,33.8393],[91.75587,33.84072],[91.76235,33.84187],[91.76528,33.8431],[91.77003,33.84447],[91.77633,33.84829],[91.78587,33.85214],[91.78684,33.85295],[91.79473,33.86142],[91.80079,33.87073],[91.80427,33.87001],[91.80789,33.8686],[91.80877,33.86867],[91.81163,33.8702],[91.83122,33.88131],[91.8364,33.88822],[91.83991,33.89132],[91.84465,33.89467],[91.85071,33.89784],[91.85461,33.89836],[91.85641,33.89954],[91.8596,33.90001],[91.86089,33.90139],[91.86253,33.90224],[91.86469,33.9027],[91.86536,33.90333],[91.86549,33.90417],[91.86622,33.90417],[91.86679,33.90498],[91.87132,33.90689],[91.87186,33.9087],[91.87254,33.90931],[91.87364,33.90954],[91.8745,33.90861],[91.8755,33.90853],[91.87831,33.90682],[91.8801,33.9067],[91.88587,33.90677],[91.8874,33.90728],[91.88834,33.90813],[91.89185,33.90891],[91.8941,33.90724],[91.895,33.90695],[91.89602,33.90691],[91.89978,33.90778],[91.90667,33.90744],[91.90877,33.90852],[91.91007,33.90855],[91.9119,33.90725],[91.91324,33.90716],[91.91395,33.9077],[91.91451,33.9119],[91.91611,33.91337],[91.91633,33.91526],[91.91469,33.92478],[91.91414,33.92556],[91.91242,33.92667],[91.91194,33.92905],[91.91218,33.93423]],[[92.30256,34.13181],[92.30111,34.13183],[92.29841,34.13273],[92.29749,34.13345],[92.294,34.13427],[92.29197,34.1353],[92.29081,34.13638],[92.29058,34.13746],[92.28946,34.13811],[92.28798,34.13975],[92.28556,34.14135],[92.28504,34.14279],[92.28442,34.14343],[92.28118,34.14525],[92.28052,34.1468],[92.25944,34.15015],[92.25705,34.15121],[92.2557,34.15246],[92.2506,34.15573],[92.2484,34.15792],[92.24538,34.15998],[92.24485,34.16353],[92.24153,34.16622],[92.23805,34.16788],[92.23531,34.16984],[92.23326,34.17176],[92.23192,34.17224],[92.22943,34.17411],[92.22905,34.17603],[92.22728,34.17716],[92.22457,34.18229],[92.21644,34.18743],[92.21485,34.18721],[92.21224,34.18524],[92.20956,34.18577]],[[92.2813,34.16895],[92.28207,34.16869],[92.28306,34.16748],[92.28347,34.16625],[92.28435,34.1651],[92.28439,34.16407],[92.28376,34.1633],[92.28248,34.1626],[92.27638,34.15601],[92.27587,34.15465],[92.27874,34.1516],[92.2788,34.14982],[92.27993,34.14847],[92.28052,34.1468]],[[92.1167,33.87261],[92.11862,33.8723],[92.11934,33.8715],[92.12088,33.87062],[92.12194,33.87046],[92.12495,33.87087],[92.13025,33.86957],[92.13138,33.86943],[92.13312,33.86977],[92.13445,33.87188],[92.13719,33.87906],[92.13902,33.88116],[92.14742,33.88535],[92.15448,33.88781],[92.15648,33.88884],[92.15847,33.89037],[92.16101,33.89011],[92.16351,33.8907],[92.16723,33.89249],[92.17048,33.89292],[92.17202,33.89266],[92.17318,33.89208],[92.17563,33.89209],[92.18358,33.89051],[92.18512,33.89048],[92.18616,33.88991],[92.18662,33.88679],[92.18746,33.88569],[92.18931,33.88468],[92.19053,33.88706],[92.19255,33.88955],[92.19434,33.8904],[92.19833,33.89076],[92.20014,33.8901],[92.2076,33.88898],[92.20943,33.88822],[92.21059,33.8871],[92.21286,33.88719],[92.22009,33.88574],[92.22131,33.88507],[92.22199,33.88554],[92.22355,33.88568],[92.22654,33.88479],[92.22693,33.88408],[92.22899,33.88522],[92.23076,33.88475],[92.23339,33.88346],[92.23917,33.87793],[92.23935,33.87676],[92.24127,33.8759],[92.24331,33.87267],[92.24452,33.87232],[92.2477,33.87217],[92.25012,33.87148],[92.25289,33.8713],[92.25997,33.86981],[92.2621,33.86688],[92.26474,33.86454],[92.26653,33.86304],[92.26981,33.86116]],[[91.36461,34.05917],[91.37209,34.05799],[91.37704,34.05465],[91.37892,34.05497],[91.38288,34.05507],[91.38637,34.05566],[91.38789,34.05666],[91.38867,34.05815],[91.39017,34.05921],[91.39464,34.05974],[91.39609,34.0611],[91.39855,34.06145],[91.39938,34.06218],[91.40012,34.06194],[91.40459,34.06621],[91.40917,34.06944],[91.40981,34.07044],[91.40998,34.07143],[91.41131,34.07183],[91.41408,34.07204],[91.41654,34.07383],[91.41708,34.07302],[91.4179,34.07298],[91.41926,34.07546],[91.42219,34.07711],[91.42421,34.07715],[91.42601,34.07666],[91.42771,34.07743],[91.43127,34.07709],[91.43411,34.07747],[91.43767,34.07691],[91.43993,34.0776],[91.44185,34.07742],[91.44458,34.07785],[91.44662,34.07744],[91.44893,34.07763],[91.45116,34.07707],[91.45214,34.07598],[91.45457,34.07462],[91.45712,34.07843],[91.45832,34.0791],[91.46021,34.08114],[91.46409,34.08378],[91.46904,34.08162],[91.47517,34.08085],[91.48581,34.07828]],[[92.49971,34.19681],[92.49053,34.19683],[92.49044,34.20353]],[[90.86846,34.44649],[90.86879,34.44672],[90.86807,34.44745],[90.86731,34.44912],[90.86822,34.44976]],[[92.16486,34.11202],[92.16686,34.11303],[92.16663,34.11206],[92.16762,34.11194],[92.16728,34.11244],[92.16771,34.11295],[92.16798,34.11247],[92.169,34.11189],[92.17042,34.11209],[92.16968,34.11229],[92.1692,34.11278],[92.1705,34.11369],[92.16989,34.11526],[92.17285,34.11634],[92.17344,34.11635],[92.17439,34.11555],[92.17575,34.11541],[92.17732,34.11539],[92.17723,34.11661],[92.17841,34.11611],[92.1787,34.11539],[92.17913,34.11542],[92.17912,34.11577],[92.18078,34.11611],[92.18702,34.11374],[92.18826,34.11381],[92.18925,34.11332],[92.1902,34.11356],[92.19209,34.11256],[92.19368,34.11074],[92.20196,34.10642],[92.20657,34.10324],[92.20726,34.10228],[92.2126,34.10037],[92.21446,34.09931],[92.21771,34.09831],[92.21934,34.0989],[92.22096,34.10206],[92.22444,34.10165],[92.22696,34.10104],[92.22764,34.10098],[92.22804,34.10133],[92.23024,34.1],[92.23418,34.09886],[92.2364,34.09856],[92.23823,34.09742],[92.25009,34.09527],[92.25345,34.095],[92.25972,34.09503],[92.27074,34.09378],[92.27914,34.09335],[92.2798,34.09363],[92.28295,34.09752],[92.28619,34.10074],[92.29246,34.1028],[92.29467,34.10435],[92.29628,34.10499],[92.29864,34.10527],[92.30065,34.10614],[92.3008,34.1084],[92.30253,34.10942],[92.30526,34.1102],[92.30571,34.11099],[92.30571,34.11286],[92.30722,34.11473],[92.30763,34.11639],[92.31075,34.11754],[92.31284,34.11773],[92.31096,34.11905],[92.30841,34.12159],[92.3046,34.12262],[92.30365,34.12329],[92.29785,34.12852],[92.29737,34.1298],[92.29915,34.13106],[92.30082,34.13151],[92.30111,34.13183],[92.30142,34.13295],[92.30309,34.13567],[92.29921,34.13748],[92.29667,34.14115],[92.2964,34.1425],[92.29661,34.14287],[92.29968,34.14317],[92.30299,34.14454],[92.30453,34.14579],[92.30527,34.14579]],[[92.1205,34.20594],[92.11886,34.20534],[92.1071,34.19734],[92.0984,34.1931],[92.09354,34.19002],[92.08653,34.19503],[92.07926,34.19923],[92.07722,34.20008],[92.076,34.20036],[92.07159,34.19882],[92.06706,34.19892],[92.06546,34.1986],[92.06369,34.19899],[92.0625,34.19959],[92.05976,34.20225],[92.05576,34.20371],[92.05427,34.20606],[92.05275,34.20676]],[[92.17649,34.01223],[92.1774,34.01248],[92.17802,34.01203],[92.17875,34.00999],[92.17875,34.00154],[92.17551,33.99633],[92.17485,33.99453],[92.17438,33.98835],[92.17354,33.98453],[92.17395,33.98097],[92.17878,33.97307],[92.18009,33.97157],[92.18126,33.97089],[92.18335,33.96839],[92.18408,33.96439],[92.18684,33.95852],[92.1872,33.95823],[92.19663,33.95576],[92.19798,33.95484],[92.19996,33.95415],[92.20084,33.95363],[92.21018,33.94479],[92.21265,33.93857],[92.21292,33.93587],[92.21045,33.92423],[92.20834,33.92203],[92.20714,33.91971],[92.20763,33.91551],[92.21065,33.91132],[92.2102,33.90879],[92.21068,33.90524],[92.21541,33.90006],[92.2197,33.89686],[92.22286,33.89304],[92.22417,33.89036],[92.22636,33.88721],[92.22654,33.88479]],[[91.89129,33.95992],[91.89438,33.95739],[91.89522,33.956],[91.89537,33.955],[91.89498,33.95333],[91.89234,33.95063],[91.89028,33.94939],[91.89009,33.94901],[91.89084,33.94799]],[[92.43846,34.21106],[92.43521,34.21228],[92.4328,34.21333],[92.43253,34.21398],[92.43289,34.21592],[92.43306,34.21725],[92.43574,34.2175]],[[92.45649,34.199],[92.45568,34.20132],[92.4555,34.20577],[92.45752,34.2107],[92.45516,34.21199],[92.44903,34.21404],[92.44864,34.21455]],[[92.4723,34.2074],[92.47267,34.20833]],[[92.37032,34.06544],[92.3771,34.06236],[92.37958,34.0622],[92.38299,34.06078],[92.38534,34.05887],[92.38695,34.05647],[92.38765,34.05263],[92.38853,34.05114],[92.39025,34.04978],[92.39748,34.04738],[92.39911,34.04582],[92.39991,34.04381],[92.39967,34.04248],[92.3999,34.04124],[92.39187,34.04226],[92.3883,34.04127],[92.3866,34.04103],[92.38501,34.0412],[92.38424,34.04227],[92.38335,34.04258],[92.37834,34.04301],[92.37632,34.04402],[92.37241,34.04505],[92.37059,34.046],[92.36987,34.04649],[92.36964,34.04787],[92.36825,34.0493],[92.36536,34.05348],[92.3632,34.05442],[92.36019,34.05639],[92.35567,34.05847],[92.3544,34.06239],[92.35383,34.06284],[92.35392,34.06459],[92.35225,34.06467],[92.35164,34.06503],[92.3516,34.06566],[92.35261,34.06639],[92.35202,34.06948],[92.35044,34.0708],[92.34841,34.07102],[92.34757,34.0734],[92.34567,34.07707]],[[92.39791,34.05436],[92.39834,34.05541],[92.39766,34.05714],[92.39394,34.06222],[92.39249,34.06288],[92.39116,34.06326],[92.38928,34.06304],[92.38616,34.06194],[92.38428,34.06165],[92.38299,34.06078]],[[92.35843,34.09266],[92.3572,34.09473],[92.35625,34.09917],[92.35898,34.10206]],[[90.89848,34.00693],[90.89539,34.00536],[90.89517,34.00522],[90.89385,34.00415],[90.89391,34.00379],[90.89431,34.00364],[90.89454,34.00355],[90.89504,34.00337],[90.89772,34.00367],[90.8983,34.00335],[90.89612,33.99722],[90.89614,33.99592],[90.90007,33.98957],[90.90195,33.98849],[90.89858,33.98179],[90.89904,33.9809],[90.89958,33.98045],[90.90056,33.9797],[90.90682,33.98073],[90.92259,33.98821],[90.93311,33.99241],[90.93899,33.99369],[90.95302,33.99557],[90.95789,33.99662],[90.98256,33.9963],[90.99008,33.99714],[91.02667,34.0036],[91.02968,34.00537],[91.03122,34.0044],[91.03509,34.00348],[91.03785,34.00365],[91.03838,34.00374],[91.04158,34.00613],[91.04928,34.00591],[91.05411,34.00694],[91.05451,34.00679],[91.05683,34.00322],[91.06291,33.99774],[91.06934,33.99376],[91.08034,33.98853],[91.0824,33.98691],[91.08802,33.98701],[91.09131,33.9859],[91.09363,33.98584],[91.09547,33.98637],[91.09661,33.98753],[91.10048,33.9879],[91.10357,33.98684],[91.10461,33.98692],[91.11076,33.98922],[91.11449,33.99155],[91.11838,33.99212],[91.12175,33.99307],[91.12297,33.99388],[91.12706,33.99434],[91.13037,33.99317],[91.13627,33.98814],[91.15326,33.98952],[91.17095,33.99495],[91.17554,33.99531],[91.19292,34.00141],[91.19509,34.0039],[91.19715,34.00754],[91.2163,34.01887],[91.22226,34.02005],[91.24066,34.02116],[91.24309,34.01956],[91.24424,34.01951],[91.25112,34.02139],[91.25277,34.02228],[91.25631,34.0223],[91.25914,34.02327],[91.26027,34.02216],[91.2632,34.0221],[91.26579,34.02291],[91.26656,34.02284],[91.26954,34.02347],[91.27226,34.02494],[91.27388,34.02505],[91.27517,34.02471],[91.27627,34.02304],[91.27907,34.0201],[91.2815,34.0188],[91.28261,34.01857],[91.28491,34.01907],[91.28733,34.02074],[91.28832,34.02188],[91.28933,34.02236],[91.29287,34.0225],[91.29465,34.02177],[91.30132,34.02305],[91.30233,34.02296],[91.30604,34.02481],[91.31181,34.02593],[91.31604,34.02814],[91.32008,34.02848],[91.32484,34.02819],[91.3266,34.02864],[91.33124,34.03034],[91.33356,34.03225],[91.33646,34.03299],[91.33771,34.03561],[91.33966,34.0356],[91.34264,34.0376],[91.34411,34.03966],[91.34702,34.04244],[91.34765,34.04358],[91.353,34.04853],[91.35801,34.05121],[91.36088,34.05341],[91.36387,34.05447],[91.36455,34.0544],[91.36749,34.05359],[91.36971,34.05331],[91.37186,34.05204],[91.37241,34.05201],[91.37569,34.05318],[91.37634,34.05447],[91.37704,34.05465]],[[94.55428,35.87291],[94.5595,35.87206],[94.56047,35.87239],[94.56153,35.87358],[94.56229,35.87455],[94.56264,35.87502]],[[95.28212,35.74562],[95.28192,35.7464],[95.28035,35.74662],[95.28029,35.74616],[95.2808,35.74588],[95.27636,35.73898],[95.27074,35.74028],[95.26976,35.74246],[95.26438,35.74427],[95.26069,35.7423],[95.25598,35.74181],[95.24903,35.74238],[95.23651,35.74178],[95.23363,35.74131],[95.219,35.74307],[95.20914,35.74244],[95.20609,35.7427],[95.20333,35.74212],[95.20014,35.74308],[95.19658,35.74308],[95.19254,35.74244],[95.17731,35.74214],[95.17484,35.74087],[95.17309,35.7404],[95.15876,35.7407],[95.15199,35.74194],[95.14767,35.74172],[95.13837,35.74011],[95.13187,35.7444],[95.11291,35.74283],[95.10497,35.73726],[95.10542,35.73632],[95.10519,35.73575],[95.10343,35.73512],[95.10221,35.73402],[95.1012,35.73368],[95.09992,35.73158],[95.09794,35.73024],[95.09231,35.72791],[95.0939,35.72384],[95.09626,35.71581],[95.09549,35.71294],[95.0967,35.70606],[95.09801,35.7042],[95.09784,35.70241],[95.09859,35.69926],[95.10134,35.69541],[95.10198,35.69339],[95.10329,35.68915],[95.10362,35.68494],[95.10523,35.679],[95.10532,35.67673],[95.10492,35.67555],[95.10336,35.67252],[95.10277,35.67208],[95.10078,35.66748],[95.10152,35.65946],[95.0996,35.65589],[95.09814,35.65099],[95.09415,35.64299],[95.0918,35.64049],[95.08562,35.63192],[95.08036,35.62753],[95.07608,35.62542],[95.06397,35.62071],[95.06372,35.62028],[95.06428,35.61148],[95.08589,35.60126],[95.09196,35.59937],[95.09538,35.59654],[95.09811,35.59164],[95.09869,35.58948],[95.0983,35.58307],[95.0978,35.58178],[95.09774,35.57604],[95.09744,35.57381],[95.09611,35.57097],[95.09427,35.56809],[95.09109,35.55932],[95.08391,35.55523],[95.07943,35.5502],[95.07783,35.54908],[95.07486,35.54857],[95.07444,35.54711]],[[94.40729,35.90146],[94.4226,35.8963],[94.42494,35.89342],[94.42494,35.89268]],[[94.79589,35.92967],[94.79636,35.92905],[94.79646,35.92895],[94.80973,35.92837],[94.81218,35.92815],[94.81441,35.92746],[94.81778,35.92752],[94.82126,35.92696],[94.8229,35.92751],[94.83168,35.92428],[94.83686,35.92196],[94.84475,35.91753],[94.85261,35.91029],[94.85707,35.90735],[94.85844,35.90729],[94.86089,35.90587],[94.86382,35.90551],[94.86551,35.90488],[94.8685,35.90444],[94.87474,35.90419],[94.87835,35.9013],[94.87787,35.89904],[94.87744,35.89854],[94.87603,35.88838],[94.87615,35.88528],[94.87776,35.88374],[94.87873,35.88124],[94.87843,35.87992],[94.87865,35.87948],[94.87669,35.87598],[94.87737,35.87487],[94.87595,35.87187],[94.87642,35.87071],[94.87496,35.86883],[94.8734,35.86431],[94.87464,35.86246],[94.87458,35.86092],[94.87346,35.85875],[94.87315,35.85646],[94.87072,35.85197],[94.87121,35.85012],[94.87307,35.84602],[94.87384,35.8432],[94.87279,35.84128],[94.8716,35.8401],[94.87121,35.83907],[94.87164,35.83836],[94.87104,35.83553],[94.87171,35.83377],[94.87388,35.83169],[94.87652,35.82714],[94.88047,35.82433],[94.88035,35.82231],[94.8818,35.82096],[94.88561,35.82094],[94.88997,35.81956],[94.89079,35.81829],[94.89073,35.81675],[94.88834,35.80895],[94.88874,35.80839],[94.88997,35.80796],[94.8965,35.80721],[94.89808,35.80655],[94.90075,35.80252],[94.9034,35.79614],[94.90598,35.79298],[94.91273,35.79385],[94.91738,35.79262],[94.92508,35.78803],[94.92749,35.7875],[94.92948,35.78617],[94.93184,35.78619],[94.93379,35.78559],[94.93503,35.78414],[94.93515,35.78248],[94.94214,35.77445],[94.94726,35.77124],[94.95278,35.7685],[94.95939,35.76694],[94.96285,35.76574],[94.96355,35.76632],[94.96412,35.76595],[94.96405,35.76539],[94.96551,35.76356],[94.96645,35.75954],[94.96794,35.75858],[94.9684,35.75542],[94.96673,35.75179],[94.96449,35.74959],[94.96196,35.74772],[94.96744,35.74541],[94.97915,35.74304],[94.98631,35.74073],[94.98871,35.74048],[94.99539,35.73877],[94.99884,35.73708],[95.00253,35.73649],[95.01423,35.73568],[95.01733,35.73644],[95.02004,35.73585],[95.03344,35.73551],[95.04122,35.73672],[95.04511,35.73844],[95.0491,35.73912],[95.05505,35.73449],[95.06323,35.73149],[95.0775,35.72841],[95.08528,35.72793],[95.09231,35.72791]],[[94.81823,35.96818],[94.81763,35.96792],[94.81619,35.96795],[94.81649,35.96953],[94.81627,35.96961],[94.81573,35.9697],[94.81511,35.96982],[94.81441,35.96976],[94.81359,35.9703],[94.81297,35.97017],[94.80962,35.96869],[94.80449,35.96558]],[[94.39236,35.88955],[94.39192,35.88853],[94.39166,35.88754],[94.39085,35.88632],[94.38955,35.8859],[94.38888,35.88604]],[[93.28259,35.95987],[93.28267,35.95919],[93.28353,35.95923],[93.29043,35.96193]],[[94.7101,35.96879],[94.708,35.96792],[94.70707,35.96792],[94.7069,35.96753],[94.70862,35.96753],[94.70599,35.96686],[94.70456,35.96566],[94.7048,35.96348],[94.70421,35.96242],[94.69922,35.95779],[94.69796,35.95599],[94.69755,35.95202],[94.69646,35.95124],[94.69572,35.94879],[94.69846,35.92283],[94.70006,35.91295]],[[94.31018,35.89045],[94.31022,35.89279]],[[93.4266,35.90195],[93.42655,35.89931]],[[93.73773,35.87878],[93.73479,35.87877],[93.73346,35.87926],[93.72893,35.88243],[93.72642,35.88516],[93.72516,35.88768],[93.72315,35.89041],[93.7224,35.89087],[93.72021,35.89363]],[[94.05998,35.7103],[94.05989,35.7117],[94.05806,35.71285],[94.05596,35.71312],[94.05525,35.71236],[94.05468,35.71093],[94.05496,35.7098],[94.05477,35.70799],[94.05379,35.70604],[94.05292,35.70523],[94.05213,35.705],[94.05167,35.70422],[94.05038,35.70363],[94.05103,35.70352],[94.05122,35.70316],[94.05063,35.70249],[94.05067,35.70203],[94.0513,35.70148],[94.05087,35.70091]],[[94.30749,35.72883],[94.30486,35.72928],[94.30259,35.72932],[94.3025,35.72996],[94.30325,35.73012],[94.30467,35.73163],[94.31069,35.73173],[94.31264,35.73508],[94.31516,35.738],[94.31645,35.73865],[94.31566,35.74067],[94.31318,35.74223],[94.31317,35.74373]],[[94.35441,35.70782],[94.35542,35.71925],[94.35429,35.72201],[94.35215,35.72415],[94.35182,35.72635],[94.35099,35.72582],[94.34879,35.72572]],[[94.35104,35.82835],[94.35424,35.82532],[94.35643,35.82787],[94.35717,35.82929],[94.3581,35.82989],[94.3586,35.8302],[94.36136,35.83151],[94.36206,35.83218]],[[94.33649,35.75841],[94.33709,35.75816],[94.3377,35.75791],[94.33872,35.7575],[94.3389,35.75742],[94.33974,35.75696],[94.3417,35.75487],[94.34274,35.75445],[94.34375,35.75534],[94.34448,35.75675],[94.34468,35.75716],[94.34485,35.75751],[94.3451,35.75805],[94.34726,35.76263],[94.34742,35.76355],[94.34737,35.78208],[94.34693,35.78375],[94.348,35.78675],[94.34843,35.79038],[94.35304,35.80772],[94.35329,35.81212],[94.35669,35.81663],[94.35685,35.81858],[94.35785,35.82065],[94.35735,35.82209],[94.35662,35.82304],[94.35424,35.82532]],[[94.61997,35.74809],[94.61807,35.74846],[94.60774,35.74679],[94.60148,35.74817],[94.59319,35.74728],[94.58644,35.74739],[94.58108,35.74556],[94.57397,35.74444],[94.56608,35.74467],[94.56143,35.74373],[94.5561,35.74395],[94.55268,35.74172],[94.54671,35.74098],[94.54366,35.74101],[94.54074,35.74276],[94.53576,35.74384],[94.53236,35.74405],[94.52194,35.73969],[94.49709,35.73823],[94.48329,35.73638],[94.48027,35.73646],[94.47257,35.73416],[94.46608,35.73345],[94.45466,35.73296],[94.45077,35.73323],[94.44279,35.73442],[94.43449,35.73506],[94.41141,35.73496],[94.40776,35.73445],[94.39803,35.73194],[94.39448,35.73062],[94.3886,35.72676],[94.38756,35.72649],[94.38062,35.72649],[94.38012,35.72651],[94.3793,35.72656],[94.37877,35.7266],[94.3781,35.72666],[94.37733,35.72672],[94.37229,35.72752],[94.36092,35.73026],[94.35857,35.73236],[94.34274,35.75445]],[[94.75181,35.88886],[94.75311,35.89264],[94.74861,35.89888],[94.74859,35.89952],[94.75228,35.90295]],[[93.97871,35.71521],[93.97706,35.71226],[93.97574,35.71113],[93.97362,35.70855],[93.97241,35.70641],[93.97149,35.70439],[93.971,35.70214],[93.97107,35.70075],[93.97034,35.6994],[93.97131,35.69776],[93.97344,35.69595],[93.97497,35.69514],[93.97508,35.69306],[93.97425,35.69178],[93.97304,35.69085],[93.97297,35.68953],[93.97198,35.68878],[93.97145,35.6888],[93.9702,35.68952],[93.9682,35.69035],[93.96593,35.69064]],[[97.41826,35.95942],[97.41776,35.9594],[97.41642,35.95943],[97.41479,35.9595],[97.41347,35.96212],[97.41145,35.96295],[97.40361,35.96361],[97.40335,35.96853],[97.39382,35.96844],[97.39687,35.96278],[97.39773,35.96227]],[[96.74227,35.66173],[96.74767,35.65591],[96.75007,35.64986],[96.7528,35.64713],[96.75615,35.6453],[96.75877,35.64447],[96.76142,35.64287],[96.76623,35.64092],[96.7679,35.64066],[96.77022,35.64078],[96.77751,35.63909],[96.78236,35.63988],[96.78992,35.63888],[96.79916,35.64047],[96.81644,35.64256],[96.83435,35.63726],[96.83639,35.6371],[96.84802,35.63445],[96.85384,35.6336],[96.86216,35.6314],[96.87783,35.62919],[96.88598,35.62572],[96.89255,35.62594],[96.91918,35.63069],[96.93312,35.62676],[96.93961,35.62642],[96.95211,35.63041],[96.96713,35.63393],[96.97628,35.63386],[96.97852,35.63347],[96.98298,35.63179],[96.98832,35.63273],[96.99062,35.63272],[96.99674,35.63395],[97.00904,35.63535],[97.02141,35.63344],[97.02485,35.62861],[97.03098,35.62462],[97.03149,35.62307],[97.03242,35.62169],[97.03385,35.62192],[97.04007,35.62016],[97.04396,35.61854],[97.05366,35.61678],[97.06368,35.61593],[97.0659,35.61486],[97.07341,35.61308],[97.07858,35.61121],[97.08644,35.60778],[97.10129,35.60217],[97.10899,35.60213],[97.11397,35.60262],[97.14693,35.60627],[97.15258,35.6074],[97.17956,35.60578],[97.20327,35.6016],[97.24919,35.59276],[97.27235,35.58767],[97.29772,35.58729],[97.3001,35.58911],[97.30277,35.59664],[97.30282,35.5985]],[[97.50916,36.03315],[97.52971,36.01565],[97.54523,36.00772],[97.54782,36.00611],[97.55225,36.00433],[97.55765,36.00306],[97.559,36.00322],[97.55896,36.00292],[97.55739,36.00249],[97.55701,36.00197],[97.55717,36.00155],[97.55765,36.0015],[97.55878,36.00236],[97.56059,36.00235],[97.56268,35.99975],[97.56426,35.99871],[97.56523,35.99754],[97.56718,35.99689],[97.56963,35.9967],[97.57203,35.9975],[97.57494,35.9976],[97.58182,35.99661],[97.58385,35.99683],[97.58667,35.9964],[97.59162,35.99707],[97.59342,35.99661],[97.5937,35.99695],[97.59329,35.9978],[97.5924,35.99853],[97.59248,35.99885],[97.59452,35.99866],[97.599,36.00115],[97.60196,36.0015],[97.60326,36.00108],[97.6049,36.00131],[97.60642,36.00096],[97.60769,35.99973],[97.60992,35.99865],[97.61258,35.99842],[97.61332,35.99692],[97.61565,35.99596],[97.61685,35.99608],[97.61791,35.99665],[97.6211,35.9954],[97.62196,35.99573],[97.62299,35.997],[97.62471,35.99652],[97.62414,35.9974],[97.62478,35.99781],[97.62778,35.99685],[97.62816,35.99698],[97.62394,35.99895],[97.62378,35.99933],[97.62412,35.99959],[97.62533,35.99931],[97.62639,35.99992],[97.62888,36.00038],[97.62919,36.00141],[97.62881,36.00357],[97.62937,36.00406],[97.6341,36.00635],[97.63791,36.00732],[97.64195,36.00926],[97.64682,36.01023],[97.6489,36.01022],[97.65192,36.01148],[97.65766,36.0092],[97.66132,36.00922],[97.66493,36.00665],[97.66629,36.00649],[97.67012,36.00737],[97.67174,36.00703],[97.67239,36.0072],[97.67331,36.00844],[97.67573,36.00953],[97.67734,36.00942],[97.67895,36.0102],[97.68058,36.01056],[97.68297,36.01049],[97.6861,36.01098],[97.68899,36.01073],[97.69046,36.01029],[97.69485,36.01013],[97.70068,36.01131],[97.70666,36.01414]],[[97.49031,35.94129],[97.48943,35.94132],[97.4893,35.94505],[97.48932,35.95298],[97.48972,35.95828],[97.48948,35.9633],[97.49013,35.96807],[97.49009,35.97247],[97.48843,35.97426],[97.48794,35.97615],[97.48749,35.97634],[97.48692,35.97756],[97.48632,35.98002],[97.48515,35.98112],[97.48427,35.9862]],[[97.41077,35.96871],[97.40335,35.96853]],[[97.39197,36.02722],[97.39159,35.97274],[97.39211,35.97157],[97.39327,35.97068],[97.39329,35.96936],[97.39382,35.96844]],[[96.46407,35.8224],[96.46439,35.82172]],[[97.51499,35.88424],[97.51722,35.88505],[97.51785,35.885],[97.51828,35.88487],[97.51902,35.88468],[97.51897,35.88676],[97.51955,35.88916],[97.51853,35.8947],[97.51843,35.89758],[97.51794,35.89821],[97.5173,35.90085],[97.51777,35.90148],[97.51856,35.90188]],[[97.52524,35.82488],[97.52424,35.82668],[97.52255,35.82758],[97.51996,35.83045],[97.51851,35.83301],[97.51849,35.83468],[97.5178,35.83736],[97.51701,35.83807],[97.51671,35.83907],[97.51676,35.84128],[97.51719,35.84293],[97.51703,35.8452],[97.51611,35.8458],[97.51604,35.84585],[97.51567,35.84622],[97.51574,35.84695],[97.51789,35.85007],[97.51821,35.85263],[97.52051,35.85465],[97.52208,35.85828],[97.52243,35.86162],[97.52341,35.8623],[97.5237,35.86241],[97.52415,35.86282],[97.52469,35.8672],[97.52242,35.87049],[97.5204,35.87204],[97.52035,35.87211],[97.52109,35.87318],[97.52078,35.8742],[97.52091,35.87608],[97.51971,35.8797],[97.51969,35.87986],[97.51893,35.88179],[97.51902,35.88468]],[[98.25033,35.84499],[98.25232,35.84385],[98.25207,35.84335],[98.25173,35.84302],[98.25161,35.8428]],[[98.37223,35.65632],[98.37524,35.6585],[98.37596,35.65993],[98.37671,35.66041],[98.37998,35.66145],[98.38335,35.66156]],[[98.12328,35.74438],[98.12438,35.74659],[98.12472,35.74869],[98.12423,35.74942],[98.12418,35.75064],[98.1258,35.75246],[98.12592,35.75352],[98.12719,35.75428],[98.12791,35.75549]],[[98.12391,35.75293],[98.12562,35.75355],[98.12582,35.75353],[98.12592,35.75352]],[[98.32118,35.77088],[98.32214,35.77149],[98.32224,35.7715],[98.32293,35.77072],[98.32388,35.77071],[98.32495,35.77008],[98.33124,35.76902],[98.33192,35.76942],[98.33238,35.77005],[98.33305,35.77092],[98.33882,35.77509],[98.34884,35.78005],[98.35135,35.78416],[98.3542,35.78703],[98.35656,35.78657],[98.36339,35.78929],[98.36671,35.79112],[98.37381,35.79291],[98.37714,35.79467],[98.37819,35.7959],[98.37875,35.79794],[98.37933,35.79848],[98.3807,35.79911],[98.38375,35.79904],[98.38482,35.79928],[98.38727,35.80107],[98.38817,35.80133],[98.39347,35.80187],[98.39789,35.80173],[98.39892,35.80201],[98.40458,35.80116],[98.40918,35.80081],[98.42177,35.80309],[98.42276,35.80283],[98.42321,35.80146],[98.42587,35.80116],[98.43085,35.80217],[98.43793,35.80431],[98.43898,35.80421],[98.44229,35.80255],[98.4454,35.80173],[98.44816,35.8017],[98.45256,35.80083],[98.45321,35.79977],[98.45469,35.79872],[98.45776,35.7985],[98.46256,35.79683],[98.46522,35.79629],[98.46615,35.7963],[98.47233,35.79803],[98.47436,35.79766],[98.47539,35.79688],[98.47735,35.79627],[98.48084,35.79566],[98.48331,35.79589],[98.48793,35.79481],[98.49011,35.79462],[98.49117,35.79437],[98.4922,35.79373],[98.49312,35.79218],[98.49614,35.78971],[98.50179,35.78913],[98.50513,35.78844],[98.507,35.78729],[98.50749,35.78527],[98.5079,35.78496],[98.51372,35.78302],[98.51687,35.78134],[98.51985,35.77724],[98.51933,35.77602],[98.52067,35.77384],[98.52283,35.76904],[98.52609,35.76686],[98.53222,35.75855],[98.54254,35.74737],[98.54593,35.7443],[98.54944,35.74183],[98.55429,35.73937],[98.55869,35.73627],[98.56092,35.7339],[98.56558,35.72758],[98.57292,35.72235],[98.57676,35.71854],[98.5862,35.71067],[98.59058,35.70973],[98.60043,35.70488],[98.60899,35.70255],[98.61393,35.69892],[98.62565,35.69739],[98.64212,35.6943],[98.65115,35.69366],[98.65807,35.69361],[98.6648,35.69266],[98.66864,35.69089],[98.68498,35.68848],[98.6929,35.68898],[98.69658,35.6884],[98.70524,35.68297],[98.70762,35.68108],[98.70847,35.679],[98.71202,35.67754],[98.71251,35.67676],[98.7143,35.67585],[98.71817,35.67461]],[[97.88998,36.00276],[97.88973,36.00053],[97.88964,35.99869]],[[97.87895,35.994],[97.8821,35.99397]],[[98.2373,35.95879],[98.23786,35.95849],[98.24018,35.95862],[98.24072,35.95825],[98.24106,35.9574],[98.24208,35.95769],[98.24261,35.95736],[98.24396,35.95753],[98.2447,35.95714],[98.24484,35.95856],[98.24281,35.9596],[98.2425,35.96022],[98.24249,35.96068],[98.24308,35.96122],[98.24301,35.96204],[98.24411,35.96138],[98.2447,35.96175],[98.24545,35.96133],[98.2458,35.96153],[98.24582,35.96223],[98.24752,35.96217],[98.24922,35.96297],[98.25174,35.96321],[98.25355,35.9627],[98.25701,35.96292],[98.2575,35.96341],[98.25744,35.96399],[98.25821,35.96349],[98.25811,35.96425],[98.25981,35.96366],[98.25959,35.96483],[98.25893,35.96502],[98.25854,35.9655],[98.25947,35.96615],[98.25816,35.96783],[98.25683,35.96813],[98.2565,35.96925],[98.25573,35.97017],[98.25352,35.97109],[98.25211,35.9712],[98.25219,35.97179],[98.25161,35.97252],[98.25384,35.97288],[98.25417,35.97302],[98.25393,35.97351],[98.25247,35.97393],[98.2505,35.97504],[98.24895,35.97658],[98.2432,35.97799],[98.24254,35.97863],[98.24189,35.97839],[98.24118,35.97856],[98.24121,35.97973],[98.2405,35.9811],[98.24054,35.982],[98.24018,35.98205],[98.23915,35.98113],[98.23844,35.98106],[98.23588,35.98223],[98.23037,35.98334],[98.22879,35.98429],[98.22732,35.98451],[98.22743,35.98473],[98.22958,35.98485],[98.23045,35.98558],[98.23016,35.98639],[98.2308,35.98713],[98.23095,35.98856],[98.23079,35.98923],[98.23047,35.98878],[98.23026,35.98926],[98.22998,35.9888],[98.23017,35.98965],[98.2293,35.99011],[98.22945,35.99091],[98.22886,35.99126],[98.22875,35.99231],[98.22713,35.99538],[98.22675,35.99717],[98.22583,35.99887],[98.22616,35.99938],[98.22466,36.00022],[98.22477,36.00123],[98.22431,36.00098],[98.22401,36.00026],[98.22387,36.00053],[98.22449,36.00402],[98.22337,36.00645],[98.22384,36.01058],[98.22358,36.01204],[98.22243,36.01442],[98.22232,36.01958],[98.2242,36.02376],[98.22447,36.02757],[98.22434,36.02956],[98.2218,36.03545],[98.22189,36.03717],[98.22317,36.03837],[98.22272,36.03987],[98.22272,36.04134],[98.22131,36.0436],[98.2207,36.04401],[98.22027,36.04395],[98.21877,36.04236],[98.21724,36.0432],[98.21475,36.04351],[98.21352,36.04483],[98.20886,36.04812],[98.20886,36.04964],[98.20621,36.05075],[98.20535,36.05279],[98.20369,36.05466],[98.19849,36.05818],[98.19712,36.05998],[98.19452,36.0615],[98.19187,36.06242],[98.18988,36.06407],[98.1849,36.06577],[98.18247,36.06756],[98.18114,36.06787],[98.17829,36.06778],[98.177,36.06816],[98.17302,36.06844]],[[98.4595,35.62587],[98.46223,35.62708],[98.46305,35.62788],[98.46421,35.62842],[98.46524,35.62958],[98.4648,35.6301],[98.4658,35.63178],[98.46562,35.63416],[98.4659,35.63579],[98.46621,35.63664],[98.46857,35.63941],[98.47067,35.64445],[98.47266,35.65054],[98.47461,35.6519],[98.47478,35.65304],[98.47755,35.65557],[98.47993,35.65883],[98.48096,35.65953],[98.48292,35.65973],[98.48414,35.65924],[98.48439,35.65854],[98.48655,35.65774],[98.49397,35.65926],[98.49599,35.65929],[98.4969,35.65884],[98.50058,35.65967]],[[97.98743,35.47588],[97.98883,35.47742],[97.98911,35.47773],[97.98951,35.47818],[97.99764,35.47277],[98.00791,35.4671],[98.01162,35.46559],[98.02871,35.45531],[98.03338,35.45295],[98.03745,35.45181],[98.04566,35.44762],[98.04846,35.44493],[98.05822,35.44157],[98.06172,35.43779],[98.06702,35.43523],[98.06891,35.43494],[98.07207,35.43265],[98.07226,35.43222],[98.07247,35.43192],[98.0732,35.43054]],[[97.97491,35.49023],[97.9807,35.48586],[97.9824,35.48368],[97.98586,35.48142],[97.98951,35.47818]],[[98.56306,35.52218],[98.56329,35.52567],[98.56377,35.52731],[98.56366,35.53073],[98.56408,35.53155],[98.56441,35.53536],[98.56467,35.53577],[98.56607,35.53608],[98.56693,35.54035],[98.56562,35.54234],[98.56595,35.54365],[98.56519,35.5475],[98.56563,35.55311],[98.56466,35.55516],[98.5638,35.55616],[98.56317,35.5586],[98.5623,35.55991],[98.55684,35.56706],[98.55572,35.56808],[98.55483,35.57464],[98.55424,35.57566],[98.55311,35.57637],[98.55295,35.57645],[98.55261,35.57715],[98.55325,35.58023]],[[98.35191,35.49125],[98.35422,35.49231],[98.35689,35.49273],[98.35834,35.49327],[98.36264,35.49741],[98.36388,35.49992],[98.36375,35.50025],[98.36233,35.50128],[98.3556,35.50427],[98.35274,35.50691],[98.34917,35.50917],[98.34752,35.50938],[98.3446,35.51095],[98.34296,35.51222],[98.34216,35.51241]],[[98.50221,35.59365],[98.50144,35.59313],[98.5004,35.591],[98.50052,35.58755],[98.49985,35.58441],[98.49887,35.58218],[98.49741,35.57479],[98.4958,35.57058],[98.4934,35.56582],[98.49103,35.56394],[98.48881,35.56128],[98.48523,35.5578],[98.47818,35.55474],[98.47541,35.55122],[98.47201,35.54791],[98.46714,35.54642],[98.46042,35.54287],[98.46003,35.54229],[98.45879,35.54154],[98.45778,35.53971],[98.45708,35.53909],[98.45462,35.53787],[98.44911,35.53354],[98.44434,35.53186],[98.44424,35.52925],[98.4434,35.53042],[98.4421,35.53082],[98.44011,35.52909],[98.43768,35.52841],[98.43472,35.52671],[98.43399,35.52533],[98.43322,35.52485],[98.42924,35.52328],[98.42601,35.52288],[98.42527,35.52238],[98.42268,35.5221],[98.42104,35.52108],[98.41735,35.51952],[98.41567,35.51834],[98.41181,35.517],[98.40793,35.51611],[98.40408,35.51277],[98.40197,35.51231],[98.39477,35.50949],[98.39337,35.50933],[98.38385,35.50514],[98.38024,35.50419],[98.37698,35.50423],[98.37572,35.50339],[98.37364,35.50021],[98.37197,35.49833],[98.36931,35.49399]],[[92.47759,37.27538],[92.47739,37.27469],[92.47671,37.27442],[92.47242,37.27487],[92.47134,37.27485],[92.46972,37.27544],[92.44786,37.27821],[92.42771,37.27221],[92.4102,37.26782],[92.31081,37.24383],[92.30919,37.24237],[92.30838,37.24215]],[[92.47928,37.27349],[92.47805,37.27415],[92.47671,37.27442]],[[92.22995,37.13907],[92.23007,37.12555],[92.23464,37.12559],[92.23467,37.12418],[92.23565,37.12423],[92.23568,37.1256],[92.238,37.12561],[92.23795,37.12896],[92.23775,37.12913],[92.23461,37.12911],[92.23464,37.12559],[92.23568,37.1256]],[[91.76407,37.02003],[91.76334,37.02076],[91.76522,37.02018],[91.76479,37.02113],[91.76576,37.02251],[91.76706,37.02433],[91.76684,37.02739],[91.76469,37.02949],[91.75917,37.03183]],[[92.23787,37.13894],[92.23788,37.13678],[92.23987,37.1367],[92.23992,37.13375],[92.2388,37.13363],[92.23702,37.13362],[92.23589,37.13373],[92.23585,37.13662],[92.23788,37.13678]],[[92.23452,37.139],[92.2346,37.13045],[92.23706,37.13046],[92.23794,37.13046],[92.23884,37.13047],[92.24129,37.1305],[92.24121,37.13889]],[[91.88569,37.04004],[91.94018,37.12952],[91.99681,37.21466],[91.99947,37.22544],[91.99941,37.22692],[91.994,37.23536],[91.99247,37.23756],[91.99123,37.23862],[91.96639,37.25808],[91.9661,37.25904],[91.97117,37.26835],[92.00002,37.2917],[92.02014,37.30767],[92.08884,37.30967],[92.13263,37.31069],[92.14374,37.312],[92.14617,37.31285],[92.19574,37.31007],[92.44786,37.27821]],[[91.76709,37.02326],[91.76576,37.02251],[91.76227,37.02195],[91.76035,37.02107]],[[91.04204,36.94842],[91.11002,36.90576],[91.11304,36.90357],[91.12126,36.89643],[91.14388,36.87669],[91.16072,36.86824],[91.16481,36.86617],[91.17323,36.86507],[91.17168,36.86453],[91.17106,36.8639],[91.17083,36.86337],[91.17134,36.8624],[91.17045,36.86214],[91.17049,36.86152],[91.16956,36.85984],[91.16757,36.85514],[91.16688,36.84611],[91.16351,36.84027],[91.16154,36.83489],[91.16001,36.83318],[91.15916,36.82995],[91.15616,36.82679],[91.1392,36.81648],[91.13629,36.81465],[91.13142,36.80935],[91.13046,36.80902],[91.13018,36.80896],[91.12999,36.80891],[91.12978,36.80886],[91.12904,36.80836],[91.12911,36.8056],[91.12841,36.80399],[91.12288,36.79689],[91.1144,36.79141],[91.11206,36.79021],[91.11001,36.78944],[91.10776,36.78956],[91.10425,36.79076],[91.09824,36.79084],[91.08813,36.79265],[91.08639,36.79284],[91.08273,36.79236],[91.07879,36.7903],[91.07633,36.78993],[91.07534,36.78797],[91.07299,36.78572],[91.07014,36.7814],[91.06481,36.77833],[91.06414,36.77768],[91.0603,36.77131],[91.05845,36.76935],[91.05554,36.76768],[91.05378,36.76718],[91.05236,36.7648],[91.04983,36.76321],[91.04854,36.76261],[91.04517,36.76193],[91.0434,36.7611]],[[91.92117,37.05274],[91.92692,37.04675],[91.94139,37.04113],[91.94946,37.03324],[91.95192,37.03111],[91.95416,37.02965],[91.96416,37.02535],[91.96932,37.02261],[91.99687,37.00773],[91.99748,37.00738],[92.01522,36.99757],[92.02218,36.99519],[92.05129,36.98662],[92.06198,36.98396],[92.06882,36.98276],[92.09622,36.98256]],[[91.61358,37.05919],[91.61145,37.06029],[91.60921,37.06],[91.60611,37.0586],[91.60488,37.05846],[91.60346,37.05857],[91.60206,37.05927],[91.60178,37.06062],[91.60375,37.06757],[91.60579,37.07141]],[[91.68961,37.02595],[91.68783,37.02658],[91.68637,37.02846],[91.68394,37.02891],[91.67716,37.02785],[91.67276,37.02788],[91.67071,37.02714],[91.66772,37.02653],[91.6653,37.02571],[91.66262,37.02544],[91.65842,37.02278],[91.6482,37.02154],[91.64046,37.02006],[91.63578,37.01909],[91.62978,37.01702],[91.62817,37.01683],[91.61986,37.01746],[91.6144,37.01707],[91.60797,37.01736],[91.59794,37.01919],[91.58619,37.02487],[91.57861,37.03083],[91.56959,37.03486],[91.56563,37.03711],[91.55724,37.0428],[91.54077,37.04549],[91.53561,37.04507],[91.53005,37.04624]],[[91.04325,36.8146],[91.04871,36.81538],[91.05193,36.81386],[91.054,36.81251],[91.0577,36.81173]],[[91.70312,37.77729],[91.71192,37.78491]],[[91.73078,37.76271],[91.729,37.76353],[91.72928,37.76388],[91.73505,37.76123],[91.73476,37.7606],[91.73927,37.75864],[91.73961,37.75911],[91.74027,37.75882],[91.74352,37.7633]],[[91.70669,37.80635],[91.70664,37.80567],[91.7079,37.80321],[91.70602,37.79999],[91.70654,37.79654],[91.7063,37.79506],[91.69922,37.78719],[91.69645,37.78137],[91.68708,37.7691]],[[91.00879,36.55547],[91.01005,36.55496],[91.01021,36.55279],[91.0022,36.55678],[90.99487,36.56153]],[[90.99334,36.56297],[90.99299,36.56405],[90.99102,36.56416],[90.98828,36.56493],[90.98735,36.56571],[90.98492,36.56673],[90.98352,36.56798]],[[91.60512,36.7229],[91.60503,36.72166],[91.60407,36.72048],[91.60106,36.7189],[91.60134,36.72075],[91.60297,36.72343],[91.60287,36.72364],[91.60231,36.72352],[91.6017,36.72286],[91.60095,36.72269],[91.60158,36.72444],[91.60148,36.72573],[91.59803,36.72747],[91.59596,36.72968],[91.58876,36.73415],[91.58134,36.73679],[91.57567,36.73921],[91.57256,36.74834],[91.56334,36.751],[91.56078,36.75221],[91.55876,36.75267],[91.54933,36.75378],[91.54208,36.7551],[91.53695,36.75672],[91.53204,36.75716],[91.52274,36.76137],[91.52019,36.76107],[91.52003,36.76055]],[[91.61257,36.74823],[91.6123,36.74805],[91.6157,36.74901],[91.61761,36.75199],[91.62245,36.75776],[91.62402,36.76155],[91.62805,36.76686],[91.6344,36.77811],[91.63724,36.78168],[91.64191,36.78906],[91.64335,36.79064],[91.64514,36.7934],[91.64666,36.79432],[91.64854,36.79809],[91.65441,36.8063],[91.65846,36.81306],[91.66414,36.8206],[91.66515,36.82142],[91.66841,36.8265],[91.67221,36.82803],[91.67504,36.82878],[91.67533,36.82953],[91.67533,36.82956]],[[91.58768,36.7514],[91.58942,36.75023],[91.59576,36.74699],[91.60137,36.74483],[91.6025,36.74461],[91.60326,36.74481],[91.60557,36.74226],[91.60707,36.74223],[91.60859,36.74261]],[[91.6756,36.73348],[91.66452,36.73618],[91.65737,36.7387]],[[91.85497,36.43697],[91.85621,36.43441],[91.85756,36.43275],[91.8577,36.43073]],[[91.85589,36.43382],[91.85482,36.43438],[91.85468,36.43575],[91.85375,36.4366],[91.85352,36.43806],[91.8522,36.43959],[91.85136,36.44142],[91.85087,36.44272],[91.84966,36.44174],[91.84931,36.44207],[91.84834,36.44195]],[[91.853,36.44066],[91.85281,36.44129],[91.85316,36.44282],[91.85252,36.44418],[91.85224,36.44592],[91.85087,36.44952],[91.85214,36.4522],[91.85135,36.45652],[91.85154,36.45876],[91.85066,36.4606],[91.85114,36.46271],[91.84952,36.4611],[91.84943,36.46023],[91.84756,36.45975],[91.84731,36.45928],[91.84581,36.4588],[91.84484,36.45788]],[[91.85818,36.47916],[91.85808,36.47744],[91.85864,36.47765],[91.86099,36.48068],[91.86236,36.48188]],[[91.86004,36.48131],[91.86088,36.48279],[91.8625,36.48384],[91.86282,36.48437],[91.86413,36.48846],[91.86389,36.4891],[91.86514,36.49097],[91.8649,36.49203],[91.86563,36.49273],[91.86896,36.49492],[91.8705,36.49795],[91.87104,36.49827],[91.87146,36.49888],[91.87166,36.50143],[91.8723,36.50254],[91.87393,36.50476],[91.87557,36.505],[91.87534,36.50453],[91.87602,36.5029],[91.87456,36.50243],[91.87462,36.50125],[91.8737,36.50011],[91.87383,36.49971],[91.87314,36.49938],[91.87304,36.49826],[91.87197,36.49656],[91.87035,36.49557],[91.87074,36.49455],[91.87028,36.4937],[91.86715,36.4913],[91.86683,36.4896],[91.86466,36.48796]],[[91.88058,36.51254],[91.88031,36.51165],[91.87904,36.51085],[91.87717,36.50722],[91.87557,36.505]],[[91.88419,36.51542],[91.8867,36.51625],[91.88936,36.51806],[91.89263,36.52161],[91.89295,36.52289],[91.89433,36.52383],[91.89564,36.52397],[91.89742,36.52431],[91.89917,36.5252],[91.90003,36.52658],[91.90096,36.52695],[91.90436,36.53018],[91.90837,36.53262],[91.90943,36.53391],[91.90945,36.5344],[91.91053,36.53538],[91.91672,36.53782],[91.92214,36.54161]],[[91.91528,36.53884],[91.92069,36.54192],[91.92257,36.54235],[91.92346,36.54305],[91.92388,36.54406],[91.92476,36.54459],[91.93216,36.54798],[91.9353,36.5505],[91.93656,36.5521],[91.93962,36.55448],[91.9432,36.55575],[91.94391,36.55576],[91.95017,36.5602],[91.95204,36.56107],[91.953,36.56096],[91.9534,36.56146]],[[91.93168,36.55043],[91.93295,36.55075],[91.93477,36.55024]],[[91.95584,36.57009],[91.95276,36.56799],[91.95235,36.56444],[91.9503,36.5626]],[[91.9772,36.59574],[91.97447,36.59358],[91.97384,36.59235],[91.96988,36.58738],[91.96704,36.58426],[91.96606,36.58358]],[[91.96926,36.58953],[91.97311,36.59856],[91.97708,36.60367],[91.97774,36.60641],[91.97963,36.60959],[91.98191,36.61534],[91.98245,36.61737],[91.9823,36.61989],[91.98308,36.62594],[91.98226,36.62957],[91.98396,36.62628],[91.98509,36.62215],[91.98705,36.61829],[91.98811,36.61513],[91.98829,36.61355],[91.9875,36.60788],[91.98684,36.60649],[91.98309,36.60187]],[[91.96661,36.63839],[91.96726,36.63796],[91.97062,36.63711],[91.97402,36.63559],[91.97716,36.63506],[91.97773,36.63473],[91.97783,36.63335],[91.97858,36.63165],[91.98085,36.63066],[91.98226,36.62957]],[[92.21447,36.35322],[92.21925,36.3624],[92.22117,36.36678],[92.22565,36.36725],[92.22572,36.36852],[92.22624,36.36873],[92.22629,36.36923]],[[92.23542,36.36498],[92.23092,36.36457],[92.22565,36.36725]],[[91.60754,36.7373],[91.60787,36.73792],[91.60734,36.73699],[91.60692,36.73546],[91.6039,36.73581],[91.60282,36.73532],[91.60132,36.7319],[91.60071,36.72956],[91.60148,36.72573]],[[91.16074,36.8682],[91.16072,36.86824],[91.15096,36.89144],[91.14815,36.90399],[91.14483,36.91322],[91.13833,36.92655],[91.13479,36.96155],[91.13258,36.97793],[91.13937,36.99311],[91.13994,36.99398],[91.14221,37.00204],[91.1418,37.00642],[91.14317,37.00998]],[[91.13065,36.97891],[91.13166,36.98223],[91.13311,36.98523],[91.13937,36.99311]],[[91.29391,37.09655],[91.29836,37.09855],[91.30305,37.09952],[91.30672,37.09979],[91.31361,37.09831],[91.31469,37.09754],[91.31578,37.0961],[91.31884,37.09407],[91.32268,37.0918],[91.32534,37.09074],[91.32921,37.09012],[91.33701,37.08784],[91.34075,37.08791],[91.34414,37.08874],[91.34583,37.08881],[91.35691,37.08714],[91.35956,37.08708],[91.37096,37.08564],[91.37302,37.08557],[91.37615,37.08614],[91.38146,37.0866],[91.38411,37.08591],[91.3859,37.08465],[91.39073,37.08542],[91.39273,37.08519],[91.40207,37.08193],[91.40868,37.07833],[91.42801,37.07273],[91.43106,37.07275],[91.43479,37.07316],[91.43604,37.07372],[91.44204,37.07296],[91.44478,37.07193],[91.44748,37.07133]],[[91.51323,37.05818],[91.51151,37.0598],[91.50899,37.06041],[91.50115,37.06133],[91.49708,37.06217],[91.49263,37.06195],[91.49004,37.06226],[91.48808,37.06111],[91.48003,37.06293],[91.47701,37.063],[91.47557,37.06346]],[[91.12156,36.96215],[91.11948,36.95691],[91.11873,36.94932],[91.11819,36.93806],[91.12126,36.89643]],[[91.83194,36.93214],[91.83196,36.93383],[91.83159,36.93494],[91.83192,36.93666],[91.83167,36.93834],[91.83297,36.94359],[91.83272,36.94645],[91.83198,36.94804],[91.83211,36.94929],[91.83274,36.95015],[91.83283,36.95135],[91.83329,36.95222],[91.83647,36.95524],[91.84084,36.9586],[91.84355,36.95921],[91.85966,36.96715],[91.86484,36.96922],[91.86806,36.97033],[91.8916,36.97626],[91.89813,36.97486],[91.90241,36.97164],[91.90676,36.97111],[91.90588,36.96695],[91.9062,36.96683],[91.91234,36.9689],[91.92553,36.97637],[91.92925,36.9808],[91.93176,36.9856],[91.9385,36.9931],[91.95061,37.00453],[91.96317,37.01703],[91.96932,37.02261],[91.99394,37.03416],[91.99524,37.03549]],[[91.68046,37.03591],[91.6806,37.0357],[91.68637,37.02846]],[[92.53532,37.25953],[92.53392,37.25805],[92.53227,37.25518],[92.53118,37.25437],[92.52914,37.25058],[92.5274,37.24868],[92.52711,37.24821],[92.52738,37.24694],[92.52246,37.24397],[92.5168,37.24201]],[[92.2449,37.12134],[92.22986,37.12129],[92.22305,37.13918]],[[94.22169,38.01221],[94.21427,38.01385],[94.21301,38.01384],[94.20922,38.0127],[94.20233,38.01303],[94.19879,38.01143],[94.19431,38.01066],[94.19072,38.00897],[94.18986,38.00836],[94.18573,38.0023],[94.17709,38.00177],[94.17704,37.99927],[94.1784,37.99667],[94.18978,37.983],[94.1946,37.97883],[94.20162,37.97201],[94.21297,37.95976],[94.21696,37.95589],[94.21874,37.95352],[94.22506,37.94739],[94.22796,37.94374]],[[95.37365,36.95216],[95.37174,36.9535],[95.308,36.99947],[95.30641,37.00398],[95.30432,37.00575],[95.30042,37.00833],[95.29854,37.00899],[95.29518,37.00897],[95.29219,37.01045],[95.2855,37.01143],[95.28266,37.01271],[95.22999,37.05112],[95.17913,37.07289],[95.06515,37.10849],[95.05948,37.11137],[95.0109,37.1115],[94.95689,37.11024],[94.88216,37.10822],[94.7359,37.10562],[94.58909,37.10206],[94.53304,37.10023],[94.47281,37.09868],[94.47026,37.09886],[94.42759,37.10815],[94.42595,37.10883],[94.42502,37.10959],[94.42399,37.11117],[94.42367,37.11267],[94.41806,37.20068],[94.41558,37.2208],[94.41271,37.24035],[94.41207,37.24177],[94.40997,37.24394],[94.48123,37.22621],[94.52225,37.21569],[94.71074,37.17125],[94.82764,37.14211],[94.95689,37.11024],[95.01922,37.09433],[95.092,37.07639],[95.196,37.04455],[95.24733,37.01775]],[[93.3465,37.908],[93.34802,37.90767],[93.35027,37.90768],[93.39165,37.91156],[93.43943,37.90522],[93.44832,37.90329],[93.45936,37.90407],[93.49713,37.902],[93.50632,37.89701],[93.51711,37.89266],[93.52653,37.89051],[93.53531,37.88089],[93.54078,37.8797],[93.54544,37.87949],[93.55058,37.87781],[93.55398,37.87773],[93.56626,37.87364],[93.57234,37.86862],[93.57489,37.86826],[93.5791,37.86555],[93.58388,37.86191],[93.59456,37.86281],[93.59632,37.86242],[93.60482,37.86674],[93.61496,37.86997],[93.61572,37.87082],[93.62109,37.88413],[93.62178,37.88697],[93.62554,37.89496],[93.62778,37.89809],[93.62844,37.90062],[93.63048,37.90304],[93.63309,37.90494],[93.63385,37.90528],[93.64023,37.90622],[93.64354,37.90702],[93.64493,37.90805],[93.64609,37.91053],[93.6499,37.91176],[93.65155,37.91184],[93.65185,37.91484],[93.65537,37.91731],[93.65645,37.91988],[93.65551,37.92226],[93.65518,37.9248],[93.65863,37.93815],[93.66413,37.94492],[93.66621,37.94919],[93.67085,37.94897],[93.67212,37.94928],[93.67858,37.95682],[93.71904,37.98385],[93.72632,37.98614],[93.7299,37.98793],[93.73471,37.9881],[93.74062,37.99062],[93.74956,37.99013],[93.77121,37.99647],[93.77219,37.99701],[93.77919,38.00392],[93.78401,38.00402],[93.78653,38.00713],[93.78985,38.00725],[93.79575,38.00807],[93.80089,38.01084],[93.8079,38.00982],[93.81862,38.007],[93.83353,38.00495],[93.83417,38.00529],[93.83577,38.00755],[93.83635,38.00787],[93.84564,38.00901],[93.84796,38.01067],[93.85465,38.01324],[93.86503,38.01858],[93.86947,38.01848],[93.87592,38.02349],[93.89093,38.02808],[93.89237,38.02831],[93.89856,38.02832],[93.90546,38.03059],[93.90685,38.03074],[93.90982,38.02975],[93.91492,38.02912],[93.91823,38.02793],[93.92246,38.02569],[93.92356,38.02574],[93.92378,38.02604],[93.92512,38.02518],[93.92356,38.02574]],[[94.33803,37.29636],[94.31183,37.30317],[94.28876,37.30879],[94.28187,37.31012],[94.26187,37.31041],[94.2608,37.31065],[94.23627,37.32946],[94.23394,37.33061],[94.19432,37.34612],[94.18435,37.35088]],[[94.21916,37.9419],[94.22454,37.94244],[94.22563,37.94245],[94.2138,37.93262],[94.2201,37.9254],[94.22436,37.91854],[94.22533,37.91801],[94.22728,37.91799]],[[94.28087,37.29645],[94.28876,37.30879],[94.3058,37.3397],[94.30748,37.34518]],[[94.77919,36.19265],[94.77439,36.19495]],[[95.09168,36.34675],[95.09211,36.3724],[95.13611,36.37217],[95.14051,36.37176],[95.16837,36.37152],[95.17369,36.37194],[95.18133,36.3719],[95.17707,36.3268]],[[95.09634,37.96764],[95.09676,37.96824],[95.09024,37.98279],[95.08886,37.98776],[95.08705,38.00353],[95.0881,38.01227],[95.08819,38.01291],[95.08816,38.01535],[95.0875,38.01597],[95.08419,38.01718],[95.08237,38.01729],[95.07177,38.01632],[95.06793,38.01691],[95.01924,38.03065]],[[94.55149,36.38955],[94.55586,36.38755],[94.56465,36.38118],[94.56494,36.38097],[94.56616,36.38016],[94.56777,36.37988],[94.60064,36.38016],[94.60528,36.381],[94.61341,36.38386],[94.61659,36.38456],[94.63994,36.38674],[94.64178,36.38752],[94.64312,36.38884],[94.64319,36.38893],[94.64816,36.39496],[94.65017,36.39634],[94.6548,36.39836]],[[94.92746,36.44216],[94.92405,36.44006],[94.92077,36.43932],[94.92022,36.43966],[94.91994,36.43992],[94.91987,36.44]],[[94.12277,37.36601],[94.15831,37.35054],[94.16372,37.34881]],[[94.16321,37.34764],[94.16751,37.34641],[94.16865,37.34425],[94.2416,37.28498],[94.24664,37.28353],[94.28003,37.29582],[94.28087,37.29614]],[[95.25086,36.37137],[95.21112,36.37169],[95.18133,36.3719],[95.18502,36.41187],[95.19168,36.64803],[95.19169,36.6482],[95.19387,36.72489],[95.19422,36.73725],[95.20716,36.74285],[95.21333,36.74552],[95.21852,36.74684],[95.22023,36.74755],[95.2316,36.75496],[95.23161,36.75756],[95.23131,36.75796],[95.23087,36.75848],[95.23293,36.76008],[95.22698,36.75683],[95.21808,36.75469],[95.21825,36.75163],[95.21852,36.74684]],[[95.0918,36.3724],[95.09211,36.3724]],[[94.76533,36.4362],[94.76434,36.43806],[94.76418,36.43925],[94.76267,36.44008],[94.75893,36.44479],[94.75788,36.44709],[94.7548,36.44756],[94.75379,36.44704],[94.75161,36.44764],[94.74871,36.44566],[94.74506,36.45078],[94.73442,36.45073]],[[95.09732,36.20972],[95.09474,36.2102],[95.09259,36.21238],[95.09108,36.21509],[95.08866,36.22271],[95.08693,36.22494],[95.0854,36.23357],[95.08372,36.23633],[95.08358,36.23771],[95.09319,36.25743],[95.0961,36.27296],[95.09822,36.28208],[95.09742,36.28867],[95.0948,36.29384],[95.09296,36.30404],[95.09348,36.31264],[95.09551,36.32234]],[[95.02916,36.30983],[95.0295,36.30808],[95.03173,36.30606],[95.03563,36.30345],[95.03624,36.30271],[95.03807,36.30199],[95.04169,36.29946],[95.05157,36.28349],[95.07189,36.24884],[95.07273,36.24691],[95.07423,36.24592],[95.08108,36.23916],[95.08249,36.23817],[95.08342,36.23823],[95.08358,36.23771]],[[94.92642,36.44403],[94.92538,36.44594],[94.92183,36.44341],[94.92041,36.44347],[94.91907,36.44596],[94.91909,36.44882],[94.91851,36.44937],[94.91109,36.45177],[94.90753,36.45355]],[[93.57263,36.72692],[93.57533,36.72571],[93.57546,36.72522],[93.5749,36.72461],[93.57462,36.72447],[93.57096,36.72347],[93.57048,36.72285],[93.57072,36.72183],[93.57238,36.71932],[93.57963,36.71224],[93.58799,36.7004],[93.58919,36.69899],[93.5915,36.69707],[93.59204,36.69612],[93.59574,36.68106],[93.59688,36.67289],[93.59807,36.66786],[93.59936,36.66374],[93.60197,36.66042],[93.60302,36.6542],[93.60298,36.64971],[93.60441,36.64642],[93.60639,36.6444],[93.60741,36.64222],[93.60916,36.64049],[93.60964,36.63948],[93.60964,36.63337],[93.6107,36.63065],[93.61082,36.62927],[93.61054,36.62672],[93.60867,36.61866],[93.6072,36.61395],[93.60332,36.61004],[93.59954,36.60896],[93.59466,36.6084],[93.59287,36.60913],[93.59081,36.61068],[93.58659,36.61182],[93.58327,36.6124],[93.57871,36.61259],[93.57497,36.61327],[93.57369,36.61325],[93.57316,36.6128],[93.57283,36.61165],[93.57514,36.60635],[93.57489,36.60182],[93.57419,36.60084],[93.57273,36.60024],[93.56841,36.60052],[93.56708,36.60106],[93.56592,36.60092],[93.56456,36.60121],[93.56593,36.59781],[93.56478,36.59624],[93.56392,36.5957],[93.56063,36.59496],[93.55336,36.59404],[93.55116,36.59324],[93.54819,36.59428],[93.54459,36.5948],[93.54009,36.59381],[93.53801,36.5928],[93.52893,36.58972],[93.52628,36.58856],[93.52574,36.58799],[93.52516,36.58586],[93.52076,36.58287],[93.50962,36.57826],[93.50253,36.57688],[93.4997,36.57583],[93.49763,36.57543],[93.48743,36.57473],[93.48202,36.57527],[93.48093,36.57232],[93.4788,36.57006],[93.47549,36.57023],[93.47169,36.5712],[93.46987,36.57056],[93.46844,36.57069],[93.45619,36.56564],[93.44563,36.56317],[93.43954,36.56284],[93.43808,36.56239],[93.43627,36.56238],[93.43404,36.56139],[93.43542,36.55983],[93.43523,36.55869],[93.43486,36.55833],[93.42689,36.55708],[93.42622,36.55658],[93.42496,36.55813],[93.41746,36.56179],[93.41554,36.56253],[93.41291,36.56294],[93.40923,36.56283],[93.40824,36.56307],[93.4056,36.56266],[93.39531,36.56354],[93.37201,36.56397],[93.34047,36.56665],[93.3295,36.56703],[93.31186,36.56383],[93.31108,36.56217],[93.30985,36.56145],[93.30522,36.55739],[93.30442,36.55625],[93.30413,36.55551],[93.30476,36.55458],[93.30459,36.55319],[93.30278,36.55102],[93.30194,36.54926],[93.30142,36.5475],[93.2998,36.54435],[93.29973,36.54222],[93.29886,36.54007],[93.29388,36.53605],[93.29375,36.53508],[93.29298,36.53365],[93.29293,36.53126],[93.29206,36.5305],[93.29039,36.53073],[93.28953,36.52992],[93.28873,36.52975],[93.28677,36.52686],[93.28535,36.5257],[93.285,36.52495],[93.28524,36.52248],[93.28344,36.51778],[93.28256,36.51636],[93.2822,36.51415],[93.27793,36.50813],[93.27764,36.50526],[93.27793,36.50264],[93.27681,36.50166],[93.27461,36.50096],[93.2736,36.50026],[93.2696,36.4942],[93.26864,36.49209],[93.26364,36.48779],[93.26223,36.48716],[93.26111,36.48625],[93.25855,36.48634],[93.25496,36.48602],[93.25457,36.48649],[93.25027,36.4886],[93.25032,36.48908],[93.2512,36.48978]],[[93.60612,36.74745],[93.61488,36.75312],[93.61564,36.75369]],[[93.16815,36.91033],[93.16818,36.91057],[93.16864,36.91234],[93.17016,36.91384]],[[93.16386,36.90822],[93.1638,36.90835],[93.16554,36.90897],[93.16818,36.91057]],[[93.18061,36.92016],[93.17719,36.91956],[93.17625,36.9197],[93.17187,36.91727],[93.1704,36.91703],[93.16864,36.91587],[93.16832,36.91472],[93.16713,36.91386],[93.16676,36.91305],[93.16777,36.91252],[93.16791,36.91247],[93.16864,36.91234]],[[93.16193,36.90922],[93.16138,36.90899],[93.16157,36.90862],[93.16209,36.90887],[93.1624,36.90901],[93.1627,36.90907],[93.16557,36.91068],[93.16676,36.91305]],[[93.16126,36.90917],[93.16138,36.90899],[93.15996,36.90841],[93.1599,36.90838],[93.16018,36.90755],[93.16193,36.9079],[93.16157,36.90862]],[[93.16031,36.90888],[93.15979,36.90867],[93.15895,36.90833],[93.15751,36.90775],[93.15735,36.90733],[93.15688,36.90607],[93.1565,36.90399]],[[94.10012,37.44329],[94.08481,37.43928],[94.07834,37.43899],[94.07607,37.44077],[94.07581,37.44081],[94.076,37.44096],[94.07581,37.44111],[94.07563,37.44096],[94.07581,37.44081]],[[94.06638,37.39434],[94.06705,37.3932],[94.06893,37.39186],[94.0684,37.39097],[94.072,37.38845],[94.07364,37.38974],[94.08856,37.39652],[94.09168,37.40519],[94.09544,37.41751],[94.09417,37.42298],[94.09422,37.42655],[94.09391,37.42743],[94.11834,37.40584],[94.12179,37.40357],[94.13415,37.39407]],[[94.06589,37.39345],[94.06573,37.39285],[94.06438,37.3938],[94.06321,37.39739],[94.06242,37.39815],[94.05509,37.39979],[94.04304,37.40113],[94.0182,37.40135]],[[94.07382,37.4424],[94.07557,37.44113],[94.07563,37.44096]],[[94.06824,37.38501],[94.072,37.38845],[94.07409,37.38689],[94.07684,37.38356],[94.07318,37.38744]],[[94.08467,37.37523],[94.07684,37.38356]],[[92.82823,36.77249],[92.82733,36.77456],[92.82746,36.77612],[92.83243,36.78135],[92.83319,36.78279],[92.83327,36.78466],[92.83209,36.79033],[92.83224,36.79128],[92.83278,36.79174],[92.84267,36.79286],[92.84561,36.80039],[92.84763,36.80214],[92.84986,36.80202],[92.85205,36.80468],[92.85336,36.80559],[92.85565,36.80648],[92.85904,36.80674],[92.8619,36.80636],[92.86274,36.80592],[92.86864,36.80016],[92.86971,36.79966],[92.87288,36.79901],[92.87733,36.7998],[92.88636,36.80633],[92.8876,36.80779],[92.88996,36.80808],[92.89086,36.80874],[92.89222,36.80887],[92.89355,36.80941],[92.89449,36.81021],[92.90103,36.8192],[92.90587,36.82232],[92.90709,36.82452],[92.91561,36.83544],[92.92211,36.83829],[92.93307,36.84221],[92.94052,36.84582],[92.94063,36.84652],[92.94324,36.84726],[92.96398,36.86188],[92.98617,36.88937],[92.99568,36.89832],[93.01607,36.91411]],[[94.45791,36.41015],[94.45488,36.41058],[94.45119,36.41164],[94.42918,36.41853],[94.43158,36.4228],[94.43123,36.42389],[94.43244,36.4261]],[[94.3741,36.43324],[94.37624,36.4314],[94.38219,36.4296],[94.38386,36.42964],[94.38462,36.42994],[94.38565,36.431],[94.39453,36.44539]],[[94.45627,36.40252],[94.45879,36.40832]],[[94.78332,36.43051],[94.78342,36.42857],[94.78342,36.42843],[94.78363,36.40928],[94.77099,36.4092],[94.77059,36.40899],[94.77068,36.40321],[94.75569,36.40295],[94.75297,36.39996],[94.74735,36.39956],[94.74611,36.39828],[94.74509,36.39794],[94.69917,36.39927],[94.69887,36.39927],[94.69917,36.39927]],[[94.42376,36.4037],[94.42488,36.40661],[94.42912,36.41475],[94.42891,36.41724],[94.42918,36.41853]],[[93.81637,36.43231],[93.81026,36.43172],[93.80567,36.43218],[93.78816,36.43129],[93.78607,36.4316],[93.78276,36.43161],[93.77647,36.43063],[93.76928,36.43008],[93.76551,36.43034],[93.75471,36.42805],[93.74968,36.42629],[93.73555,36.42423],[93.71802,36.41585],[93.71638,36.41354],[93.71245,36.40973],[93.70322,36.39727],[93.70296,36.39599],[93.70301,36.39511],[93.70537,36.39138],[93.70555,36.38807],[93.70367,36.38405],[93.70678,36.37939],[93.70984,36.37754],[93.71525,36.37507],[93.71686,36.37326],[93.71686,36.36995],[93.71786,36.3669],[93.71764,36.36342],[93.71798,36.36179],[93.7189,36.36015],[93.71804,36.35835],[93.7163,36.35747],[93.71364,36.35663],[93.71046,36.35411],[93.709,36.35177],[93.70821,36.34861],[93.70906,36.34462],[93.70901,36.34084],[93.70813,36.33817],[93.70714,36.33781],[93.70753,36.33664],[93.70825,36.33628]],[[93.71438,36.70131],[93.71259,36.69852],[93.71174,36.69713],[93.71199,36.69616],[93.71824,36.69203],[93.71989,36.69003],[93.72552,36.65115],[93.72489,36.64964],[93.72034,36.64576],[93.71205,36.63678],[93.7073,36.63001],[93.70003,36.62069],[93.67909,36.5954],[93.6752,36.59239],[93.66816,36.58807],[93.66018,36.58449],[93.63103,36.57285],[93.60267,36.56007],[93.58994,36.5566],[93.58445,36.5531],[93.57194,36.54915],[93.55987,36.54306],[93.55629,36.53998],[93.54482,36.53444],[93.53887,36.53356],[93.53607,36.5326],[93.52825,36.5326],[93.52391,36.53294],[93.5193,36.53398],[93.50788,36.53869],[93.49183,36.54372],[93.48989,36.54474],[93.48852,36.5474],[93.48749,36.54782],[93.48643,36.5474],[93.48525,36.54522],[93.47982,36.54297],[93.47707,36.54267],[93.47484,36.53968],[93.47381,36.53966],[93.47329,36.54076],[93.4737,36.54221],[93.47289,36.54299],[93.46886,36.5429],[93.46488,36.5454],[93.46397,36.54506],[93.4434,36.52887],[93.44114,36.52602],[93.41307,36.50275],[93.41138,36.50245],[93.40947,36.50296],[93.40755,36.5025],[93.40572,36.50319],[93.40526,36.50397],[93.40463,36.5036],[93.405,36.50197],[93.40449,36.50114],[93.39496,36.49519],[93.39247,36.49077],[93.3923,36.48909],[93.38972,36.48456],[93.38778,36.4832],[93.38686,36.48088],[93.38171,36.47678],[93.37908,36.4758]],[[94.80047,36.35058],[94.80135,36.3502],[94.80198,36.3506],[94.80539,36.35678],[94.8056,36.36116],[94.81381,36.37457],[94.81706,36.37971],[94.82855,36.39215],[94.83085,36.39992]],[[94.9082,36.35753],[94.90403,36.35778],[94.90232,36.35789],[94.89408,36.35688],[94.89099,36.3565],[94.88564,36.35604],[94.88558,36.35544],[94.88553,36.35494],[94.88539,36.35443],[94.87854,36.35486],[94.87856,36.35509]],[[94.89234,36.35266],[94.89254,36.3534],[94.89417,36.35328],[94.89425,36.35348],[94.89428,36.35368],[94.89214,36.35458],[94.89212,36.35471],[94.89405,36.35517],[94.89405,36.3555],[94.89408,36.35688]],[[94.91653,36.353],[94.90911,36.35304],[94.90902,36.35276],[94.90895,36.3526],[94.90867,36.35229],[94.90663,36.35236],[94.90359,36.35283],[94.90377,36.35523],[94.90403,36.35778],[94.90443,36.36108],[94.90457,36.36271],[94.90801,36.36266],[94.90806,36.36461],[94.91164,36.36455],[94.92272,36.36438],[94.92269,36.36044],[94.92261,36.35619]],[[94.905,36.36736],[94.90475,36.36466],[94.90457,36.36271],[94.90051,36.36278],[94.89114,36.36293]],[[94.90947,36.35478],[94.90944,36.35447],[94.90939,36.3538],[94.90934,36.35336],[94.90911,36.35304]],[[95.07729,36.33166],[95.07685,36.33064],[95.07718,36.33029],[95.07701,36.32742],[95.07353,36.3183],[95.07227,36.31435],[95.0723,36.31318],[95.07757,36.311],[95.07737,36.30567],[95.07804,36.30533],[95.08083,36.30464],[95.09051,36.30461],[95.09296,36.30404]],[[94.90611,36.44155],[94.9094,36.44042]],[[94.92085,36.4406],[94.9204,36.4411],[94.92041,36.44347]],[[93.59895,36.76882],[93.59813,36.7683],[93.59643,36.7674],[93.59007,36.76627],[93.58802,36.76372],[93.58305,36.76505],[93.54781,36.75885]],[[94.77069,36.40304],[94.77068,36.40321]],[[94.76991,36.41992],[94.77059,36.40899]],[[92.6686,37.11607],[92.66842,37.11594],[92.66613,37.11427]],[[92.99208,37.07084],[92.99358,37.07057],[92.99457,37.06971],[92.99497,37.06795],[92.99445,37.06635],[92.9951,37.06321],[92.99762,37.06272],[92.99919,37.0613],[93.00132,37.05814],[93.0014,37.05185],[93.00115,37.05132],[93.00187,37.04928],[93.00452,37.04521],[93.00493,37.04275],[93.00476,37.03983],[93.00392,37.03822],[92.99289,37.02509],[92.98074,37.00971],[92.9659,36.96267],[92.96471,36.96135]],[[94.79277,36.37453],[94.81381,36.37457]],[[94.6984,36.39929],[94.69887,36.39927]],[[94.90806,36.38421],[94.90786,36.3837],[94.90753,36.3831],[94.90529,36.38359],[94.90528,36.38436],[94.90546,36.38487]],[[94.90203,36.40284],[94.90239,36.40284],[94.90257,36.40268],[94.90269,36.40295],[94.90239,36.40284]],[[94.90203,36.40173],[94.90293,36.40178],[94.90292,36.40139],[94.90291,36.40049],[94.90202,36.40058]],[[94.90428,36.39793],[94.90429,36.39868],[94.90497,36.39901],[94.90497,36.39957],[94.9037,36.39959],[94.9037,36.39899],[94.90429,36.39868]],[[94.90542,36.39791],[94.90536,36.39964],[94.90497,36.39957]],[[92.92521,36.99399],[92.92311,36.99215]],[[93.10709,37.53758],[93.11522,37.54134],[93.12001,37.54204],[93.12387,37.53465],[93.11672,37.53199],[93.11188,37.53068],[93.10596,37.53063],[93.10526,37.53025],[93.10273,37.52739]],[[93.10765,37.58013],[93.10104,37.57933],[93.0974,37.57826],[93.09562,37.57778]],[[93.15584,37.55299],[93.15368,37.54667],[93.15,37.54323],[93.1455,37.54168],[93.13902,37.54153],[93.13547,37.54349],[93.13189,37.54389],[93.12393,37.54569],[93.12084,37.54559],[93.11886,37.54485],[93.11783,37.54477],[93.12001,37.54204]],[[93.10409,37.57408],[93.10491,37.57301],[93.10513,37.57205],[93.10551,37.56788],[93.10244,37.57006],[93.1005,37.5732],[93.09966,37.57403],[93.0974,37.57826]],[[93.13049,37.53687],[93.12387,37.53465]],[[93.12848,37.56829],[93.10821,37.56167],[93.10609,37.55969],[93.1067,37.5575],[93.11783,37.54477]],[[93.06992,37.54897],[93.08619,37.55428],[93.08891,37.55404],[93.09232,37.55515],[93.0966,37.55742],[93.10042,37.55846],[93.10272,37.55904],[93.10535,37.55917],[93.10609,37.55969],[93.10551,37.56788]],[[92.89994,37.99724],[92.90375,37.98879],[92.91146,37.97149],[92.91157,37.97035],[92.90915,37.96616],[92.90994,37.9643],[92.91147,37.96231],[92.91216,37.9601],[92.91249,37.94672],[92.91129,37.94513],[92.9126,37.94247],[92.91286,37.93046],[92.91228,37.92939],[92.91296,37.92666],[92.91481,37.85954],[92.91996,37.66439],[92.92093,37.61985],[92.9206,37.61897],[92.92096,37.61865],[92.928,37.61737],[92.932,37.61568],[92.93496,37.61402],[92.94076,37.61268],[92.94422,37.61111],[92.95141,37.60624],[92.95578,37.60296],[92.95823,37.60068],[92.98105,37.59723],[93.00208,37.58987],[93.01126,37.58723],[93.02565,37.58229],[93.02855,37.58042],[93.03031,37.57982],[93.032,37.57874],[93.03927,37.57635],[93.04154,37.57328],[93.0428,37.57213],[93.04477,37.57137],[93.04689,37.57164],[93.04855,37.57124],[93.05274,37.56811],[93.05549,37.56527],[93.05987,37.56574],[93.06037,37.56613],[93.06054,37.56793],[93.06101,37.56878],[93.07076,37.57191],[93.07332,37.57302],[93.07517,37.57248],[93.07688,37.57286],[93.08005,37.57277],[93.08208,37.57326],[93.084,37.57312],[93.085,37.57199],[93.08607,37.56969],[93.08726,37.56891],[93.08812,37.56775],[93.09008,37.56627],[93.0933,37.56512],[93.09722,37.56183],[93.09884,37.56129],[93.10065,37.55928],[93.10042,37.55846]],[[94.19383,38.18428],[94.19012,38.14355],[94.18343,38.08432],[94.1833,38.08093],[94.18393,38.07836],[94.18313,38.07127],[94.18157,38.06782],[94.18174,38.06505],[94.18117,38.05812],[94.17517,38.06048],[94.15094,38.07201],[94.13937,38.07413]],[[92.73573,36.73088],[92.73405,36.73184],[92.73016,36.73322],[92.72441,36.75039]],[[94.73485,36.42216],[94.73482,36.42227],[94.73459,36.42298],[94.73401,36.42479],[94.73332,36.42696],[94.73194,36.43125]],[[94.74114,36.42471],[94.73988,36.42447],[94.74008,36.42387],[94.74012,36.42377]],[[94.72062,36.41256],[94.71954,36.41666]],[[94.7088,36.42618],[94.70926,36.42351],[94.70937,36.42284],[94.71075,36.41505]],[[94.71427,36.42512],[94.71757,36.42425],[94.7195,36.41677]],[[94.52063,36.40533],[94.52146,36.39648]],[[93.24194,36.90681],[93.24086,36.9061],[93.23711,36.89723],[93.23609,36.89565],[93.23605,36.89552],[93.23602,36.89543],[93.23601,36.89424],[93.23658,36.89322],[93.26292,36.86632],[93.26285,36.85215],[93.37214,36.85184],[93.37227,36.88547],[93.34368,36.88828],[93.34308,36.88894],[93.34386,36.89275]],[[94.79969,36.45628],[94.79952,36.45671],[94.80005,36.45817],[94.79935,36.45862],[94.80185,36.46544],[94.80203,36.46799],[94.80123,36.47541],[94.8018,36.47805],[94.80393,36.47939],[94.80441,36.48137],[94.80677,36.48093],[94.80991,36.47941],[94.81087,36.47936],[94.81174,36.48002],[94.81312,36.4832],[94.81367,36.48567],[94.8141,36.48619],[94.8146,36.48839],[94.81447,36.49045],[94.8151,36.49285],[94.81658,36.49578],[94.81694,36.49745],[94.81763,36.4983],[94.81832,36.50173],[94.81914,36.50265],[94.81975,36.50456],[94.81907,36.50574],[94.81918,36.50749],[94.81849,36.50948],[94.81843,36.51398],[94.81731,36.51758],[94.81633,36.518],[94.81559,36.52246],[94.81438,36.52575],[94.8142,36.52868],[94.81558,36.53176],[94.81523,36.53471],[94.81647,36.54055],[94.81983,36.54485],[94.8195,36.5466],[94.81989,36.55051],[94.81952,36.55414],[94.81816,36.55752],[94.81782,36.56037],[94.81827,36.56239],[94.81945,36.56463],[94.81973,36.56902],[94.81931,36.57081],[94.81949,36.57266],[94.81895,36.57619],[94.8189,36.57776],[94.81928,36.57906],[94.81896,36.5823],[94.82068,36.58454],[94.82122,36.58814],[94.82303,36.59243],[94.82561,36.607],[94.83114,36.61914],[94.83452,36.63061],[94.83514,36.63154],[94.83343,36.64031],[94.8347,36.64112],[94.8373,36.64518],[94.84243,36.66032],[94.84456,36.66391],[94.8465,36.66987],[94.85247,36.67631],[94.85454,36.6802],[94.85664,36.68629],[94.85659,36.68748],[94.86009,36.69216]],[[94.80035,36.45905],[94.80005,36.45817]],[[94.79919,36.45634],[94.79952,36.45671]],[[94.7826,36.59886],[94.7825,36.59746],[94.78707,36.59015],[94.78649,36.58435],[94.78671,36.58324],[94.78597,36.57994],[94.78273,36.57674],[94.7794,36.57426],[94.78045,36.5737],[94.78149,36.57359],[94.78199,36.57283],[94.78161,36.57045],[94.78176,36.5693],[94.78267,36.56807],[94.78522,36.55866],[94.78492,36.55671],[94.78306,36.55438],[94.78188,36.55187],[94.77978,36.54881],[94.78014,36.54705],[94.77988,36.54615],[94.7814,36.54526],[94.78302,36.53886],[94.78331,36.53592],[94.78585,36.531],[94.78566,36.52953],[94.78477,36.52867],[94.78461,36.52809],[94.78431,36.52522],[94.78459,36.52327],[94.78393,36.52105],[94.78412,36.51941],[94.78778,36.51125],[94.79079,36.50796],[94.79269,36.50463],[94.79299,36.50243],[94.79399,36.50155],[94.79601,36.5005],[94.79645,36.49984],[94.79625,36.49863],[94.79665,36.49738],[94.7996,36.49485],[94.8001,36.49317],[94.79977,36.49059],[94.80041,36.48573],[94.80026,36.48424],[94.8018,36.47805]],[[92.60824,36.65405],[92.61266,36.65326],[92.61751,36.65136]],[[94.92274,36.36707],[94.92272,36.36438],[94.92772,36.3643]],[[94.89119,36.36488],[94.90056,36.36473],[94.90062,36.36742]],[[94.91402,36.36257],[94.9116,36.36261],[94.90801,36.36266],[94.90798,36.36085]],[[94.90047,36.36133],[94.90051,36.36278],[94.90056,36.36473],[94.90475,36.36466],[94.90806,36.36461],[94.90814,36.36731]],[[93.72506,36.69625],[93.72475,36.69598],[93.72049,36.69519],[93.71259,36.69852]],[[94.3047,36.41751],[94.31585,36.41401],[94.31883,36.4202]],[[94.27309,36.37859],[94.27509,36.38338],[94.27628,36.38441],[94.2851,36.38996],[94.28749,36.39124],[94.29033,36.39219],[94.30213,36.39525],[94.30676,36.39697],[94.3108,36.39951],[94.32551,36.41135]],[[94.22651,37.94338],[94.22576,37.94291],[94.22563,37.94245]],[[94.17791,37.6214],[94.17846,37.62128],[94.18108,37.63508],[94.18323,37.65403],[94.18478,37.67599],[94.18484,37.69635],[94.18657,37.70203],[94.18676,37.70688],[94.18893,37.71377],[94.18916,37.72277],[94.18886,37.72984],[94.18805,37.73284],[94.18802,37.73955],[94.18675,37.74541],[94.18735,37.74846],[94.18834,37.75011],[94.1902,37.75139],[94.19038,37.75196],[94.19025,37.75433],[94.1907,37.75976],[94.18946,37.76578],[94.18969,37.77241],[94.19092,37.7765],[94.19294,37.7974],[94.19312,37.80552],[94.19266,37.8137],[94.19244,37.82977],[94.19329,37.85463],[94.19614,37.86154],[94.19607,37.86879],[94.19771,37.87891],[94.19765,37.88731],[94.19863,37.89004],[94.20082,37.90038],[94.20081,37.90164],[94.19924,37.90755],[94.19898,37.91049],[94.19988,37.91293],[94.20023,37.91504],[94.20036,37.922],[94.20081,37.92432],[94.2138,37.93262]],[[93.36286,37.8198],[93.36381,37.82014],[93.36552,37.82239],[93.36629,37.82288],[93.37288,37.82411],[93.37461,37.82532],[93.37537,37.82605],[93.37533,37.82646],[93.37603,37.82681],[93.37981,37.82498],[93.38186,37.82549],[93.38417,37.82505],[93.38463,37.82522],[93.38588,37.82689],[93.38682,37.82693],[93.38712,37.82854],[93.38964,37.82935],[93.39062,37.82879],[93.39245,37.82985],[93.39611,37.82959],[93.40084,37.83061],[93.40343,37.83193],[93.43591,37.8355],[93.47184,37.83923],[93.47565,37.83974],[93.47608,37.8404],[93.48123,37.84118],[93.48567,37.84128],[93.48572,37.84225]],[[93.47195,37.83534],[93.47184,37.83923]],[[93.43705,37.82897],[93.43591,37.8355]],[[93.65511,36.77935],[93.64921,36.78818],[93.64663,36.7907],[93.64635,36.79211],[93.6476,36.79409],[93.64829,36.79431],[93.65424,36.80065],[93.65596,36.80246],[93.65516,36.80312],[93.65188,36.80435]],[[94.16254,37.36581],[94.16112,37.36304]],[[93.7722,37.62385],[93.77084,37.63209]],[[94.97779,36.38111],[94.97778,36.38035],[94.97905,36.38032]],[[94.93647,36.36693],[94.9366,36.36553],[94.93571,36.36554],[94.93572,36.365],[94.93662,36.365],[94.9366,36.36553]],[[94.93575,36.36777],[94.93515,36.36777],[94.93515,36.36693]],[[94.93539,36.36693],[94.93541,36.36623],[94.93568,36.3662],[94.93571,36.36554]],[[94.93465,36.36622],[94.93541,36.36623]],[[94.93479,36.36557],[94.93482,36.36425],[94.93574,36.36426],[94.93572,36.365]],[[93.18754,36.89551],[93.19158,36.89557],[93.19179,36.89634],[93.19262,36.89638],[93.19575,36.89646],[93.19643,36.89718],[93.19873,36.89582],[93.20101,36.89564],[93.20082,36.89525],[93.19554,36.89505]],[[93.1027,36.92024],[93.10401,36.92651],[93.10283,36.92706],[93.10303,36.92732]],[[94.72008,36.42979],[94.7208,36.42855],[94.72045,36.42816],[94.72066,36.42779],[94.72042,36.42713],[94.72599,36.41901]],[[94.7106,36.42317],[94.70937,36.42284],[94.70706,36.42245],[94.70693,36.42291],[94.70926,36.42351]],[[94.70481,36.42197],[94.70706,36.42245]],[[94.90214,36.4083],[94.90089,36.40831],[94.90087,36.40696]],[[94.43361,37.97559],[94.43332,37.9759],[94.43066,37.97576],[94.42494,37.97464]],[[94.43002,37.97706],[94.43066,37.97576]],[[94.93566,36.14382],[94.93479,36.14319],[94.93483,36.14202],[94.9343,36.14132],[94.93367,36.14079],[94.93128,36.14049],[94.92964,36.13977],[94.93,36.14068]],[[94.93507,36.14448],[94.93547,36.14426]],[[94.9358,36.14208],[94.9343,36.14132]],[[94.81276,36.17493],[94.81365,36.17309]],[[95.55192,37.31734],[95.55225,37.31701],[95.55429,37.31613],[95.55686,37.31491],[95.55751,37.31461],[95.55823,37.31428],[95.55909,37.31388],[95.56,37.31346],[95.56313,37.31181]],[[95.55179,37.3171],[95.55225,37.31701],[95.55163,37.31674]],[[95.63396,37.25571],[95.62625,37.25524],[95.61873,37.2554],[95.61422,37.25496],[95.61373,37.25521],[95.61361,37.25568],[95.61453,37.2582],[95.61462,37.2585],[95.61515,37.26203],[95.61493,37.26321]],[[95.21469,36.75393],[95.21645,36.75433],[95.21808,36.75469],[95.21801,36.75591],[95.21795,36.75832]],[[95.12535,36.71628],[95.13226,36.71365],[95.14382,36.71365],[95.19422,36.73725]],[[96.90209,37.31751],[96.91418,37.34908],[96.91152,37.34995],[96.86862,37.3522],[96.8663,37.35162],[96.86411,37.35165],[96.86218,37.34828],[96.86496,37.34641],[96.86547,37.34165],[96.8668,37.33872],[96.86834,37.3403]],[[95.39793,37.79963],[95.4182,37.79285],[95.42884,37.79124],[95.43328,37.78922],[95.43641,37.78825],[95.44174,37.78732],[95.44618,37.78728],[95.44892,37.78677],[95.45175,37.78691],[95.45472,37.78653],[95.46058,37.78732],[95.46275,37.78813],[95.46391,37.78903],[95.46978,37.79051],[95.47208,37.79015],[95.4749,37.7903],[95.47661,37.78979],[95.47764,37.79009],[95.47827,37.79078],[95.47925,37.79081],[95.48019,37.79168],[95.48111,37.79167],[95.48215,37.79212],[95.48294,37.79184],[95.48385,37.79235],[95.48568,37.79265],[95.48837,37.79259],[95.4915,37.78954],[95.49218,37.7901],[95.49288,37.79041],[95.49457,37.79014],[95.49535,37.78893],[95.49673,37.78857],[95.49759,37.78855],[95.49941,37.78916],[95.50071,37.78848],[95.5028,37.78832],[95.50392,37.78781],[95.50549,37.78795],[95.50742,37.78715],[95.50871,37.7874],[95.50979,37.7884],[95.51215,37.78848],[95.51444,37.78702],[95.51463,37.78649],[95.51543,37.78658],[95.51572,37.78628],[95.51502,37.78604],[95.51584,37.78536],[95.51365,37.78586],[95.513,37.78558],[95.51245,37.78465],[95.51222,37.78353],[95.51267,37.7823],[95.51434,37.7812],[95.51362,37.78029],[95.51396,37.7801],[95.51467,37.78032]],[[95.47629,37.54986],[95.47541,37.5502],[95.46353,37.54162],[95.45654,37.5373],[95.45179,37.53514],[95.44824,37.53294],[95.44807,37.53284],[95.44201,37.52902],[95.44188,37.52893],[95.42651,37.51921]],[[95.50831,37.34834],[95.50982,37.3485],[95.50996,37.34852],[95.51232,37.34926],[95.51948,37.35509],[95.51976,37.35566],[95.51969,37.35749],[95.5197,37.35754],[95.52152,37.36671],[95.52505,37.37194],[95.52525,37.37298],[95.52471,37.37388],[95.52052,37.37779],[95.5175,37.38278],[95.51316,37.39743],[95.5129,37.39867],[95.51313,37.39998],[95.54898,37.44803],[95.55494,37.45419],[95.55896,37.45647]],[[95.37148,37.62272],[95.38262,37.61924],[95.3908,37.61826],[95.39265,37.61859],[95.39468,37.61809],[95.3959,37.6183],[95.40393,37.61542],[95.40648,37.61494],[95.40848,37.61509],[95.41003,37.61474],[95.41246,37.6124],[95.41498,37.61261]],[[95.89382,37.40502],[95.90488,37.39967],[95.91153,37.39596],[95.92388,37.3907],[95.92476,37.39029],[95.92661,37.38687],[95.92683,37.37474],[95.92525,37.37106],[95.92292,37.36759],[95.9221,37.36684],[95.91844,37.36502],[95.93638,37.36751],[95.95206,37.37106],[95.96449,37.37591],[95.97122,37.37922],[95.9755,37.38174],[95.99103,37.38775],[95.99352,37.38931],[96.00602,37.39367],[96.00738,37.39464],[96.00966,37.39776],[96.01512,37.39941],[96.01745,37.4],[96.02303,37.40055],[96.02922,37.40227],[96.03205,37.40249],[96.03593,37.40133],[96.03642,37.40058],[96.0382,37.39959],[96.04194,37.39904],[96.04514,37.39778],[96.0478,37.39777],[96.05404,37.39667],[96.06196,37.39681],[96.06412,37.39609],[96.06538,37.39496],[96.06978,37.39504],[96.0724,37.3946],[96.09954,37.39272],[96.10404,37.39393],[96.10738,37.39614],[96.11027,37.39948],[96.11109,37.39983],[96.11457,37.40024],[96.11703,37.40144],[96.11613,37.4017],[96.11095,37.4018]],[[95.40097,36.34637],[95.40005,36.35058],[95.40111,36.35726],[95.40157,36.36669],[95.40111,36.37368],[95.40201,36.37682],[95.40053,36.38034],[95.40025,36.38404],[95.40057,36.38684],[95.40204,36.39138],[95.4008,36.39919],[95.40046,36.40604],[95.401,36.41949],[95.3997,36.43005],[95.39969,36.43158],[95.40073,36.43532],[95.39923,36.43848],[95.39862,36.44096],[95.39677,36.44421],[95.39746,36.4462],[95.39512,36.45207],[95.39421,36.45347],[95.38892,36.4534],[95.37468,36.45602],[95.3747,36.45772],[95.37541,36.45846],[95.37623,36.45879],[95.37654,36.45942],[95.37651,36.46149],[95.376,36.46291],[95.37751,36.46475],[95.3778,36.46642]],[[97.09228,37.34432],[97.09128,37.34456],[97.09114,37.34414]],[[96.88336,37.19331],[96.87731,37.19388],[96.87566,37.19435],[96.86551,37.19936],[96.86374,37.20087],[96.85984,37.20275],[96.85728,37.20353],[96.85567,37.20483],[96.85456,37.20523],[96.85388,37.206],[96.85069,37.20822],[96.84497,37.21124],[96.84246,37.21324],[96.83982,37.21435],[96.83683,37.21367],[96.83039,37.2169],[96.82889,37.21978],[96.82872,37.21998],[96.82632,37.223],[96.82006,37.22658],[96.82386,37.23069],[96.82397,37.2308],[96.82758,37.23444],[96.83712,37.24019],[96.84004,37.24257],[96.85417,37.25413],[96.85454,37.25475],[96.85393,37.25733],[96.85353,37.26162],[96.85637,37.26624],[96.85664,37.26947],[96.85932,37.27831],[96.85907,37.28094],[96.85992,37.28464],[96.85953,37.2909],[96.86031,37.29415],[96.85998,37.29634],[96.86071,37.29822],[96.85947,37.30283],[96.85677,37.30942],[96.85202,37.31632],[96.85104,37.31826],[96.84997,37.32359],[96.85036,37.32634],[96.85005,37.32771],[96.85133,37.33429],[96.85373,37.33785],[96.85626,37.33808],[96.85669,37.33834],[96.86218,37.34828]],[[97.31982,37.30941],[97.32158,37.32708],[97.32175,37.32882],[97.32207,37.32885]],[[97.29101,37.29895],[97.29538,37.29864],[97.29596,37.29871],[97.29648,37.29867],[97.29705,37.29863],[97.29769,37.29858],[97.29827,37.29853],[97.29885,37.29849],[97.29945,37.29844],[97.30034,37.29843],[97.30066,37.30139],[97.29337,37.30187],[97.29332,37.30145],[97.29278,37.3015],[97.29281,37.30194],[97.29215,37.30202]],[[97.29989,37.29798],[97.2994,37.29801],[97.29945,37.29844]],[[97.29226,37.3058],[97.29569,37.3055],[97.29621,37.30545],[97.29674,37.3054],[97.29724,37.30536],[97.2978,37.30531],[97.29832,37.30527],[97.29882,37.30522],[97.29936,37.30517],[97.3004,37.30508],[97.30164,37.30498],[97.30216,37.30493],[97.3027,37.30488],[97.30322,37.30484],[97.30375,37.30479],[97.30425,37.30475],[97.30477,37.30471],[97.30529,37.30466],[97.30583,37.30462],[97.30635,37.30457],[97.3069,37.30452],[97.30743,37.30447],[97.30797,37.30442],[97.30849,37.30438],[97.31026,37.3042],[97.31902,37.30464],[97.31852,37.30924]],[[97.3002,37.29702],[97.30024,37.29747],[97.29874,37.29756],[97.2988,37.29805],[97.29885,37.29849]],[[97.40571,37.27924],[97.39235,37.27915],[97.37714,37.27905]],[[97.30924,37.30388],[97.30845,37.30395],[97.30849,37.30438]],[[97.25841,37.33383],[97.26349,37.32827],[97.26388,37.32753],[97.2643,37.3245],[97.26599,37.32433],[97.27019,37.32034],[97.27239,37.31954],[97.30756,37.32441],[97.30623,37.32141],[97.30946,37.3212],[97.31063,37.32111],[97.31169,37.32103],[97.31162,37.32047],[97.31053,37.32055],[97.3104,37.32],[97.30928,37.32009],[97.30937,37.32062],[97.30599,37.32087],[97.30549,37.31975],[97.30916,37.31946],[97.31032,37.31937],[97.31148,37.31928],[97.31137,37.31869],[97.31023,37.31879],[97.31011,37.31819],[97.30896,37.31826],[97.30907,37.31889],[97.31023,37.31879],[97.31032,37.31937],[97.3104,37.32],[97.31159,37.3199],[97.31148,37.31928]],[[97.21163,37.3023],[97.20458,37.30103],[97.20238,37.30057],[97.20209,37.29495],[97.20196,37.29029]],[[97.37621,37.28425],[97.39136,37.28434],[97.39235,37.27915]],[[97.20789,37.30966],[97.20422,37.30943],[97.207,37.30788],[97.20458,37.30103]],[[97.29042,37.30157],[97.29004,37.3017],[97.28957,37.30186],[97.28907,37.30203],[97.28857,37.30221],[97.28796,37.3024]],[[97.2912,37.30009],[97.28958,37.30078],[97.2891,37.30099],[97.28809,37.30141],[97.28799,37.30127],[97.2873,37.30157],[97.28741,37.3018],[97.28813,37.30148],[97.28809,37.30141]],[[97.09869,37.34538],[97.09877,37.345],[97.09879,37.34492],[97.09898,37.34319],[97.09878,37.34075],[97.09776,37.34054],[97.09757,37.33654],[97.0964,37.33651],[97.09397,37.33716],[97.08985,37.33257],[97.08493,37.3265]],[[95.95764,37.48581],[95.99743,37.52096],[95.99795,37.52118],[96.00386,37.52132],[96.00406,37.52116],[96.0042,37.52143],[96.00386,37.52132]],[[97.06701,37.27968],[97.05662,37.27337],[97.05085,37.26819],[97.04782,37.26329],[97.042,37.2589],[97.03722,37.25248],[97.03133,37.25043],[97.0308,37.24979],[97.03098,37.24922],[97.03133,37.24873],[97.033,37.24624],[97.03321,37.24445],[97.03041,37.23615],[97.03027,37.23575],[97.02565,37.22192],[97.02341,37.2205],[97.02534,37.21725],[97.02296,37.20241],[97.02396,37.20041],[97.02569,37.19994],[97.02819,37.19153],[97.0221,37.18559],[97.02093,37.18569],[97.01949,37.18473],[97.01691,37.18425],[97.00892,37.18198],[97.0034,37.17859],[97.00931,37.17519],[97.0098,37.17444],[97.00966,37.17407],[97.00762,37.17293],[97.00561,37.17154],[97.00197,37.17062],[97.00015,37.16928]],[[97.3446,37.15016],[97.34059,37.1491],[97.33806,37.14878],[97.33722,37.14891],[97.33112,37.14802],[97.32684,37.14819],[97.30896,37.14688],[97.30789,37.14714],[97.30135,37.15243],[97.29863,37.15361],[97.2959,37.15435],[97.28753,37.15403],[97.2769,37.15218],[97.27598,37.15433],[97.27639,37.15493],[97.27676,37.15527],[97.27824,37.15666],[97.2764,37.16233],[97.27711,37.16429],[97.27713,37.16577],[97.28033,37.16829],[97.28711,37.17712],[97.289,37.17906],[97.29183,37.18275],[97.29717,37.19118],[97.29826,37.19159],[97.29875,37.19347],[97.29605,37.19647],[97.29683,37.19983],[97.29769,37.20172],[97.31371,37.24113],[97.31661,37.27426],[97.31661,37.27435],[97.31667,37.275],[97.31871,37.29752],[97.31886,37.29916],[97.31929,37.29996]],[[97.23525,37.21827],[97.23494,37.21567],[97.23374,37.21417],[97.20484,37.19195],[97.1983,37.18528],[97.19078,37.18309],[97.18612,37.18061],[97.18201,37.18018],[97.17697,37.18069],[97.17513,37.17863],[97.17391,37.17661],[97.17332,37.17628],[97.16894,37.17524],[97.16172,37.17535],[97.16094,37.1738],[97.1573,37.17538],[97.1565,37.17454],[97.1562,37.17419],[97.15581,37.17376],[97.16394,37.1716],[97.16417,37.17056],[97.1669,37.16543],[97.16892,37.16375],[97.17109,37.1636],[97.17251,37.16039],[97.17278,37.15914],[97.14472,37.15294],[97.13225,37.14877],[97.12935,37.14581],[97.12091,37.14076],[97.10559,37.1392],[97.10106,37.13928],[97.10019,37.1395],[97.09768,37.14132],[97.08052,37.14205],[97.07667,37.14276],[97.07636,37.1433],[97.07895,37.15118],[97.07644,37.15348],[97.07127,37.15596],[97.06945,37.15744],[97.06468,37.15702],[97.06064,37.15724],[97.053,37.15667],[97.04573,37.15467],[97.04264,37.15499],[97.03993,37.15593],[97.02987,37.16063],[97.01925,37.16868],[97.01729,37.16952],[97.00966,37.17407]],[[97.17626,37.27718],[97.17804,37.27688],[97.17994,37.27572],[97.18703,37.27343],[97.18769,37.27267],[97.18795,37.27126],[97.18758,37.26971],[97.18633,37.2676]],[[97.06654,36.19461],[97.06631,36.19421],[97.06622,36.19406],[97.04031,36.14975],[97.02474,36.14026],[97.0249,36.1332],[97.02813,36.13052],[97.02804,36.1218],[97.02344,36.1147],[97.02267,36.11166],[97.01929,36.10746],[97.01876,36.10583],[97.01772,36.10497],[97.01507,36.10407],[97.01327,36.10238],[97.01068,36.10186],[97.00898,36.10093],[97.00802,36.09931],[97.00771,36.09775],[97.00593,36.09588],[97.00558,36.09512],[97.00244,36.09399],[96.99878,36.09147],[96.9979,36.09026],[96.99589,36.08935],[96.99599,36.08882],[96.99482,36.08778],[96.99499,36.08602],[96.99409,36.08311],[96.99306,36.08232],[96.99128,36.08176],[96.99075,36.08078],[96.98967,36.07978],[96.98924,36.07847],[96.98869,36.07827],[96.98822,36.07731],[96.98648,36.07674],[96.98434,36.0715],[96.98396,36.07124],[96.9822,36.07125],[96.98017,36.06985],[96.97982,36.06783],[96.97821,36.06684],[96.97577,36.06612],[96.9739,36.06514],[96.9734,36.06459],[96.97334,36.063],[96.97206,36.06237],[96.97229,36.06132],[96.97122,36.05994],[96.97011,36.05912],[96.96889,36.05718],[96.96337,36.05522],[96.96376,36.05364],[96.96303,36.05295],[96.96244,36.05136],[96.9612,36.05047],[96.96106,36.04959],[96.96109,36.0481],[96.9615,36.04692],[96.96202,36.04659],[96.96149,36.04611],[96.96098,36.04413],[96.96152,36.04333],[96.96152,36.04234],[96.96066,36.04139],[96.96153,36.0402],[96.96186,36.03858],[96.9617,36.0378],[96.96124,36.03747],[96.9619,36.03668],[96.96113,36.03583],[96.95938,36.03492],[96.95892,36.03299],[96.95914,36.03155],[96.95743,36.02862],[96.95682,36.02796],[96.95437,36.02703],[96.95333,36.0263],[96.95322,36.0249],[96.95247,36.02312],[96.95093,36.02074],[96.94966,36.01971],[96.94818,36.01941],[96.94676,36.01715],[96.94268,36.01356],[96.94196,36.01054],[96.93956,36.00976],[96.9317,36.0099],[96.92888,36.00946],[96.91996,36.01099],[96.91838,36.01254],[96.9142,36.01204],[96.91455,36.01272],[96.91414,36.0126],[96.91341,36.0129],[96.91254,36.01118],[96.91218,36.01218]],[[96.98899,36.26609],[96.99013,36.26226],[96.99237,36.25256],[96.99421,36.2477],[97.00271,36.22873],[97.00446,36.22413],[97.00542,36.22363]],[[96.73711,36.31145],[96.75642,36.33217],[96.75661,36.33237],[96.76357,36.33938],[96.76405,36.34058],[96.76535,36.34053],[96.76734,36.33975],[96.77114,36.33971],[96.77288,36.33885],[96.77862,36.3378],[96.78387,36.33668],[96.78651,36.33558],[96.79015,36.33538],[96.79524,36.33421],[96.79973,36.33374],[96.80215,36.33176],[96.80328,36.33144],[96.80898,36.33051],[96.8096,36.33089],[96.80986,36.33175],[96.81189,36.33151],[96.81438,36.33039],[96.81671,36.32972],[96.82409,36.32811],[96.82508,36.32766],[96.82555,36.32642],[96.82817,36.32588],[96.83189,36.32425]],[[96.94097,36.23499],[96.9413,36.23527],[96.95108,36.25817],[96.95271,36.26269],[96.95457,36.26764]],[[96.9414,36.23492],[96.9413,36.23527]],[[96.76233,37.3451],[96.74966,37.34572],[96.74913,37.34573],[96.74573,37.3458],[96.74017,37.34541],[96.73823,37.34571]],[[96.73823,37.34707],[96.73495,37.34667],[96.73332,37.34646],[96.73108,37.34614],[96.73051,37.34607],[96.72995,37.34599],[96.72942,37.34591],[96.72884,37.34583],[96.72829,37.34576],[96.72775,37.34568],[96.72694,37.34546],[96.72691,37.34413]],[[96.73794,37.34469],[96.74017,37.34541]],[[95.55584,37.31343],[95.55686,37.31491]],[[97.15309,37.31227],[97.1554,37.32402],[97.12871,37.3281],[97.12981,37.33804],[97.13049,37.34541]],[[96.46214,36.43587],[96.46173,36.43308]],[[96.4263,36.46472],[96.42625,36.46863]],[[96.4207,36.4407],[96.42794,36.43877],[96.4334,36.43827]],[[97.51074,36.04664],[97.51004,36.04903],[97.5102,36.05032],[97.50965,36.05117],[97.50615,36.05243],[97.50579,36.05279],[97.50588,36.05323],[97.50592,36.05333],[97.50625,36.05354],[97.5098,36.05262],[97.51049,36.05286],[97.51542,36.09534],[97.51972,36.11987],[97.52125,36.12557],[97.52192,36.13061],[97.5241,36.1375],[97.52454,36.13896],[97.52658,36.14056],[97.52629,36.14921],[97.53144,36.16213],[97.53507,36.16455],[97.53683,36.16137],[97.53825,36.16038],[97.54213,36.15862],[97.54606,36.15953],[97.54668,36.1627],[97.55328,36.16601]],[[97.50356,36.04531],[97.50415,36.04902],[97.50417,36.04911],[97.5042,36.04921],[97.50579,36.05279]],[[95.52354,37.77261],[95.52216,37.77307],[95.52141,37.77369],[95.52029,37.7739],[95.51998,37.77445],[95.51952,37.77437],[95.52024,37.77551],[95.52,37.77648],[95.51928,37.77715],[95.51818,37.77766],[95.51728,37.77689],[95.51739,37.77735],[95.51684,37.77817],[95.51571,37.77884],[95.51571,37.77752],[95.51534,37.77692],[95.51357,37.77872],[95.51228,37.77917],[95.51255,37.78024],[95.51362,37.78029]],[[95.48903,37.80382],[95.48828,37.80248],[95.48841,37.80146],[95.48973,37.79922],[95.49102,37.79884],[95.49268,37.79724],[95.49534,37.79615],[95.49466,37.79525],[95.49463,37.7945],[95.49263,37.79283],[95.49231,37.79183],[95.49265,37.79088],[95.49218,37.7901]],[[97.34854,37.42464],[97.34466,37.42406],[97.34377,37.42362],[97.34781,37.41528]],[[97.34972,37.41401],[97.35345,37.41405]],[[97.26103,37.4467],[97.26556,37.44344],[97.268,37.44095],[97.27022,37.43723],[97.27198,37.43504],[97.28421,37.42128],[97.29342,37.41314],[97.30239,37.40671],[97.30724,37.40257],[97.30839,37.40124],[97.30876,37.40015],[97.30833,37.39904],[97.31125,37.39587],[97.31324,37.39209],[97.3146,37.39035],[97.31436,37.38818],[97.31629,37.38399],[97.31865,37.37713],[97.32223,37.36955],[97.32264,37.36359]],[[97.35811,37.37883],[97.35485,37.3819],[97.35268,37.38398],[97.34794,37.38211],[97.34354,37.38194]],[[97.34976,37.37848],[97.35354,37.3708],[97.35486,37.36827]],[[97.16393,37.35371],[97.1638,37.34902],[97.16405,37.34883],[97.17204,37.34814],[97.17234,37.34392],[97.17229,37.34349],[97.17228,37.34343],[97.16362,37.34464],[97.15565,37.3454],[97.15566,37.34546],[97.15567,37.3456]],[[97.17842,37.35477],[97.17813,37.35149],[97.17755,37.34986],[97.1719,37.34992],[97.17204,37.34814]],[[97.22334,37.36277],[97.22258,37.36318],[97.22076,37.36349],[97.20532,37.36368],[97.20466,37.36276],[97.20425,37.34267],[97.20337,37.34228],[97.21165,37.3423],[97.21188,37.3598]],[[97.20476,37.31316],[97.19561,37.31794],[97.19572,37.3184],[97.20717,37.31768],[97.20917,37.31828],[97.22176,37.32297]],[[97.11947,37.3474],[97.11945,37.34715],[97.11945,37.34709],[97.1185,37.33811],[97.11759,37.32978],[97.12871,37.3281]],[[97.14228,37.34264],[97.14176,37.33796],[97.12981,37.33804]],[[97.15683,37.29693],[97.1573,37.29788],[97.16185,37.3022],[97.17005,37.31045],[97.16905,37.31128],[97.17007,37.3218],[97.17225,37.34303],[97.17225,37.34312],[97.17226,37.34317],[97.17228,37.34343],[97.17944,37.3426],[97.18733,37.34187],[97.19491,37.34119],[97.19784,37.34009],[97.20028,37.33992],[97.20269,37.34049],[97.21784,37.3391],[97.22267,37.33866],[97.232,37.33777],[97.23537,37.33723],[97.23654,37.33648],[97.23707,37.3367],[97.23732,37.33683],[97.23839,37.3372],[97.24046,37.33709]],[[97.16825,37.28629],[97.16986,37.28665],[97.17239,37.28828],[97.17737,37.2878]],[[97.20868,37.31025],[97.22657,37.31297],[97.23018,37.31529],[97.23762,37.31695]],[[97.2031,37.44145],[97.2044,37.44017],[97.20553,37.43829],[97.20608,37.43621],[97.20679,37.43522],[97.20679,37.43066],[97.20833,37.42768],[97.21124,37.42611],[97.21523,37.42312],[97.21684,37.42244],[97.21745,37.42084],[97.21991,37.4205],[97.22337,37.41932],[97.22647,37.41871]],[[97.38784,36.04184],[97.39209,36.04202]],[[97.39212,36.04575],[97.39193,36.04575],[97.38789,36.04558],[97.38703,36.04538]],[[97.39735,36.05696],[97.39719,36.05529],[97.39544,36.05056],[97.39443,36.04935],[97.39443,36.04812],[97.3955,36.04812],[97.39553,36.04773],[97.3964,36.04773],[97.39842,36.04649],[97.3994,36.04551],[97.39963,36.0447],[97.40131,36.0446],[97.40252,36.04181],[97.40263,36.04081],[97.40258,36.04018],[97.40184,36.03923],[97.40118,36.03414],[97.39203,36.03389]],[[97.3849,36.05517],[97.38445,36.0551],[97.38415,36.05594],[97.38494,36.05655],[97.39227,36.0566]],[[97.38742,36.03911],[97.39207,36.03919]],[[96.00228,37.48264],[96.00215,37.48387],[95.99991,37.49952],[96.00404,37.51432],[96.00406,37.52116]],[[96.00128,37.48334],[96.00215,37.48387]],[[97.36987,37.35538],[97.36937,37.35531],[97.36906,37.3575],[97.36931,37.35857],[97.36915,37.36267]],[[97.57517,37.3478],[97.5766,37.3375],[97.57668,37.33375],[97.5778,37.32934],[97.57956,37.32458],[97.58084,37.32267],[97.5832,37.32088],[97.58445,37.31936],[97.58565,37.31513],[97.58668,37.31424],[97.58823,37.31027],[97.58975,37.30871],[97.59202,37.30482],[97.5982,37.30095],[97.60024,37.29808],[97.60132,37.2955],[97.60389,37.2921],[97.60432,37.29214],[97.60612,37.29047],[97.60692,37.28512],[97.60799,37.28277],[97.61076,37.28014],[97.61099,37.27858],[97.61209,37.27659],[97.61419,37.275],[97.6176,37.27346],[97.62187,37.27233],[97.62305,37.27107],[97.62696,37.26938],[97.63005,37.2669],[97.63114,37.2668],[97.63101,37.26619],[97.63485,37.26149],[97.63754,37.25992],[97.64155,37.25864],[97.64213,37.25792],[97.64453,37.257],[97.64721,37.25476],[97.64936,37.2538],[97.6611,37.25152],[97.66157,37.25075],[97.66313,37.25039],[97.66352,37.24912],[97.66687,37.24866],[97.66856,37.24733],[97.6761,37.24395],[97.67719,37.24371],[97.67983,37.24373],[97.68719,37.24668],[97.68946,37.24795],[97.68942,37.24745],[97.69079,37.24684],[97.6915,37.24682],[97.69232,37.24614],[97.69433,37.24661],[97.69481,37.24743],[97.69446,37.24919],[97.69466,37.25012],[97.6935,37.25222],[97.69281,37.2592],[97.69326,37.26093],[97.69242,37.26432],[97.69069,37.26617],[97.69064,37.26682],[97.6912,37.26776],[97.69099,37.26996]],[[97.40866,37.21695],[97.40316,37.20901],[97.38452,37.20283],[97.37427,37.19944],[97.37063,37.19866],[97.36942,37.19879],[97.36887,37.1989],[97.36708,37.19929]],[[97.38073,37.25988],[97.39569,37.25984],[97.40993,37.25985]],[[97.4088,37.3467],[97.40325,37.34776],[97.40065,37.34884],[97.39799,37.34903]],[[97.3904,37.28948],[97.39136,37.28434],[97.40451,37.28441],[97.41558,37.2843],[97.41893,37.27256]],[[97.41467,37.2885],[97.41558,37.2843]],[[97.41925,37.27127],[97.40755,37.27092],[97.39365,37.27105],[97.37857,37.27129]],[[97.37498,37.34684],[97.37417,37.34407],[97.37297,37.34081],[97.37019,37.32864],[97.37067,37.32477],[97.36967,37.31833],[97.36964,37.31814],[97.36938,37.31643],[97.36961,37.31614],[97.37037,37.31606],[97.37057,37.31604],[97.37507,37.31579]],[[97.42648,37.34691],[97.42644,37.34578],[97.42582,37.34528],[97.41282,37.34559]],[[97.44216,37.25971],[97.42254,37.25977]],[[97.39891,37.24231],[97.39569,37.25984],[97.39365,37.27105]],[[97.20653,37.31472],[97.20997,37.31787],[97.21047,37.318],[97.2116,37.31723]],[[97.20286,37.31148],[97.20222,37.3109],[97.20257,37.31072],[97.20422,37.30943]],[[96.68165,36.33859],[96.68313,36.33801],[96.73987,36.33722],[96.74025,36.33774],[96.74106,36.34188],[96.74172,36.34269],[96.74177,36.34346],[96.74267,36.34522],[96.74359,36.3459],[96.74496,36.34604],[96.74603,36.3458],[96.74664,36.34566],[96.74774,36.34599],[96.74899,36.34579],[96.75005,36.34591],[96.74956,36.34567],[96.74899,36.34579]],[[96.73972,36.34815],[96.74085,36.3474],[96.74176,36.34599],[96.74267,36.34522]],[[96.74724,36.34912],[96.74667,36.34884],[96.74506,36.34923],[96.74473,36.34972],[96.74364,36.35078],[96.74095,36.35202],[96.74086,36.35537],[96.74028,36.35619],[96.73939,36.35656],[96.73838,36.35608],[96.73822,36.35563],[96.73935,36.35462],[96.7399,36.35305],[96.74095,36.35202]],[[96.75626,36.34612],[96.75698,36.34603],[96.75563,36.34671],[96.75501,36.34788],[96.75445,36.34801],[96.75332,36.34756],[96.75235,36.34585],[96.75564,36.34426],[96.75816,36.34416],[96.76007,36.34415],[96.7628,36.34352],[96.76294,36.34364],[96.76291,36.34618],[96.76265,36.34679],[96.76123,36.34749],[96.7609,36.34828],[96.76101,36.35072],[96.76094,36.35172],[96.76229,36.35268],[96.7625,36.35414],[96.76406,36.35438],[96.76784,36.35327],[96.76963,36.35371],[96.77204,36.35375],[96.77384,36.35313],[96.77652,36.35357],[96.77783,36.35326],[96.77821,36.3538],[96.7786,36.35381],[96.77903,36.35348],[96.77774,36.34913],[96.77799,36.34809],[96.7792,36.34765],[96.77948,36.34687],[96.77854,36.3445],[96.77843,36.34226],[96.77856,36.34124],[96.77888,36.34101],[96.77906,36.33832],[96.77862,36.3378]],[[96.76609,36.35063],[96.76566,36.3509],[96.7654,36.35045],[96.76398,36.34991],[96.76251,36.35021],[96.76146,36.35085],[96.76101,36.35072]],[[96.76497,36.34682],[96.76422,36.34683],[96.76291,36.34618]],[[96.76471,36.34701],[96.76422,36.34683]],[[96.76247,36.35464],[96.7625,36.35414]],[[96.77866,36.35391],[96.7786,36.35381]],[[96.78392,36.35032],[96.7826,36.35159],[96.77903,36.35348]],[[95.2733,37.88989],[95.2713,37.88549],[95.26865,37.88128],[95.26854,37.87896],[95.26798,37.87762],[95.26741,37.87389],[95.26411,37.86691],[95.26064,37.85963],[95.2577,37.85695],[95.25495,37.85339],[95.25416,37.85107],[95.23473,37.84753],[95.21981,37.84621],[95.21788,37.84628]],[[96.73834,37.35767],[96.73831,37.3543],[96.73326,37.35423],[96.73304,37.35539]],[[96.68172,37.35453],[96.68138,37.35682],[96.68408,37.35913],[96.69197,37.35882],[96.68945,37.3251]],[[95.55893,37.31198],[95.56,37.31346]],[[95.55976,37.31482],[95.55909,37.31388]],[[95.55884,37.3151],[95.55823,37.31428]],[[95.55806,37.31536],[95.55751,37.31461],[95.5571,37.31405]],[[97.20049,37.34154],[97.20028,37.34195],[97.20058,37.34231],[97.20337,37.34228]],[[97.2046,37.36433],[97.20466,37.36276]],[[95.1135,36.30622],[95.11305,36.30621],[95.11247,36.3062]],[[95.35595,37.87664],[95.35109,37.87829],[95.35001,37.87866],[95.34647,37.87988],[95.34564,37.88016],[95.34046,37.88188],[95.34044,37.88182],[95.34,37.88174],[95.33773,37.88254],[95.33819,37.88368],[95.33462,37.88496],[95.33281,37.88521],[95.3313,37.88622],[95.33164,37.88681],[95.33208,37.88742],[95.33576,37.88581]],[[97.21974,37.33832],[97.21784,37.3391]],[[97.22183,37.3382],[97.22267,37.33866]],[[97.32188,37.32681],[97.32204,37.32854]],[[97.34868,37.38055],[97.34794,37.38211]],[[96.74401,37.3581],[96.74413,37.35809],[96.74786,37.35807],[96.74812,37.35809],[96.74841,37.3581],[96.75092,37.35847],[96.75559,37.36001],[96.76579,37.3607],[96.76638,37.36074],[96.76918,37.36068],[96.77236,37.36016],[96.77943,37.35896],[96.81212,37.35564],[96.81227,37.35562],[96.8182,37.35499],[96.82212,37.35468],[96.86064,37.35263],[96.86411,37.35165]],[[96.74406,37.35798],[96.74816,37.35783]],[[96.74926,37.34875],[96.75165,37.3493],[96.75216,37.3494],[96.75544,37.35006],[96.76157,37.35035],[96.77229,37.34985],[96.77236,37.36016]],[[96.75522,37.36084],[96.75546,37.36009]],[[96.74817,37.35772],[96.75116,37.3579],[96.75559,37.36001]],[[96.81835,37.35585],[96.81823,37.35515],[96.8182,37.35499]],[[95.86575,37.32935],[95.86847,37.32918],[95.87482,37.33216],[95.87527,37.33332],[95.87511,37.33801],[95.87571,37.3404],[95.87653,37.34193],[95.88103,37.34739],[95.89949,37.35525],[95.91844,37.36502]],[[96.85075,37.2296],[96.85076,37.23646],[96.87241,37.23518],[96.87163,37.2306],[96.87737,37.23004]],[[96.88293,37.23461],[96.87241,37.23518],[96.87325,37.23962],[96.8689,37.23977],[96.85461,37.23929],[96.85081,37.2396],[96.84552,37.23987],[96.84315,37.23948],[96.85076,37.23646],[96.85081,37.2396]],[[97.2648,37.13385],[97.26215,37.1327],[97.24373,37.12795]],[[95.77756,36.44541],[95.77373,36.44359],[95.767,36.44367]],[[97.49768,36.12463],[97.51972,36.11987],[97.55626,36.11194]],[[97.50832,36.04918],[97.50985,36.04905],[97.51004,36.04903]],[[97.5023,36.04963],[97.5042,36.04921]],[[97.50344,36.04869],[97.50417,36.04911]],[[97.50363,36.03787],[97.50374,36.04102]],[[97.50079,36.0403],[97.49776,36.03665]],[[96.19477,36.52098],[96.19414,36.51983],[96.19399,36.51822],[96.19552,36.51645],[96.19573,36.51517],[96.19605,36.51495],[96.20028,36.514],[96.20627,36.51134],[96.21397,36.51051],[96.21653,36.50926],[96.21774,36.50833],[96.22961,36.50163],[96.23089,36.49725],[96.23258,36.49495],[96.23484,36.49378],[96.23658,36.49327],[96.23832,36.49328],[96.24021,36.49271],[96.24495,36.48782],[96.24693,36.48736],[96.24813,36.48618],[96.2512,36.48469],[96.252,36.48392],[96.25413,36.47767],[96.25836,36.4725],[96.25945,36.47011],[96.26397,36.46408],[96.26482,36.46157],[96.26689,36.45891],[96.26704,36.45676],[96.26773,36.45488],[96.26762,36.45179],[96.26899,36.44896],[96.26905,36.44649],[96.27126,36.44366],[96.27203,36.44165],[96.27224,36.43777],[96.27276,36.43688],[96.275,36.43652],[96.27635,36.43512],[96.27807,36.43529],[96.27855,36.43511],[96.2791,36.42313]],[[95.21804,36.75962],[95.21704,36.75959],[95.2165,36.75911],[95.21639,36.75486],[95.21645,36.75433]],[[95.37551,36.92785],[95.37481,36.92449],[95.3744,36.9242],[95.36802,36.92536],[95.36745,36.92526],[95.36269,36.91628],[95.36098,36.9138]],[[97.38806,37.30196],[97.38995,37.29188]],[[97.28994,37.30359],[97.28962,37.30376],[97.28917,37.30399],[97.28865,37.30427],[97.28851,37.30427],[97.28721,37.30303],[97.2868,37.3026],[97.28651,37.30221],[97.28635,37.30198],[97.28615,37.30168],[97.28601,37.30147],[97.28699,37.30104],[97.28765,37.30074],[97.28968,37.2999],[97.28984,37.30015],[97.28783,37.30101],[97.28765,37.30074],[97.28749,37.30052],[97.28683,37.3008],[97.28699,37.30104],[97.28715,37.30128],[97.28615,37.30168]],[[97.18743,37.34252],[97.18734,37.34193],[97.18733,37.34187],[97.1871,37.34058],[97.18709,37.34053],[97.18708,37.34046],[97.18544,37.33125],[97.18351,37.31977],[97.18099,37.32015],[97.18023,37.31148],[97.19676,37.3092],[97.19796,37.3087],[97.19897,37.30792],[97.20222,37.3109]],[[97.17179,37.36229],[97.1719,37.34992]],[[97.17945,37.34265],[97.17944,37.3426],[97.17924,37.34203],[97.17923,37.34198],[97.17918,37.34183],[97.18708,37.34046],[97.19748,37.33777],[97.19747,37.33769],[97.19747,37.33761],[97.19538,37.31797],[97.18351,37.31977]],[[97.14592,37.3461],[97.14594,37.34591],[97.14593,37.34586],[97.11945,37.34709],[97.1123,37.34681],[97.09879,37.34492],[97.08419,37.34271],[97.0709,37.33996],[97.06903,37.33898],[97.06719,37.33874],[97.06459,37.33903],[97.0546,37.33767],[97.05448,37.33766],[97.05026,37.33718],[97.04422,37.33696],[96.99463,37.33881],[96.95331,37.34417],[96.95023,37.3451],[96.94494,37.34744],[96.94157,37.34821],[96.93842,37.34854],[96.91918,37.34955],[96.91652,37.34893],[96.91418,37.34908]],[[95.2108,36.40534],[95.21112,36.37169]],[[97.33786,37.44621],[97.33851,37.44622],[97.33858,37.44622]],[[96.15453,37.4295],[96.15452,37.42851],[96.15454,37.42408],[96.15434,37.42315],[96.15252,37.42091],[96.15112,37.41841],[96.14654,37.41827],[96.14362,37.41786],[96.14286,37.41746],[96.14144,37.41563],[96.13995,37.41435],[96.1388,37.4138],[96.1358,37.41343],[96.13272,37.41243],[96.1318,37.41187],[96.13085,37.4089],[96.12965,37.40019],[96.12959,37.39789],[96.1331,37.39169],[96.13843,37.3754],[96.13761,37.36492],[96.1371,37.36422],[96.13028,37.35974],[96.12657,37.35544],[96.12421,37.3523],[96.12227,37.34806],[96.12204,37.34652],[96.12131,37.34507],[96.12057,37.34442],[96.11868,37.34377],[96.11863,37.34286],[96.11787,37.34215],[96.11758,37.34083],[96.12112,37.32519],[96.12269,37.32084],[96.12535,37.3165],[96.1252,37.31438],[96.1255,37.3135],[96.12648,37.31179],[96.13501,37.30312],[96.13706,37.30005],[96.13958,37.29876],[96.1479,37.29663],[96.14972,37.29653],[96.16367,37.29244],[96.16753,37.29091],[96.17027,37.2905],[96.17142,37.28994],[96.18124,37.28732],[96.19238,37.28349],[96.19738,37.2822],[96.19776,37.28196],[96.19865,37.27993],[96.20072,37.27824],[96.20349,37.27729],[96.21076,37.27354],[96.21511,37.27212],[96.21688,37.27099],[96.22287,37.26874],[96.22428,37.26751],[96.22759,37.26563],[96.22776,37.26477],[96.24088,37.25849],[96.2416,37.25844],[96.24597,37.25554],[96.24903,37.2544],[96.2516,37.25272],[96.28171,37.23864],[96.28524,37.23656],[96.2968,37.23094],[96.3023,37.22917],[96.3111,37.22556],[96.31306,37.22542],[96.31976,37.22319],[96.32134,37.22251],[96.32217,37.22175],[96.32844,37.21969],[96.33175,37.21907],[96.33411,37.21823],[96.3369,37.21781],[96.35744,37.21022],[96.36008,37.2099],[96.36107,37.20903],[96.37071,37.20541],[96.37545,37.20434],[96.37925,37.20312],[96.38051,37.20302],[96.38493,37.20074],[96.38775,37.20005],[96.39959,37.19569],[96.42459,37.18739],[96.42599,37.18721],[96.43082,37.18559],[96.43196,37.18484],[96.43706,37.18325],[96.44308,37.18169],[96.44942,37.18047],[96.45288,37.18021],[96.45696,37.17927],[96.46075,37.17887],[96.47209,37.17612],[96.47348,37.17645],[96.47865,37.17612],[96.48612,37.17625],[96.49953,37.17088],[96.5015,37.17055],[96.51391,37.16577],[96.51687,37.16511],[96.51822,37.16416],[96.52275,37.16343],[96.52306,37.16295],[96.52577,37.16145],[96.54684,37.15362],[96.55223,37.15239],[96.55406,37.15276],[96.55651,37.15203],[96.56347,37.15106],[96.56459,37.15166],[96.56677,37.15158],[96.5697,37.15052],[96.57541,37.14978],[96.58873,37.14601],[96.59456,37.14593],[96.6016,37.14647],[96.60672,37.14771],[96.60829,37.14937],[96.60967,37.14963],[96.61238,37.15125],[96.61423,37.1512],[96.61483,37.1508],[96.61741,37.15164],[96.61846,37.15365],[96.6181,37.1552],[96.61973,37.15519],[96.62191,37.15606],[96.62389,37.15385],[96.62452,37.15405],[96.62565,37.15481],[96.62649,37.15624],[96.62764,37.15698],[96.63058,37.15981],[96.63139,37.16002],[96.63435,37.1644],[96.63512,37.1644],[96.63699,37.16562],[96.63774,37.16656],[96.63735,37.16743],[96.63767,37.16837],[96.64407,37.17642],[96.64534,37.17614],[96.64801,37.17475],[96.64946,37.17551],[96.64963,37.17611],[96.65039,37.17658],[96.65093,37.17755]],[[97.14296,36.28866],[97.14008,36.29145],[97.13456,36.2912],[97.13027,36.2917],[97.11728,36.29524],[97.10028,36.30035],[97.10003,36.30511],[97.101,36.31692],[97.10051,36.31883],[97.10062,36.32132],[97.09892,36.32437],[97.09822,36.33114],[97.10027,36.33552],[97.10195,36.34231],[97.10188,36.34382],[97.09988,36.34765],[97.10008,36.3496],[97.09932,36.35942],[97.10026,36.36561],[97.10015,36.37247],[97.0994,36.37317],[97.09861,36.37694],[97.09992,36.38949],[97.09866,36.39486],[97.09649,36.40175],[97.09756,36.40783],[97.10125,36.41524],[97.10233,36.41845],[97.09855,36.4193],[97.08926,36.42643],[97.08276,36.43328],[97.08221,36.43576],[97.08014,36.44132],[97.08002,36.44199],[97.08062,36.44403]],[[97.48878,36.16356],[97.49297,36.16356],[97.49666,36.16184],[97.50186,36.16145],[97.50909,36.16174],[97.51133,36.15555],[97.52121,36.14431],[97.52454,36.13896]],[[97.53347,36.13585],[97.5276,36.13715],[97.52652,36.13705],[97.5241,36.1375]],[[97.52652,36.19337],[97.52477,36.19261],[97.51981,36.19502],[97.51354,36.19079],[97.51932,36.18119],[97.51977,36.17961],[97.52158,36.17769],[97.52467,36.1757],[97.52795,36.17454],[97.53099,36.17076],[97.53137,36.16887],[97.53221,36.1676],[97.53507,36.16455]],[[97.00396,37.15127],[97.00619,37.15114],[97.00836,37.15141],[97.00888,37.15106],[97.01064,37.15148],[97.01055,37.1519],[97.00799,37.15402],[97.00683,37.15456],[97.00672,37.15657],[97.00489,37.15833],[97.00392,37.15897],[97.00161,37.15888]],[[96.72123,37.17179],[96.72136,37.17222],[96.72356,37.17371],[96.72436,37.1751],[96.72551,37.17594],[96.72637,37.17584],[96.72802,37.17649],[96.72791,37.17729],[96.72398,37.17988],[96.72102,37.18098],[96.71709,37.18325],[96.71472,37.18528],[96.71084,37.18993],[96.70953,37.19058],[96.70826,37.19074],[96.70562,37.19006],[96.70494,37.18945],[96.7045,37.18957],[96.70165,37.19533],[96.69901,37.1992]],[[96.82689,36.89366],[96.82744,36.89338],[96.85036,36.88181],[96.86105,36.87642]],[[96.87769,36.91655],[96.85036,36.88181]],[[95.71745,36.27719],[95.71848,36.27912],[95.72127,36.30896],[95.73313,36.32809],[95.74521,36.37376]],[[95.74681,36.45444],[95.74694,36.44355]],[[95.27474,36.79123],[95.2755,36.79451],[95.2544,36.79577],[95.23696,36.78701],[95.23678,36.7816]],[[95.23678,36.78139],[95.23469,36.7814],[95.23469,36.7834],[95.23481,36.78675],[95.23696,36.78701]],[[95.31666,36.84534],[95.31712,36.84532],[95.31802,36.84588],[95.31816,36.84686],[95.31865,36.84679],[95.3188,36.84647],[95.31898,36.84607],[95.31965,36.84593],[95.31993,36.84753]],[[95.2857,36.795],[95.28281,36.79399],[95.2755,36.79451]],[[95.30953,36.82655],[95.30046,36.82688]],[[95.88571,36.36527],[95.88584,36.36461],[95.88586,36.36448],[95.88977,36.34859],[95.89018,36.34654],[95.88124,36.31214],[95.88,36.30041],[95.87948,36.29817],[95.87662,36.28613],[95.87507,36.2772],[95.87532,36.27669],[95.87639,36.27624],[95.87879,36.27608],[95.88055,36.27526],[95.88169,36.27157],[95.88183,36.27123],[95.88615,36.26866],[95.89195,36.26731],[95.89539,36.26559],[95.89806,36.26381],[95.89908,36.26362],[95.90038,36.26193],[95.90031,36.26125],[95.9012,36.25976],[95.90213,36.25237],[95.90277,36.25074],[95.9037,36.24961],[95.90391,36.25191],[95.90474,36.2533],[95.90457,36.25439],[95.90677,36.25793],[95.90831,36.2621],[95.9093,36.26303],[95.91376,36.27515],[95.91639,36.28185],[95.92044,36.28592],[95.92032,36.28629],[95.91743,36.28805],[95.9149,36.2888],[95.91442,36.28919],[95.9127,36.2884],[95.91238,36.28787],[95.90748,36.28916],[95.87948,36.29817]],[[95.88342,36.27347],[95.88169,36.27157],[95.88061,36.27117],[95.87702,36.27248],[95.86791,36.27306],[95.86033,36.27041],[95.85687,36.26474],[95.85542,36.25831],[95.85977,36.2481],[95.86156,36.24609],[95.86451,36.24009],[95.86585,36.23485],[95.86681,36.22499],[95.86661,36.22356],[95.86878,36.21925],[95.87439,36.21469],[95.87562,36.21283],[95.87731,36.2116],[95.87928,36.21129],[95.8809,36.2118],[95.88343,36.21389],[95.88435,36.21654],[95.88533,36.2178],[95.88921,36.2187],[95.89028,36.21795],[95.89034,36.21742],[95.89104,36.21715],[95.89343,36.21743],[95.89473,36.21795],[95.89651,36.21646],[95.89878,36.21604],[95.90128,36.21646],[95.90294,36.21605],[95.90432,36.21512],[95.90397,36.21616],[95.90519,36.21656],[95.90509,36.21599],[95.90579,36.21545],[95.90585,36.215],[95.90518,36.21472],[95.90639,36.21492]],[[95.92744,36.21913],[95.92682,36.21941],[95.92686,36.22129],[95.92619,36.22239],[95.92517,36.223],[95.92442,36.22418],[95.92286,36.22535],[95.92136,36.22601],[95.92106,36.22663],[95.92013,36.2271],[95.92049,36.22942],[95.91993,36.22985],[95.92036,36.23042],[95.91928,36.23138],[95.91901,36.23229],[95.91913,36.23288],[95.91961,36.23327],[95.91962,36.2341],[95.91872,36.23537],[95.91692,36.2361],[95.91672,36.23803],[95.91638,36.23833],[95.91361,36.23873],[95.91261,36.2394],[95.9121,36.23989],[95.91209,36.24061],[95.91078,36.24119],[95.90969,36.24249],[95.90991,36.24297],[95.90924,36.24353],[95.9086,36.24355],[95.9086,36.24397],[95.90598,36.24641],[95.90462,36.2492],[95.9037,36.24961]],[[97.49403,37.22306],[97.49052,37.23715],[97.44981,37.23584],[97.44981,37.23579],[97.43758,37.23537],[97.4411,37.22128]],[[97.44843,37.25022],[97.44952,37.24614],[97.44981,37.23584]],[[97.1788,36.1498],[97.19387,36.19713],[97.20159,36.21923],[97.20662,36.22339],[97.2085,36.22585],[97.20879,36.22872],[97.21049,36.23128],[97.21317,36.23026],[97.21554,36.2298],[97.21593,36.23023],[97.21702,36.23793],[97.2176,36.23826],[97.21953,36.24655],[97.22114,36.25854],[97.22423,36.27679],[97.22636,36.28141],[97.23078,36.28268],[97.23335,36.28307],[97.24998,36.28449],[97.26174,36.28268],[97.26835,36.29025],[97.26869,36.29029],[97.27586,36.28769],[97.29899,36.2824],[97.30419,36.28197],[97.31094,36.28069],[97.31731,36.28103],[97.32032,36.28178],[97.32265,36.2817],[97.32541,36.28109],[97.32848,36.27968],[97.3441,36.27119],[97.34505,36.27102],[97.35159,36.2707],[97.38126,36.27245],[97.38771,36.27319],[97.39623,36.27548],[97.41211,36.27907],[97.41308,36.28011],[97.416,36.28101],[97.41687,36.28167],[97.41632,36.28341],[97.41713,36.286],[97.42089,36.28834],[97.42558,36.29013],[97.42926,36.29402],[97.43431,36.29418],[97.43906,36.29561],[97.44775,36.29931],[97.45076,36.30112],[97.44264,36.30535],[97.44068,36.30751],[97.44074,36.30921],[97.43968,36.31014],[97.43989,36.31275],[97.43819,36.31493],[97.43114,36.31602],[97.42842,36.31679],[97.41228,36.31669],[97.40172,36.31612],[97.39898,36.31695],[97.39236,36.31817],[97.38856,36.31979],[97.38234,36.32308],[97.37992,36.32519],[97.36444,36.32908],[97.35414,36.3298],[97.34763,36.32953],[97.34562,36.32985],[97.34055,36.33136],[97.32731,36.33341],[97.31725,36.33314],[97.31095,36.33407],[97.30137,36.33438],[97.29528,36.33377],[97.28643,36.33754],[97.28517,36.33778],[97.27635,36.33805],[97.27369,36.33853],[97.27036,36.33798],[97.26774,36.33895],[97.26629,36.33903],[97.26347,36.34055],[97.25963,36.34026],[97.25315,36.34123],[97.25013,36.34293],[97.24401,36.34341],[97.23787,36.34633],[97.2356,36.34679],[97.21634,36.3456],[97.21109,36.34547],[97.20455,36.34595],[97.20125,36.34903],[97.19908,36.34986],[97.19142,36.35181],[97.18528,36.35475],[97.18453,36.35565],[97.18157,36.3625],[97.18159,36.36985],[97.17932,36.37016],[97.17446,36.37206],[97.17164,36.37109],[97.16972,36.37097],[97.16411,36.37115],[97.16101,36.3718],[97.1588,36.37226],[97.15377,36.37145],[97.14963,36.3676],[97.14427,36.3676],[97.12922,36.36942],[97.12539,36.36958],[97.12369,36.36991],[97.1218,36.37083],[97.10798,36.37325],[97.10049,36.37302],[97.10015,36.37247]],[[96.47629,36.41344],[96.48299,36.41312],[96.48857,36.41293],[96.49414,36.41267],[96.49295,36.3867],[96.48705,36.38663],[96.48138,36.38661],[96.47492,36.3866]],[[96.97443,36.26675],[96.97475,36.26948],[96.97396,36.26964],[96.97348,36.27018],[96.97455,36.27255],[96.97467,36.27578],[96.97349,36.27788],[96.97799,36.28332],[96.98243,36.29553],[96.98456,36.29995],[97.00307,36.35311],[97.00364,36.35409]],[[96.8653,37.21541],[96.86135,37.21469],[96.85565,37.20672],[96.85388,37.206]],[[97.24253,37.31523],[97.25027,37.31635],[97.25598,37.31716]],[[97.24209,37.32282],[97.24215,37.32323],[97.24221,37.32365],[97.24227,37.32408],[97.24237,37.32473]],[[97.24577,37.32077],[97.24573,37.31981],[97.25027,37.31635]],[[97.28765,37.30282],[97.28721,37.30303]],[[97.26924,37.31646],[97.28631,37.30831],[97.29277,37.30632],[97.30005,37.31272],[97.30251,37.3122],[97.30271,37.31267],[97.30311,37.3137],[97.30333,37.31427],[97.30345,37.31457],[97.30386,37.31561],[97.30407,37.31613],[97.30442,37.31702],[97.30462,37.31758],[97.30493,37.31849],[97.30549,37.31975]],[[97.28894,37.30653],[97.28967,37.30616],[97.29032,37.30601],[97.29068,37.30594]],[[97.28435,37.30586],[97.28851,37.30427]],[[97.28909,37.30589],[97.28946,37.30577],[97.28999,37.30559],[97.29032,37.30601]],[[97.28858,37.30519],[97.28906,37.30503],[97.28961,37.30484],[97.29014,37.30466],[97.29082,37.30444]],[[97.28869,37.30559],[97.28926,37.3054],[97.2898,37.30522],[97.29035,37.30504],[97.29117,37.30477]],[[97.29042,37.30406],[97.28991,37.30426],[97.28941,37.30445],[97.28886,37.30465],[97.2884,37.30483]],[[97.29184,37.30132],[97.29102,37.30159]],[[97.29164,37.30094],[97.29073,37.30125]],[[97.29145,37.30055],[97.29047,37.30086]],[[97.28871,37.2994],[97.28951,37.29905],[97.28938,37.29887],[97.29028,37.29867],[97.29025,37.29844],[97.29089,37.29836]],[[97.29,37.29847],[97.29025,37.29844]],[[97.29097,37.29876],[97.28959,37.29917],[97.28951,37.29905]],[[97.29113,37.29969],[97.28984,37.30015]],[[97.28649,37.30094],[97.28683,37.3008]],[[97.29025,37.30117],[97.28985,37.3013],[97.28935,37.30146],[97.28887,37.30162],[97.28833,37.30179],[97.2876,37.30205],[97.2868,37.3026]],[[97.29136,37.30039],[97.29259,37.30022],[97.29311,37.30017],[97.29362,37.3001]],[[97.29156,37.30077],[97.29267,37.30062],[97.29319,37.30056],[97.29365,37.30052]],[[97.29177,37.30119],[97.29274,37.30105],[97.29327,37.301],[97.29373,37.30094]],[[97.29197,37.30158],[97.29278,37.3015],[97.29274,37.30105],[97.29267,37.30062],[97.29259,37.30022]],[[97.29377,37.30141],[97.29332,37.30145],[97.29327,37.301],[97.29319,37.30056],[97.29311,37.30017]],[[97.30919,37.30104],[97.3067,37.30095],[97.30066,37.30139],[97.301,37.30456],[97.30034,37.30462],[97.3004,37.30508]],[[97.30413,37.30396],[97.30418,37.3043],[97.30425,37.30475]],[[97.30465,37.30392],[97.3047,37.30426],[97.30477,37.30471]],[[97.30519,37.30389],[97.30524,37.30421],[97.30529,37.30466]],[[97.30608,37.3128],[97.30673,37.31271],[97.30781,37.31253],[97.30787,37.31282],[97.30677,37.31297],[97.30673,37.31271],[97.30668,37.31243],[97.30602,37.31252]],[[97.30614,37.31306],[97.30677,37.31297],[97.30682,37.31324],[97.30688,37.31353],[97.30691,37.31373],[97.30693,37.3138],[97.30698,37.31405],[97.30704,37.31435],[97.3072,37.31522],[97.3073,37.3157],[97.3075,37.3167],[97.3076,37.31726],[97.30692,37.31733],[97.3068,37.31677],[97.30658,37.3158],[97.30647,37.31531],[97.30634,37.31439],[97.30563,37.31444],[97.30578,37.31539],[97.30589,37.31587],[97.3061,37.31685],[97.30622,37.31741],[97.30554,37.31748],[97.30543,37.31692],[97.30523,37.31596],[97.30513,37.31547],[97.30496,37.31448],[97.30345,37.31457]],[[97.30746,37.31346],[97.30688,37.31353]],[[97.30639,37.31413],[97.30698,37.31405],[97.30809,37.31394],[97.30815,37.31424],[97.30704,37.31435],[97.30634,37.31439]],[[97.31125,37.3157],[97.31082,37.31576],[97.31072,37.3152],[97.30959,37.31533],[97.30949,37.31475],[97.30831,37.31488],[97.30836,37.31508],[97.30773,37.31516],[97.30783,37.31562],[97.30804,37.31665],[97.30778,37.31667],[97.30757,37.31566],[97.30749,37.31519],[97.3072,37.31522],[97.30647,37.31531],[97.30578,37.31539],[97.30513,37.31547],[97.30386,37.31561]],[[97.31163,37.31626],[97.31092,37.31634],[97.31082,37.31576],[97.30969,37.31589],[97.30959,37.31533],[97.30845,37.31545],[97.30847,37.31553],[97.30808,37.31558],[97.30829,37.31663],[97.30804,37.31665]],[[97.30841,37.32015],[97.30928,37.32009],[97.30916,37.31946],[97.30907,37.31889]],[[97.31191,37.32045],[97.31162,37.32047],[97.31159,37.3199]],[[97.3095,37.32143],[97.30946,37.3212],[97.30937,37.32062],[97.31053,37.32055],[97.31063,37.32111]],[[97.31136,37.31686],[97.311,37.3169],[97.31092,37.31634],[97.3098,37.31646],[97.30969,37.31589],[97.30859,37.31602],[97.30871,37.31659],[97.30829,37.31663]],[[97.31197,37.68777],[97.32262,37.68277],[97.32956,37.68086],[97.33352,37.67935],[97.34211,37.67519],[97.35576,37.67158],[97.36176,37.66881],[97.37009,37.66551],[97.38768,37.6615],[97.39601,37.66067],[97.40268,37.66075],[97.40693,37.66006],[97.41583,37.65801],[97.43262,37.65523],[97.44028,37.65343],[97.44131,37.65031],[97.44637,37.64885],[97.46058,37.64793],[97.46903,37.64849],[97.47126,37.64827],[97.47836,37.6502],[97.48856,37.65049],[97.50362,37.65727],[97.50668,37.65658],[97.50781,37.65766],[97.5121,37.65836],[97.51594,37.65775],[97.52023,37.65775],[97.5248,37.65812],[97.53025,37.65911],[97.54227,37.66047],[97.54939,37.65984],[97.5505,37.65921],[97.55168,37.65708],[97.55216,37.65309],[97.55304,37.65229],[97.5563,37.6534],[97.55965,37.65296],[97.56625,37.65462],[97.56795,37.65408],[97.56995,37.65231],[97.5717,37.65161],[97.5751,37.65207],[97.57642,37.65262],[97.57751,37.65355],[97.58351,37.65493],[97.58615,37.65394],[97.58723,37.65224],[97.5872,37.6512],[97.58915,37.64937],[97.58951,37.6445],[97.59177,37.64164],[97.59278,37.6397],[97.59405,37.63955],[97.59428,37.63954],[97.59477,37.63953],[97.5952,37.63887],[97.59848,37.63855],[97.60295,37.6366],[97.60619,37.63389],[97.61353,37.62946],[97.61655,37.62871],[97.61962,37.6272],[97.62183,37.62524],[97.62338,37.62507],[97.62837,37.62574],[97.62949,37.62529],[97.6355,37.62711],[97.65127,37.62934],[97.65644,37.62769],[97.65803,37.62745],[97.66082,37.62762],[97.66582,37.62964],[97.66865,37.62961],[97.67517,37.63053],[97.67863,37.628],[97.67976,37.62747],[97.68147,37.62727],[97.6835,37.62657],[97.68369,37.62617],[97.68494,37.62565],[97.6871,37.6253],[97.69099,37.62572],[97.69231,37.62551],[97.69392,37.62464],[97.69606,37.62269],[97.69877,37.6212],[97.70082,37.62055],[97.7083,37.62103],[97.71442,37.61872],[97.71802,37.6168],[97.71955,37.61643],[97.72905,37.61613],[97.73272,37.61644],[97.73598,37.61612],[97.73656,37.61576],[97.73869,37.61554],[97.74268,37.61425],[97.74804,37.61122],[97.75139,37.61025],[97.75573,37.60995]],[[96.54434,36.43812],[96.54478,36.44042],[96.54542,36.44144],[96.54812,36.4419],[96.55054,36.44325],[96.5528,36.44379],[96.56084,36.44309],[96.57014,36.44469],[96.57596,36.44494],[96.58295,36.44504],[96.59671,36.44393],[96.59918,36.44451],[96.60148,36.44465]],[[96.4055,36.45337],[96.40512,36.44595],[96.40436,36.43665]],[[96.32796,36.43983],[96.32913,36.43557],[96.33032,36.42695]],[[96.27963,36.41191],[96.27919,36.42315]],[[96.28812,36.41341],[96.28741,36.42506]],[[96.19419,36.37409],[96.19457,36.3778],[96.19329,36.38142],[96.19252,36.38589],[96.19225,36.39236],[96.19189,36.39315],[96.16066,36.39958],[96.12671,36.39649],[96.11644,36.39863],[96.10665,36.4037],[96.10211,36.40988],[96.09955,36.41231],[96.09601,36.41329],[96.09152,36.41727],[96.08321,36.42192],[96.0771,36.42444],[96.06856,36.43764],[96.06367,36.44253],[96.06159,36.4437],[96.04278,36.44799],[96.03234,36.44958],[96.01844,36.44971],[96.01511,36.45083],[95.99623,36.45167],[95.99101,36.45065]],[[96.31059,36.41579],[96.33955,36.42028],[96.34038,36.42011],[96.3505,36.38096]],[[95.78089,36.40303],[95.78081,36.41752]],[[95.78814,36.41241],[95.78818,36.37291]],[[95.70904,36.45458],[95.7101,36.44551],[95.71197,36.44546],[95.71203,36.4434],[95.71204,36.44091],[95.71246,36.43942],[95.71532,36.43674],[95.71665,36.43403],[95.72514,36.43162],[95.72629,36.43059],[95.75732,36.42064],[95.75857,36.41939]],[[95.85643,37.33118],[95.85668,37.33127],[95.85743,37.33155]],[[95.86567,37.32947],[95.86349,37.32877],[95.85875,37.32908],[95.85789,37.32955],[95.85668,37.33127],[95.8566,37.33139]],[[96.5329,36.83096],[96.5346,36.83389],[96.53593,36.83531],[96.53766,36.83659],[96.54085,36.83807],[96.56555,36.8434]],[[97.51718,36.05176],[97.5169,36.05163],[97.51636,36.05247],[97.51246,36.05325],[97.51049,36.05286]],[[97.39905,36.2132],[97.39861,36.21274],[97.39932,36.21063],[97.39907,36.20824],[97.40983,36.19627],[97.41385,36.18726],[97.41552,36.18525],[97.42411,36.17265],[97.42494,36.16957],[97.43074,36.16492],[97.43312,36.16095],[97.43727,36.15599],[97.43887,36.15229],[97.43975,36.14862],[97.43931,36.14788],[97.43931,36.14557],[97.43887,36.14382],[97.44024,36.14055],[97.44009,36.13853],[97.44133,36.1349],[97.44243,36.13336],[97.44342,36.12958],[97.44501,36.11143],[97.44669,36.10376],[97.44761,36.09527],[97.45195,36.07494],[97.44923,36.06537]],[[97.05729,37.50039],[97.05745,37.50094],[97.05896,37.5012],[97.06189,37.50271],[97.06409,37.50454],[97.0644,37.50515],[97.06446,37.50562],[97.06415,37.5056],[97.06166,37.50439],[97.06138,37.50491],[97.06111,37.50452],[97.06021,37.50498],[97.0603,37.50608],[97.06184,37.51046],[97.06246,37.51132],[97.06508,37.51135],[97.06798,37.51183],[97.07277,37.51943],[97.07459,37.51916],[97.07608,37.51936],[97.08682,37.52193],[97.08727,37.52234],[97.08704,37.52309],[97.08734,37.52555],[97.08656,37.52559],[97.08802,37.52619],[97.08853,37.52702],[97.08925,37.52714],[97.0904,37.52791],[97.09164,37.52813],[97.09257,37.52889],[97.09314,37.52854],[97.09364,37.52878],[97.09494,37.52856],[97.09598,37.52872],[97.09648,37.52967],[97.09986,37.53118],[97.10466,37.53517],[97.10654,37.53558],[97.10731,37.53656],[97.10783,37.53634],[97.10979,37.53807],[97.10787,37.5382],[97.10952,37.53899],[97.11284,37.54211],[97.11376,37.54338],[97.11511,37.54379],[97.11554,37.5436],[97.11696,37.54481],[97.11797,37.54423],[97.1177,37.54341],[97.11821,37.54321],[97.12001,37.5444],[97.12017,37.54371],[97.12039,37.54381],[97.12095,37.54494],[97.12283,37.54486],[97.12509,37.54575],[97.12279,37.54679],[97.12255,37.55007],[97.12317,37.54991],[97.12354,37.55059],[97.12224,37.5517],[97.12095,37.55419],[97.12128,37.55651],[97.12034,37.55775],[97.12056,37.55814],[97.12022,37.55881],[97.1211,37.56491],[97.12546,37.57191],[97.12739,37.57266],[97.12771,37.57318],[97.12721,37.57394],[97.12778,37.57468],[97.12651,37.57516],[97.12998,37.57994],[97.13233,37.5825],[97.13566,37.58435],[97.13753,37.58442],[97.14321,37.58572],[97.14713,37.59398],[97.14894,37.60183],[97.149,37.60341],[97.15095,37.60345]],[[97.29379,37.67416],[97.28147,37.68433],[97.27987,37.6849],[97.27938,37.68651],[97.27074,37.69782],[97.26003,37.70408],[97.25577,37.70693],[97.25141,37.71335],[97.24857,37.71649],[97.24779,37.71815],[97.24604,37.71933],[97.24456,37.72091],[97.24454,37.7217],[97.24499,37.72236],[97.24582,37.72276],[97.24564,37.72333],[97.23497,37.7268],[97.23131,37.72753],[97.21018,37.73519],[97.19659,37.73945],[97.19287,37.74242],[97.19197,37.74276],[97.17001,37.74665],[97.16746,37.74689],[97.1655,37.74671],[97.16381,37.74719],[97.16167,37.7473],[97.15605,37.75205],[97.15731,37.75317],[97.1572,37.75351],[97.15384,37.75929],[97.15244,37.76076],[97.1513,37.7639],[97.1504,37.76504],[97.14688,37.76638],[97.14433,37.76673],[97.14168,37.76608],[97.13075,37.76163],[97.12543,37.7611],[97.12369,37.76062],[97.11599,37.76036],[97.11493,37.76003],[97.11328,37.76111],[97.11233,37.76218],[97.11076,37.76491],[97.11109,37.76584],[97.11407,37.76883],[97.11631,37.76955],[97.11646,37.77017],[97.11649,37.78506],[97.11499,37.79341],[97.11638,37.79735],[97.1175,37.79875],[97.11815,37.80026],[97.11787,37.80298],[97.11739,37.80408],[97.11671,37.80432],[97.11421,37.80427],[97.11323,37.80493],[97.11317,37.80613]],[[97.07465,37.79441],[97.06711,37.79234],[97.05817,37.7938],[97.05377,37.7932],[97.05061,37.79434]],[[95.21717,36.77082],[95.21759,36.78549],[95.21722,36.78577],[95.21405,36.7861],[95.2135,36.78737],[95.21365,36.79363],[95.21492,36.79427],[95.21711,36.86977],[95.24034,36.86943],[95.2455,36.86963],[95.25081,36.87103],[95.27133,36.87056],[95.27095,36.86075]],[[97.35831,37.35703],[97.36115,37.35715],[97.36142,37.35672],[97.36379,37.35706],[97.36387,37.35707],[97.36906,37.3575]],[[97.05048,37.48675],[97.04847,37.48425],[97.04832,37.48406],[97.04626,37.47883],[97.04302,37.47382],[97.04293,37.47278],[97.04199,37.47202],[97.03939,37.46593],[97.03071,37.45054],[97.0277,37.44247],[97.02834,37.43834],[97.02788,37.42834],[97.02452,37.42194],[97.02397,37.41922],[97.02686,37.40851],[97.02844,37.404],[97.02796,37.4003],[97.02819,37.39842],[97.02997,37.39516],[97.0392,37.38573],[97.04273,37.38132],[97.04268,37.37662],[97.0435,37.3755],[97.04649,37.37418],[97.05323,37.36963],[97.05623,37.36677],[97.06174,37.36331],[97.06978,37.35622],[97.09128,37.34456]],[[95.28514,37.86307],[95.28269,37.86474],[95.27996,37.86321],[95.27165,37.86384],[95.26411,37.86691]],[[95.37549,37.93224],[95.37842,37.93325],[95.37979,37.9341]],[[96.7143,37.34507],[96.71437,37.35428],[96.71438,37.35668],[96.71671,37.35758],[96.72705,37.35765],[96.73006,37.35762],[96.73012,37.35597],[96.73235,37.35589],[96.73157,37.35455],[96.73334,37.35386],[96.73326,37.35423]],[[95.39423,36.77598],[95.39897,36.77315],[95.40218,36.77209],[95.40239,36.77153],[95.40188,36.76976]],[[95.22555,36.71637],[95.22547,36.71952],[95.2205,36.71963],[95.22042,36.71628],[95.22079,36.71625],[95.22075,36.715],[95.21992,36.71502],[95.21988,36.71436]],[[95.20823,36.71458],[95.2084,36.71671],[95.21856,36.71652],[95.21849,36.71438]],[[95.20625,36.71462],[95.20656,36.72464],[95.20696,36.7386],[95.20716,36.74285]],[[95.20173,36.72989],[95.20252,36.72924],[95.20242,36.72475],[95.19387,36.72489]],[[95.23045,36.71415],[95.23134,36.74371],[95.2316,36.75496]],[[97.31747,37.36024],[97.31713,37.36026],[97.31705,37.36256]],[[97.31894,37.36187],[97.31935,37.36268],[97.31921,37.36324]],[[95.85271,37.3538],[95.85011,37.35138]],[[97.45878,37.37798],[97.45889,37.37821],[97.4591,37.3786],[97.45953,37.37872],[97.46199,37.37817]],[[97.40512,37.37236],[97.40478,37.3727],[97.3976,37.36981]],[[97.40785,37.36707],[97.40771,37.36599],[97.40712,37.36551],[97.40404,37.36485],[97.40284,37.36395],[97.40143,37.36356],[97.40046,37.36286]],[[97.42863,37.36171],[97.42702,37.36026],[97.426,37.35852],[97.42441,37.35746],[97.42115,37.35664],[97.41859,37.35519],[97.41283,37.35478]],[[97.36668,37.33889],[97.36713,37.34348],[97.36763,37.34374],[97.36775,37.34486],[97.36548,37.35106]],[[97.36646,37.35107],[97.36614,37.35073],[97.36766,37.34633],[97.36932,37.34668],[97.36999,37.3456],[97.36792,37.34486],[97.36782,37.34486],[97.36775,37.34486]],[[97.38089,37.28927],[97.38086,37.287],[97.37881,37.28696]],[[97.27065,37.35335],[97.2705,37.3465]],[[97.28886,37.36337],[97.28835,37.36305],[97.28276,37.3631]],[[97.34509,37.30337],[97.34456,37.30393],[97.34428,37.30611],[97.34579,37.30678],[97.3463,37.30709],[97.34779,37.3072]],[[97.33458,37.29891],[97.34236,37.29961],[97.34497,37.29963],[97.34566,37.29963]],[[97.40288,37.29958],[97.40497,37.3008],[97.40715,37.29908],[97.40784,37.29851],[97.40855,37.29792],[97.40997,37.29675],[97.41141,37.29556]],[[97.35148,37.32025],[97.35127,37.32004],[97.35029,37.31943],[97.35012,37.31785],[97.35397,37.31764],[97.35604,37.3163]],[[97.3486,37.31847],[97.35012,37.31785]],[[97.34616,37.31256],[97.34871,37.31055],[97.34826,37.31046],[97.34832,37.31013]],[[97.35006,37.31058],[97.34871,37.31055]],[[97.35214,37.30976],[97.35451,37.30968],[97.35398,37.3044],[97.35386,37.30355],[97.35339,37.29996]],[[97.35475,37.31328],[97.35453,37.31153],[97.35451,37.30968]],[[99.36325,36.64853],[99.35767,36.64741],[99.35522,36.64751],[99.19944,36.62182],[99.15638,36.62078],[99.07325,36.65128],[99.07053,36.65208],[99.05222,36.656],[99.04884,36.63251],[99.05476,36.60918],[99.0574,36.60409],[99.05982,36.59566],[99.05978,36.59332],[99.06083,36.58671],[99.05888,36.58171],[99.05886,36.58082],[99.05954,36.57961],[99.05945,36.57921],[99.05287,36.57192],[99.04802,36.56554],[99.04561,36.56217],[99.04564,36.56128],[99.04373,36.5584],[99.04077,36.55544],[99.04073,36.55466],[99.03904,36.55157],[99.03426,36.54499],[99.02628,36.53602],[99.02417,36.53407]],[[98.86456,36.70595],[98.86921,36.70355],[98.87003,36.70346],[98.87071,36.70398],[98.87315,36.7081]],[[98.81657,37.01511],[98.81082,37.01673],[98.80605,37.01738],[98.80158,37.01762],[98.80081,37.01642],[98.79824,37.01247]],[[98.10112,36.29513],[98.10139,36.29293],[98.10537,36.29253],[98.11256,36.29169],[98.11347,36.29161],[98.11401,36.29156],[98.1141,36.29155],[98.11533,36.29143],[98.11528,36.29106],[98.11518,36.29043],[98.1153,36.29014],[98.11647,36.29004],[98.12017,36.28881],[98.12026,36.28878],[98.12034,36.28876],[98.12052,36.2887],[98.12147,36.28839],[98.12341,36.28916],[98.12345,36.2896]],[[99.1708,36.70979],[99.17643,36.71631],[99.17788,36.71721],[99.18723,36.72602],[99.1935,36.73256],[99.19936,36.74526]],[[99.30657,36.70419],[99.30635,36.70479],[99.30616,36.70514],[99.30544,36.70607],[99.30369,36.70666],[99.30372,36.70689]],[[99.30668,36.70692],[99.30632,36.70676],[99.30544,36.70607]],[[99.30023,36.68203],[99.31407,36.67073],[99.31736,36.66814]],[[98.23086,36.98899],[98.23017,36.98707],[98.22996,36.98651],[98.22677,36.97739]],[[98.62417,37.00722],[98.62424,37.00794],[98.62491,37.00825],[98.62529,37.00889],[98.62457,37.01217],[98.62374,37.01675]],[[98.14262,36.41381],[98.1397,36.42061]],[[98.53628,36.99974],[98.53731,36.99939],[98.5383,36.99861],[98.53953,36.997],[98.54022,36.99655],[98.5406,36.99616],[98.54035,36.99541],[98.54119,36.99519],[98.54195,36.99645],[98.54295,36.99772],[98.546,36.99927],[98.54788,36.99977],[98.55117,36.99999],[98.55279,37.00046],[98.55338,36.99952]],[[98.53643,36.98894],[98.53834,36.99151],[98.54029,36.99141],[98.54051,36.99164],[98.54053,36.99195],[98.54078,36.99434],[98.54119,36.99519]],[[98.44671,36.94471],[98.44629,36.94291],[98.44502,36.93742]],[[98.68511,37.49467],[98.68411,37.49477]],[[98.71361,37.42446],[98.71308,37.4238]],[[98.82352,37.87814],[98.82241,37.87847],[98.82227,37.87851],[98.82151,37.87876],[98.82029,37.87721],[98.81574,37.87298],[98.81442,37.87128],[98.81379,37.86919],[98.81244,37.86682],[98.81337,37.86564],[98.81348,37.86353],[98.81229,37.86217],[98.80512,37.85647],[98.80228,37.85248],[98.80057,37.85095],[98.79946,37.84898],[98.79526,37.84556],[98.79287,37.84494],[98.78904,37.84529],[98.78565,37.84775],[98.78152,37.85002],[98.77662,37.85067],[98.77402,37.85137],[98.77156,37.85103],[98.76921,37.85156],[98.76826,37.85248],[98.76506,37.85403],[98.76454,37.85522],[98.76214,37.85609],[98.76122,37.85601],[98.7596,37.85666],[98.75858,37.85749],[98.75637,37.85833],[98.75574,37.85897],[98.75487,37.86106],[98.75477,37.86257],[98.7454,37.86758],[98.74319,37.8704],[98.74229,37.8706],[98.74104,37.87183],[98.73992,37.87231],[98.73935,37.87335],[98.73398,37.87794]],[[98.40657,37.89273],[98.40761,37.89422],[98.40984,37.89429],[98.41073,37.89376],[98.41111,37.89442],[98.41146,37.89516],[98.41172,37.89573],[98.41101,37.89652],[98.41098,37.89891],[98.41627,37.90419],[98.41986,37.90542],[98.42119,37.90638],[98.42545,37.90817],[98.43043,37.91272],[98.4313,37.91391],[98.4363,37.91713],[98.43941,37.91965],[98.44235,37.92029],[98.44698,37.92262],[98.44956,37.92506],[98.45726,37.93371],[98.46348,37.93866],[98.46636,37.93931],[98.46795,37.94138],[98.46745,37.94298],[98.46819,37.94561],[98.47659,37.94643],[98.48018,37.94566],[98.48293,37.94567],[98.4849,37.94605],[98.48705,37.94691],[98.48978,37.94835],[98.49603,37.95379],[98.50656,37.96043],[98.50972,37.96526],[98.51218,37.96537],[98.5129,37.96442],[98.51337,37.9644],[98.5143,37.96461],[98.51508,37.96551],[98.51625,37.96512],[98.51818,37.96522],[98.51991,37.96583],[98.52103,37.96663],[98.52255,37.97036],[98.52399,37.97175],[98.53325,37.97775],[98.53401,37.98022],[98.53352,37.98414],[98.53101,37.98727],[98.52979,37.99047],[98.53072,37.9931],[98.53033,37.99503],[98.53058,37.99786],[98.5302,37.99816],[98.52915,37.99775],[98.52874,37.99828],[98.52961,37.99951],[98.52988,38.0015],[98.53123,38.00398],[98.53101,38.00819],[98.53047,38.00954],[98.5308,38.01225],[98.5319,38.0148],[98.53179,38.01527],[98.5344,38.01694],[98.53525,38.01868],[98.53094,38.02385],[98.52459,38.02516],[98.52419,38.02553],[98.5254,38.02742],[98.52567,38.03258],[98.52743,38.03581],[98.52777,38.0378],[98.5285,38.03908]],[[99.19383,37.65837],[99.19657,37.65777],[99.20339,37.66087],[99.20518,37.66077],[99.20858,37.66173],[99.21856,37.66256],[99.22326,37.66218],[99.2256,37.66234],[99.23266,37.66097],[99.23841,37.66081],[99.24086,37.65996],[99.24159,37.65917],[99.25005,37.65679],[99.25386,37.65658],[99.25632,37.65752],[99.25778,37.65715],[99.26532,37.65797],[99.26724,37.65843],[99.27058,37.65789],[99.28098,37.65556],[99.28266,37.65461],[99.28571,37.65391],[99.2897,37.65183],[99.29588,37.6506],[99.29727,37.6498],[99.29825,37.64834],[99.301,37.64708],[99.30214,37.64377],[99.30681,37.6387],[99.31294,37.63682],[99.31856,37.63558],[99.3204,37.63564],[99.322,37.63514],[99.32368,37.63392],[99.324,37.63557],[99.3236,37.63814],[99.32355,37.63859],[99.32366,37.63879],[99.3251,37.63881],[99.32523,37.63908],[99.32359,37.64042],[99.32158,37.64155],[99.31964,37.64219],[99.31322,37.64282],[99.31068,37.64426],[99.31013,37.64438],[99.30979,37.64445]],[[97.74133,37.42263],[97.73736,37.42588],[97.73854,37.43159],[97.73822,37.43361],[97.73741,37.43539],[97.73801,37.43968],[97.73751,37.44055],[97.73654,37.4418],[97.73588,37.44237],[97.73482,37.44173],[97.73518,37.44262],[97.73504,37.44434],[97.72575,37.45406],[97.72571,37.45522],[97.72472,37.45624],[97.72227,37.45792],[97.72085,37.45777],[97.71894,37.45813],[97.71661,37.45814],[97.71555,37.4584],[97.71456,37.45944],[97.71036,37.45984],[97.7099,37.46028],[97.7099,37.46096],[97.71151,37.46172],[97.70561,37.46166],[97.70062,37.46321],[97.69689,37.46664],[97.69637,37.46831],[97.69608,37.4719],[97.69635,37.4752],[97.69712,37.48117],[97.69838,37.48414],[97.69782,37.48451],[97.69725,37.48573],[97.69592,37.49344],[97.6963,37.49681],[97.69694,37.499],[97.69547,37.49865],[97.69488,37.49905],[97.69549,37.50109],[97.69533,37.5023],[97.69483,37.50461],[97.69344,37.50727],[97.69421,37.51132],[97.69328,37.5133],[97.69342,37.51377],[97.69309,37.51399],[97.69337,37.51497],[97.69152,37.51808],[97.69139,37.51996],[97.69064,37.5201]],[[99.35907,37.37464],[99.35753,37.37321],[99.35494,37.37355],[99.35508,37.37529],[99.3546,37.37677]],[[99.08215,37.32861],[99.08264,37.32814],[99.08581,37.32773],[99.09023,37.32655],[99.09022,37.32339]],[[98.99556,37.34722],[98.99899,37.34563],[99.00172,37.3448],[99.00343,37.34153],[99.00701,37.33851],[99.01186,37.3319]],[[99.29414,37.52148],[99.29489,37.52111]],[[99.3497,37.57801],[99.35004,37.57787],[99.35042,37.57762],[99.35145,37.57755],[99.3535,37.57585]],[[99.22468,37.36472],[99.22043,37.3623],[99.21986,37.36126],[99.22686,37.35998],[99.23275,37.36011],[99.23955,37.35639],[99.2413,37.3549],[99.24242,37.35291],[99.24526,37.35114],[99.24811,37.35004],[99.25267,37.34926]],[[99.23448,37.33468],[99.23349,37.33763],[99.2272,37.35213],[99.22134,37.35879],[99.22001,37.3594],[99.21949,37.3602],[99.21986,37.36126]],[[99.22034,37.36335],[99.22079,37.36311],[99.22043,37.3623]],[[99.3688,37.59501],[99.36983,37.59452],[99.36996,37.59433]],[[99.21823,37.13503],[99.21775,37.13502],[99.20767,37.13466]],[[98.09407,36.31206],[98.09533,36.31245],[98.09612,36.31333],[98.09624,36.31347],[98.09768,36.31513],[98.09956,36.31883],[98.1043,36.32737],[98.11031,36.3379],[98.11025,36.33793],[98.10937,36.3383],[98.10895,36.33849],[98.10631,36.33974],[98.10815,36.34402],[98.10586,36.34949],[98.10331,36.35084],[98.10198,36.35084],[98.10133,36.35081],[98.10127,36.35081],[98.10064,36.35078],[98.10059,36.35078],[98.0998,36.35075],[98.09834,36.35068],[98.09826,36.35068],[98.09765,36.35065],[98.09754,36.35065],[98.09693,36.35062],[98.09655,36.3506],[98.09588,36.35057],[98.09565,36.35056],[98.08721,36.35021]],[[98.85054,36.86052],[98.85202,36.85885],[98.8553,36.85712],[98.86292,36.85579],[98.86477,36.85607],[98.86681,36.85544],[98.8774,36.85451],[98.89373,36.84924],[98.89564,36.84721],[98.89545,36.84607],[98.89854,36.84299],[98.90009,36.84157],[98.90367,36.83958],[98.90407,36.83936],[98.90474,36.839],[98.90751,36.83663],[98.90872,36.83642]],[[99.28883,37.1709],[99.28631,37.16043],[99.28631,37.15928],[99.2903,37.14739],[99.28991,37.14339],[99.2887,37.14006],[99.28744,37.13571],[99.28596,37.13402],[99.28394,37.12991],[99.28072,37.1275],[99.28021,37.12665],[99.27695,37.12382],[99.27613,37.12199],[99.27459,37.12103],[99.27326,37.12092],[99.27186,37.12035],[99.26577,37.11633],[99.26362,37.11311],[99.26285,37.10904],[99.26229,37.10824],[99.25781,37.10873],[99.25201,37.10868],[99.24351,37.11031],[99.23845,37.11178],[99.23255,37.11277],[99.22481,37.11347],[99.22077,37.1128],[99.21987,37.11087],[99.21909,37.11097]],[[98.81814,37.37002],[98.81424,37.36566],[98.80426,37.34801],[98.80371,37.34318]],[[98.40043,37.24204],[98.40141,37.24227],[98.40177,37.24365],[98.40214,37.24383],[98.40603,37.24324],[98.40797,37.24328],[98.44773,37.24654],[98.44889,37.24701],[98.45718,37.25531],[98.45724,37.25652],[98.45633,37.25866],[98.45623,37.26027],[98.45658,37.26243],[98.45808,37.26489],[98.4589,37.26711],[98.45784,37.27122],[98.45832,37.27483],[98.45815,37.27548],[98.45747,37.27601],[98.45756,37.27813],[98.45838,37.28072],[98.45992,37.28224],[98.46035,37.28307],[98.46188,37.28589],[98.4618,37.28761],[98.45962,37.29062],[98.45699,37.29175],[98.45643,37.29344],[98.45532,37.29429],[98.45382,37.29477],[98.44857,37.29986],[98.44631,37.30054],[98.44323,37.30304],[98.44315,37.30393],[98.44127,37.30524],[98.43912,37.309],[98.4382,37.31316],[98.43572,37.31434],[98.43518,37.31506],[98.43512,37.31631],[98.43556,37.31761],[98.43533,37.31839],[98.43399,37.31957],[98.43181,37.31989],[98.43009,37.32051],[98.4295,37.32166],[98.42905,37.32544],[98.42684,37.32595]],[[98.49849,36.0415],[98.49161,36.04176],[98.48839,36.04272],[98.48572,36.04476],[98.48263,36.04889],[98.48036,36.05024],[98.47816,36.05227],[98.47523,36.05588],[98.46671,36.05863],[98.46422,36.05862],[98.46124,36.0607],[98.46031,36.062],[98.46002,36.06303],[98.45818,36.0638],[98.45728,36.06464],[98.45748,36.06586],[98.45708,36.06688],[98.45768,36.06798],[98.4573,36.0698],[98.4519,36.07385],[98.45159,36.07579],[98.45179,36.07731],[98.44864,36.08137],[98.44863,36.08509],[98.44914,36.08738],[98.4479,36.0891],[98.44691,36.08972],[98.44329,36.09102],[98.44119,36.0925],[98.43985,36.09407],[98.43883,36.09632],[98.43294,36.09926],[98.43097,36.10242],[98.42677,36.10425],[98.42162,36.10738],[98.41953,36.10719],[98.41755,36.10776],[98.41496,36.10979],[98.41102,36.1122],[98.40923,36.1114],[98.40873,36.11159],[98.40807,36.11352],[98.40593,36.11476],[98.40372,36.11686],[98.40321,36.11782],[98.40279,36.12041],[98.40355,36.12287],[98.40411,36.12369],[98.40403,36.12531],[98.39964,36.13026],[98.39846,36.13309],[98.3978,36.13383],[98.39735,36.13409],[98.37759,36.13715],[98.37368,36.13834],[98.37219,36.1397],[98.36803,36.14151],[98.36671,36.14339],[98.36492,36.14494],[98.36283,36.14457],[98.36183,36.14467],[98.3586,36.14646],[98.35831,36.1469],[98.35832,36.14784],[98.3562,36.15037],[98.35663,36.15129],[98.35633,36.1516],[98.35432,36.15176],[98.35287,36.15256],[98.34861,36.15591],[98.34808,36.15602],[98.34733,36.15612],[98.34528,36.15644],[98.34158,36.15793],[98.33744,36.16059],[98.33098,36.16338]],[[98.25516,36.98321],[98.25409,36.97977],[98.25249,36.97706],[98.2532,36.97767],[98.25887,36.98028],[98.26026,36.98045],[98.26322,36.98216],[98.26337,36.9827],[98.26343,36.98308],[98.26381,36.98448]],[[98.25198,36.97507],[98.25249,36.97706]],[[98.18048,36.43967],[98.18235,36.43857],[98.18372,36.43813],[98.18342,36.43683],[98.18319,36.43487],[98.18158,36.43328],[98.17752,36.4347],[98.17173,36.43498],[98.16603,36.43619],[98.1646,36.43622],[98.16014,36.43593],[98.15377,36.43352],[98.15537,36.42839],[98.15539,36.42827],[98.15569,36.42687],[98.15547,36.42614],[98.15519,36.42555]],[[98.1523,36.43328],[98.15377,36.43352]],[[98.18172,36.43311],[98.18158,36.43328]],[[98.13287,36.41144],[98.13148,36.41451],[98.1314,36.41469],[98.13125,36.41503],[98.13076,36.41611],[98.13065,36.41638],[98.13029,36.41718]],[[98.13206,36.41785],[98.13264,36.41698],[98.13312,36.41629],[98.1332,36.41617],[98.13375,36.41537],[98.13402,36.41497],[98.13642,36.41204]],[[98.13019,36.41113],[98.12926,36.41328],[98.12933,36.41436],[98.12927,36.41472],[98.12911,36.41537],[98.12898,36.41589],[98.12877,36.41671]],[[98.06225,36.05318],[98.06108,36.05469],[98.05951,36.05557]],[[98.14646,36.42249],[98.14949,36.41576]],[[98.16834,36.11839],[98.16895,36.11686],[98.17079,36.11563],[98.17541,36.11395],[98.17548,36.11391],[98.17554,36.11387],[98.17567,36.11378],[98.17615,36.11359]],[[98.15628,36.41769],[98.15315,36.42498]],[[99.32619,36.67663],[99.31407,36.67073],[99.29277,36.66037]],[[98.25203,36.35563],[98.25132,36.35561],[98.25069,36.35505],[98.2505,36.35274],[98.2499,36.35238],[98.24604,36.35259],[98.24528,36.35326],[98.24307,36.35404],[98.24217,36.35527],[98.23746,36.35569],[98.23435,36.35531],[98.23209,36.35629],[98.22901,36.35521],[98.22296,36.35553],[98.2214,36.35622],[98.21825,36.35657],[98.21362,36.35825],[98.21055,36.35971],[98.20696,36.36079],[98.20665,36.36105],[98.20672,36.36183],[98.20554,36.36204],[98.20462,36.36259],[98.20418,36.36131],[98.2038,36.36112],[98.20301,36.363],[98.20273,36.36292],[98.20266,36.36199],[98.20197,36.36148],[98.2021,36.3625],[98.20142,36.36349],[98.20113,36.36336],[98.20114,36.36222],[98.20008,36.36314],[98.19665,36.36366],[98.19559,36.36183],[98.19538,36.35963],[98.19475,36.35909],[98.19192,36.35874],[98.18686,36.35664],[98.18336,36.35461],[98.17942,36.35305],[98.17611,36.35111],[98.17349,36.35041],[98.1687,36.34709],[98.16698,36.3466],[98.16322,36.34672],[98.16031,36.34548],[98.1589,36.34397],[98.15716,36.34372],[98.15613,36.34419],[98.15043,36.34275],[98.15012,36.34269],[98.14649,36.34171],[98.1574,36.32984],[98.15875,36.32931],[98.15917,36.32919],[98.16184,36.32822],[98.16267,36.32833],[98.17704,36.32428],[98.18126,36.32179],[98.18256,36.32063],[98.19163,36.31528],[98.19199,36.31506],[98.193,36.3146],[98.19687,36.31391],[98.20176,36.31197],[98.23356,36.30376],[98.25036,36.30782],[98.25128,36.30787],[98.25224,36.3078],[98.25178,36.30688],[98.25204,36.30568],[98.25153,36.3028],[98.25383,36.29877],[98.25947,36.29232],[98.25988,36.2914],[98.26175,36.29022],[98.26317,36.28925],[98.26464,36.28741],[98.26706,36.28529],[98.27322,36.28137],[98.27642,36.27975],[98.27698,36.27921],[98.28949,36.27757],[98.29149,36.27656],[98.29376,36.27691]],[[98.08663,36.32917],[98.08864,36.32896],[98.08988,36.32885],[98.1043,36.32737]],[[98.05709,36.36869],[98.05976,36.36868],[98.06107,36.36865],[98.06165,36.36729],[98.06739,36.3672],[98.07006,36.36662],[98.0709,36.36514],[98.07841,36.36511],[98.08771,36.36549]],[[99.18602,37.19669],[99.19062,37.2004],[99.19489,37.20099],[99.20534,37.20228]],[[97.77643,37.27124],[97.7777,37.2753],[97.77798,37.27732],[97.77963,37.28198],[97.79066,37.28942],[97.79349,37.29398],[97.79336,37.29538],[97.78622,37.31509],[97.7907,37.33297],[97.79171,37.33536],[97.79177,37.33736],[97.78967,37.33771],[97.7954,37.34776]],[[97.73731,37.36584],[97.73763,37.36527],[97.74442,37.36181],[97.75091,37.36011],[97.75202,37.34916]],[[99.07388,36.87632],[99.07502,36.87555],[99.07518,36.87496],[99.07629,36.87535],[99.07646,36.87476],[99.07699,36.87563],[99.07704,36.87707],[99.07563,36.87885],[99.07737,36.88199],[99.07287,36.88576],[99.07129,36.88925],[99.06989,36.89078],[99.06777,36.89217],[99.06782,36.89277],[99.06592,36.89574],[99.06306,36.89795],[99.06323,36.89829],[99.06009,36.90322],[99.061,36.90887]],[[99.04617,36.82323],[99.04699,36.8242],[99.06243,36.84297],[99.06289,36.84316],[99.06786,36.84305],[99.06876,36.84456],[99.0694,36.84501],[99.0736,36.85191],[99.07315,36.8555],[99.07318,36.85863],[99.07255,36.85953],[99.07397,36.86142],[99.07551,36.86471],[99.0755,36.86478],[99.07685,36.86988],[99.07599,36.87194],[99.0765,36.87301],[99.07646,36.87476]],[[98.45297,37.04016],[98.4462,37.04443],[98.44365,37.04498],[98.44174,37.04622],[98.44022,37.04797],[98.43986,37.05097],[98.43915,37.05283],[98.43417,37.05557],[98.43239,37.05598],[98.43166,37.05707],[98.43062,37.05663],[98.43022,37.05714],[98.42959,37.0566],[98.42829,37.05727],[98.42591,37.06088],[98.42412,37.06267],[98.42206,37.06559],[98.41543,37.07077]],[[98.91034,36.92056],[98.91196,36.92064],[98.91398,36.91993],[98.91698,36.9211],[98.91895,36.92118],[98.92223,36.92217],[98.92489,36.92254],[98.92853,36.92253],[98.93353,36.92332],[98.93559,36.92311],[98.9407,36.9217],[98.94377,36.91954],[98.9448,36.91928],[98.94678,36.91937],[98.95491,36.91856],[98.95839,36.91856],[98.95947,36.91882],[98.96101,36.92058],[98.962,36.9207],[98.96589,36.92288],[98.96686,36.92459],[98.96924,36.92559],[98.97177,36.92782],[98.97419,36.93678],[98.97565,36.93928],[98.9774,36.94024],[98.98013,36.94298],[98.98163,36.94687],[98.98273,36.94798],[98.98303,36.94909],[98.98584,36.95377],[98.9888,36.95776],[98.98892,36.95866],[98.9896,36.95965],[98.99077,36.95993],[98.99144,36.9605],[98.9916,36.96127],[98.99267,36.9615],[98.99544,36.96345],[98.99892,36.96517],[99.00036,36.96644],[99.00082,36.97036],[99.00168,36.97282],[99.0055,36.97576],[99.00766,36.97627],[99.0156,36.98483],[99.02113,36.98754],[99.02702,36.99053],[99.02802,36.99264],[99.02984,36.99455],[99.03069,36.99598],[99.03127,36.99999],[99.03303,37.00356],[99.04285,37.00373],[99.04557,37.0034],[99.04951,37.00198],[99.05216,37.00146],[99.05502,37.00183],[99.05589,37.00046],[99.05788,37.00021],[99.06138,36.99905],[99.06289,36.99896],[99.07012,36.99585],[99.07176,36.99487],[99.07302,36.99455],[99.07379,36.99409],[99.07429,36.99281],[99.07548,36.99261],[99.07731,36.9917],[99.07584,36.99197],[99.07579,36.99176],[99.07881,36.99032],[99.07992,36.99038],[99.08295,36.9883],[99.08506,36.98812],[99.08855,36.98635],[99.0897,36.98617],[99.09165,36.98509],[99.09668,36.98342],[99.10032,36.98258],[99.10238,36.98104],[99.10406,36.98089],[99.10657,36.97995],[99.11042,36.97744],[99.11485,36.97601],[99.1162,36.97522],[99.12054,36.97425],[99.12392,36.9746],[99.12505,36.97571],[99.12543,36.97571],[99.12561,36.97564],[99.12805,36.97395],[99.13248,36.97408],[99.13346,36.97368],[99.13681,36.97344],[99.13917,36.97384],[99.14068,36.9752],[99.14475,36.97674],[99.15018,36.97787],[99.15563,36.978],[99.15926,36.97691],[99.15904,36.97611],[99.15793,36.97542],[99.15771,36.97481],[99.15848,36.97495],[99.15958,36.97447],[99.16269,36.97423],[99.16396,36.97264],[99.16719,36.9699],[99.16834,36.96848],[99.17118,36.96722],[99.18085,36.96484],[99.18509,36.96496],[99.18889,36.96464],[99.19662,36.9628],[99.20458,36.9661],[99.20526,36.96726],[99.20664,36.96827],[99.2072,36.96944],[99.21479,36.97147],[99.21582,36.97164],[99.21839,36.97138],[99.22145,36.97206],[99.22194,36.97235],[99.22239,36.97383],[99.22354,36.97455],[99.22601,36.97503],[99.22794,36.97654],[99.22871,36.97767],[99.2291,36.97938],[99.22824,36.98172],[99.22822,36.98329],[99.22936,36.98542],[99.23073,36.98683],[99.23223,36.99016],[99.2333,36.99066],[99.23523,36.99331],[99.23815,36.99535],[99.23916,36.9969],[99.23954,36.99945],[99.23851,37.00422],[99.23892,37.0054],[99.24011,37.00688],[99.23977,37.0071],[99.23801,37.00689],[99.23739,37.00695],[99.23583,37.00701],[99.23538,37.00733],[99.23726,37.00908],[99.23811,37.01299],[99.23768,37.01495],[99.2425,37.02823],[99.24345,37.03025],[99.24347,37.03231],[99.24169,37.0388],[99.23779,37.04509],[99.23459,37.04899],[99.22867,37.05742],[99.22562,37.06246],[99.22474,37.06565],[99.22529,37.07284],[99.22128,37.08076]],[[98.9813,37.04601],[98.98487,37.04393],[98.98747,37.04314],[98.99305,37.03998],[98.99551,37.03919],[99.00117,37.03603],[99.0048,37.03448],[99.00986,37.03352],[99.01291,37.03244],[99.0158,37.03195],[99.03152,37.02146],[99.03266,37.02016],[99.03347,37.01993],[99.03757,37.01465],[99.03895,37.01446],[99.03592,37.00988],[99.03303,37.00356]],[[99.23445,36.72627],[99.23466,36.72653],[99.23487,36.72687],[99.24092,36.73712],[99.2454,36.73919],[99.25122,36.74059],[99.2478,36.74436],[99.25251,36.74991],[99.25351,36.75027],[99.25545,36.75228],[99.26135,36.75591],[99.27906,36.76447]],[[99.13798,36.77599],[99.13818,36.77624],[99.13837,36.77648],[99.14262,36.78227],[99.14259,36.78318],[99.14322,36.78407],[99.1447,36.7834],[99.14408,36.78252],[99.14259,36.78318]],[[99.09937,36.75181],[99.10058,36.75214],[99.10118,36.75389],[99.09962,36.75519],[99.09829,36.75756],[99.09754,36.75827],[99.09796,36.75927],[99.09747,36.76043],[99.09495,36.76094],[99.09194,36.76239]],[[98.41166,36.96406],[98.40937,36.96174],[98.40926,36.96164],[98.40394,36.95674],[98.39659,36.95704]],[[99.18746,37.17053],[99.18616,37.17059],[99.18544,37.17121],[99.1814,37.17686],[99.18011,37.18011],[99.17321,37.19222]],[[98.47609,36.94197],[98.4779,36.94198],[98.4808,36.942],[98.48266,36.94199]],[[98.48086,36.93703],[98.48084,36.93876],[98.48082,36.94016],[98.4779,36.94015],[98.4779,36.94198]],[[98.47797,36.93698],[98.47793,36.93873],[98.4779,36.94015],[98.47607,36.94014]],[[98.47604,36.93695],[98.46752,36.93685]],[[98.48271,36.94017],[98.48082,36.94016],[98.4808,36.942]],[[98.09748,36.29765],[98.09718,36.29647],[98.09902,36.29604],[98.09995,36.2955]],[[97.82575,36.02243],[97.81883,36.0213],[97.81502,36.02104],[97.81185,36.02002]],[[99.01489,37.29394],[99.01626,37.2954]],[[99.19079,37.19189],[99.193,37.19276],[99.19483,37.19395],[99.19492,37.19504],[99.19566,37.19663],[99.19489,37.20099],[99.19448,37.20489]],[[99.19014,37.1925],[99.19492,37.19504]],[[99.18087,37.19285],[99.18543,37.19621]],[[98.47416,36.91122],[98.47572,36.91775]],[[98.51607,36.91537],[98.52031,36.92113]],[[98.5108,36.91917],[98.51311,36.9175],[98.51426,36.91572],[98.5134,36.91356]],[[99.0957,36.79793],[99.09552,36.79729],[99.09515,36.79597],[99.09476,36.79458],[99.09474,36.79451],[99.09408,36.79212]],[[99.09917,36.79638],[99.09904,36.79588],[99.09849,36.79391],[99.09847,36.79385],[99.0978,36.79146]],[[98.99692,36.84345],[98.99637,36.84508],[98.9992,36.8525],[99.00236,36.85604],[98.99176,36.86021],[98.99307,36.8662],[99.00221,36.86983],[99.01636,36.87374],[99.01702,36.87354],[99.01904,36.87515],[99.02052,36.87703],[99.02272,36.88098],[99.0272,36.88429],[99.02837,36.88584],[99.02822,36.88748],[99.0297,36.88941],[99.02983,36.89104],[99.03207,36.89406],[99.03312,36.89473],[99.03512,36.89842],[99.03627,36.89967],[99.03617,36.90039],[99.03735,36.90247],[99.0387,36.90603],[99.03818,36.90698],[99.037,36.90724],[99.03676,36.90911],[99.03439,36.91236],[99.02943,36.91736],[99.02644,36.92324],[99.02517,36.92358],[99.02339,36.92471],[99.01936,36.92526],[99.01658,36.9261],[99.00856,36.92956],[99.00782,36.92921],[99.00627,36.92926],[99.00419,36.92742],[99.00151,36.92676],[99.00048,36.92611],[98.99863,36.92622]],[[99.21971,37.11041],[99.21987,37.11087]],[[99.21537,37.10048],[99.21036,37.0993],[99.20762,37.09899],[99.20449,37.09979],[99.20229,37.09946],[99.19775,37.09976],[99.19658,37.10008],[99.19579,37.10069],[99.19326,37.1009],[99.19131,37.10167],[99.1906,37.10236],[99.18748,37.10331],[99.18614,37.10354],[99.18296,37.10307],[99.18114,37.10384],[99.17922,37.10498],[99.17879,37.10578],[99.17739,37.10644],[99.17125,37.1112],[99.16839,37.11284],[99.16634,37.11349],[99.16081,37.11332],[99.15666,37.1119],[99.15282,37.1121],[99.15021,37.11285],[99.14814,37.11261],[99.14587,37.1129],[99.14266,37.11505],[99.14094,37.11568],[99.13739,37.11636],[99.13031,37.11693],[99.12909,37.11732],[99.12548,37.11995],[99.12334,37.12024],[99.12203,37.12085],[99.11518,37.12101],[99.11403,37.12054],[99.11313,37.12052],[99.11173,37.12075],[99.10728,37.12305],[99.10229,37.12408],[99.09871,37.12601],[99.09857,37.12633],[99.08943,37.12901],[99.08773,37.12966],[99.08563,37.13116],[99.0814,37.13253],[99.07909,37.13228],[99.07524,37.13501],[99.07091,37.14074],[99.07054,37.14153],[99.07035,37.14421],[99.06686,37.15195],[99.06617,37.15429],[99.06673,37.15697],[99.06675,37.16181],[99.06458,37.16679],[99.06804,37.17113],[99.06911,37.17195],[99.0758,37.17433],[99.079,37.17506],[99.08432,37.17539],[99.08441,37.17573],[99.08299,37.17691],[99.08402,37.17763],[99.08437,37.17843],[99.08477,37.17768],[99.08499,37.17775],[99.08604,37.17956],[99.08846,37.18255],[99.08906,37.18289],[99.08998,37.18435],[99.09164,37.18542],[99.08701,37.18798],[99.08087,37.1919],[99.07546,37.19721],[99.07456,37.19799],[99.07346,37.19837],[99.07146,37.2028],[99.07149,37.20631],[99.0728,37.20899],[99.07414,37.21002],[99.07634,37.21287],[99.07859,37.21478],[99.07971,37.21524],[99.08667,37.22548],[99.08785,37.22638],[99.08951,37.22838],[99.09207,37.23218],[99.09321,37.234],[99.09263,37.23559],[99.09336,37.23765],[99.09655,37.24361],[99.0966,37.24371],[99.09922,37.24773]],[[99.24793,37.02971],[99.24457,37.02846],[99.2425,37.02823]],[[99.13493,37.51527],[99.13634,37.51509],[99.1365,37.51275],[99.1389,37.50158],[99.13842,37.49984],[99.13018,37.48211],[99.12613,37.47346],[99.12396,37.46961],[99.12434,37.46872],[99.12618,37.46706],[99.12727,37.46631],[99.12881,37.46583],[99.12925,37.46572],[99.12989,37.46557]],[[99.14066,37.52355],[99.14087,37.52127],[99.13969,37.52109],[99.13924,37.52101],[99.13469,37.52078],[99.13463,37.52079],[99.1334,37.52074],[99.13308,37.52071],[99.13283,37.52067],[99.13313,37.51925],[99.13346,37.51924]],[[99.12207,37.52695],[99.12418,37.52232],[99.12542,37.5218],[99.12676,37.52011],[99.12709,37.51797],[99.12844,37.51681],[99.1295,37.51494],[99.13169,37.5131]],[[97.89287,36.00026],[97.89244,36.00274]],[[98.46527,36.94648],[98.45891,36.94661]],[[98.0571,36.36954],[98.04516,36.36973],[98.03852,36.36944],[98.03263,36.36538],[98.03156,36.36505],[98.02333,36.36466],[98.01871,36.36695],[98.01845,36.3679],[98.01694,36.37019],[98.01595,36.37348],[98.01533,36.3739],[98.01176,36.3749],[98.00277,36.38744],[98.00255,36.38786],[98.00416,36.39031],[98.00053,36.39842],[97.99853,36.40065],[97.99811,36.40171],[97.9969,36.40259],[98.00594,36.4059],[98.00635,36.40635],[98.0066,36.40756]],[[98.05687,36.35935],[98.05531,36.35938],[98.05527,36.35961],[98.05167,36.35951],[98.04988,36.3585],[98.04527,36.35976],[98.03156,36.36505]],[[97.99234,36.42775],[98.00044,36.42667],[98.00072,36.42414],[98.00024,36.41967],[97.99926,36.4175],[97.99971,36.41653],[97.99834,36.41405],[97.99842,36.41287]],[[98.05971,36.40026],[98.06018,36.39897],[98.06051,36.3959],[98.06008,36.39444],[98.05972,36.39364],[98.06007,36.39227],[98.06,36.38983],[98.06078,36.38765],[98.06085,36.38627],[98.06002,36.38429],[98.06041,36.38256],[98.05996,36.38201],[98.05854,36.38116],[98.05779,36.38118],[98.0575,36.38082],[98.05588,36.38149],[98.05517,36.38225],[98.049,36.38229],[98.04842,36.38286],[98.04588,36.38405],[98.0435,36.38421],[98.03964,36.38832],[98.03987,36.38978]],[[98.07525,37.73944],[98.07783,37.73901],[98.0916,37.73251],[98.09706,37.73083],[98.12308,37.72028],[98.14046,37.71439],[98.14705,37.7131],[98.16016,37.70941],[98.16683,37.70597],[98.19426,37.69925],[98.1975,37.69757],[98.19949,37.69701],[98.20485,37.69617],[98.21473,37.69243],[98.2237,37.6882],[98.2288,37.68457],[98.23404,37.67991],[98.23739,37.67445],[98.24404,37.65729],[98.24898,37.64309],[98.25232,37.63564],[98.2559,37.6298],[98.25929,37.61996],[98.26054,37.6138],[98.26108,37.61054],[98.25957,37.60423],[98.26087,37.60062],[98.26105,37.59923],[98.26385,37.59555],[98.26664,37.58853],[98.26979,37.58386],[98.2701,37.58208],[98.27253,37.57775],[98.27781,37.57285],[98.28096,37.57198],[98.28351,37.57035],[98.28812,37.56607],[98.29019,37.5626],[98.29401,37.55919],[98.29802,37.55664],[98.30513,37.55014],[98.30604,37.54861],[98.30612,37.54743],[98.30697,37.54444],[98.31287,37.54207],[98.31935,37.53898],[98.32206,37.53709],[98.32522,37.53661],[98.32866,37.53376],[98.33382,37.53121],[98.33961,37.52979],[98.3428,37.5293],[98.34586,37.52663],[98.35083,37.52098],[98.36223,37.51593],[98.36283,37.51467],[98.36263,37.50845],[98.36299,37.50604],[98.36342,37.48878],[98.36562,37.4697],[98.3659,37.46828],[98.36667,37.46721],[98.36478,37.46229],[98.36504,37.46185],[98.36622,37.46185]],[[98.64588,36.4716],[98.63525,36.47136],[98.63453,36.4716],[98.63039,36.47075],[98.62751,36.46944],[98.62633,36.46931],[98.62399,36.47047],[98.62434,36.47368],[98.62372,36.47428],[98.62364,36.47429],[98.62349,36.47429],[98.62344,36.47429],[98.62279,36.47432],[98.62223,36.47434],[98.62118,36.47437]],[[98.70074,36.43633],[98.69791,36.43298],[98.63943,36.45273],[98.63409,36.45525],[98.63304,36.45448],[98.63266,36.45415],[98.63149,36.45387],[98.63132,36.45385],[98.63017,36.45237],[98.62881,36.45204]],[[98.7812,36.39159],[98.7456,36.397],[98.74498,36.39723],[98.74473,36.39782],[98.74461,36.39811],[98.73424,36.41413],[98.71357,36.42979],[98.70912,36.42963],[98.69791,36.43298]],[[98.05976,36.26439],[98.05891,36.26362],[98.056,36.26322],[98.04878,36.26659],[98.04657,36.26688],[98.04367,36.26638],[98.04139,36.2653],[98.03986,36.26408],[98.0371,36.26349],[98.03643,36.26286],[98.03455,36.26306],[98.02156,36.26031],[98.02071,36.25842],[98.01953,36.25757],[98.01847,36.2573],[98.01346,36.25377],[98.01196,36.25392],[98.01005,36.25306],[98.00892,36.25312],[97.99867,36.25593],[97.99336,36.256],[97.99087,36.25558],[97.98775,36.25559],[97.98495,36.25471],[97.98033,36.25115],[97.97722,36.24938],[97.97432,36.24919],[97.97061,36.24763],[97.96919,36.24743],[97.9664,36.24722],[97.96494,36.24776],[97.96451,36.24697],[97.96466,36.24633],[97.96432,36.24659],[97.96425,36.24749],[97.96345,36.24825],[97.96213,36.24846],[97.958,36.25078],[97.95319,36.25246],[97.95202,36.2542],[97.95054,36.25503],[97.95047,36.25635],[97.94988,36.25717],[97.9455,36.25619],[97.94262,36.25614],[97.92775,36.25938],[97.92236,36.25998],[97.91885,36.26111],[97.91709,36.26048],[97.91588,36.26059],[97.91324,36.26007],[97.91168,36.2591],[97.90808,36.25791],[97.90638,36.25698],[97.90534,36.25452],[97.90599,36.25126],[97.90329,36.25046],[97.90228,36.24986],[97.89887,36.24575],[97.89787,36.24387],[97.89675,36.24],[97.89474,36.23556],[97.89421,36.23008],[97.89472,36.22634],[97.89589,36.22367],[97.89685,36.22286],[97.89764,36.22169],[97.89785,36.22075],[97.89836,36.22033],[97.89792,36.21728],[97.8991,36.21418],[97.89872,36.21202],[97.8979,36.21119],[97.8981,36.2099],[97.9001,36.20793],[97.9038,36.20559],[97.90644,36.2043],[97.90768,36.20414],[97.90799,36.20209],[97.90759,36.19932],[97.9081,36.19632],[97.90752,36.19496],[97.90839,36.19295],[97.90818,36.191],[97.90649,36.18689],[97.90413,36.18526],[97.90342,36.18535],[97.90213,36.18654],[97.89846,36.18715],[97.89787,36.18647],[97.89785,36.18544],[97.89685,36.18354],[97.89698,36.18244],[97.89618,36.18232],[97.89448,36.18045],[97.89334,36.17972],[97.89297,36.17969],[97.89172,36.18055],[97.89146,36.18125],[97.89026,36.18115],[97.88964,36.1821],[97.88913,36.18191],[97.88742,36.18283],[97.8865,36.18261],[97.88533,36.17957],[97.886,36.17784],[97.887,36.17739],[97.88672,36.17689],[97.88714,36.17601],[97.88336,36.17491],[97.88193,36.17381],[97.88134,36.17372],[97.87958,36.17425],[97.87782,36.17522],[97.87613,36.17492],[97.87313,36.17547],[97.86532,36.17762],[97.86276,36.18019],[97.86272,36.18085],[97.86362,36.18285],[97.86475,36.18382],[97.8682,36.19152],[97.86862,36.19436],[97.86797,36.19507],[97.86775,36.19624],[97.86801,36.19796],[97.86847,36.19835],[97.86995,36.19844],[97.87236,36.19808],[97.87306,36.19916],[97.87329,36.20039],[97.87542,36.20207],[97.87635,36.20237],[97.87888,36.2055],[97.8799,36.20845],[97.8795,36.21036],[97.87968,36.21184],[97.88028,36.21302],[97.88027,36.21453],[97.88192,36.21674],[97.88194,36.21848],[97.8826,36.21901]],[[98.77705,37.78757],[98.7801,37.78631],[98.78224,37.78618],[98.78451,37.7848],[98.78491,37.78427],[98.78916,37.78305],[98.79066,37.78221],[98.79315,37.78142],[98.79592,37.78139],[98.7977,37.78093],[98.80254,37.7778],[98.80431,37.77826],[98.80651,37.77806],[98.80996,37.777],[98.81127,37.77595],[98.81448,37.77659],[98.81902,37.77524],[98.82371,37.77465],[98.82683,37.77386],[98.83094,37.77359],[98.831,37.77309],[98.83151,37.77288],[98.83225,37.77286],[98.83359,37.77342],[98.8358,37.77305],[98.84032,37.77307],[98.84154,37.7726],[98.84291,37.77253],[98.84483,37.77121],[98.84714,37.7705],[98.84881,37.77048],[98.85032,37.77098],[98.85463,37.77131],[98.86307,37.77019],[98.86616,37.77104],[98.86951,37.77029],[98.87077,37.77053],[98.87537,37.77026],[98.87751,37.77068],[98.88129,37.77049],[98.88633,37.77194],[98.88744,37.77265],[98.89284,37.77281],[98.89011,37.7748],[98.891,37.77529],[98.90067,37.77515],[98.90822,37.77437],[98.91145,37.77353],[98.91458,37.77321],[98.9168,37.77355],[98.91792,37.7741],[98.91865,37.77377],[98.92053,37.77173],[98.92371,37.77029],[98.93418,37.76827],[98.93728,37.76832],[98.93974,37.76739],[98.94207,37.76693],[98.94402,37.76535],[98.94832,37.7647],[98.95606,37.76273],[98.95908,37.76251],[98.96017,37.76274],[98.96086,37.7625],[98.96127,37.76281],[98.96151,37.76389],[98.9623,37.76294],[98.96375,37.76469],[98.96553,37.76607],[98.96592,37.76608],[98.96691,37.76556],[98.96902,37.76092],[98.96972,37.76004],[98.97195,37.75864],[98.97631,37.75719],[98.97941,37.75662],[98.9816,37.75572],[98.9839,37.75555],[98.99351,37.75319],[98.99443,37.75407],[98.996,37.75424],[98.99885,37.75392],[99.001,37.7545],[99.00074,37.75524],[99.00227,37.75594],[99.00319,37.75584],[99.00664,37.75446],[99.00855,37.75421],[99.01177,37.75708],[99.01263,37.75743],[99.01509,37.75745],[99.0172,37.75638],[99.01816,37.75636],[99.0227,37.75843],[99.02621,37.76083],[99.02849,37.76176],[99.0319,37.75921],[99.03316,37.75883],[99.03472,37.759],[99.04064,37.76056],[99.04473,37.761],[99.05439,37.76507],[99.05859,37.76717],[99.06282,37.76841],[99.06758,37.76941],[99.0708,37.76975],[99.07209,37.77105],[99.07299,37.77412],[99.07398,37.77531],[99.07725,37.77733],[99.07851,37.77771],[99.08257,37.78132],[99.08667,37.78313],[99.08842,37.78494],[99.09048,37.78618],[99.09421,37.78691],[99.09892,37.78862],[99.10081,37.78919],[99.10491,37.7921],[99.11016,37.79402],[99.11175,37.79592],[99.11655,37.79875],[99.12063,37.79958],[99.12522,37.79958],[99.13107,37.80024],[99.13688,37.80167],[99.13856,37.80252],[99.13901,37.80336],[99.141,37.80496],[99.1445,37.80573],[99.14797,37.80772],[99.1497,37.80784],[99.1588,37.81053],[99.16166,37.81022],[99.16195,37.81057],[99.16162,37.81188],[99.16186,37.81228],[99.1648,37.81303],[99.16557,37.81271],[99.16738,37.81424],[99.16891,37.81481],[99.16947,37.81558],[99.17061,37.81628],[99.17248,37.81667],[99.17409,37.816],[99.17564,37.81947],[99.17553,37.82085],[99.17702,37.82404],[99.17708,37.82512],[99.17841,37.82716],[99.17871,37.82873],[99.18062,37.83165],[99.18257,37.8335],[99.1843,37.83413],[99.18753,37.83406],[99.18811,37.83546],[99.1865,37.83594],[99.18504,37.83721],[99.18495,37.83978],[99.1833,37.84094],[99.18272,37.84187],[99.18032,37.84211],[99.17876,37.8436],[99.17792,37.84556],[99.1759,37.84732],[99.17554,37.84836],[99.17376,37.85036],[99.17215,37.8508],[99.17088,37.85181],[99.16556,37.85485],[99.16504,37.8558],[99.16326,37.85659],[99.16052,37.85969],[99.15885,37.85924],[99.15753,37.85977],[99.15389,37.86374],[99.15181,37.86467],[99.14928,37.86509],[99.14767,37.86586],[99.14677,37.86634],[99.14615,37.86711],[99.14532,37.86716],[99.13917,37.86501],[99.13751,37.86375],[99.13445,37.86338],[99.13382,37.86197],[99.13309,37.86128],[99.12871,37.85972],[99.12761,37.85863],[99.12389,37.8577],[99.12147,37.85609],[99.11826,37.85505],[99.11709,37.8541],[99.10989,37.85239],[99.10287,37.85261]],[[99.03563,37.74403],[99.04408,37.74592],[99.049,37.7457],[99.05285,37.74645],[99.05449,37.74734],[99.05581,37.74863],[99.05472,37.75048],[99.05482,37.75107],[99.05865,37.75305],[99.06709,37.7522],[99.07061,37.75268],[99.07374,37.75276],[99.08163,37.75204],[99.08746,37.75209],[99.08995,37.7526],[99.09371,37.75445],[99.09549,37.75481],[99.10479,37.75299],[99.10727,37.75212],[99.11042,37.75216],[99.11328,37.75161],[99.11547,37.75189],[99.11713,37.75338],[99.11888,37.75412],[99.12062,37.75407],[99.12088,37.75531],[99.12004,37.75551],[99.11923,37.75785],[99.11489,37.76497],[99.11345,37.7703],[99.11388,37.77147],[99.11325,37.77273],[99.11154,37.77426],[99.10979,37.77457],[99.10606,37.7784],[99.10604,37.78059],[99.10684,37.7828],[99.10638,37.78403],[99.10527,37.78502],[99.10127,37.78667],[99.09892,37.78862]],[[98.8378,37.9618],[98.84397,37.95982],[98.85181,37.9583],[98.85442,37.95831],[98.85869,37.95773],[98.86508,37.95519],[98.86793,37.95303],[98.87209,37.95223],[98.8776,37.94873],[98.87818,37.9473],[98.87985,37.94538],[98.88433,37.94208],[98.88471,37.94103],[98.88545,37.94032],[98.89558,37.93357],[98.89665,37.93299],[98.89972,37.93229],[98.90277,37.93199],[98.90599,37.93205],[98.90767,37.9314],[98.90998,37.9331],[98.91374,37.93433],[98.9183,37.93533],[98.92068,37.93536],[98.92316,37.93576],[98.92554,37.93719],[98.92866,37.93772],[98.93158,37.93875],[98.93349,37.94015],[98.93508,37.94193],[98.93774,37.94267],[98.93959,37.94257],[98.94154,37.94323],[98.94275,37.94387],[98.9452,37.94614],[98.9459,37.94644],[98.9485,37.94704],[98.95266,37.94749],[98.953,37.94793],[98.9527,37.94946],[98.95412,37.95128],[98.95585,37.9516],[98.95904,37.95099],[98.96045,37.95146],[98.96237,37.95147],[98.96744,37.95354],[98.96802,37.9545],[98.97026,37.95493],[98.97424,37.95768],[98.97837,37.95845],[98.97907,37.95895],[98.98086,37.95897],[98.98161,37.95938],[98.98204,37.95933],[98.98274,37.9584],[98.98362,37.9584],[98.98562,37.9594],[98.98708,37.96074],[98.98858,37.96159],[98.99564,37.96483],[98.99924,37.96555],[99.00016,37.9664],[99.00144,37.97022],[99.00383,37.97338],[99.00891,37.97601],[99.01085,37.97607],[99.01226,37.97531],[99.01368,37.97354],[99.01417,37.97241],[99.01397,37.97096],[99.01504,37.9707],[99.01769,37.97094],[99.02024,37.9697],[99.02244,37.96722],[99.02499,37.96656],[99.02894,37.9627],[99.03803,37.96139],[99.04121,37.96249],[99.04328,37.96249],[99.0471,37.96061],[99.04908,37.96101],[99.04984,37.96158],[99.05136,37.96121],[99.05125,37.95948],[99.05184,37.95909],[99.05419,37.95908],[99.05479,37.95932],[99.0557,37.96012],[99.05684,37.95965],[99.05868,37.96041],[99.06018,37.96229],[99.06189,37.96345],[99.06688,37.96932],[99.06745,37.96958],[99.07281,37.97006],[99.0763,37.97535],[99.07758,37.9766],[99.08097,37.97786],[99.08128,37.97917],[99.08253,37.98102],[99.08455,37.98299],[99.08636,37.98331],[99.08825,37.98454],[99.09077,37.98541],[99.09213,37.98684],[99.09344,37.98704],[99.09543,37.98797],[99.09608,37.98898],[99.09602,37.9896],[99.09815,37.99129],[99.09787,37.9933],[99.09875,37.99389]],[[98.63984,37.68854],[98.63927,37.6893],[98.63942,37.68972],[98.64131,37.69122],[98.64368,37.69385],[98.64442,37.69549],[98.64442,37.69826],[98.64498,37.70001],[98.64507,37.70198],[98.64619,37.70298],[98.64889,37.70976],[98.65369,37.71697],[98.6551,37.71828],[98.6592,37.72462],[98.66205,37.72836],[98.66253,37.73782],[98.66186,37.74017],[98.65843,37.74523],[98.65356,37.74873],[98.65235,37.74895],[98.65039,37.75016],[98.64963,37.75203],[98.64945,37.75611],[98.6486,37.75727],[98.64842,37.75921],[98.64919,37.76136],[98.64871,37.76445],[98.64896,37.76661],[98.64942,37.76748],[98.64933,37.77266],[98.65068,37.7779],[98.65004,37.77962],[98.65068,37.78409],[98.6503,37.78585],[98.65072,37.78667],[98.65069,37.78906],[98.65115,37.7902],[98.65201,37.79066],[98.65238,37.79141],[98.65215,37.79425],[98.65086,37.79606],[98.65113,37.79977],[98.65034,37.8041],[98.65154,37.80717],[98.65124,37.80862],[98.65157,37.80971],[98.6511,37.81094],[98.65138,37.81319],[98.65251,37.81536]],[[99.07584,36.79532],[99.07492,36.79147]],[[99.05784,36.79739],[99.06459,36.79482],[99.06906,36.79467]],[[98.90121,36.88573],[98.90239,36.88196],[98.90363,36.87997]],[[99.07492,36.78562],[99.07494,36.78568],[99.07579,36.78943],[99.07541,36.78978],[99.07639,36.79124]],[[97.79694,36.09023],[97.79637,36.09],[97.7842,36.08499],[97.78645,36.0798],[97.78717,36.07883],[97.78689,36.07858],[97.79076,36.06895],[97.79325,36.06506],[97.79166,36.06439],[97.78974,36.06357]],[[97.79488,36.06257],[97.79325,36.06506]],[[97.8124,36.08641],[97.81084,36.08607],[97.80946,36.08577],[97.80605,36.08506],[97.79922,36.08364],[97.78717,36.07883]],[[97.79085,36.06189],[97.7886,36.06091],[97.78824,36.06069],[97.78524,36.05602],[97.77493,36.04892],[97.7874,36.04323],[97.78977,36.0419],[97.7883,36.04071],[97.78828,36.03984],[97.7916,36.03818],[97.78986,36.03651]],[[97.60431,36.31179],[97.60417,36.3118],[97.6041,36.31179],[97.604,36.31179],[97.60385,36.31178],[97.59916,36.314],[97.59816,36.31418],[97.59001,36.31863],[97.58793,36.31949],[97.58653,36.32075],[97.58311,36.32144],[97.57707,36.32181],[97.57137,36.32424],[97.57144,36.3259],[97.56954,36.32597],[97.56676,36.32716],[97.56319,36.32708],[97.55755,36.3275],[97.55572,36.32685],[97.55144,36.32373],[97.54867,36.32296],[97.54568,36.32252],[97.54103,36.32208],[97.53858,36.32217],[97.53428,36.32352],[97.52993,36.32208],[97.52554,36.32129],[97.52341,36.3216],[97.52204,36.3215],[97.52089,36.32206],[97.51963,36.32362],[97.50242,36.3263],[97.49439,36.32897],[97.48423,36.33129],[97.47534,36.33383],[97.4719,36.33441],[97.46209,36.3379],[97.46083,36.34015],[97.45851,36.34145],[97.45232,36.34307],[97.44864,36.34485],[97.43932,36.34728],[97.4368,36.34832],[97.4325,36.34868],[97.42811,36.34947],[97.42593,36.34931],[97.42099,36.34987],[97.41709,36.35063],[97.41334,36.3518],[97.40964,36.35183],[97.40771,36.35218],[97.40423,36.35466],[97.40032,36.35566],[97.39782,36.35837],[97.39495,36.35924],[97.39261,36.36083],[97.38556,36.36094],[97.38351,36.36525],[97.38299,36.36697],[97.3832,36.36759],[97.38518,36.36949],[97.36972,36.37132],[97.35949,36.37371],[97.33652,36.38287],[97.32691,36.3861],[97.32041,36.38893],[97.31212,36.39188],[97.30105,36.39723],[97.2996,36.39858],[97.2903,36.40142],[97.28417,36.40246],[97.27862,36.40513],[97.26963,36.40752],[97.26291,36.41019],[97.25489,36.42008],[97.25112,36.42224],[97.24176,36.42678],[97.23675,36.42855],[97.23048,36.43143],[97.21424,36.42101],[97.20729,36.42472],[97.19136,36.4294],[97.17781,36.43259],[97.17451,36.42804],[97.16954,36.4274],[97.16837,36.42677],[97.17116,36.4062],[97.1677,36.4009],[97.16581,36.39697],[97.16584,36.39637],[97.16707,36.39562],[97.16759,36.39402],[97.16739,36.39305],[97.16617,36.3915],[97.16631,36.39102],[97.16842,36.38918],[97.16835,36.38877],[97.16381,36.38137],[97.16381,36.3792],[97.16101,36.3718]],[[98.89963,36.82629],[98.90206,36.82906],[98.90261,36.83285],[98.90298,36.833],[98.90358,36.83303],[98.90627,36.8332],[98.90686,36.83388],[98.9088,36.83394]],[[98.86065,36.99309],[98.86867,36.99303],[98.87175,36.99198],[98.87354,36.99073]],[[99.03294,36.82865],[99.0331,36.82905]],[[99.57142,37.76392],[99.57046,37.76136],[99.56827,37.75971],[99.56609,37.75749],[99.5646,37.75471],[99.56352,37.75417],[99.561,37.7511],[99.56098,37.7491],[99.55927,37.7457],[99.55829,37.74486],[99.55773,37.74387],[99.5564,37.74041],[99.55647,37.73883],[99.55598,37.73736],[99.55381,37.73429],[99.55375,37.73332],[99.55196,37.72948],[99.54946,37.72661],[99.54463,37.71755],[99.54487,37.71518],[99.54269,37.70556]],[[99.5101,37.73422],[99.51046,37.73338],[99.51002,37.73273],[99.51137,37.72597],[99.51119,37.72433],[99.51219,37.72285],[99.5119,37.71947],[99.51236,37.71884],[99.51283,37.71593],[99.51462,37.71422],[99.51541,37.71165],[99.51658,37.71041],[99.51701,37.70926],[99.5176,37.70367],[99.51822,37.70173],[99.51667,37.69733],[99.51695,37.69602],[99.51816,37.69442],[99.51952,37.69131],[99.5206,37.69041]],[[99.44502,37.66772],[99.44494,37.67051],[99.44124,37.68025],[99.44029,37.68113],[99.43929,37.68567],[99.43624,37.68954],[99.43592,37.69695],[99.43514,37.69942],[99.43564,37.70156],[99.43563,37.70334],[99.43522,37.70425],[99.43575,37.70904],[99.4363,37.70944],[99.43676,37.71154],[99.43642,37.71413],[99.4355,37.71525],[99.43645,37.71669],[99.43587,37.7181],[99.43463,37.71945],[99.43429,37.72224],[99.43147,37.72627],[99.42992,37.72773],[99.42871,37.72723]],[[99.43057,37.70321],[99.43271,37.70009],[99.43292,37.69717],[99.43004,37.69717],[99.42673,37.69612]],[[99.41738,37.75177],[99.41835,37.7517],[99.41937,37.7513],[99.41953,37.75095],[99.41968,37.74586],[99.42003,37.74493],[99.42178,37.74415],[99.42363,37.7423],[99.42271,37.74168],[99.42229,37.74089],[99.42143,37.74048],[99.42073,37.73875],[99.42398,37.73627],[99.42481,37.73523],[99.42542,37.73501],[99.42597,37.73189],[99.42702,37.7311],[99.42699,37.73016],[99.42754,37.7294],[99.42899,37.72872],[99.42992,37.72773]],[[99.39376,37.6058],[99.39354,37.6078]],[[99.39253,37.60543],[99.39248,37.6079],[99.39313,37.60786]],[[99.3963,37.60624],[99.3959,37.60752],[99.39472,37.60765]],[[99.69648,37.69629],[99.69585,37.69709],[99.69395,37.70147],[99.69325,37.70497],[99.69348,37.70535],[99.6943,37.7054]],[[99.69644,37.69514],[99.69646,37.6955]],[[99.69634,37.69219],[99.69634,37.69226]],[[99.69361,37.67697],[99.69293,37.68321],[99.69504,37.68905],[99.69518,37.69116],[99.69627,37.69034]],[[98.15143,36.21727],[98.15092,36.2178]],[[98.32723,36.2186],[98.32884,36.22139],[98.33022,36.22282],[98.32858,36.22398],[98.32271,36.22596],[98.32065,36.22612],[98.31744,36.22702],[98.31753,36.22842],[98.31594,36.22866],[98.31383,36.22853],[98.31234,36.22957],[98.30894,36.23074],[98.30579,36.23317],[98.30294,36.2338],[98.30241,36.23428],[98.29912,36.23492],[98.29784,36.23482],[98.29542,36.23545],[98.29239,36.23688],[98.29044,36.23706],[98.28879,36.23795],[98.28485,36.23996],[98.28368,36.24194],[98.28095,36.2443],[98.28014,36.24526],[98.2782,36.2461],[98.27807,36.24657],[98.27909,36.24879],[98.2802,36.25033],[98.28541,36.25207],[98.28631,36.25357],[98.2868,36.25522],[98.28849,36.25741],[98.28736,36.26003],[98.28611,36.26034],[98.27991,36.26066],[98.2792,36.26093]],[[98.26634,36.31483],[98.26316,36.31347],[98.26172,36.31337],[98.25823,36.31308],[98.2564,36.31375],[98.25612,36.31315],[98.25409,36.31209],[98.25203,36.30978],[98.25184,36.30823],[98.25128,36.30787]],[[98.95319,36.85804],[98.9559,36.85679],[98.96042,36.85568]],[[98.2554,36.66492],[98.24512,36.66912],[98.23831,36.67119],[98.23629,36.67251],[98.23351,36.67349],[98.23231,36.67448],[98.22749,36.6764],[98.21972,36.68068],[98.19965,36.69255],[98.19708,36.69472],[98.19472,36.69767],[98.19356,36.69771],[98.19232,36.69828],[98.19096,36.69964],[98.19029,36.70085],[98.19053,36.70278],[98.19162,36.70368],[98.19508,36.70488],[98.20013,36.70792],[98.20077,36.70869],[98.20033,36.70913],[98.19476,36.71052],[98.18563,36.71221],[98.18349,36.71237],[98.1812,36.71192],[98.17763,36.71259],[98.1738,36.71152],[98.1727,36.71201],[98.16994,36.71221],[98.16955,36.71379],[98.16679,36.71547],[98.16544,36.71726],[98.16176,36.71953],[98.15527,36.72232],[98.15254,36.72487],[98.15101,36.7256],[98.1433,36.72694],[98.13978,36.72711],[98.13652,36.72654],[98.1343,36.72679],[98.13361,36.72722],[98.13299,36.72697],[98.13249,36.72731],[98.12609,36.72718],[98.12584,36.7276],[98.12097,36.72954],[98.11751,36.73175],[98.11159,36.7389],[98.10607,36.74486]],[[98.26142,36.65273],[98.25494,36.64571],[98.25356,36.64266],[98.24869,36.63573],[98.24394,36.62957],[98.24358,36.62908],[98.24248,36.62701],[98.24301,36.62594]],[[98.19835,36.03024],[98.19949,36.0316],[98.20141,36.03295],[98.20431,36.03708],[98.20569,36.03732],[98.20886,36.04812]],[[97.79598,36.02844],[97.79355,36.03015],[97.79362,36.03046],[97.79374,36.0306],[97.79381,36.03068],[97.79391,36.0308],[97.79716,36.03466]],[[97.79357,36.04014],[97.79338,36.03996],[97.79195,36.03853],[97.7916,36.03818]],[[97.82053,36.01854],[97.81883,36.0213],[97.81579,36.02529],[97.81575,36.02542],[97.81571,36.02553],[97.81566,36.02566],[97.81401,36.0276],[97.81495,36.02921],[97.81572,36.0295],[97.8118,36.04231]],[[97.83765,36.03086],[97.84227,36.03373],[97.83556,36.04261],[97.83506,36.04286],[97.83409,36.04284],[97.83191,36.05167],[97.83181,36.0521],[97.82847,36.06408]],[[97.87325,36.01058],[97.86816,36.01012],[97.86773,36.01008],[97.86732,36.01004]],[[98.58886,37.33363],[98.58908,37.3322],[98.5898,37.33151],[98.58971,37.33],[98.58624,37.32312],[98.58576,37.32122],[98.58189,37.31957],[98.58103,37.31882],[98.58084,37.31987],[98.57951,37.31879],[98.57923,37.3181],[98.57734,37.3169],[98.57573,37.31536],[98.57575,37.31613],[98.57526,37.31561],[98.57524,37.31605],[98.57477,37.31562],[98.57497,37.31617],[98.57438,37.31568],[98.57453,37.31644],[98.57368,37.31538],[98.57194,37.31523],[98.5711,37.31448],[98.57005,37.31429],[98.56966,37.31274],[98.56787,37.31195],[98.56862,37.30892],[98.56391,37.31341],[98.56013,37.31397],[98.5593,37.31434],[98.55926,37.3152],[98.55845,37.31555],[98.5563,37.31555],[98.55729,37.31494],[98.55633,37.31492],[98.55424,37.31407],[98.55383,37.3132],[98.55483,37.31331],[98.55421,37.31226],[98.55297,37.31106],[98.55146,37.31046],[98.54931,37.30735],[98.54597,37.30459],[98.54513,37.30297],[98.54279,37.30171],[98.54151,37.30134],[98.53614,37.30275],[98.53314,37.30304],[98.53131,37.30372],[98.5285,37.30429],[98.52454,37.30569],[98.52333,37.30585],[98.51605,37.3093],[98.51234,37.3101],[98.50804,37.30984],[98.50573,37.30927],[98.50452,37.30847],[98.50514,37.30933],[98.50453,37.31153],[98.50197,37.31426],[98.50173,37.3154],[98.50057,37.31521],[98.50025,37.31553],[98.49994,37.31613],[98.50086,37.31652],[98.50064,37.31739],[98.49865,37.31905],[98.49748,37.32154],[98.49688,37.3217],[98.49644,37.32244],[98.49583,37.32241],[98.49496,37.32333],[98.49513,37.32401],[98.4948,37.32512],[98.49364,37.32489],[98.49273,37.32549],[98.49255,37.32631],[98.49194,37.32675],[98.48766,37.32807],[98.48392,37.32966],[98.48387,37.33058],[98.48286,37.33066],[98.47756,37.33412],[98.47762,37.33463],[98.47719,37.33496],[98.47627,37.33464],[98.47214,37.33648],[98.46609,37.33844],[98.46484,37.33934],[98.46314,37.33968],[98.46198,37.34036],[98.46099,37.34053],[98.46032,37.33998],[98.45902,37.34048],[98.45698,37.34062],[98.45524,37.3414],[98.45299,37.34159],[98.44462,37.34567],[98.43844,37.35038],[98.43392,37.35565],[98.42576,37.36288],[98.41937,37.36585],[98.4184,37.36559],[98.4182,37.36643],[98.41603,37.36843],[98.41139,37.37048],[98.40852,37.37349],[98.40649,37.37453],[98.40504,37.37554],[98.40454,37.37625],[98.40041,37.37849],[98.4002,37.3791],[98.3972,37.38023],[98.38872,37.38181],[98.38613,37.38285],[98.38294,37.38345],[98.37756,37.38211],[98.3728,37.38207],[98.36807,37.38085],[98.36521,37.38061]],[[98.35787,36.96426],[98.35666,36.96109],[98.35933,36.96003],[98.35877,36.95911],[98.3587,36.95892],[98.35848,36.95844],[98.35168,36.95381]],[[98.36128,36.96374],[98.3611,36.96289],[98.35933,36.96003]],[[98.33036,36.95633],[98.3309,36.95685],[98.33139,36.95658]],[[98.26023,36.98489],[98.26057,36.98667]],[[98.26174,36.98471],[98.26205,36.9865]],[[98.732,37.1521],[98.73058,37.15145],[98.73009,37.15062],[98.72877,37.1495],[98.72707,37.14653],[98.72622,37.1443],[98.72535,37.14141],[98.72578,37.13935],[98.72417,37.13524],[98.72399,37.13315],[98.72218,37.12941],[98.71985,37.1165],[98.71872,37.11479],[98.71878,37.11281],[98.71557,37.1056],[98.71567,37.10161],[98.71535,37.10098],[98.71406,37.10019],[98.71448,37.09623],[98.71497,37.09507],[98.71371,37.08797],[98.71363,37.08643],[98.71398,37.08525],[98.71561,37.08213],[98.71926,37.07794],[98.72196,37.07651],[98.72263,37.07574],[98.72297,37.0745],[98.72391,37.07395],[98.72491,37.07107],[98.72493,37.06876],[98.72722,37.06374],[98.72812,37.06085],[98.73012,37.05825],[98.74023,37.05059],[98.74677,37.04473],[98.74738,37.0411],[98.74851,37.04028],[98.75362,37.03904],[98.75512,37.03805],[98.75551,37.03627],[98.75353,37.03334],[98.75479,37.0296],[98.75668,37.02887],[98.75912,37.02974],[98.75954,37.02953],[98.76429,37.0241],[98.76111,37.02412],[98.75452,37.02505]],[[98.7399,37.1613],[98.73583,37.15816],[98.73536,37.15724],[98.73426,37.15644],[98.73273,37.15327]],[[98.68687,37.12996],[98.68847,37.1277],[98.68834,37.12658],[98.68881,37.12388],[98.69325,37.1193],[98.69706,37.11712],[98.69801,37.11613],[98.69878,37.11435],[98.70257,37.11032],[98.70865,37.10433],[98.71146,37.10209],[98.71395,37.10084],[98.71406,37.10019]],[[98.6186,37.40638],[98.62366,37.41115],[98.62511,37.41155],[98.62966,37.41417],[98.63153,37.41669],[98.6359,37.41856],[98.64554,37.42438],[98.64796,37.42501],[98.649,37.42599],[98.65383,37.42876],[98.66401,37.4338],[98.665,37.43462]],[[99.32239,37.33664],[99.32178,37.33456],[99.32251,37.33279],[99.32482,37.32981],[99.32805,37.32748],[99.32899,37.3259],[99.33054,37.32489],[99.33052,37.32371],[99.33643,37.3178],[99.34495,37.31033],[99.34807,37.30659],[99.35271,37.30257],[99.35447,37.30002],[99.35886,37.29685],[99.3597,37.29533],[99.36263,37.29246],[99.37027,37.28648],[99.37391,37.28044],[99.37546,37.27897],[99.38035,37.27685],[99.3876,37.27422],[99.39194,37.27026],[99.39486,37.26914],[99.3982,37.26828],[99.40619,37.26487],[99.41344,37.26227],[99.41769,37.26572],[99.4179,37.26698],[99.4173,37.26982],[99.41767,37.27108],[99.4188,37.27264],[99.41895,37.27352]],[[99.43148,37.22453],[99.43052,37.22321],[99.43259,37.22097]],[[99.43159,37.22508],[99.43131,37.22546],[99.42611,37.22643],[99.42181,37.22959],[99.41748,37.2319],[99.40732,37.23396],[99.40637,37.23496],[99.40619,37.23605],[99.41245,37.24423],[99.41601,37.25267],[99.41374,37.25751],[99.41166,37.25879],[99.41242,37.26027],[99.41348,37.26135],[99.41344,37.26227]],[[99.2959,37.31604],[99.3002,37.31901],[99.30115,37.32139],[99.30434,37.32511],[99.30571,37.32746],[99.31336,37.33622],[99.31528,37.3375],[99.31681,37.33779],[99.31951,37.33715],[99.32138,37.3373],[99.3226,37.33701]],[[98.0927,36.33954],[98.0927,36.33966],[98.09271,36.34009],[98.09272,36.34289],[98.08705,36.34405],[98.07781,36.34302],[98.07767,36.33859],[98.07766,36.33431]],[[98.40436,37.08485],[98.40071,37.08818],[98.39688,37.09029],[98.38872,37.09407],[98.38557,37.0946],[98.38243,37.09383]],[[99.09158,36.8571],[99.08926,36.85357],[99.08731,36.85182],[99.08537,36.8512],[99.0828,36.84974],[99.08281,36.8497],[99.08496,36.84459],[99.0868,36.84252],[99.08673,36.84118],[99.08782,36.84049],[99.08778,36.83949],[99.08684,36.83721],[99.08668,36.8338],[99.08769,36.83203],[99.08778,36.8319],[99.08622,36.82988],[99.08265,36.81049],[99.07911,36.80543],[99.07943,36.80334]],[[99.18832,36.84748],[99.18929,36.84398],[99.19094,36.84091],[99.19368,36.83865],[99.19164,36.83773],[99.18897,36.83565],[99.18803,36.83008],[99.18776,36.82988],[99.18812,36.82947],[99.18779,36.82532],[99.18816,36.82439],[99.19031,36.82264],[99.19134,36.82128],[99.1943,36.82046],[99.19668,36.81757],[99.20189,36.81642],[99.20097,36.8144],[99.20142,36.81417],[99.20108,36.81319],[99.20468,36.81235],[99.21028,36.80881],[99.2105,36.80648],[99.21223,36.80347],[99.21041,36.80089],[99.21101,36.80062],[99.20934,36.79883],[99.20951,36.79809],[99.20882,36.79653],[99.20756,36.7951],[99.20792,36.79356],[99.20648,36.79131],[99.20678,36.78967],[99.2044,36.78804],[99.19998,36.78287],[99.20039,36.78245],[99.19992,36.78098],[99.19724,36.77649],[99.19475,36.77433],[99.19397,36.77319],[99.19009,36.77419],[99.18842,36.77403],[99.18561,36.77006],[99.18331,36.7658],[99.17425,36.75877],[99.17409,36.7586],[99.1739,36.75841],[99.17387,36.75838],[99.17366,36.75809]],[[99.18116,36.85881],[99.18048,36.85868],[99.17952,36.85921],[99.17273,36.86055],[99.16988,36.85869],[99.16253,36.85598],[99.15645,36.85571],[99.156,36.85461],[99.15611,36.85344],[99.15476,36.85148],[99.15452,36.85042],[99.15285,36.84802],[99.15252,36.84695],[99.14999,36.84469],[99.14838,36.84278],[99.14832,36.84228],[99.14679,36.84106],[99.14325,36.8368],[99.13873,36.82986],[99.13448,36.82682],[99.13167,36.82418],[99.12774,36.82112],[99.12334,36.81841],[99.12255,36.81746],[99.11259,36.80944],[99.10748,36.80224],[99.10459,36.79613],[99.09924,36.79855],[99.09539,36.79997],[99.08953,36.80146],[99.08769,36.80237]],[[99.21773,36.90359],[99.21473,36.90458],[99.21404,36.90455],[99.21385,36.90481],[99.21139,36.90479],[99.20984,36.90512],[99.20859,36.90469],[99.20794,36.90479],[99.20716,36.90427],[99.20518,36.90418],[99.20483,36.90353],[99.20543,36.89411],[99.20242,36.88972],[99.20145,36.88891],[99.19652,36.87853],[99.19091,36.87408],[99.1871,36.86964],[99.18377,36.86732],[99.18301,36.86715],[99.18004,36.86486],[99.17732,36.86369],[99.17498,36.86194],[99.17413,36.86192],[99.17273,36.86055]],[[98.38435,37.29668],[98.38568,37.29612],[98.38771,37.29457],[98.39035,37.29166],[98.3906,37.2896],[98.39006,37.28805],[98.39005,37.28637],[98.38914,37.28424],[98.38777,37.28345]],[[98.17167,37.38664],[98.17147,37.38181],[98.16894,37.37936],[98.16805,37.37798],[98.16512,37.37586],[98.16457,37.37443],[98.16512,37.36903],[98.16603,37.36458],[98.16713,37.36134],[98.16714,37.35846],[98.16647,37.3572],[98.16733,37.34934],[98.16806,37.34859]],[[98.09839,37.32199],[98.09424,37.32346],[98.08818,37.32367],[98.0827,37.32548],[98.08125,37.3265],[98.0808,37.3272],[98.07997,37.32745],[98.07584,37.33047],[98.07255,37.33489],[98.07175,37.33679],[98.06907,37.33927],[98.06644,37.33934],[98.0662,37.33984]],[[98.08013,37.31036],[98.07997,37.31173],[98.0788,37.31421],[98.07895,37.31514],[98.07787,37.31802],[98.07406,37.32262],[98.07399,37.3238],[98.06644,37.33934]],[[98.14236,37.34979],[98.14607,37.36331],[98.14855,37.3681],[98.15056,37.37388],[98.1477,37.38557],[98.14693,37.38555],[98.1464,37.38546],[98.14567,37.38533],[98.14481,37.38609],[98.14482,37.38535],[98.14415,37.38567],[98.14178,37.39282],[98.1413,37.3953],[98.14135,37.39829],[98.14282,37.40341],[98.142,37.40651],[98.13924,37.40792],[98.13855,37.40912],[98.1386,37.40972],[98.13898,37.40986],[98.13832,37.41124],[98.13854,37.41238],[98.13966,37.41433],[98.14028,37.41476],[98.1395,37.4168],[98.14003,37.41734],[98.13991,37.4179],[98.13851,37.41922],[98.13844,37.42199],[98.13999,37.42928],[98.13944,37.43193],[98.13971,37.43429],[98.13857,37.43556],[98.13431,37.4363],[98.13311,37.43713],[98.13575,37.43784],[98.13607,37.43879],[98.13723,37.43857],[98.13777,37.43886],[98.13735,37.44007],[98.13654,37.44062],[98.13662,37.44111],[98.13592,37.44181],[98.13474,37.4421],[98.1349,37.44277],[98.13726,37.44373],[98.13771,37.44486],[98.13749,37.44637],[98.13452,37.45124],[98.13596,37.45267],[98.13612,37.45338],[98.13703,37.45379],[98.13551,37.45604],[98.13585,37.45769],[98.13506,37.46203],[98.13542,37.46429],[98.13512,37.46526],[98.13484,37.4658],[98.13523,37.47011],[98.13387,37.47352],[98.13461,37.47467],[98.13389,37.4762],[98.13425,37.47837],[98.13606,37.48245],[98.13805,37.48531],[98.13852,37.48673],[98.13998,37.48836],[98.14022,37.4899],[98.14187,37.49251],[98.14324,37.49338],[98.14359,37.49425],[98.14268,37.49547],[98.14268,37.4971],[98.1423,37.49799],[98.14356,37.49951],[98.14328,37.50054],[98.14137,37.50307],[98.14089,37.50577],[98.14108,37.50645],[98.14417,37.50689],[98.14646,37.50803],[98.14805,37.5082],[98.14879,37.50883],[98.14826,37.50947],[98.14944,37.51026],[98.15004,37.51134],[98.15422,37.5123],[98.15737,37.51214],[98.16233,37.51278],[98.17116,37.5127],[98.17001,37.51318],[98.17192,37.51329],[98.17373,37.51394],[98.1754,37.51396],[98.17497,37.51338],[98.17793,37.51495],[98.17807,37.51462],[98.17847,37.51458],[98.18315,37.51505],[98.18529,37.51388],[98.18642,37.5137],[98.1877,37.51391],[98.18815,37.5148],[98.18774,37.51568],[98.18861,37.51522],[98.19021,37.51759],[98.19037,37.51827],[98.18975,37.51761],[98.18918,37.51782],[98.18987,37.51897],[98.19097,37.51944],[98.19297,37.52099],[98.19554,37.5208],[98.19666,37.52107],[98.20236,37.51989],[98.2031,37.51934],[98.20461,37.51939],[98.20638,37.51856],[98.20748,37.51872],[98.20851,37.51837],[98.20948,37.51877],[98.21024,37.52025],[98.21127,37.52064],[98.21441,37.52184],[98.21622,37.52478],[98.21634,37.52598],[98.21581,37.52732],[98.21584,37.52827],[98.21547,37.5285],[98.21547,37.53027],[98.217,37.5329],[98.21898,37.53461],[98.21981,37.53619],[98.22019,37.53807],[98.21889,37.53925],[98.21939,37.53983],[98.21973,37.54178],[98.21947,37.54257],[98.21967,37.54411],[98.22222,37.54369],[98.22334,37.54463],[98.22557,37.545],[98.23279,37.5484],[98.23284,37.5494],[98.22982,37.55305],[98.22988,37.5551],[98.22887,37.55791],[98.22954,37.55857],[98.23626,37.55582],[98.24919,37.5536],[98.26139,37.5541],[98.27001,37.55392],[98.27316,37.55349],[98.27847,37.55217],[98.29109,37.55147],[98.30612,37.54743]],[[98.31584,37.31671],[98.31476,37.3166],[98.31305,37.31542],[98.31399,37.30994],[98.31575,37.3086]],[[98.28565,37.3181],[98.27967,37.30512]],[[98.22231,37.28376],[98.22285,37.28674],[98.22371,37.28744],[98.22395,37.28816],[98.22364,37.29059],[98.22291,37.29259],[98.22338,37.30587],[98.22392,37.30831],[98.22366,37.30962],[98.22487,37.31326],[98.22442,37.31458],[98.22519,37.31751],[98.22654,37.31971],[98.2255,37.32389],[98.22946,37.33437],[98.22991,37.33527],[98.23015,37.33721],[98.23245,37.33693],[98.23704,37.33931],[98.23932,37.33986],[98.24041,37.34077]],[[98.17712,37.2557],[98.17878,37.26027],[98.178,37.26307],[98.17716,37.26454],[98.17759,37.26764],[98.17736,37.28123],[98.17155,37.28436],[98.17261,37.28842],[98.17407,37.29085],[98.17447,37.29964],[98.17386,37.3048],[98.17174,37.31395],[98.16786,37.32558],[98.16422,37.32935],[98.16257,37.33244],[98.15983,37.34939]],[[98.02986,37.33977],[98.02996,37.34113],[98.03028,37.34142],[98.03283,37.34239],[98.03549,37.34972],[98.03835,37.3525],[98.03969,37.35628],[98.05885,37.37914],[98.06193,37.38382],[98.06209,37.38451],[98.06022,37.38518],[98.06,37.38633],[98.0573,37.38815],[98.06462,37.40094],[98.06519,37.40133],[98.0723,37.39694],[98.07568,37.39644],[98.08515,37.39342]],[[98.29101,37.21006],[98.29216,37.20933],[98.29397,37.20892],[98.29848,37.2072],[98.29988,37.2064],[98.30037,37.20551],[98.3012,37.20487],[98.30346,37.20426],[98.30542,37.20336],[98.30713,37.20219],[98.30793,37.20095],[98.31,37.1995],[98.31079,37.19824],[98.31279,37.1962],[98.31595,37.19391],[98.3172,37.19401],[98.31935,37.19311],[98.32047,37.19216],[98.32198,37.19148],[98.32343,37.19186],[98.32854,37.19005],[98.33025,37.18918],[98.33584,37.18463],[98.34461,37.18014],[98.34756,37.17948],[98.34906,37.17785],[98.35333,37.17557],[98.35653,37.17189],[98.35871,37.17041],[98.37673,37.16495],[98.37822,37.16536],[98.38173,37.16505],[98.38351,37.1647],[98.38528,37.16385],[98.38628,37.16403],[98.38754,37.16473],[98.38962,37.16488]],[[98.40359,37.20284],[98.40387,37.20457],[98.40522,37.20558],[98.40599,37.20573],[98.4089,37.20626],[98.41831,37.21185],[98.41933,37.2119],[98.42327,37.21116],[98.42488,37.21043],[98.42743,37.21133],[98.43217,37.2112],[98.43255,37.21119],[98.43406,37.21147],[98.43719,37.21413],[98.4378,37.21674],[98.43779,37.2169],[98.43781,37.21744],[98.43832,37.21797],[98.4457,37.2212],[98.45098,37.22443],[98.45296,37.22613],[98.45686,37.22657],[98.45955,37.22528],[98.46068,37.22511],[98.46252,37.22433],[98.46259,37.22427],[98.46849,37.21925],[98.47878,37.21656],[98.48318,37.21498],[98.48319,37.21374],[98.48726,37.21342],[98.48928,37.21371],[98.49567,37.21315],[98.4996,37.21126],[98.50246,37.2105],[98.50474,37.20887],[98.50597,37.20846],[98.50875,37.20501],[98.51033,37.20223],[98.51022,37.20057],[98.51183,37.19857],[98.51226,37.1971],[98.51197,37.19586],[98.51371,37.19284],[98.51359,37.192],[98.51299,37.19182],[98.51315,37.18894],[98.5145,37.18532],[98.51582,37.18364],[98.5169,37.18351],[98.51745,37.18304],[98.5184,37.183],[98.51964,37.18081],[98.52093,37.17948],[98.52234,37.17876],[98.52445,37.17686],[98.52736,37.17655],[98.53291,37.17885]],[[97.98165,37.39899],[97.97833,37.39704],[97.973,37.39521],[97.96604,37.39164],[97.94971,37.3912],[97.9446,37.39016],[97.94401,37.3829],[97.94426,37.37428],[97.94231,37.34306]],[[97.99581,37.34178],[97.99713,37.33769],[97.99123,37.33517],[97.99111,37.33459],[97.99121,37.33402],[97.9933,37.32157],[97.99663,37.30682],[97.99488,37.29915],[98.00487,37.29131],[98.01691,37.28369],[98.01871,37.2819],[98.02016,37.27974],[98.03163,37.27158]],[[97.87163,37.33196],[97.869,37.33313],[97.86687,37.33252],[97.86618,37.33172],[97.85811,37.33079],[97.85538,37.32995],[97.85303,37.32968],[97.84427,37.32956],[97.8442,37.32724]],[[97.83027,37.34674],[97.83087,37.3612],[97.80795,37.36181]],[[97.86102,37.34449],[97.86174,37.36077],[97.8618,37.36171],[97.86261,37.36182],[97.86322,37.3759],[97.86324,37.38708],[97.82406,37.38797],[97.82347,37.37909],[97.82922,37.37887]],[[98.04546,37.41368],[98.06519,37.40133]],[[98.60925,37.84056],[98.60808,37.83789],[98.60757,37.83755],[98.607,37.83584],[98.60566,37.83415],[98.59972,37.82891],[98.59878,37.82867],[98.59749,37.82882],[98.59606,37.82811],[98.59833,37.82575],[98.59873,37.8235],[98.59781,37.82167],[98.59706,37.81853],[98.59609,37.8169],[98.59642,37.81199],[98.59596,37.81075],[98.59375,37.80731],[98.59285,37.8046],[98.59252,37.80051],[98.59134,37.79771],[98.59004,37.79597],[98.59059,37.79457],[98.59068,37.79443],[98.59155,37.79234],[98.59111,37.79172],[98.59088,37.79024],[98.58973,37.78897],[98.58825,37.78572],[98.58941,37.78214],[98.58927,37.78166],[98.58973,37.78093],[98.58825,37.78021],[98.58851,37.77869],[98.58681,37.7765],[98.5861,37.77383],[98.5854,37.77345],[98.58539,37.77174],[98.58387,37.76477],[98.58399,37.76108],[98.5834,37.75827],[98.58448,37.75533],[98.58472,37.75301],[98.58344,37.75124],[98.58316,37.75002],[98.58589,37.74166],[98.58623,37.73895],[98.58611,37.73227],[98.58515,37.7293],[98.5878,37.72242],[98.59388,37.71638],[98.59646,37.71302],[98.60067,37.69763]],[[98.59524,37.7871],[98.58941,37.78214]],[[98.62652,37.6901],[98.62686,37.69182],[98.62756,37.69174],[98.62686,37.68774]],[[98.76917,37.38479],[98.76828,37.3848],[98.76811,37.3837],[98.76895,37.3834],[98.76896,37.38271]],[[98.68087,37.51052],[98.68188,37.50857],[98.68225,37.50487],[98.68209,37.50101],[98.68254,37.49821],[98.68383,37.49554],[98.68193,37.49035],[98.6844,37.48462],[98.68529,37.47463],[98.68468,37.47303],[98.67895,37.46814],[98.6776,37.46621],[98.67637,37.46351],[98.67583,37.45932],[98.67612,37.45562],[98.6776,37.44995],[98.6769,37.44905],[98.67194,37.44716],[98.66488,37.44945],[98.66298,37.44961],[98.65861,37.44905],[98.65646,37.44836],[98.65319,37.44876],[98.65054,37.45016],[98.64474,37.45106],[98.64203,37.45117],[98.64012,37.45189],[98.63708,37.45219],[98.62514,37.4552],[98.61672,37.45777],[98.61439,37.45807],[98.61338,37.45907],[98.61239,37.46088],[98.61143,37.46135],[98.60889,37.46195],[98.60703,37.46193],[98.60406,37.46288]],[[98.71103,37.51411],[98.71492,37.52027],[98.71348,37.52291],[98.71231,37.52786],[98.70885,37.52993],[98.70637,37.53203],[98.70548,37.53348],[98.70501,37.53616],[98.70506,37.54409],[98.70536,37.54812],[98.70627,37.54898],[98.70571,37.55489],[98.70494,37.55789],[98.70354,37.56066],[98.70629,37.56277],[98.70814,37.56484],[98.71035,37.56631],[98.71363,37.56946],[98.7169,37.57177],[98.71918,37.57236],[98.71935,37.57243],[98.72238,37.57427],[98.72404,37.57488],[98.72564,37.5744],[98.73219,37.57508],[98.7384,37.57412],[98.74325,37.57444],[98.7455,37.57426],[98.75059,37.57531],[98.75178,37.57511],[98.75942,37.57535],[98.76291,37.57501],[98.76414,37.5757],[98.76521,37.57591],[98.76637,37.57553],[98.76703,37.57496],[98.76922,37.57476],[98.77124,37.5738],[98.77198,37.57373],[98.77632,37.57534],[98.78142,37.5744],[98.78625,37.57448],[98.78858,37.57535],[98.7899,37.57641],[98.79382,37.57788],[98.79928,37.58252],[98.80042,37.58288],[98.80134,37.58438],[98.80644,37.58774],[98.80846,37.58873],[98.80945,37.58962],[98.81515,37.59228],[98.81875,37.59247],[98.81975,37.59286],[98.82128,37.59402],[98.82715,37.59489],[98.82891,37.59579],[98.83262,37.59559],[98.83758,37.59657],[98.84092,37.59817],[98.84475,37.5991],[98.84935,37.5996],[98.85143,37.59956],[98.85923,37.60136],[98.86081,37.60143],[98.8619,37.60112],[98.86335,37.60149],[98.86416,37.60203],[98.86532,37.60486],[98.86652,37.60622],[98.86875,37.60727],[98.87519,37.61271],[98.8759,37.61427],[98.87791,37.61703],[98.88062,37.61936],[98.88308,37.62468],[98.8841,37.62617],[98.88763,37.63022],[98.88819,37.63129],[98.89232,37.635],[98.8997,37.64452],[98.90048,37.64506],[98.90366,37.64602],[98.90744,37.64853],[98.90988,37.64877],[98.9118,37.6483],[98.91321,37.64835],[98.91556,37.64883],[98.91744,37.6501],[98.9188,37.65055],[98.92002,37.65158],[98.92164,37.65151],[98.92131,37.65055],[98.92205,37.64999],[98.92513,37.64951],[98.9277,37.64778],[98.93587,37.64477],[98.93914,37.64072],[98.94399,37.63891],[98.94623,37.63744],[98.95062,37.63537],[98.95504,37.63477],[98.96069,37.63267],[98.96184,37.63295],[98.97078,37.63292],[98.97419,37.63175],[98.98032,37.63211],[98.98542,37.63158]],[[98.60513,37.67085],[98.60733,37.67262],[98.60932,37.67679],[98.61374,37.6785],[98.61765,37.68057],[98.6196,37.68209],[98.6225,37.68317],[98.62542,37.68603],[98.62828,37.68757]],[[99.03909,37.1807],[99.03811,37.18334],[99.03714,37.18443],[99.03014,37.18786],[99.02617,37.1889],[99.02375,37.19116],[99.02286,37.19161],[99.02078,37.19198],[99.01938,37.1939],[99.01575,37.19631],[99.01499,37.19627],[99.01369,37.19689],[99.0128,37.19772],[99.01295,37.19892],[99.00876,37.20188],[99.00217,37.20844],[99.00224,37.20932],[99.00187,37.20994],[99.00075,37.2105],[98.99875,37.2132],[98.99693,37.21462],[98.9945,37.21761],[98.9934,37.21985],[98.99264,37.2224],[98.99356,37.22453],[98.99479,37.22616],[98.99701,37.22668],[98.99645,37.22701],[98.99768,37.22693],[99.00759,37.22864],[99.01398,37.22688],[99.01497,37.22769],[99.01706,37.22792],[99.0197,37.22906]],[[99.13641,37.26305],[99.13969,37.26618],[99.14172,37.26887],[99.14219,37.27015],[99.14576,37.27226],[99.1463,37.27325],[99.14811,37.27438],[99.14875,37.27675],[99.15146,37.28087],[99.15497,37.28451],[99.15345,37.28481],[99.15134,37.28604],[99.14533,37.28769],[99.14384,37.28862],[99.14267,37.29029]],[[98.44621,37.85619],[98.44418,37.85436],[98.44382,37.85319],[98.44467,37.84975],[98.44471,37.8458],[98.44442,37.84513],[98.44542,37.8407],[98.44365,37.83554],[98.44379,37.83509],[98.4455,37.83294],[98.4461,37.83239],[98.44809,37.83165],[98.45006,37.82932],[98.45215,37.82905],[98.45576,37.82543],[98.45704,37.82509]],[[97.86242,36.05981],[97.85817,36.06012]],[[97.8044,36.0631],[97.80363,36.06908],[97.8032,36.07136]],[[97.81385,36.0549],[97.8124,36.05694],[97.80942,36.06114],[97.80766,36.06249],[97.80699,36.063],[97.80612,36.06378]],[[97.77637,36.05753],[97.77609,36.05687],[97.77601,36.05669],[97.77566,36.0558],[97.77529,36.05515],[97.77038,36.0516],[97.7742,36.04943],[97.77472,36.04878],[97.77493,36.04892]],[[97.78406,36.05534],[97.78208,36.05628],[97.78145,36.05623],[97.78046,36.05549],[97.77807,36.05613],[97.77601,36.05669]],[[97.77041,36.04316],[97.77356,36.04691],[97.77339,36.04709],[97.77398,36.04828],[97.77472,36.04878]],[[97.80028,36.04128],[97.79927,36.04125],[97.79598,36.03847]],[[97.82899,36.03257],[97.82784,36.0324],[97.8211,36.03151],[97.81913,36.03123],[97.81924,36.02866],[97.81572,36.0295]],[[97.84525,36.02376],[97.84402,36.02416],[97.8412,36.02203],[97.83653,36.02454],[97.83194,36.02682],[97.83067,36.02681],[97.82795,36.02653],[97.8218,36.02814],[97.81924,36.02866]],[[97.87263,36.02209],[97.87338,36.02161],[97.87469,36.02151],[97.87398,36.0203],[97.87338,36.02161]],[[97.87283,36.01929],[97.87398,36.0203]],[[98.71896,37.81579],[98.7204,37.81329],[98.7199,37.81002],[98.7172,37.80375],[98.71456,37.80005],[98.7148,37.7989],[98.7145,37.79783],[98.71387,37.79724],[98.7128,37.7976],[98.71295,37.7922],[98.71244,37.78857],[98.71292,37.78648],[98.71288,37.78428],[98.71247,37.78305],[98.71048,37.77985],[98.71116,37.77835],[98.7111,37.77772],[98.70883,37.77799],[98.709,37.77712],[98.70824,37.77597],[98.70818,37.77477],[98.70555,37.77102],[98.70553,37.76972],[98.70791,37.76714],[98.70649,37.76173],[98.70643,37.75956],[98.70562,37.75752],[98.70272,37.75329],[98.70259,37.74994],[98.70306,37.74867],[98.70495,37.74678],[98.70811,37.74491],[98.70928,37.74386],[98.7099,37.74203],[98.70923,37.7412],[98.70863,37.7412],[98.70501,37.74173],[98.70439,37.74254],[98.70411,37.74252],[98.7021,37.74116],[98.70005,37.74045],[98.69696,37.73799],[98.69611,37.73776],[98.69445,37.73627],[98.69258,37.73391],[98.69104,37.73268],[98.6903,37.73227],[98.68978,37.73248],[98.69,37.73313],[98.68783,37.73284],[98.68723,37.73156],[98.6846,37.73042],[98.68061,37.72759],[98.67845,37.72566],[98.67807,37.72489],[98.67424,37.72325],[98.67271,37.72141],[98.66928,37.72121],[98.66856,37.72154],[98.66657,37.71964],[98.65757,37.71877],[98.6551,37.71828]],[[99.10717,36.91322],[99.10644,36.91438],[99.1065,36.91571],[99.10526,36.91851],[99.10408,36.92715],[99.1036,36.92718],[99.10412,36.92856],[99.1055,36.92954],[99.10656,36.9311],[99.10718,36.93243],[99.10758,36.9352],[99.10886,36.93738],[99.10865,36.94056],[99.1097,36.94597],[99.1097,36.94604],[99.11009,36.9473],[99.11257,36.95128],[99.11266,36.95286],[99.1118,36.95934],[99.11222,36.96056],[99.11222,36.96334],[99.11261,36.9655],[99.11405,36.96661],[99.11532,36.9684],[99.11687,36.96948],[99.12104,36.97066],[99.12392,36.9746]],[[98.28179,36.63091],[98.27519,36.623],[98.27313,36.62224],[98.26964,36.62421],[98.26845,36.62545],[98.2658,36.62675],[98.26493,36.62651],[98.24869,36.63573]],[[98.98826,37.29137],[98.99071,37.28071],[98.99227,37.27976]],[[99.13913,37.61299],[99.14093,37.61596],[99.14093,37.61707],[99.1395,37.61844],[99.13717,37.61926],[99.13699,37.61933],[99.13671,37.61976],[99.13682,37.62256],[99.13833,37.62919],[99.14046,37.63163],[99.14313,37.63694],[99.14407,37.64333],[99.14569,37.64733],[99.14765,37.65009],[99.14778,37.65137],[99.14816,37.65186],[99.14851,37.65198],[99.14912,37.65225],[99.14929,37.65278],[99.14921,37.65382],[99.14835,37.65531],[99.14777,37.66353],[99.14809,37.66496],[99.14864,37.66553],[99.14838,37.66601],[99.14853,37.66765],[99.14748,37.6679],[99.1465,37.6687],[99.14554,37.67055],[99.14615,37.67269],[99.14673,37.67347],[99.14629,37.67538],[99.14489,37.67703],[99.14527,37.67846],[99.14488,37.67932],[99.14382,37.68044],[99.14377,37.68195],[99.14303,37.68317],[99.14051,37.68583],[99.13797,37.68711],[99.13717,37.68816],[99.13493,37.69001],[99.13425,37.69134],[99.13229,37.69813],[99.13246,37.70056],[99.13318,37.70207],[99.13331,37.70566],[99.13435,37.70763],[99.13359,37.71247],[99.13349,37.71579],[99.13424,37.71978],[99.13512,37.72152],[99.13442,37.72261],[99.13515,37.72709],[99.13509,37.72898],[99.13424,37.73053],[99.13416,37.73165],[99.13554,37.73348],[99.13516,37.73567],[99.13324,37.73891],[99.13252,37.74121],[99.13072,37.74445],[99.12991,37.74711],[99.12815,37.74991],[99.12776,37.75255],[99.1263,37.75383],[99.12535,37.75568],[99.12444,37.75521],[99.1223,37.75499],[99.12088,37.75531]],[[99.19853,37.48609],[99.1985,37.48337],[99.20164,37.4737],[99.20013,37.47214],[99.19659,37.46593],[99.19521,37.46469],[99.19179,37.45783],[99.18946,37.45097],[99.18882,37.45007],[99.18707,37.44967],[99.18494,37.44844],[99.18414,37.44698],[99.18017,37.44405],[99.17792,37.44363],[99.17566,37.44027],[99.17468,37.43986],[99.17449,37.43891],[99.17259,37.4373],[99.17129,37.43703],[99.16868,37.4343],[99.16596,37.43042],[99.16514,37.42773],[99.16435,37.42633]],[[99.1883,37.54174],[99.1871,37.54097],[99.1839,37.54108],[99.18115,37.54213],[99.17736,37.54435],[99.17119,37.5469],[99.16993,37.54772],[99.16687,37.54863],[99.16257,37.54893],[99.16156,37.54855],[99.15156,37.54761],[99.15028,37.54673],[99.15004,37.54542],[99.15094,37.54383],[99.15133,37.54127],[99.14892,37.53634]],[[99.16335,37.56679],[99.15999,37.5655],[99.15891,37.5654],[99.15666,37.5636],[99.15383,37.56196],[99.15284,37.56052],[99.15088,37.55896],[99.14818,37.55769],[99.14789,37.55664],[99.1493,37.55358],[99.14915,37.55274],[99.15082,37.54932],[99.15084,37.54798],[99.15025,37.54723],[99.15028,37.54673]],[[98.12957,36.33824],[98.13121,36.33839],[98.13119,36.34043],[98.12506,36.3391],[98.12333,36.33919],[98.12319,36.3392],[98.12314,36.3392],[98.12298,36.33921],[98.11773,36.33965],[98.11445,36.33908],[98.11231,36.33775],[98.11031,36.3379]],[[98.0874,36.35622],[98.07794,36.35445],[98.07149,36.3545]],[[98.10811,36.23501],[98.11185,36.23389],[98.11224,36.23401]],[[98.14382,36.34107],[98.1444,36.34024],[98.14185,36.34043],[98.14003,36.34135],[98.13811,36.3416],[98.13685,36.34152],[98.13504,36.34069],[98.13119,36.34043]],[[98.09456,36.40447],[98.09168,36.40554],[98.08434,36.40603],[98.08393,36.40723],[98.0849,36.41054],[98.08387,36.4104],[98.08267,36.41064]],[[98.03479,36.39204],[98.03446,36.39059]],[[98.1302,36.41715],[98.12852,36.41985],[98.12725,36.4197],[98.12647,36.42051],[98.12619,36.42084],[98.12591,36.42097],[98.12286,36.4197],[98.11969,36.41917],[98.11845,36.41932],[98.11599,36.41872],[98.11353,36.41761],[98.10968,36.41727],[98.103,36.41799],[98.10057,36.4185],[98.09908,36.41834],[98.09432,36.4188],[98.08846,36.42028],[98.0807,36.42068],[98.06925,36.42289],[98.06622,36.42408],[98.06225,36.42659],[98.05878,36.42925],[98.05617,36.43215],[98.05454,36.43306],[98.05374,36.43414],[98.05311,36.43647],[98.05442,36.43702],[98.05473,36.43763],[98.05466,36.43847],[98.05525,36.43937],[98.05523,36.44524],[98.05908,36.4551],[98.0588,36.45653],[98.05701,36.45949],[98.05707,36.46092],[98.05755,36.46182],[98.056,36.46602],[98.06261,36.47251]],[[98.10624,36.41041],[98.10598,36.41276],[98.08626,36.41093],[98.0849,36.41054]],[[98.1053,36.41579],[98.10615,36.41372],[98.10628,36.41301],[98.10598,36.41276]],[[98.08507,36.38116],[98.08508,36.38235],[98.08544,36.39405]],[[98.08696,36.34035],[98.07767,36.33859]],[[98.07752,36.3343],[98.07715,36.32297],[98.08078,36.30975],[98.08059,36.30749],[98.08082,36.30735],[98.07917,36.30715]],[[98.08456,36.30746],[98.08082,36.30735]],[[98.06921,36.31895],[98.06657,36.32031],[98.06404,36.32013]],[[98.08869,36.36462],[98.08768,36.36463]],[[98.03977,36.30147],[98.03864,36.30113],[98.03899,36.30037],[98.05127,36.30383]],[[98.05333,36.32003],[98.05564,36.31736],[98.05643,36.31705],[98.05799,36.31734],[98.05819,36.31711],[98.05866,36.31459],[98.05994,36.31347],[98.0617,36.31001],[98.06156,36.30961],[98.06012,36.30873],[98.06337,36.30089]],[[98.87033,37.02244],[98.87171,37.02106],[98.87278,37.02064],[98.87312,37.0196],[98.87441,37.01798],[98.87897,37.01503],[98.87894,37.01207],[98.87799,37.00943],[98.8795,37.00913]],[[97.85382,36.08274],[97.85473,36.08284],[97.85687,36.08305],[97.85896,36.08271]],[[99.09112,36.76091],[99.09136,36.76043],[99.0906,36.76007]],[[98.96384,36.86712],[98.96502,36.86719],[98.96667,36.86653],[98.96823,36.86321],[98.96694,36.85636],[98.96723,36.85472],[98.96768,36.85414]],[[99.06806,36.85641],[99.06965,36.85647],[99.07315,36.8555]],[[98.85182,37.00634],[98.85503,37.0048],[98.85514,37.00474],[98.85598,37.00485],[98.85651,37.00622],[98.85931,37.00998],[98.86229,37.01557]],[[98.80722,37.1309],[98.80661,37.12814],[98.80612,37.12748],[98.80412,37.12646],[98.80022,37.12248],[98.79873,37.12003],[98.79831,37.11748],[98.79718,37.11629],[98.7984,37.11336],[98.79827,37.11203],[98.79723,37.11081],[98.79589,37.10827],[98.79532,37.10785],[98.79537,37.10711],[98.7923,37.10116],[98.79272,37.09997],[98.79326,37.09187],[98.79561,37.08601],[98.79431,37.08494],[98.79396,37.08315],[98.79427,37.08028],[98.7961,37.07797],[98.79731,37.07418],[98.79901,37.07059],[98.79929,37.06876],[98.79947,37.06557],[98.79861,37.0637],[98.79489,37.06251],[98.79489,37.06166],[98.79741,37.05993],[98.79808,37.05838],[98.79851,37.05589],[98.8,37.05316],[98.8008,37.05061],[98.80113,37.04756],[98.80056,37.04493],[98.80108,37.03877],[98.80136,37.03758],[98.80319,37.03608],[98.80183,37.03175],[98.80174,37.0298],[98.7999,37.02422],[98.79963,37.02196],[98.79752,37.0195],[98.79166,37.0205],[98.79011,37.02091],[98.7894,37.02144],[98.78797,37.02149],[98.78213,37.02307],[98.76429,37.0241]],[[90.35295,38.24811],[90.32225,38.25668]],[[90.8743,38.24881],[90.87071,38.25306],[90.86934,38.25457]],[[90.89865,38.3005],[90.89783,38.3004],[90.89954,38.30158],[90.89941,38.30193],[90.89988,38.30225],[90.89996,38.30285],[90.89898,38.30363],[90.90182,38.3027],[90.90375,38.30252],[90.90516,38.30143],[90.90609,38.30132],[90.90736,38.30051],[90.90813,38.30046],[90.90498,38.29987],[90.90496,38.2991],[90.90588,38.29878],[90.90601,38.29807],[90.90554,38.29809],[90.90494,38.29693],[90.90265,38.29695],[90.90241,38.2967],[90.90364,38.29629],[90.90596,38.29619],[90.90642,38.29654],[90.90662,38.29599],[90.90743,38.29568],[90.90631,38.29383],[90.9069,38.29393],[90.90807,38.29337],[90.91013,38.29403],[90.91457,38.29464],[90.91532,38.29374],[90.91454,38.29324],[90.91554,38.29211],[90.91582,38.29011],[90.91642,38.28878],[90.91611,38.28819],[90.91519,38.28775],[90.91384,38.28835],[90.91366,38.28809],[90.915,38.28665],[90.91484,38.28571],[90.91528,38.28527],[90.91328,38.28485],[90.91365,38.28307],[90.90933,38.2834],[90.90745,38.28456],[90.90605,38.28487],[90.90648,38.28392],[90.90329,38.28629],[90.90249,38.2876],[90.90224,38.28848],[90.90257,38.28972],[90.9021,38.29019],[90.90296,38.29108],[90.90285,38.2925],[90.9033,38.29273],[90.90573,38.29182],[90.90654,38.29223],[90.90682,38.29324],[90.90631,38.29383]],[[90.88586,38.24953],[90.87902,38.25756],[90.87772,38.25904],[90.87657,38.26038],[90.87625,38.26076],[90.87459,38.26281],[90.87374,38.26386],[90.87227,38.26602],[90.87061,38.26821]],[[91.47142,38.35575],[91.47059,38.35477],[91.47007,38.35464],[91.46575,38.3585],[91.46407,38.3594],[91.45833,38.35892],[91.45248,38.36089],[91.45019,38.3611],[91.45048,38.36172],[91.4501,38.36182],[91.44979,38.36297],[91.45052,38.36324],[91.45123,38.36422],[91.452,38.36484],[91.45303,38.36494],[91.45637,38.36398],[91.45745,38.36412],[91.46196,38.36238],[91.46518,38.36385],[91.46675,38.36545],[91.46914,38.3668],[91.47229,38.36751],[91.47767,38.36804],[91.48327,38.36929],[91.48948,38.3711],[91.49046,38.37164],[91.49368,38.3749],[91.49416,38.376],[91.49825,38.3771],[91.50133,38.37924],[91.50402,38.38263],[91.50626,38.38855],[91.5076,38.39043],[91.50911,38.39044],[91.51324,38.38868],[91.51828,38.3884],[91.51956,38.38871],[91.52229,38.3883],[91.52715,38.38629],[91.52842,38.38635],[91.53099,38.38565],[91.54,38.38069],[91.54483,38.3791],[91.54658,38.37777],[91.54843,38.37686]],[[91.44894,38.36237],[91.44979,38.36297]],[[91.61247,38.4736],[91.56868,38.43801],[91.56129,38.4321],[91.56107,38.43148],[91.53404,38.41031],[91.52166,38.39466],[91.51956,38.38871]],[[91.85831,38.49689],[91.83387,38.58558],[91.83217,38.58527],[91.79438,38.55878],[91.82456,38.44894]],[[91.61294,38.47419],[91.63256,38.49047],[91.64086,38.49222],[91.64528,38.49832],[91.6489,38.50418],[91.65144,38.50547],[91.65363,38.50733],[91.65801,38.5088],[91.65939,38.50959],[91.66341,38.51049],[91.66597,38.51167],[91.66616,38.5121],[91.66563,38.51289],[91.66527,38.51461],[91.66556,38.51765],[91.66338,38.52042],[91.66669,38.52913],[91.6721,38.5301],[91.69748,38.52003],[91.7054,38.51473],[91.70845,38.51416],[91.71551,38.51602],[91.7243,38.51483],[91.73076,38.51536],[91.7374,38.51797],[91.74229,38.52214],[91.79438,38.55878],[91.78888,38.57813],[91.77455,38.63089],[91.75956,38.62827]],[[91.84116,38.59155],[91.83366,38.58632],[91.81939,38.63849],[91.77455,38.63089]],[[91.84087,38.64208],[91.81939,38.63849]],[[91.73626,38.56907],[91.78888,38.57813],[91.83217,38.58527],[91.83366,38.58632],[91.83387,38.58558],[91.8393,38.58649]],[[91.00705,38.11433],[90.9622,38.09036],[90.9617,38.08888],[90.96553,38.0732],[90.96748,38.07293]],[[91.16399,38.06329],[91.1657,38.06284],[91.16906,38.06308],[91.17162,38.06212],[91.17241,38.06099],[91.17256,38.0586],[91.17325,38.05793],[91.17906,38.05478],[91.17997,38.05355],[91.17814,38.05129],[91.17844,38.04997],[91.17971,38.04828],[91.17951,38.04565],[91.1893,38.04152],[91.19362,38.03902],[91.19346,38.03764],[91.19154,38.03272],[91.18596,38.02497],[91.1859,38.02489],[91.18283,38.02075]],[[90.66303,38.36315],[90.66418,38.36323],[90.67171,38.36108],[90.6955,38.35381],[90.712,38.34757],[90.7575,38.32937],[90.81081,38.30939]],[[90.35296,38.24819],[90.35264,38.24833]],[[92.63824,38.78892],[92.62286,38.79053],[92.56387,38.78662],[92.55492,38.78758],[92.54921,38.78719],[92.5171,38.78848],[92.49356,38.78907],[92.43048,38.81142],[92.41365,38.82041],[92.39318,38.82713],[92.38677,38.83017],[92.38563,38.83024],[92.37293,38.82713],[92.36917,38.82926],[92.35919,38.83005],[92.33449,38.83424],[92.31288,38.83355],[92.31099,38.83311],[92.28511,38.81826],[92.26944,38.80293],[92.24661,38.78573],[92.22904,38.75855],[92.22099,38.724],[92.21751,38.71387],[92.20344,38.69206],[92.18133,38.67378],[92.16367,38.66195],[92.1529,38.6497],[92.13522,38.63248],[92.1338,38.63015],[92.13253,38.62359],[92.1309,38.61823],[92.13083,38.61572],[92.13125,38.60091],[92.13566,38.58795],[92.13548,38.57602],[92.13637,38.56663],[92.14394,38.53342],[92.14743,38.51777],[92.14979,38.51131],[92.15321,38.50613],[92.15354,38.4924],[92.15262,38.48736],[92.15307,38.47694],[92.15095,38.46406],[92.15151,38.45205],[92.15115,38.4439],[92.15354,38.42919],[92.1528,38.41534],[92.14759,38.40206],[92.14676,38.39445],[92.11468,38.33619],[92.08262,38.24911],[92.08053,38.2417],[92.07801,38.22381],[92.07814,38.22292]],[[92.18385,38.5462],[92.1828,38.54455],[92.18001,38.54258],[92.17797,38.54167],[92.17506,38.54097],[92.1699,38.54175],[92.1621,38.54091],[92.15779,38.53956],[92.15616,38.53856],[92.14999,38.53638],[92.14648,38.53433],[92.14394,38.53342]],[[91.7839,38.40292],[91.76216,38.40566],[91.74803,38.4081],[91.73152,38.41138],[91.72631,38.41208],[91.71775,38.41464],[91.6795,38.42124],[91.66902,38.42242],[91.56868,38.43801],[91.49956,38.46554],[91.46003,38.47335],[91.45435,38.47638],[91.42188,38.50671],[91.41983,38.50577],[91.39529,38.50281],[91.40974,38.51479],[91.41227,38.51738],[91.41367,38.51798],[91.41562,38.5172],[91.41785,38.51533],[91.42058,38.51405],[91.42527,38.5106],[91.42519,38.50985],[91.42294,38.50791]],[[90.30906,38.25635],[90.30908,38.25591],[90.30909,38.25561],[90.30911,38.25522],[90.30912,38.2548],[90.30924,38.25084]],[[90.31132,38.25172],[90.31588,38.25186]],[[91.31712,38.57092],[91.33153,38.56327],[91.33216,38.56323],[91.36335,38.58814],[91.50609,38.66756],[91.50955,38.66947],[91.51007,38.67024],[91.51356,38.67074],[91.51362,38.67192]],[[91.5181,38.62411],[91.50609,38.66756]],[[92.27958,38.3153],[92.27978,38.31888],[92.27584,38.32844],[92.27482,38.33011],[92.27412,38.33308],[92.26737,38.34855],[92.18915,38.53548],[92.18762,38.53938],[92.18572,38.54188],[92.18565,38.54413],[92.1925,38.54575],[92.40155,38.6607],[92.56166,38.74829],[92.63462,38.78652],[92.63767,38.78857],[92.64305,38.79044],[92.64871,38.79405],[92.66416,38.8026],[92.68873,38.81467],[92.71189,38.81912],[92.72341,38.81833],[92.76161,38.81708]],[[91.05709,38.08513],[91.05916,38.08729]],[[91.76235,38.55075],[91.7584,38.55245],[91.75635,38.55316],[91.75267,38.55507],[91.74257,38.55924],[91.74128,38.5602],[91.74188,38.56082],[91.7423,38.56085],[91.74727,38.55965],[91.7545,38.55703],[91.75267,38.55507],[91.74984,38.55195],[91.74544,38.54877],[91.74394,38.54879],[91.73793,38.54997],[91.73412,38.5519],[91.73432,38.55321],[91.73601,38.55525],[91.74128,38.5602]],[[91.71723,38.54736],[91.71762,38.54784],[91.72931,38.55445]],[[91.76898,38.56006],[91.76308,38.56142],[91.76214,38.56146],[91.76183,38.5612],[91.76278,38.5572],[91.76271,38.55596],[91.76111,38.55461],[91.7584,38.55245]],[[91.76658,38.55457],[91.76111,38.55461],[91.7545,38.55703]],[[91.44012,38.50796],[91.43168,38.50367],[91.42527,38.5106]],[[91.28196,38.46434],[91.28776,38.46937],[91.29142,38.47182],[91.30107,38.47695],[91.30771,38.47959],[91.31145,38.48026],[91.34869,38.48372],[91.34968,38.48358],[91.35238,38.48243],[91.35415,38.48256],[91.35716,38.48055],[91.35881,38.48241],[91.36564,38.4826],[91.36856,38.48351],[91.3743,38.48671],[91.38112,38.49148],[91.38981,38.48589],[91.3898,38.48547],[91.38912,38.48494],[91.38863,38.48374],[91.38583,38.48156],[91.38464,38.48008],[91.38693,38.4782],[91.39217,38.47415],[91.39684,38.47054],[91.39784,38.47027],[91.40355,38.47713],[91.39549,38.48228],[91.38952,38.47963],[91.38952,38.47914],[91.39165,38.47793],[91.39334,38.47736],[91.39567,38.47728],[91.39658,38.47743],[91.39934,38.47655],[91.39954,38.476],[91.40017,38.4756],[91.40001,38.47442]],[[91.38536,38.47469],[91.38747,38.47745],[91.38693,38.4782],[91.38705,38.47853],[91.38952,38.47963]],[[91.3879,38.4749],[91.38859,38.47414],[91.38815,38.47341],[91.40146,38.46633],[91.40191,38.46633],[91.40339,38.46805],[91.40262,38.46851],[91.4025,38.46916],[91.4014,38.46877],[91.4007,38.46903],[91.40032,38.46885],[91.39864,38.46907],[91.39784,38.47027]],[[91.41108,38.4624],[91.41249,38.4641],[91.40768,38.46652],[91.40774,38.46724],[91.4072,38.46765],[91.40557,38.46781],[91.40521,38.46759],[91.40395,38.46816],[91.40339,38.46805]],[[91.42146,38.38562],[91.4144,38.39091],[91.40966,38.39163],[91.40335,38.39332],[91.38495,38.40019],[91.38253,38.4002],[91.3799,38.39634]],[[90.93547,38.14865],[90.92289,38.15009],[90.92118,38.15038],[90.91952,38.15122],[90.91895,38.151],[90.91888,38.15086],[90.91885,38.15077],[90.9188,38.15067],[90.91852,38.15007]],[[90.87624,38.24683],[90.87627,38.24678],[90.88199,38.23714]],[[90.8701,38.2356],[90.87006,38.23574],[90.86743,38.24357],[90.8673,38.2456],[90.86728,38.2457]],[[90.88136,38.24757],[90.88139,38.24749],[90.88326,38.24237]],[[92.33854,38.85617],[92.33912,38.85565],[92.35204,38.85572],[92.34693,38.86909],[92.3418,38.88115],[92.34188,38.89116],[92.34083,38.89707],[92.34094,38.89858],[92.33911,38.90564],[92.33806,38.90655],[92.33691,38.9097],[92.33648,38.91184],[92.33667,38.91727],[92.33575,38.92013],[92.33467,38.92604],[92.33484,38.92828]],[[92.35292,38.85348],[92.35204,38.85572],[92.35498,38.8534],[92.35503,38.84887],[92.35655,38.84406],[92.35774,38.83848],[92.35769,38.83292],[92.35919,38.83005]],[[90.92423,38.11119],[90.9256,38.11341],[90.93052,38.11383],[90.93141,38.11414],[90.94317,38.1187],[90.94671,38.11952]],[[90.96943,38.05282],[90.96589,38.06461],[90.96124,38.07207],[90.95827,38.07508],[90.95823,38.07513],[90.94569,38.08757]],[[90.74668,38.26369],[90.7536,38.2715],[90.75827,38.28649],[90.75924,38.288],[90.7593,38.28809],[90.76052,38.28973]],[[90.30972,38.25636],[90.30965,38.25805]],[[91.84112,38.59168],[91.84316,38.59286],[91.84562,38.59184],[91.84843,38.59006],[91.85541,38.58716],[91.86119,38.58679],[91.8734,38.58215],[91.87834,38.57941],[91.88272,38.5777],[91.88943,38.57743],[91.90134,38.57626],[91.9124,38.5763],[91.91479,38.57652],[91.91764,38.57831],[91.9215,38.57846],[91.92737,38.58053],[91.9295,38.58063],[91.93655,38.57974],[91.95157,38.57569]],[[90.85559,38.2697],[90.85252,38.26868]],[[94.60392,38.02683],[94.60503,38.03106],[94.60388,38.05029],[94.59186,38.05705],[94.57263,38.06056],[94.52684,38.0728],[94.52359,38.07345]],[[94.51942,38.0177],[94.5383,38.03765],[94.53831,38.0377],[94.53833,38.0378]],[[93.32978,38.90336],[93.33071,38.90365]],[[93.31094,38.89715],[93.31942,38.90001]],[[93.21514,38.91495],[93.22504,38.91415],[93.23628,38.9157],[93.25454,38.90802]],[[93.20188,38.91627],[93.18765,38.91912],[93.17849,38.92301],[93.1433,38.94334],[93.05236,38.97723],[93.04218,38.97706],[93.03227,38.98083],[93.02845,38.98136],[93.02359,38.98087],[93.01696,38.97972],[93.01001,38.97948],[93.00411,38.97832],[93.00396,38.97825],[92.99799,38.97711],[92.99763,38.97674],[92.99224,38.97748],[92.9819,38.97725],[92.98057,38.97688],[92.97572,38.97668],[92.9752,38.97601],[92.9713,38.97585],[92.96911,38.97545],[92.96816,38.97548],[92.96645,38.9766],[92.96331,38.9775],[92.9546,38.9774]],[[92.87418,38.94972],[92.87409,38.9576],[92.88019,38.96647],[92.88079,38.96907],[92.88662,38.97561]],[[94.55492,38.03315],[94.55501,38.03484],[94.55502,38.0349],[94.55502,38.03501]],[[94.55718,38.03465],[94.55791,38.04042],[94.55793,38.0406],[94.55853,38.04584]],[[94.92136,38.04067],[94.91646,38.03856],[94.9144,38.03701],[94.90374,38.0254],[94.90558,38.02201],[94.90741,38.01986],[94.90734,38.01907],[94.90637,38.01651],[94.90059,38.01422],[94.90037,38.01391],[94.90043,38.01378]],[[93.48261,38.62517],[93.48316,38.62588],[93.48645,38.62712],[93.48977,38.62905],[93.49713,38.63891],[93.49862,38.64017],[93.4989,38.64133],[93.53498,38.68979],[93.54182,38.69062],[93.54889,38.69043],[93.5538,38.69278],[93.55456,38.69357],[93.55602,38.69397],[93.55849,38.69406],[93.55985,38.69564],[93.56167,38.69663],[93.56279,38.69784],[93.56387,38.69786],[93.56675,38.69894],[93.56951,38.69935],[93.56998,38.70001],[93.57086,38.69982],[93.57099,38.69899]],[[94.95025,38.03088],[94.95132,38.02326],[94.95096,38.02099],[94.95304,38.01902],[94.95539,38.01911]],[[93.58527,38.91987],[93.58532,38.91948]],[[93.3353,38.73025],[93.33399,38.73229]],[[94.93391,38.03904],[94.93744,38.04322],[94.93849,38.04383],[94.94118,38.0445],[94.94663,38.04858],[94.94684,38.04954],[94.94834,38.05078],[94.9503,38.05067],[94.95138,38.05103],[94.95163,38.05158],[94.94994,38.05537],[94.95195,38.06039],[94.95439,38.06364],[94.95756,38.0656],[94.95992,38.06923],[94.96217,38.06861],[94.96458,38.06921],[94.96558,38.07067],[94.96565,38.07097],[94.96579,38.07158],[94.96628,38.07182],[94.967,38.07171],[94.96671,38.07391],[94.96402,38.07567],[94.95537,38.07668],[94.94455,38.07644],[94.94434,38.07597],[94.94428,38.07582],[94.94412,38.07548],[94.94073,38.07377],[94.94019,38.07318],[94.93949,38.07206],[94.93946,38.06996],[94.922,38.04659],[94.92119,38.04443],[94.92114,38.04149],[94.91515,38.04171],[94.9133,38.04166],[94.91314,38.04133]],[[93.42119,38.45358],[93.42283,38.45662],[93.42153,38.46181],[93.42214,38.46447],[93.42502,38.46623],[93.42899,38.47088],[93.43924,38.47486],[93.44876,38.48318],[93.44912,38.48389],[93.45427,38.48624],[93.458,38.49455],[93.4725,38.53747],[93.48407,38.57338],[93.49264,38.60067],[93.49802,38.61954]],[[94.48019,38.50095],[94.48318,38.50123]],[[94.24685,38.57483],[94.2483,38.57828],[94.24893,38.57846],[94.25226,38.57804],[94.2546,38.57869],[94.2583,38.58212],[94.2646,38.58583],[94.26567,38.58876],[94.2731,38.60107],[94.27442,38.60373],[94.27508,38.60598],[94.281,38.61495],[94.28596,38.61995],[94.30103,38.62767],[94.30414,38.6298],[94.32883,38.64242],[94.33087,38.64383],[94.3415,38.653],[94.34778,38.65782],[94.35757,38.66368],[94.35917,38.66397],[94.35927,38.66398],[94.39227,38.66879],[94.4,38.67058],[94.40882,38.67364]],[[93.33194,38.74304],[93.32842,38.74829],[93.32629,38.75078],[93.32301,38.75781],[93.31973,38.7685],[93.30134,38.78745],[93.301,38.79148]],[[93.89955,38.59896],[93.90057,38.59956]],[[93.89759,38.60846],[93.89748,38.6089],[93.89814,38.60959],[93.89782,38.61056],[93.89831,38.61134],[93.89779,38.61241],[93.89783,38.61324],[93.89698,38.61395],[93.89592,38.61404],[93.8958,38.61488],[93.89424,38.61573],[93.89389,38.61622],[93.89417,38.61627],[93.89473,38.6157],[93.89575,38.61554],[93.89668,38.61459],[93.8981,38.61424],[93.89908,38.61341],[93.90003,38.61243],[93.90005,38.61015],[93.90113,38.6077],[93.90132,38.60809],[93.9006,38.60964],[93.90031,38.61314],[93.89834,38.61501],[93.89733,38.61532],[93.89595,38.61653],[93.89656,38.61659],[93.89797,38.61553],[93.89845,38.61574],[93.89841,38.61611]],[[92.91134,38.0463],[92.91158,38.04596],[92.91043,38.04485],[92.90805,38.04368],[92.90539,38.04183],[92.90314,38.04017],[92.90577,38.0364]],[[94.2846,38.3197],[94.29328,38.32331],[94.29534,38.32563],[94.29924,38.32837],[94.30181,38.33161],[94.30406,38.33311],[94.30709,38.33452],[94.30792,38.33568],[94.31399,38.34098],[94.31609,38.34364],[94.31972,38.34551],[94.32493,38.3468],[94.33051,38.34882],[94.33075,38.34956],[94.32958,38.35125],[94.3285,38.35565],[94.32993,38.35899],[94.33311,38.36331],[94.33309,38.36463],[94.33507,38.36518],[94.34708,38.37223],[94.35251,38.38113],[94.35298,38.38276],[94.35289,38.38493],[94.35696,38.38741],[94.35739,38.38827],[94.3567,38.38942],[94.35691,38.38975],[94.35769,38.38982]],[[94.35886,38.38762],[94.35886,38.38743],[94.3589,38.38362],[94.35935,38.38323],[94.35957,38.38323],[94.36057,38.38326],[94.36087,38.3836],[94.36086,38.38768],[94.35987,38.38768],[94.35988,38.39228]],[[95.00104,38.04961],[95.00148,38.04998],[95.00294,38.05034],[95.00422,38.05162],[95.00681,38.05336],[95.01242,38.05755],[95.02174,38.06893],[95.02355,38.07136],[95.02717,38.07748],[95.02973,38.08087],[95.033,38.08422],[95.03475,38.08493],[95.03703,38.08519],[95.03814,38.08564]],[[94.99865,38.05203],[95.00257,38.05237],[95.00681,38.05336]],[[95.05746,38.0749],[95.05771,38.07613],[95.05247,38.07368],[95.05164,38.07355],[95.05011,38.07253],[95.0471,38.07151],[95.04525,38.06907],[95.04526,38.06848],[95.04387,38.06581],[95.03941,38.06106],[95.03845,38.05957],[95.03784,38.05941],[95.03415,38.05986],[95.032,38.05883],[95.02969,38.05868],[95.0272,38.05747],[95.02272,38.05618],[95.01842,38.05619],[95.01601,38.05661],[95.01339,38.05754],[95.01242,38.05755]],[[93.4259,38.9099],[93.42563,38.91178],[93.42437,38.91242]],[[93.26054,38.65963],[93.26255,38.65531],[93.26277,38.65403],[93.26595,38.59934],[93.26058,38.58806],[93.25416,38.57208],[93.25319,38.57039],[93.2534,38.5664],[93.25034,38.56419],[93.24871,38.56255],[93.23835,38.55655]],[[92.86292,38.39535],[92.92903,38.36784],[92.93347,38.36561],[92.93872,38.36405],[92.95111,38.36248],[92.95287,38.36156],[92.95662,38.35862],[92.962,38.35568],[92.96772,38.35163],[92.97049,38.35018],[92.97258,38.35069],[92.97513,38.34778],[92.97519,38.34758],[92.97438,38.34695],[92.97843,38.34255],[92.98056,38.33859]],[[93.73872,38.86834],[93.7459,38.86655],[93.76073,38.86104],[93.79453,38.84058],[93.79915,38.83971],[93.80453,38.83959],[93.83154,38.83372],[93.85366,38.83105],[93.85878,38.82925],[93.86477,38.829],[93.87522,38.83071],[93.87967,38.8307],[93.88308,38.83028]],[[94.27978,38.75756],[94.27332,38.75901]],[[93.35272,38.62191],[93.36912,38.62185],[93.36923,38.61843],[93.36922,38.61666],[93.36918,38.61478],[93.36046,38.60931]],[[94.37429,38.21525],[94.36893,38.21198],[94.36936,38.2109],[94.36869,38.20809],[94.36702,38.20611],[94.36409,38.20541],[94.35736,38.20489],[94.35537,38.20433],[94.35303,38.20438],[94.34623,38.20379],[94.33824,38.20419],[94.32583,38.20167],[94.31709,38.1991],[94.31057,38.19812],[94.29771,38.19454],[94.27183,38.18919],[94.26792,38.1887],[94.24713,38.18407],[94.23142,38.18084],[94.22214,38.18287]],[[94.62658,38.08839],[94.62887,38.08715],[94.6804,38.06266],[94.68845,38.04744],[94.69114,38.04391],[94.69604,38.03986]],[[94.65543,38.08733],[94.65421,38.08889],[94.65004,38.09031],[94.64139,38.09416],[94.63868,38.09495],[94.63584,38.09653],[94.62887,38.08715]],[[94.63869,38.09585],[94.63915,38.09631],[94.64001,38.09592],[94.64105,38.09536]],[[93.3661,38.60369],[93.3679,38.60368],[93.37306,38.60367],[93.37848,38.60366],[93.37853,38.60635],[93.37857,38.6141],[93.37858,38.61663],[93.3786,38.62068]],[[93.36328,38.6064],[93.36791,38.60638],[93.37308,38.60637],[93.37853,38.60635],[93.38918,38.60632]],[[93.36382,38.61844],[93.36923,38.61843]],[[93.39655,38.81255],[93.39726,38.8126],[93.39703,38.81316]],[[93.5781,38.80088],[93.57644,38.80024],[93.57319,38.79826],[93.56293,38.79525],[93.55837,38.79445],[93.55008,38.79668],[93.54544,38.79852],[93.54107,38.799],[93.53803,38.79873],[93.5361,38.79904],[93.52501,38.79794],[93.52193,38.79684],[93.51949,38.79647],[93.49834,38.79565],[93.49097,38.79748],[93.48127,38.80091],[93.47807,38.80159],[93.47502,38.80143],[93.44,38.80509],[93.41071,38.80706],[93.40466,38.80912],[93.39829,38.81213],[93.39726,38.8126]],[[93.18347,38.10182],[93.18316,38.10157],[93.1836,38.09985],[93.18336,38.09953],[93.18496,38.09659],[93.18348,38.09573],[93.1826,38.09662],[93.18225,38.09647],[93.18272,38.09355],[93.18428,38.09116],[93.18365,38.09097],[93.18341,38.08959],[93.18294,38.08901],[93.18345,38.08816],[93.18313,38.08801],[93.18315,38.08722],[93.18221,38.08688],[93.1819,38.08596],[93.17911,38.0863],[93.17834,38.08711],[93.17705,38.08694],[93.17989,38.08014],[93.17873,38.07775],[93.1782,38.07672],[93.17759,38.07652],[93.17748,38.076],[93.18126,38.06895],[93.18205,38.0656],[93.18142,38.06328],[93.17999,38.06281],[93.18004,38.06195],[93.1791,38.06152],[93.1796,38.05898],[93.17925,38.05471],[93.18011,38.05183],[93.17969,38.04798],[93.17992,38.04646],[93.18023,38.04631]],[[97.46637,38.78344],[97.46286,38.78024],[97.45871,38.77247],[97.45545,38.76747],[97.45526,38.76725],[97.45476,38.7666],[97.45491,38.76552],[97.45443,38.76488],[97.45231,38.76502],[97.4515,38.76475],[97.4493,38.75943],[97.44749,38.75337]],[[97.43987,38.39159],[97.43864,38.39245],[97.43493,38.39356],[97.43313,38.3935],[97.43121,38.3949],[97.42698,38.39643],[97.42462,38.39652],[97.42294,38.39756],[97.42024,38.39801],[97.41797,38.39778],[97.41387,38.40087],[97.41229,38.40162],[97.40967,38.40204],[97.40666,38.40205],[97.4042,38.40287],[97.39923,38.40199],[97.39637,38.40291],[97.3936,38.40318],[97.39036,38.40258],[97.3887,38.40292],[97.38769,38.40367],[97.38689,38.40507],[97.38614,38.4056],[97.38485,38.40604],[97.38441,38.40586],[97.38368,38.40623],[97.38212,38.40629],[97.37983,38.40719],[97.37921,38.40715],[97.37827,38.40775],[97.37693,38.40948],[97.37609,38.40987],[97.37507,38.41101],[97.37486,38.41275],[97.37251,38.41515],[97.37157,38.41801],[97.37043,38.41923],[97.36881,38.41944],[97.36523,38.42121],[97.36403,38.42139],[97.3626,38.42288],[97.36226,38.42372],[97.35701,38.42612],[97.35563,38.42622],[97.35446,38.42697],[97.3533,38.42727],[97.35008,38.43129],[97.34473,38.43273],[97.34328,38.43398],[97.34062,38.43475],[97.33895,38.4362],[97.33707,38.43607],[97.3351,38.43647],[97.33288,38.43829],[97.32986,38.43906],[97.32652,38.4386],[97.3234,38.44011],[97.31761,38.44118],[97.3149,38.44135],[97.30923,38.44296],[97.30767,38.44381],[97.30457,38.44479],[97.30284,38.44583],[97.2999,38.44593],[97.29897,38.4468],[97.29417,38.44855],[97.29142,38.45082],[97.28779,38.45247],[97.28466,38.45315],[97.28343,38.45305],[97.28077,38.45343],[97.27672,38.45442],[97.27275,38.45615],[97.26978,38.45684],[97.26301,38.45779],[97.25661,38.45966],[97.25308,38.46],[97.25058,38.4598],[97.24968,38.46016],[97.24708,38.46037],[97.24369,38.46002],[97.23993,38.46024],[97.2385,38.46061],[97.23144,38.46053],[97.22866,38.46008],[97.22564,38.46008],[97.22179,38.45751],[97.2175,38.4555],[97.21614,38.45383],[97.21571,38.4516],[97.21477,38.4495],[97.21394,38.44901],[97.20989,38.44964],[97.20811,38.45042],[97.20252,38.45092],[97.20003,38.45166],[97.19957,38.45224],[97.19568,38.45214],[97.19372,38.45245],[97.19328,38.4532],[97.19217,38.45394],[97.19226,38.45488],[97.19184,38.45549],[97.1891,38.45655],[97.19141,38.45905],[97.19141,38.46495],[97.19198,38.46769],[97.19088,38.47089],[97.19019,38.4744],[97.18969,38.47495],[97.18781,38.47617],[97.18406,38.47792],[97.17831,38.47864],[97.17636,38.4792],[97.16916,38.4797],[97.16781,38.48034],[97.16357,38.48022],[97.16329,38.47972],[97.16222,38.47959],[97.15785,38.47972],[97.15732,38.47929],[97.15571,38.47902],[97.14754,38.47898],[97.14624,38.47918],[97.14458,38.48016],[97.14089,38.48153],[97.13962,38.48088],[97.13826,38.48107],[97.13164,38.48889],[97.13088,38.49061],[97.13076,38.49213],[97.12935,38.49388],[97.12778,38.49498],[97.12708,38.49628],[97.12698,38.49853],[97.12269,38.50002],[97.11867,38.50284],[97.11593,38.50365],[97.11426,38.50594],[97.11408,38.50836],[97.1132,38.50916],[97.11353,38.51055],[97.11299,38.5111],[97.11348,38.51274],[97.1132,38.51339],[97.11321,38.51653],[97.11228,38.51778],[97.11281,38.5189],[97.11186,38.52023],[97.1119,38.52167],[97.11136,38.52258],[97.11088,38.52592],[97.10987,38.5276],[97.10822,38.52927],[97.10829,38.53071],[97.10564,38.53542],[97.10392,38.5381],[97.10074,38.54181],[97.08976,38.54815],[97.08739,38.55081],[97.0798,38.55285],[97.07839,38.55284],[97.07697,38.55432],[97.07503,38.55544],[97.06728,38.55815],[97.06587,38.55913],[97.06163,38.56103],[97.05511,38.56338],[97.05041,38.56461],[97.04971,38.56523],[97.04779,38.56606],[97.04837,38.56741],[97.04732,38.56952],[97.04507,38.57201],[97.04301,38.57247],[97.04288,38.57395],[97.0435,38.57489],[97.04302,38.57652],[97.03971,38.5779],[97.03804,38.5796],[97.03719,38.58082],[97.03731,38.58107],[97.03593,38.58197],[97.03601,38.58263],[97.03296,38.58417]],[[99.61445,38.0635],[99.62235,38.06532],[99.6257,38.06698],[99.61576,38.07825],[99.61291,38.08074],[99.61039,38.08234],[99.60613,38.08438],[99.59028,38.09169],[99.58669,38.09296],[99.58188,38.09325],[99.55997,38.09071],[99.55694,38.09051],[99.55435,38.09094],[99.52729,38.09856],[99.52391,38.09939],[99.52314,38.09905],[99.52119,38.10017],[99.51729,38.1009],[99.51409,38.10027],[99.51325,38.10214],[99.51268,38.10256],[99.50351,38.10739],[99.50125,38.10847],[99.49923,38.10905],[99.47323,38.10922],[99.47004,38.10865],[99.46419,38.10649],[99.4605,38.10597],[99.43911,38.10814],[99.42653,38.10771],[99.42572,38.10811],[99.42498,38.10764]],[[98.04065,38.669],[98.04111,38.66953],[98.04152,38.67002],[98.04189,38.67055]],[[99.11528,38.11381],[99.11599,38.11156],[99.11423,38.10913],[99.11409,38.10827]],[[99.11905,38.12513],[99.12094,38.12661],[99.12586,38.12671],[99.13362,38.12391],[99.13728,38.12412],[99.14302,38.12241],[99.14541,38.12275],[99.14758,38.12352],[99.15123,38.12381],[99.15486,38.12282],[99.16131,38.11864],[99.17008,38.11229]],[[99.11135,38.11382],[99.10735,38.11159],[99.10646,38.10956],[99.1032,38.1083],[99.10163,38.10831],[99.09956,38.10741],[99.08685,38.09707],[99.07825,38.09103],[99.07533,38.08864],[99.07246,38.08722]],[[99.65264,38.0516],[99.65218,38.05271],[99.65009,38.05305],[99.65102,38.05519],[99.64849,38.05732],[99.63256,38.06192],[99.63013,38.06288],[99.62823,38.0643],[99.6257,38.06698]],[[99.15533,38.16874],[99.15867,38.16476],[99.15897,38.16357],[99.15781,38.16146],[99.15801,38.16056]],[[98.32139,38.4825],[98.32224,38.48166],[98.32135,38.48166]],[[98.45796,38.43327],[98.46158,38.43443],[98.46197,38.43553],[98.46161,38.43627],[98.45166,38.44219],[98.44916,38.44277],[98.44704,38.44393],[98.44578,38.44395],[98.44304,38.44488],[98.44234,38.44621],[98.44086,38.44592],[98.43949,38.44609],[98.4382,38.447],[98.43599,38.44737],[98.43468,38.44811],[98.43344,38.44796],[98.43278,38.44822],[98.4327,38.4499],[98.43133,38.45093],[98.42947,38.45156],[98.42924,38.45179],[98.42954,38.45257],[98.42886,38.45359],[98.42708,38.45412],[98.4247,38.45547],[98.42397,38.45626],[98.42177,38.45737],[98.42101,38.45872],[98.41928,38.46023],[98.41952,38.46106],[98.42207,38.46357],[98.42229,38.46426],[98.4219,38.46558],[98.41997,38.46795],[98.41762,38.46937],[98.41733,38.47017],[98.41675,38.47061],[98.41514,38.4714],[98.41645,38.47205],[98.41527,38.47511],[98.41623,38.47776],[98.41624,38.47939],[98.41737,38.48068],[98.41816,38.48225],[98.41849,38.48418],[98.4215,38.48665],[98.42274,38.4887],[98.42658,38.49133],[98.42773,38.49149],[98.4357,38.48971],[98.43855,38.48954],[98.44091,38.48771],[98.44231,38.48763],[98.44748,38.48855],[98.44897,38.48786],[98.45451,38.48407],[98.46232,38.48445],[98.48169,38.47916],[98.48601,38.47832],[98.48882,38.47731],[98.49266,38.47665],[98.50404,38.47169],[98.51346,38.46901],[98.51703,38.46831],[98.52416,38.46542],[98.5322,38.46439],[98.53815,38.4646],[98.55243,38.46406],[98.55588,38.46484],[98.55745,38.46389],[98.56036,38.46291],[98.56158,38.4622],[98.56627,38.46073],[98.56763,38.45984],[98.57068,38.45884],[98.57804,38.45381],[98.57938,38.45359],[98.58152,38.45179],[98.58684,38.44897],[98.59056,38.44447],[98.59526,38.4424],[98.59794,38.44034],[98.59852,38.43945],[98.59851,38.43881],[98.59776,38.4381],[98.59767,38.43683],[98.59855,38.43549],[98.59859,38.43482],[98.596,38.43383],[98.59534,38.4319],[98.59637,38.42908],[98.59636,38.42784],[98.59774,38.4268],[98.60809,38.42597],[98.61167,38.42633],[98.61351,38.42577],[98.61616,38.42551],[98.61814,38.42508],[98.62066,38.42274],[98.62309,38.42213],[98.62675,38.42339],[98.63094,38.42369],[98.63929,38.42246],[98.64321,38.42143],[98.64817,38.4208],[98.65807,38.42117],[98.65932,38.42223],[98.66093,38.42241],[98.66323,38.42236],[98.66442,38.42153],[98.66504,38.42175],[98.66696,38.42168],[98.66894,38.42282],[98.67084,38.4234],[98.67111,38.42393],[98.67059,38.42433],[98.67074,38.42475],[98.67237,38.4243],[98.6737,38.42429],[98.67608,38.42282],[98.67812,38.4222],[98.67922,38.42104],[98.68105,38.42023],[98.68179,38.41907],[98.68024,38.41686],[98.67774,38.41614],[98.67852,38.41346],[98.67921,38.41322],[98.68595,38.41541],[98.68872,38.41585],[98.69176,38.41801],[98.69278,38.41837],[98.70157,38.41888],[98.7041,38.41964],[98.71794,38.42034],[98.72262,38.41978],[98.72451,38.41924],[98.72587,38.4183],[98.72995,38.41301],[98.73281,38.4116],[98.73635,38.41153],[98.73966,38.41049],[98.74228,38.4092],[98.74417,38.40778],[98.74435,38.40671],[98.74347,38.40553],[98.7434,38.40427],[98.74373,38.40378],[98.74659,38.40368],[98.75079,38.40207],[98.75192,38.40134],[98.75313,38.39998],[98.75713,38.3982],[98.75962,38.39769],[98.76324,38.39596],[98.76412,38.39431],[98.76904,38.39439],[98.77338,38.39273],[98.78148,38.38886],[98.79607,38.38013],[98.80082,38.37713],[98.8066,38.37251],[98.81319,38.36557],[98.82516,38.35594],[98.82812,38.35205],[98.83497,38.34545],[98.83613,38.34467],[98.84035,38.34302],[98.84466,38.34065],[98.84639,38.33954],[98.84725,38.33835],[98.85068,38.33686],[98.85775,38.33309],[98.86011,38.33131],[98.86199,38.33069],[98.86457,38.33093],[98.86492,38.33074],[98.865,38.33048],[98.86522,38.3298],[98.86562,38.32962],[98.87192,38.32967],[98.87474,38.33037],[98.88201,38.32955],[98.88407,38.32882],[98.88679,38.32841],[98.88776,38.32769],[98.88973,38.32736],[98.89095,38.32735],[98.89192,38.32806],[98.89379,38.32844],[98.89847,38.32507],[98.90384,38.31891],[98.90448,38.31635],[98.90635,38.31248],[98.90408,38.30535],[98.90488,38.30188],[98.90464,38.30083],[98.90245,38.2974],[98.90186,38.2955],[98.89893,38.29212],[98.89849,38.2908],[98.90053,38.28382],[98.90399,38.27894],[98.90523,38.27485]],[[97.82716,38.8196],[97.82379,38.82356],[97.81882,38.82603],[97.81328,38.82773],[97.80918,38.82825],[97.80682,38.82915],[97.80578,38.82997],[97.80233,38.83032],[97.79813,38.83227],[97.80115,38.84041],[97.80105,38.84058],[97.80075,38.8412],[97.8025,38.84509],[97.80181,38.84807],[97.80224,38.84971],[97.80152,38.85521],[97.80268,38.85539],[97.80586,38.85742],[97.80752,38.86006],[97.80713,38.86097],[97.80874,38.86074],[97.8123,38.86109],[97.81514,38.8621],[97.8168,38.86446],[97.81743,38.8679],[97.81826,38.87006],[97.8184,38.87014],[97.82009,38.87151],[97.82053,38.87208],[97.82043,38.8725],[97.8174,38.87508],[97.81648,38.8766],[97.8136,38.87784],[97.81231,38.87927],[97.8121,38.88061],[97.81044,38.88102],[97.80584,38.88377],[97.80499,38.89031],[97.80546,38.89198],[97.8051,38.8926],[97.80246,38.89411],[97.80077,38.89316],[97.79887,38.89261],[97.79688,38.89302],[97.79444,38.8953],[97.79134,38.90089],[97.79043,38.90392],[97.79028,38.90615],[97.7853,38.90971],[97.78065,38.9113],[97.77522,38.9124],[97.76687,38.91713],[97.76126,38.91819],[97.75985,38.91797],[97.75886,38.91823],[97.75805,38.91755],[97.75714,38.91879],[97.75511,38.92005],[97.75477,38.92039],[97.75494,38.92072],[97.74923,38.92209],[97.74694,38.92293],[97.74272,38.92385],[97.73626,38.92457],[97.73391,38.92454],[97.73373,38.9249],[97.72457,38.92376],[97.72231,38.92428],[97.72033,38.92497],[97.71733,38.92697],[97.7133,38.9305],[97.71125,38.93157],[97.70451,38.93237],[97.69572,38.93559],[97.69277,38.93518],[97.69056,38.93766],[97.68926,38.93803],[97.68483,38.93831],[97.68354,38.93989],[97.6792,38.93923],[97.67674,38.93967]],[[98.02985,38.69726],[98.01449,38.69766],[98.01019,38.69647],[98.00941,38.69623],[98.0068,38.69482],[97.98439,38.69351],[97.98108,38.69255],[97.97743,38.6908],[97.97597,38.69048],[97.96763,38.69061],[97.96081,38.69029],[97.95744,38.69048],[97.94842,38.68966],[97.94307,38.69032],[97.93987,38.69032],[97.91918,38.68584],[97.91731,38.6862],[97.91657,38.68642],[97.91587,38.68659],[97.91351,38.68441],[97.9111,38.68006],[97.90995,38.67251],[97.91097,38.66774],[97.91104,38.66462],[97.90984,38.65788],[97.90863,38.65555],[97.9042,38.65181],[97.90354,38.65067],[97.90289,38.64923],[97.90317,38.6488],[97.90246,38.64833]],[[99.12081,38.13926],[99.12181,38.13876],[99.12547,38.13804],[99.12576,38.13774],[99.1251,38.13719],[99.1247,38.13564],[99.12552,38.13522],[99.12816,38.13456],[99.13066,38.13326],[99.13241,38.13295],[99.13697,38.13132],[99.13841,38.13033],[99.14433,38.12887],[99.14685,38.12759],[99.14737,38.12752],[99.14973,38.12833],[99.15114,38.12958],[99.1503,38.13196],[99.15037,38.13291]],[[99.16348,38.15973],[99.16869,38.15985]],[[99.27945,38.13883],[99.28356,38.13738]],[[98.07452,38.34598],[98.07687,38.34577],[98.08015,38.34609],[98.08336,38.34597],[98.088,38.34482],[98.09161,38.34546],[98.09294,38.34522],[98.09918,38.34542],[98.10039,38.34609],[98.10637,38.34729],[98.11032,38.34717],[98.11446,38.34575],[98.11485,38.34514],[98.11582,38.3448],[98.12348,38.34303],[98.1366,38.34108],[98.13865,38.34056],[98.14049,38.3404],[98.14265,38.34065],[98.14478,38.33987],[98.1477,38.33931],[98.1512,38.33995],[98.15316,38.33978],[98.1541,38.33958],[98.15573,38.33868],[98.16315,38.33699],[98.16567,38.33658],[98.17467,38.33612],[98.17658,38.33579],[98.17958,38.33504],[98.18151,38.33383],[98.18284,38.33401],[98.18413,38.33374],[98.18984,38.3338],[98.19305,38.33301],[98.20131,38.33276],[98.20926,38.33192],[98.2217,38.33177],[98.22636,38.33294],[98.22932,38.33312],[98.23268,38.33299],[98.2355,38.33242],[98.23702,38.33252],[98.23906,38.33367],[98.24134,38.3345],[98.24745,38.33593],[98.24981,38.33677],[98.25394,38.33736],[98.25676,38.33606],[98.26331,38.33581],[98.26518,38.33614],[98.267,38.33727]],[[98.02749,38.70495],[98.03225,38.70741],[98.03416,38.70874],[98.03929,38.71381],[98.04096,38.71489],[98.05291,38.71993],[98.06156,38.72305],[98.06439,38.72363],[98.06568,38.72357],[98.06947,38.72252],[98.07904,38.72292],[98.08436,38.72376],[98.09164,38.72427],[98.09213,38.72485],[98.09275,38.72474],[98.09551,38.7259],[98.09976,38.72604],[98.1023,38.72585],[98.10612,38.72522],[98.11094,38.72256],[98.11327,38.72237],[98.11729,38.72282],[98.11928,38.72181],[98.12164,38.7223],[98.12492,38.72187],[98.12508,38.72149],[98.12281,38.72072],[98.12293,38.71987],[98.12442,38.71737],[98.12287,38.71772],[98.12236,38.71667],[98.12548,38.71538],[98.12784,38.71558],[98.1303,38.71421],[98.13168,38.71533],[98.13353,38.71353],[98.13457,38.71365],[98.13555,38.71432]],[[98.3799,38.60943],[98.37973,38.60896],[98.38095,38.60756],[98.38079,38.60691],[98.37876,38.60671],[98.37785,38.6062],[98.37565,38.60566],[98.37534,38.60496],[98.37464,38.6055],[98.37156,38.60547],[98.37024,38.60488],[98.36548,38.60381],[98.36528,38.60271],[98.36573,38.60103],[98.36877,38.59905],[98.36918,38.59829],[98.3727,38.59756],[98.37477,38.59666],[98.37568,38.59272],[98.37656,38.59167],[98.37763,38.58919],[98.37864,38.58799],[98.37992,38.58454],[98.37974,38.5834],[98.38051,38.58253],[98.38038,38.58039],[98.38098,38.57942],[98.38158,38.5769],[98.38262,38.57499],[98.38256,38.57276],[98.38214,38.57206],[98.38294,38.57037],[98.38595,38.56886],[98.38641,38.56843],[98.38671,38.56687],[98.38917,38.56538],[98.39173,38.56417],[98.39329,38.56381],[98.39507,38.5641],[98.39615,38.56384],[98.39782,38.56273],[98.39898,38.56094],[98.3981,38.55823],[98.40044,38.55622],[98.40245,38.55543],[98.40474,38.55378],[98.40932,38.55279],[98.41112,38.5511],[98.414,38.54989],[98.41588,38.54859],[98.41807,38.54782],[98.41842,38.547],[98.41998,38.54668],[98.42064,38.54608],[98.42358,38.54148],[98.42616,38.5383],[98.42683,38.53615],[98.43068,38.52953],[98.43511,38.5241],[98.43671,38.52105],[98.43702,38.51988],[98.43673,38.51854],[98.43748,38.51687],[98.44045,38.51335],[98.44084,38.51129],[98.44058,38.50666],[98.44011,38.50562],[98.43944,38.49916],[98.43947,38.49777],[98.44002,38.4964],[98.44508,38.49102],[98.44591,38.48944],[98.44788,38.48873],[98.44897,38.48786]],[[98.02688,38.70768],[98.02442,38.7097],[98.02161,38.70831],[98.02011,38.70841],[98.01986,38.70892],[98.02029,38.70906]],[[99.13483,38.11326],[99.13141,38.11493],[99.12754,38.11545],[99.12224,38.11827],[99.11599,38.11156]],[[99.11944,38.11866],[99.12153,38.11854],[99.12181,38.11844],[99.12224,38.11827]],[[98.98837,38.24543],[98.99048,38.2454],[98.99231,38.24591],[98.99583,38.24744],[98.99864,38.24911],[99.00463,38.25109],[99.00695,38.25075],[99.01174,38.24835],[99.01469,38.24833],[99.01642,38.24722],[99.01895,38.24644],[99.02025,38.24646],[99.02107,38.24677],[99.02328,38.24643],[99.02417,38.24584],[99.02567,38.24567],[99.02685,38.24398],[99.02951,38.24352],[99.03096,38.24376],[99.03346,38.24201],[99.03592,38.24348],[99.03864,38.24311],[99.03885,38.24234],[99.04117,38.24189],[99.04372,38.24259],[99.04688,38.24275],[99.04751,38.24325],[99.04896,38.24362],[99.05011,38.24349],[99.05055,38.24295],[99.05096,38.24101],[99.0521,38.24058],[99.05579,38.24061],[99.06365,38.2421],[99.06736,38.24227],[99.07065,38.24132],[99.07962,38.24121],[99.0837,38.2416],[99.08547,38.24385],[99.08604,38.24327],[99.08672,38.2433],[99.0886,38.24208],[99.09154,38.24261],[99.09246,38.2431],[99.09321,38.24307],[99.09542,38.24379],[99.09978,38.24424],[99.10069,38.24562],[99.1019,38.24617],[99.1025,38.24642],[99.10336,38.2462],[99.10567,38.24651],[99.11174,38.2493],[99.11477,38.24913],[99.11657,38.24856],[99.12145,38.24983],[99.12343,38.25116],[99.124,38.25224],[99.12445,38.25355],[99.1236,38.25558],[99.12424,38.25576],[99.12761,38.25393],[99.12896,38.25358],[99.13091,38.2543],[99.13244,38.25441],[99.13401,38.2541],[99.13675,38.25432],[99.13754,38.25413],[99.14133,38.25529],[99.14772,38.25664],[99.1504,38.25801],[99.15064,38.25876],[99.15021,38.25949],[99.14835,38.26095],[99.14802,38.26156],[99.14799,38.26191],[99.14957,38.2622],[99.15156,38.26237],[99.15327,38.26155],[99.15413,38.26159],[99.15746,38.25971],[99.16651,38.25699]],[[99.18502,38.14902],[99.18054,38.1479],[99.18013,38.14732]],[[99.47053,38.02508],[99.46596,38.02653],[99.4645,38.0235]],[[99.4711,38.03499],[99.47023,38.03524]],[[99.16803,38.1445],[99.1679,38.14323],[99.16838,38.14226],[99.17059,38.14188],[99.17335,38.14197],[99.17429,38.14102],[99.17433,38.14095],[99.17443,38.14073],[99.17608,38.1405],[99.18335,38.14147],[99.19027,38.14191],[99.19106,38.14186],[99.19385,38.1403],[99.19562,38.13977],[99.19738,38.14078],[99.20326,38.13943],[99.20747,38.14014],[99.22696,38.13374],[99.22803,38.13394],[99.23012,38.1328],[99.23172,38.13232],[99.23177,38.13227],[99.23897,38.12981],[99.2403,38.13002],[99.24549,38.12934],[99.24991,38.1273],[99.25542,38.12608],[99.26029,38.12274],[99.26354,38.12221],[99.26504,38.12168],[99.2692,38.12137],[99.27386,38.12036],[99.27648,38.12045],[99.28061,38.1213],[99.2828,38.12144],[99.28717,38.12021],[99.28861,38.12015],[99.2931,38.12078],[99.30251,38.11945],[99.30496,38.11778],[99.31044,38.11628],[99.31379,38.11594],[99.31407,38.11509],[99.31108,38.11206],[99.31096,38.10759],[99.30729,38.10377],[99.3068,38.10059],[99.29461,38.09366],[99.29286,38.09292],[99.29211,38.09163],[99.28974,38.08947],[99.28731,38.08813],[99.28456,38.0873],[99.27997,38.08668],[99.27422,38.08458],[99.26769,38.08329],[99.26755,38.08323],[99.25844,38.08298],[99.25465,38.08342],[99.24907,38.08232],[99.24695,38.08037],[99.24322,38.08015],[99.24155,38.07946],[99.24084,38.0776],[99.23864,38.07727],[99.23618,38.07587],[99.23368,38.07327],[99.23474,38.06984],[99.23464,38.06934],[99.23314,38.0677],[99.23506,38.0652],[99.23648,38.06451],[99.23637,38.06338],[99.23955,38.06167]],[[99.16525,38.12479],[99.17067,38.12712],[99.16885,38.12826],[99.16881,38.12863],[99.16924,38.12918],[99.17087,38.13004],[99.17102,38.1315],[99.17461,38.13975],[99.17443,38.14073]],[[98.83739,38.02723],[98.83465,38.02685],[98.83388,38.0267],[98.83307,38.02663]],[[99.14231,38.17825],[99.14369,38.17695],[99.14448,38.1752],[99.14389,38.17513],[99.14169,38.1768],[99.14107,38.17686],[99.14085,38.1764]],[[92.43521,34.21228],[92.4361,34.21539],[92.43739,34.21691]],[[91.53828,34.04465],[91.54438,34.07415],[91.55042,34.08204],[91.55164,34.0823],[91.55438,34.08699],[91.55742,34.08853],[91.55626,34.09392],[91.55669,34.09615],[91.55618,34.09972],[91.55909,34.10573],[91.55941,34.11024],[91.56029,34.12491],[91.55302,34.13285],[91.54905,34.13664],[91.54843,34.13776],[91.54828,34.15283],[91.54768,34.15811],[91.54748,34.15919],[91.54601,34.16077],[91.54473,34.16359],[91.54585,34.16863],[91.54685,34.17079],[91.54667,34.17394],[91.54789,34.17467],[91.55062,34.17852],[91.55682,34.18516],[91.56702,34.19932],[91.57351,34.2121],[91.5817,34.22687],[91.58804,34.22999],[91.5948,34.23902],[91.59824,34.24284],[91.60253,34.24672],[91.61407,34.25382],[91.61726,34.25376],[91.62058,34.25523],[91.62382,34.25591],[91.64021,34.26532],[91.6404,34.26558],[91.64283,34.26927],[91.64325,34.26991]],[[92.13302,34.31233],[92.12992,34.31269],[92.13085,34.31425],[92.12801,34.31696],[92.12303,34.31913],[92.1218,34.32009],[92.12003,34.32005],[92.11715,34.31903],[92.11634,34.31917],[92.1155,34.32021],[92.11451,34.3207]],[[92.13325,34.31725],[92.13244,34.31865],[92.13321,34.31956],[92.13341,34.32009],[92.13317,34.32048],[92.13099,34.32067],[92.1294,34.32199],[92.12795,34.32232],[92.12754,34.32274],[92.12732,34.32511],[92.12683,34.32547],[92.12525,34.32548],[92.12329,34.3262],[92.1232,34.32804],[92.12239,34.33004],[92.12264,34.33154],[92.1114,34.3323],[92.11085,34.33233],[92.11019,34.33231]],[[92.44389,34.21533],[92.44153,34.21144]],[[92.34146,34.10229],[92.33564,34.10317],[92.33468,34.10287],[92.33011,34.10436],[92.32755,34.10685],[92.32642,34.10742],[92.32292,34.11039],[92.32122,34.11314],[92.32136,34.11589],[92.32092,34.11631],[92.31871,34.11742],[92.31601,34.11702],[92.31284,34.11773]],[[94.01671,35.71481],[94.01005,35.71605],[94.00854,35.71552],[94.00791,35.71487],[94.0077,35.71328],[94.00823,35.71237],[94.00928,35.71174],[94.01198,35.7116],[94.02496,35.71224],[94.02678,35.71301],[94.02746,35.71424],[94.02732,35.71525],[94.02673,35.71603],[94.02578,35.71661],[94.0245,35.71679],[94.01928,35.71509],[94.01671,35.71481],[94.01671,35.71504],[94.01102,35.71619],[94.00947,35.71616],[94.00849,35.71574],[94.00774,35.715],[94.00744,35.71331],[94.00799,35.71228],[94.00989,35.71137],[94.02336,35.71198],[94.02517,35.71208],[94.02667,35.71265],[94.0273,35.71323],[94.02773,35.7144],[94.02706,35.71605],[94.02612,35.71668],[94.02499,35.71696],[94.02328,35.7167],[94.01958,35.71538],[94.01671,35.71504],[94.01665,35.71587],[94.01987,35.71591],[94.02466,35.71708],[94.03575,35.71477],[94.0373,35.71535],[94.04299,35.71545],[94.05009,35.71481],[94.05215,35.71446],[94.0543,35.71343],[94.05596,35.71312]],[[94.35182,35.72635],[94.35337,35.72998],[94.35402,35.73053],[94.35543,35.73085],[94.36092,35.73026]],[[93.9702,35.68952],[93.97119,35.68782],[93.97249,35.68728],[93.97348,35.68725],[93.97383,35.68772],[93.97352,35.68872],[93.97434,35.6892],[93.97468,35.69013],[93.97425,35.69178]],[[92.23467,37.12418],[92.23019,37.12416],[92.23007,37.12555]],[[92.23796,37.12929],[92.23775,37.12913]],[[92.23795,37.12896],[92.23816,37.12912],[92.23796,37.12929],[92.23794,37.13046]],[[92.2388,37.13363],[92.23884,37.13047]],[[92.23706,37.13046],[92.23702,37.13362]],[[92.24131,37.12915],[92.23816,37.12912]],[[92.23461,37.12911],[92.2346,37.13045]],[[92.24129,37.1305],[92.24131,37.12915],[92.24134,37.12564],[92.238,37.12561]],[[91.16481,36.86617],[91.16761,36.86421],[91.16883,36.86226],[91.17045,36.86214]],[[91.60282,36.73532],[91.60345,36.73631],[91.60734,36.73699]],[[91.60787,36.73792],[91.60882,36.73976],[91.60883,36.73995],[91.60864,36.7425],[91.60865,36.74263],[91.61119,36.74681],[91.61179,36.7477],[91.6123,36.74805],[91.61179,36.7477],[91.61119,36.74681],[91.60865,36.74263],[91.60864,36.7425],[91.60883,36.73995],[91.60885,36.73983],[91.60882,36.73976],[91.60787,36.73792]],[[91.85114,36.46271],[91.85317,36.46516],[91.85408,36.46767],[91.85384,36.46823],[91.85417,36.47022],[91.85586,36.4711],[91.85625,36.47187],[91.85549,36.47265],[91.85748,36.47461],[91.85805,36.47608],[91.85808,36.47744]],[[93.92512,38.02518],[93.92844,38.02354],[93.93368,38.01966],[93.93556,38.01762],[93.93843,38.01592],[93.93923,38.01499],[93.94504,38.01205],[93.95308,38.00612],[93.95767,38.00142],[93.96788,37.99232],[93.96982,37.99025],[93.97261,37.98851],[93.98193,37.97982],[93.9897,37.97382],[94.00656,37.95875],[94.01382,37.95358],[94.03073,37.9401],[94.03531,37.93856],[94.04202,37.93819],[94.04747,37.93716],[94.05276,37.9376],[94.05447,37.93681],[94.0647,37.93819],[94.06518,37.93864],[94.06721,37.94317],[94.07003,37.94418],[94.07301,37.94576],[94.07528,37.94959],[94.0753,37.95472],[94.07666,37.95894],[94.07879,37.96237],[94.07888,37.96677],[94.07836,37.97403],[94.07739,37.976],[94.07774,37.97838],[94.08366,37.99483],[94.08521,37.99591],[94.09035,37.99737],[94.09314,38.00037],[94.09398,38.00025],[94.09871,38.00088],[94.09958,38.00067],[94.13781,38.00384],[94.13973,38.00352],[94.14517,38.00074],[94.15288,38.00106],[94.17096,38.00249],[94.17709,38.00177],[94.17743,38.00308],[94.17922,38.04294],[94.18117,38.05812]],[[94.28003,37.29582],[94.28097,37.29431],[94.28309,37.29514],[94.28426,37.29615],[94.28876,37.30879]],[[94.40997,37.24394],[94.27478,37.2767],[94.24664,37.28353]],[[94.27478,37.2767],[94.28097,37.29431]],[[93.1638,36.90835],[93.16244,36.90801],[93.16193,36.9079]],[[93.16018,36.90755],[93.15931,36.90734],[93.15688,36.90607]],[[93.15931,36.90734],[93.15908,36.90804],[93.15895,36.90833]],[[93.15735,36.90733],[93.15908,36.90804],[93.1599,36.90838]],[[94.07581,37.44111],[94.07557,37.44113]],[[94.0684,37.39097],[94.06573,37.39285]],[[94.076,37.44096],[94.07607,37.44077]],[[94.07834,37.43899],[94.08587,37.43301],[94.09391,37.42743]],[[94.9043,36.40236],[94.90255,36.40243],[94.90257,36.40268]],[[94.9043,36.40236],[94.90453,36.40177],[94.90413,36.40178],[94.90293,36.40178]],[[94.90291,36.40049],[94.90304,36.40038],[94.90307,36.39971],[94.9037,36.39959]],[[94.90536,36.39964],[94.90536,36.40034],[94.90412,36.40036],[94.90304,36.40038]],[[94.90412,36.40036],[94.90413,36.40178]],[[92.90539,38.04183],[92.89661,38.04327],[92.88624,38.04421],[92.88453,38.04398],[92.88248,38.04327],[92.87943,38.04152],[92.87768,38.04031],[92.87487,38.03724],[92.87129,38.02998],[92.86946,38.02356],[92.86841,38.01637],[92.87161,38.01049],[92.88445,38.00107],[92.89132,37.9966],[92.89781,37.99293],[92.90375,37.98879]],[[93.26271,36.80703],[93.26285,36.85215]],[[93.30529,36.80694],[93.26271,36.80703]],[[93.30511,36.77153],[93.30529,36.80694]],[[93.37172,36.77035],[93.30511,36.77153]],[[94.72872,36.42369],[94.73401,36.42479],[94.73942,36.42591],[94.73988,36.42447],[94.73459,36.42298],[94.72967,36.42122],[94.72872,36.42369],[94.72803,36.42585],[94.73332,36.42696],[94.73872,36.42809],[94.73942,36.42591]],[[93.37214,36.85184],[93.37172,36.77035]],[[93.47565,37.83974],[93.50116,37.84256],[93.50453,37.84253],[93.51474,37.84409],[93.53559,37.84618],[93.53654,37.84605],[93.53934,37.84665],[93.54735,37.84753],[93.5586,37.84848],[93.56051,37.84791],[93.56125,37.84798],[93.56389,37.84925],[93.56771,37.84948],[93.57083,37.84878],[93.57248,37.84899],[93.57499,37.85008],[93.57766,37.8501],[93.58069,37.85088],[93.59065,37.85177],[93.59519,37.85265],[93.59837,37.85294],[93.60317,37.85259],[93.60504,37.85374],[93.60663,37.8539],[93.61713,37.85723],[93.64768,37.86794],[93.64999,37.86752],[93.65198,37.86768],[93.65426,37.86961],[93.659,37.86969],[93.65869,37.87128],[93.65975,37.8722],[93.66286,37.87234],[93.66372,37.87276],[93.6642,37.87366],[93.66637,37.87278],[93.66659,37.87325],[93.66635,37.87402],[93.6674,37.87474],[93.66797,37.87477],[93.66948,37.87332],[93.66985,37.87334],[93.67027,37.87494],[93.67138,37.87611],[93.67415,37.87613],[93.67528,37.8764],[93.67637,37.87687],[93.67753,37.87811],[93.68243,37.87595],[93.68343,37.87616],[93.68444,37.87666],[93.68479,37.87747],[93.68383,37.87941],[93.68388,37.88039],[93.69224,37.88288],[93.69522,37.88437],[93.70253,37.88691],[93.7051,37.88711],[93.70797,37.88867],[93.71342,37.89039],[93.71517,37.89066],[93.71746,37.89194],[93.72268,37.89312],[93.72363,37.89397],[93.72995,37.89603],[93.73264,37.89719],[93.73467,37.8975],[93.73526,37.89816],[93.73674,37.89868],[93.73847,37.89877],[93.739,37.89932],[93.74016,37.89956],[93.74142,37.90032],[93.74215,37.90035],[93.74596,37.90174],[93.74763,37.90196],[93.75049,37.90335],[93.80197,37.92088],[93.80672,37.92213],[93.8083,37.92297],[93.81229,37.92413],[93.81358,37.92495],[93.81539,37.9252],[93.81668,37.9261],[93.81784,37.92624],[93.82444,37.92872],[93.83301,37.93107],[93.83473,37.93212],[93.84047,37.93413],[93.84333,37.93468],[93.84382,37.93506],[93.84477,37.93472],[93.84558,37.93493],[93.8459,37.93518],[93.84586,37.936],[93.85391,37.93892],[93.85932,37.94039],[93.87113,37.94466],[93.8744,37.94534],[93.87731,37.94684],[93.88509,37.94925],[93.88769,37.95043],[93.89159,37.95159],[93.89355,37.95187],[93.8957,37.95301],[93.89678,37.95293],[93.89726,37.95354],[93.90032,37.95429],[93.90445,37.95611],[93.9062,37.95666],[93.90666,37.95647],[93.9081,37.95671],[93.90947,37.95775],[93.91163,37.9579],[93.91342,37.95912],[93.91495,37.95918],[93.91729,37.96036],[93.92215,37.96176],[93.9269,37.96374],[93.93092,37.9636],[93.93199,37.96505],[93.9338,37.96601],[93.94296,37.96877],[93.95057,37.97165],[93.95188,37.9718],[93.95432,37.97261],[93.95731,37.97415],[93.95966,37.97469],[93.9607,37.97528],[93.96354,37.97313],[93.96418,37.97392],[93.96397,37.97475],[93.96321,37.97552],[93.96329,37.97619],[93.96514,37.9769],[93.96784,37.97582],[93.96986,37.97558],[93.97043,37.97617],[93.97,37.97821],[93.97104,37.97884],[93.97307,37.97904],[93.97478,37.97992],[93.9788,37.98113],[93.98193,37.97982]],[[94.93662,36.365],[94.9366,36.36426],[94.93574,36.36426]],[[97.29534,37.29829],[97.29589,37.29825],[97.29642,37.29822],[97.29699,37.29818],[97.29762,37.29813],[97.29821,37.29809],[97.2988,37.29805],[97.2994,37.29801]],[[97.29538,37.29864],[97.29534,37.29829],[97.2953,37.29783],[97.29583,37.29778],[97.29636,37.29774],[97.29692,37.2977],[97.29755,37.29765],[97.29813,37.29761],[97.29874,37.29756]],[[97.29559,37.30507],[97.29615,37.30502],[97.29668,37.30497],[97.29718,37.30493],[97.29776,37.30487],[97.29829,37.30482],[97.29878,37.30478],[97.29929,37.30473],[97.30034,37.30462]],[[97.301,37.30456],[97.30157,37.30451],[97.30211,37.30447],[97.30264,37.30442],[97.30315,37.30438],[97.30369,37.30434],[97.30418,37.3043],[97.3047,37.30426],[97.30524,37.30421],[97.30577,37.30417],[97.30629,37.30412],[97.30685,37.30408],[97.30737,37.30404],[97.30792,37.30399],[97.30845,37.30395]],[[97.32158,37.32708],[97.32065,37.32626],[97.30756,37.32441]],[[97.28732,37.30029],[97.28749,37.30052],[97.28983,37.29952],[97.28967,37.29929],[97.28732,37.30029]],[[97.28783,37.30101],[97.28799,37.30127]],[[97.28813,37.30148],[97.28833,37.30179],[97.28857,37.30221]],[[97.10028,36.30035],[97.09726,36.29823],[97.08551,36.28584],[97.08147,36.28022],[97.07817,36.2767],[97.07418,36.2705],[97.07287,36.26927],[97.06934,36.26467],[97.06841,36.26471],[97.06399,36.26681],[97.06214,36.26717],[97.03097,36.26485],[97.01085,36.26708],[96.99625,36.26345],[96.99013,36.26226]],[[97.15563,37.34519],[97.15461,37.33523],[97.15443,37.33286],[97.15625,37.33257],[97.15691,37.33204],[97.1554,37.32402],[97.17007,37.3218],[97.17706,37.32075],[97.18099,37.32015]],[[97.15461,37.33523],[97.14658,37.335],[97.14429,37.33604],[97.14384,37.33658],[97.14393,37.33773],[97.14588,37.34567],[97.14589,37.34572],[97.14593,37.34586],[97.15565,37.3454],[97.15564,37.34524],[97.15563,37.34519]],[[97.19538,37.31797],[97.19561,37.31794]],[[97.17706,37.32075],[97.17823,37.33241],[97.17918,37.34183],[97.17225,37.34303]],[[97.17823,37.33241],[97.18544,37.33125]],[[97.1185,37.33811],[97.09757,37.33654]],[[97.39193,36.04575],[97.39199,36.04812],[97.39214,36.04813],[97.39443,36.04812]],[[97.38445,36.0551],[97.38563,36.05208],[97.38623,36.04821],[97.38659,36.04586],[97.38789,36.04558]],[[97.39199,36.04812],[97.38623,36.04821]],[[97.20997,37.31787],[97.20917,37.31828]],[[96.75644,36.33238],[96.75062,36.33536],[96.74868,36.33701],[96.74063,36.3372],[96.73987,36.33722]],[[96.75661,36.33237],[96.75644,36.33238],[96.75642,36.33217]],[[96.74025,36.33774],[96.74063,36.3372]],[[96.74359,36.3459],[96.74176,36.34599]],[[96.74452,36.34929],[96.74473,36.34972]],[[96.74496,36.34604],[96.74525,36.3463],[96.74445,36.34833],[96.74452,36.34929],[96.74506,36.34923]],[[96.74603,36.3458],[96.74525,36.3463]],[[96.75114,36.34617],[96.7506,36.34611],[96.75005,36.34591]],[[96.75235,36.34585],[96.75114,36.34617],[96.7506,36.34611]],[[96.75816,36.34416],[96.75733,36.34485],[96.75698,36.34603]],[[96.76405,36.34058],[96.763,36.34347],[96.76294,36.34364]],[[96.7628,36.34352],[96.763,36.34347]],[[96.73334,37.35386],[96.73495,37.34667]],[[96.73157,37.35455],[96.72716,37.35622],[96.72703,37.3567],[96.72705,37.35765]],[[96.71438,37.35668],[96.71202,37.3559],[96.70968,37.35616],[96.70725,37.35763],[96.69784,37.35856],[96.69197,37.35882]],[[95.33899,37.88238],[95.33958,37.88218],[95.34046,37.88188],[95.3405,37.88194],[95.34023,37.88232],[95.33958,37.88218]],[[95.33899,37.88238],[95.33929,37.88303],[95.3385,37.88328],[95.33817,37.88267],[95.33899,37.88238]],[[97.26547,37.12983],[97.2649,37.13053],[97.26501,37.12971],[97.26452,37.12936],[97.26509,37.12846],[97.26643,37.12887],[97.26611,37.12978],[97.26547,37.12983],[97.26501,37.12971]],[[96.84197,37.24014],[96.84081,37.24095],[96.84004,37.24257]],[[96.84253,37.23984],[96.84197,37.24014]],[[96.84315,37.23948],[96.84253,37.23984]],[[97.17251,37.16039],[97.17686,37.16157],[97.18038,37.16096],[97.18458,37.16077],[97.18502,37.1605],[97.18587,37.15844],[97.18768,37.15768],[97.18924,37.15751],[97.19333,37.15799],[97.1962,37.15747],[97.19828,37.1575],[97.1995,37.15663],[97.20011,37.15693],[97.20106,37.1568],[97.20453,37.15869],[97.20536,37.15886],[97.20926,37.15832],[97.22188,37.15797],[97.23568,37.15866],[97.24117,37.15955],[97.24951,37.15954],[97.25356,37.15877],[97.25468,37.1578],[97.26277,37.15408],[97.2661,37.15285],[97.27449,37.15188],[97.2769,37.15218]],[[97.43932,36.34728],[97.43464,36.34098],[97.41937,36.324],[97.41466,36.32289],[97.41443,36.32246],[97.41404,36.32142],[97.41228,36.31669]],[[97.45076,36.30112],[97.45204,36.30047],[97.45704,36.29938],[97.46514,36.29614],[97.47234,36.29111],[97.47663,36.28851],[97.48026,36.28492],[97.48477,36.27875],[97.48397,36.27499],[97.48447,36.27179],[97.49151,36.26702],[97.49659,36.26626],[97.5001,36.26491],[97.50462,36.26242],[97.50818,36.26044],[97.51146,36.25979],[97.51608,36.25593],[97.52412,36.25123],[97.54103,36.23228],[97.5444,36.21355],[97.55461,36.19761],[97.5568,36.19602],[97.56207,36.19083],[97.56588,36.18809],[97.57344,36.18377],[97.58016,36.18149],[97.58421,36.1808],[97.58814,36.17937],[97.59114,36.17873],[97.59326,36.17868],[97.59948,36.17716],[97.60349,36.17551],[97.61073,36.17399],[97.61791,36.17064],[97.61928,36.17006],[97.62025,36.17022],[97.6206,36.17035],[97.62069,36.17039],[97.62099,36.1705],[97.62195,36.1705],[97.62463,36.16807],[97.64279,36.16378],[97.65113,36.15895],[97.66608,36.15219],[97.68578,36.14387],[97.68991,36.14129],[97.6953,36.13913],[97.71574,36.13383],[97.71689,36.13378],[97.72165,36.13224],[97.72452,36.13087],[97.73082,36.12992],[97.73713,36.12819],[97.74194,36.1283],[97.76308,36.12563],[97.76543,36.1216],[97.7675,36.11477],[97.7751,36.09542],[97.78283,36.08484],[97.78319,36.08466],[97.78392,36.0849],[97.7842,36.08499]],[[97.50776,36.29217],[97.50719,36.28497],[97.50716,36.27744],[97.50627,36.27658],[97.50674,36.2736],[97.5074,36.27204],[97.507,36.27172],[97.50745,36.26764],[97.50462,36.26242]],[[97.52204,36.3215],[97.5206,36.31741],[97.51941,36.31114],[97.51636,36.30824],[97.51614,36.30447],[97.51548,36.30167],[97.51488,36.30099],[97.50943,36.29734],[97.50841,36.29717],[97.50627,36.29608],[97.50608,36.29405],[97.50697,36.29252],[97.50776,36.29217]],[[95.87507,36.2772],[95.8754,36.27536],[95.87618,36.27351],[95.87702,36.27248]],[[95.91376,36.27515],[95.90888,36.27892],[95.90643,36.28266],[95.90748,36.28916],[95.90773,36.2898],[95.90731,36.29139],[95.90751,36.29315],[95.90605,36.29425],[95.90568,36.29516],[95.9058,36.29766],[95.90433,36.30058],[95.9044,36.30286],[95.90299,36.30465],[95.90459,36.30754],[95.90421,36.30956],[95.90518,36.31219],[95.9011,36.32382],[95.88977,36.34859]],[[96.48299,36.41312],[96.48138,36.38661]],[[97.29035,37.30504],[97.29014,37.30466],[97.28991,37.30426],[97.28962,37.30376]],[[97.28865,37.30427],[97.28886,37.30465],[97.28906,37.30503],[97.28926,37.3054],[97.28946,37.30577],[97.28967,37.30616]],[[97.28917,37.30399],[97.28941,37.30445],[97.28961,37.30484],[97.2898,37.30522],[97.28999,37.30559]],[[97.28715,37.30128],[97.28783,37.30101]],[[97.28959,37.29917],[97.28967,37.29929]],[[97.2876,37.30205],[97.28741,37.3018],[97.28651,37.30221]],[[97.2873,37.30157],[97.28715,37.30128]],[[97.28635,37.30198],[97.2873,37.30157]],[[97.29004,37.3017],[97.28985,37.3013],[97.28958,37.30078]],[[97.28957,37.30186],[97.28935,37.30146],[97.2891,37.30099]],[[97.28907,37.30203],[97.28887,37.30162]],[[97.29583,37.29778],[97.29589,37.29825],[97.29596,37.29871]],[[97.29636,37.29774],[97.29642,37.29822],[97.29648,37.29867]],[[97.29692,37.2977],[97.29699,37.29818],[97.29705,37.29863]],[[97.29755,37.29765],[97.29762,37.29813],[97.29769,37.29858]],[[97.29813,37.29761],[97.29821,37.29809],[97.29827,37.29853]],[[97.29882,37.30522],[97.29878,37.30478]],[[97.29832,37.30527],[97.29829,37.30482]],[[97.2978,37.30531],[97.29776,37.30487]],[[97.29724,37.30536],[97.29718,37.30493]],[[97.29674,37.3054],[97.29668,37.30497]],[[97.29621,37.30545],[97.29615,37.30502]],[[97.29569,37.3055],[97.29559,37.30507]],[[97.3015,37.30413],[97.30157,37.30451],[97.30164,37.30498]],[[97.29929,37.30473],[97.29936,37.30517]],[[97.29281,37.30194],[97.29337,37.30187]],[[97.30364,37.30397],[97.30309,37.30401],[97.3026,37.30405],[97.30207,37.30409],[97.3015,37.30413]],[[97.30207,37.30409],[97.30211,37.30447],[97.30216,37.30493]],[[97.3026,37.30405],[97.30264,37.30442],[97.3027,37.30488]],[[97.30309,37.30401],[97.30315,37.30438],[97.30322,37.30484]],[[97.30364,37.30397],[97.30369,37.30434],[97.30375,37.30479]],[[97.30577,37.30417],[97.30583,37.30462]],[[97.30629,37.30412],[97.30635,37.30457]],[[97.30685,37.30408],[97.3069,37.30452]],[[97.30737,37.30404],[97.30743,37.30447]],[[97.30792,37.30399],[97.30797,37.30442]],[[97.30779,37.31246],[97.30905,37.31229],[97.31017,37.31217],[97.31005,37.3116],[97.30894,37.31174],[97.30905,37.31229],[97.30919,37.31292],[97.30928,37.31351],[97.30938,37.3141],[97.30949,37.31475],[97.31062,37.31461],[97.31052,37.31398],[97.30938,37.3141],[97.30815,37.31424],[97.30831,37.31488]],[[97.30668,37.31243],[97.30775,37.31228],[97.30779,37.31246],[97.30781,37.31253]],[[97.30804,37.31368],[97.30928,37.31351],[97.31039,37.31336],[97.31027,37.31277],[97.30919,37.31292],[97.30793,37.3131],[97.30804,37.31365],[97.30693,37.3138]],[[97.30333,37.31427],[97.30691,37.31373]],[[97.30407,37.31613],[97.30523,37.31596],[97.30589,37.31587],[97.30658,37.3158],[97.3073,37.3157],[97.30757,37.31566],[97.30783,37.31562],[97.30808,37.31558]],[[97.30749,37.31519],[97.30773,37.31516]],[[97.30442,37.31702],[97.30543,37.31692],[97.3061,37.31685],[97.3068,37.31677],[97.3075,37.3167],[97.30778,37.31667]],[[97.30871,37.31659],[97.3098,37.31646],[97.30989,37.31701],[97.31,37.3176],[97.31011,37.31819],[97.31124,37.31813],[97.31113,37.31752],[97.31,37.3176],[97.30886,37.31768],[97.30896,37.31826],[97.30493,37.31849]],[[97.31017,37.31217],[97.31027,37.31277]],[[97.31039,37.31336],[97.31052,37.31398]],[[97.31062,37.31461],[97.31072,37.3152]],[[97.311,37.3169],[97.31113,37.31752]],[[97.31124,37.31813],[97.31137,37.31869]],[[97.30271,37.31267],[97.30766,37.3119],[97.30894,37.31174]],[[97.30496,37.31448],[97.30563,37.31444]],[[97.30886,37.31768],[97.3088,37.31713],[97.30871,37.31659]],[[97.30859,37.31602],[97.30847,37.31553]],[[97.30845,37.31545],[97.30836,37.31508]],[[97.30809,37.31394],[97.30804,37.31368],[97.30804,37.31365]],[[97.30793,37.3131],[97.30787,37.31282]],[[97.30775,37.31228],[97.30766,37.3119]],[[97.30462,37.31758],[97.30554,37.31748]],[[97.30622,37.31741],[97.30692,37.31733]],[[97.3076,37.31726],[97.3088,37.31713],[97.30989,37.31701],[97.311,37.3169]],[[97.30311,37.3137],[97.30682,37.31324],[97.30793,37.3131]],[[97.30599,37.32087],[97.30623,37.32141]],[[97.19752,37.33795],[97.19784,37.34009]],[[97.19748,37.33777],[97.19751,37.33791],[97.19752,37.33795]],[[97.09593,37.76783],[97.08852,37.76335],[97.08305,37.75913],[97.07502,37.75366],[97.06525,37.74975],[97.06009,37.74943],[97.05787,37.74881],[97.05496,37.74626],[97.04705,37.74123],[97.04474,37.74116],[97.04386,37.74151],[97.04181,37.74169],[97.03917,37.74292],[97.03642,37.7422],[97.0354,37.73999],[97.03123,37.73813],[97.02965,37.73638],[97.02829,37.73352],[97.02816,37.73065],[97.02917,37.72965],[97.03228,37.7241],[97.03258,37.72116],[97.03235,37.71764],[97.03291,37.71147],[97.03333,37.7103],[97.03219,37.70639],[97.03296,37.70289],[97.03378,37.70165],[97.03422,37.69998],[97.03539,37.69877],[97.03608,37.69748],[97.03632,37.69601],[97.03624,37.69528],[97.03441,37.69324],[97.03322,37.68897],[97.03137,37.68582],[97.03051,37.68328],[97.02699,37.67853],[97.02424,37.67578],[97.02296,37.67183],[97.02308,37.66678],[97.02408,37.66534],[97.02542,37.6643],[97.02762,37.66328],[97.03024,37.66145],[97.03323,37.66061],[97.03547,37.65944],[97.04036,37.6583],[97.04313,37.65819],[97.04697,37.65747],[97.04888,37.6578],[97.05233,37.6577],[97.06475,37.655],[97.06856,37.65461],[97.07324,37.65466],[97.07595,37.65497],[97.08099,37.65451],[97.08689,37.65337],[97.09478,37.65055],[97.09765,37.65019],[97.10327,37.64887],[97.10548,37.64798],[97.11098,37.64692],[97.11266,37.64597],[97.11398,37.64427],[97.11459,37.64258],[97.11804,37.64031],[97.12538,37.63156],[97.12878,37.6287],[97.13331,37.62137],[97.13579,37.61833],[97.13911,37.61522],[97.14181,37.61374],[97.14354,37.61327],[97.14591,37.61189],[97.14653,37.61006],[97.14837,37.60813],[97.15025,37.60726],[97.149,37.60341]],[[97.06711,37.79234],[97.06723,37.79108],[97.06926,37.78786],[97.06967,37.78635],[97.07082,37.78572],[97.0742,37.78626],[97.07535,37.78606],[97.07673,37.78548],[97.07821,37.78404],[97.07976,37.77909],[97.07964,37.77723],[97.0808,37.7765],[97.08369,37.77588],[97.08537,37.77434],[97.08634,37.77387],[97.08679,37.77303],[97.08543,37.76989],[97.08673,37.76892],[97.08981,37.7674],[97.09593,37.76783],[97.10118,37.76499],[97.11233,37.76218]],[[96.71437,37.35428],[96.72703,37.3567]],[[95.21865,36.71964],[95.2205,36.71963]],[[95.21856,36.71652],[95.21865,36.71964],[95.21918,36.73838],[95.21938,36.74397],[95.23134,36.74371]],[[95.20696,36.7386],[95.21918,36.73838]],[[95.20242,36.72475],[95.20656,36.72464]],[[96.12965,37.40019],[96.12887,37.39962],[96.12311,37.39974],[96.11703,37.40144]],[[98.87003,36.70346],[98.8702,36.70254],[98.87264,36.70173],[99.00204,36.66723],[99.05222,36.656]],[[98.62457,37.01217],[98.62334,37.01196],[98.62331,37.00845],[98.62424,37.00794]],[[99.34168,37.6267],[99.33976,37.62673],[99.33557,37.62559],[99.33282,37.62594],[99.33135,37.62703],[99.32824,37.63121],[99.32368,37.63392]],[[99.18544,37.17121],[99.17446,37.17261],[99.1594,37.17506],[99.15297,37.17301],[99.15099,37.17182],[99.14339,37.16936],[99.13754,37.16985],[99.13631,37.16956],[99.13543,37.16966],[99.13391,37.16898],[99.1332,37.16894],[99.12824,37.16951],[99.12625,37.16992],[99.12447,37.171],[99.11979,37.17194],[99.11642,37.17305],[99.11035,37.17701],[99.10228,37.18125],[99.10162,37.18214],[99.10192,37.18284],[99.10009,37.18401],[99.09765,37.18467],[99.09164,37.18542]],[[99.07737,36.88199],[99.07789,36.88177],[99.0782,36.88092],[99.0803,36.88171],[99.081,36.88289],[99.08105,36.8839],[99.08163,36.8846],[99.08286,36.88515],[99.08377,36.88799],[99.08407,36.89125],[99.08339,36.89315],[99.08407,36.8973],[99.085,36.89993],[99.08456,36.90149],[99.09019,36.91279],[99.09091,36.91337],[99.09169,36.91323],[99.09307,36.91423],[99.09701,36.918],[99.09821,36.9179],[99.09847,36.91777],[99.09986,36.9192],[99.10186,36.92417],[99.1036,36.92718]],[[99.14767,37.86586],[99.14756,37.86719],[99.14828,37.86874],[99.14989,37.87178],[99.1514,37.87244],[99.15199,37.87496],[99.15307,37.87646],[99.1528,37.87691],[99.15414,37.87705],[99.15468,37.87767],[99.15428,37.88157],[99.15275,37.88546],[99.15396,37.88627],[99.1538,37.88715],[99.1543,37.8877],[99.15559,37.88743],[99.15628,37.88591],[99.15695,37.88591],[99.15733,37.88637],[99.1573,37.88949],[99.1555,37.89321],[99.15407,37.89281],[99.15279,37.89331],[99.15055,37.89493],[99.1497,37.89607],[99.1438,37.89744],[99.1376,37.90014],[99.13292,37.90175],[99.13095,37.90193],[99.12884,37.9029],[99.12696,37.90241],[99.12524,37.90324],[99.12133,37.90408],[99.11891,37.90703],[99.11601,37.90904],[99.11419,37.90986],[99.10882,37.91514],[99.10803,37.91632],[99.10674,37.91669],[99.10543,37.918],[99.10393,37.91868],[99.10194,37.91886],[99.09913,37.92108],[99.09667,37.92239],[99.09579,37.92311],[99.09509,37.92464],[99.09265,37.92653],[99.09236,37.9273],[99.0916,37.92747],[99.08994,37.92894],[99.08937,37.92911],[99.09039,37.93332],[99.08987,37.93419],[99.08876,37.9346],[99.08553,37.9368],[99.08543,37.93783],[99.08409,37.9384],[99.08434,37.93944],[99.08328,37.9393],[99.08167,37.93799],[99.07902,37.93687],[99.07741,37.93732],[99.07655,37.93719],[99.07315,37.93762],[99.07205,37.93838],[99.0677,37.9388],[99.06617,37.93946],[99.06366,37.93947],[99.06189,37.94105],[99.06115,37.94343],[99.06133,37.94412],[99.0607,37.94531],[99.06104,37.94617],[99.06018,37.94747],[99.06047,37.94812],[99.05989,37.94847],[99.05997,37.94899],[99.05951,37.94944],[99.05859,37.94945],[99.05795,37.95026],[99.05793,37.9508],[99.05859,37.95175],[99.05766,37.95255],[99.05775,37.9531],[99.05699,37.95434],[99.05672,37.95656],[99.05818,37.95754],[99.05733,37.95821],[99.05479,37.95932]],[[99.36983,37.59452],[99.36793,37.59461],[99.36661,37.5951],[99.36378,37.59729],[99.36251,37.60226],[99.36503,37.60628],[99.36527,37.60895],[99.36241,37.61205],[99.36088,37.61446],[99.35777,37.61676],[99.35619,37.62193],[99.35588,37.62191],[99.35538,37.62068],[99.35454,37.61982],[99.35414,37.61983],[99.35216,37.62097],[99.35027,37.62322],[99.34558,37.62615],[99.34215,37.62713],[99.34182,37.62699],[99.34168,37.6267]],[[99.43327,37.70009],[99.43271,37.70009]],[[99.43514,37.69942],[99.43469,37.70003],[99.43384,37.70008],[99.43327,37.70009]],[[98.14964,36.26866],[98.14577,36.27086],[98.14323,36.27308],[98.13121,36.2769],[98.12991,36.2782],[98.12839,36.27971],[98.1277,36.2809],[98.12641,36.28176],[98.12667,36.2826],[98.12629,36.28329],[98.12147,36.28839]],[[98.14964,36.26866],[98.15129,36.26827],[98.15628,36.26505],[98.15846,36.26187],[98.15996,36.26127],[98.16122,36.26015],[98.16285,36.25962],[98.16494,36.25812],[98.16714,36.25736],[98.16956,36.25699],[98.17383,36.25716],[98.17501,36.25714],[98.17808,36.25882],[98.1786,36.25938],[98.18042,36.2597],[98.18807,36.25939],[98.1893,36.25871],[98.19681,36.25798],[98.19828,36.25753],[98.20151,36.25775],[98.20839,36.25766],[98.21507,36.25701],[98.2175,36.25712],[98.22401,36.25779],[98.22497,36.2583],[98.22551,36.25899],[98.23117,36.26069],[98.23434,36.2608],[98.24268,36.25834],[98.24694,36.25678],[98.25298,36.25784],[98.25431,36.25726],[98.25716,36.25512],[98.26,36.25466],[98.26566,36.25292],[98.26789,36.25141],[98.2702,36.24855],[98.2726,36.24862],[98.27659,36.24646],[98.2782,36.2461]],[[98.50452,37.30847],[98.50091,37.30542],[98.49878,37.30532],[98.48856,37.30207],[98.47888,37.29827],[98.47567,37.29817],[98.46508,37.28904],[98.46268,37.28797],[98.46203,37.28801],[98.4618,37.28761]],[[97.86174,37.36077],[97.83087,37.3612]],[[97.83181,36.0521],[97.83218,36.0521],[97.83226,36.0518],[97.83191,36.05167]],[[99.09019,36.91279],[99.08657,36.91428],[99.08622,36.91657],[99.08526,36.91919],[99.0863,36.92101],[99.08557,36.92402],[99.08427,36.92598],[99.08308,36.92867],[99.08089,36.92982],[99.07975,36.93081],[99.07993,36.93141],[99.08065,36.93168],[99.08075,36.93218],[99.07996,36.93418],[99.08008,36.93941],[99.08073,36.93984],[99.08124,36.94148],[99.08226,36.94219],[99.08208,36.94331],[99.08268,36.94439],[99.08441,36.94614],[99.08448,36.9475],[99.08648,36.9516],[99.08647,36.95245],[99.08876,36.95566],[99.08945,36.95722],[99.08964,36.95982],[99.09063,36.96221],[99.08786,36.97475],[99.08577,36.97881],[99.08583,36.98011],[99.08693,36.98377],[99.08788,36.98575],[99.08855,36.98635]],[[98.09272,36.34289],[98.10358,36.34057],[98.10631,36.33974]],[[98.1444,36.34024],[98.14649,36.34171]],[[92.13083,38.61572],[92.13356,38.61107],[92.13432,38.61076],[92.13659,38.60767],[92.14297,38.59795],[92.18242,38.55191],[92.18565,38.54413]],[[91.39529,38.50281],[91.38738,38.49593],[91.38112,38.49148]],[[91.38981,38.48589],[91.39549,38.48228]],[[91.40355,38.47713],[91.40547,38.4759],[91.40233,38.47221],[91.40254,38.47175],[91.40531,38.47029],[91.40678,38.46955],[91.41386,38.46688],[91.41368,38.4653],[91.41249,38.4641]],[[91.40557,38.46781],[91.40678,38.46955]],[[91.41386,38.46688],[91.41403,38.46815],[91.41367,38.47084],[91.41178,38.47157],[91.41127,38.4712],[91.4076,38.47292],[91.40531,38.47029]],[[91.39217,38.47415],[91.39331,38.47542],[91.39411,38.47583],[91.39461,38.477],[91.3956,38.47682],[91.39595,38.47708],[91.39567,38.47728]],[[94.35886,38.38743],[94.35739,38.38827]],[[92.97528,38.34762],[92.9757,38.34634],[92.97843,38.34255]],[[92.97528,38.34762],[92.97513,38.34778]],[[94.64001,38.09592],[94.6396,38.09539],[94.63939,38.09515],[94.63868,38.09495]],[[93.36791,38.60638],[93.3679,38.60368]],[[93.37308,38.60637],[93.37306,38.60367]],[[93.38402,38.61408],[93.38919,38.61406],[93.38921,38.6166],[93.38404,38.61661],[93.37858,38.61663],[93.36922,38.61666]],[[93.38404,38.61661],[93.38402,38.61408],[93.37857,38.6141]],[[93.05236,38.97723],[93.0504,38.97793],[93.02515,38.99517],[93.01787,39.00349],[93.00921,39.00625],[92.97648,39.00424],[92.86192,39.02068],[92.85313,39.02125],[92.84794,39.02278],[92.83447,39.02019],[92.83359,39.01945],[92.82475,38.99974],[92.81048,38.98945],[92.79059,38.95567],[92.78576,38.9252],[92.79081,38.89259],[92.80841,38.87833],[92.81262,38.8757],[92.81544,38.87184],[92.81777,38.86619],[92.82428,38.85412],[92.82729,38.85025],[92.82738,38.84972],[92.8268,38.84851],[92.82587,38.84774],[92.82382,38.84697],[92.82259,38.84584],[92.80822,38.84172],[92.80302,38.83948],[92.80091,38.83827],[92.79852,38.83523],[92.79788,38.83489],[92.79018,38.83434],[92.77294,38.82927],[92.7068,38.81908],[92.69108,38.81654],[92.68113,38.81459],[92.67424,38.81419],[92.66956,38.81284],[92.66603,38.81138],[92.65797,38.80005],[92.64871,38.79405]],[[98.41514,38.4714],[98.41055,38.47146],[98.40882,38.47086],[98.40223,38.46989],[98.3981,38.46802],[98.39271,38.46861],[98.38881,38.46789],[98.38716,38.46786],[98.38293,38.46822],[98.37862,38.46899],[98.37143,38.46891],[98.36888,38.46855],[98.36538,38.46719],[98.36134,38.46456],[98.35913,38.46374],[98.35601,38.46401],[98.34986,38.46511],[98.34062,38.47278],[98.33819,38.47426],[98.33568,38.477],[98.32585,38.47878],[98.32439,38.47961],[98.32224,38.48166]]]},"properties":{"roadClass":"local","highway":"unclassified","name":"","ref":""}},
{"type":"Feature","geometry":{"type":"MultiLineString","coordinates":[[[92.44426,34.22058],[92.44731,34.22554],[92.44988,34.22912],[92.45609,34.23525],[92.45774,34.23654],[92.46372,34.24011],[92.46488,34.24119],[92.48317,34.26821],[92.49228,34.28485],[92.49346,34.28605],[92.49918,34.2895],[92.4993,34.28957],[92.50444,34.29256],[92.50803,34.29258],[92.5099,34.29293],[92.5254,34.29939],[92.52969,34.30191],[92.52988,34.30204],[92.54832,34.31362],[92.56576,34.31906]],[[92.4427,34.21799],[92.44236,34.21745],[92.44209,34.21699],[92.44154,34.2161],[92.44034,34.21416],[92.43846,34.21106],[92.43741,34.20934],[92.42376,34.18701],[92.42286,34.18593],[92.4089,34.17727],[92.39983,34.17215],[92.3933,34.16783],[92.3888,34.16343],[92.38636,34.15939],[92.38327,34.15559],[92.37993,34.15029],[92.37997,34.1486],[92.38179,34.14484],[92.38258,34.14157],[92.38167,34.13939],[92.37886,34.13717],[92.37842,34.13645],[92.37865,34.13306],[92.37784,34.13164],[92.37732,34.12892],[92.3763,34.12609],[92.37618,34.12313],[92.37459,34.12023],[92.37318,34.11844],[92.37001,34.11614],[92.36551,34.11108],[92.36311,34.10664],[92.3612,34.10396],[92.35923,34.10344],[92.34903,34.10296],[92.34613,34.10259],[92.34136,34.09962],[92.34041,34.09836],[92.34004,34.09542],[92.33914,34.08969],[92.33423,34.07992],[92.33379,34.07637],[92.34106,34.04832],[92.34063,34.0348],[92.3531,33.92733],[92.35633,33.91704],[92.359,33.9122],[92.36518,33.89692],[92.36558,33.89415],[92.36487,33.8858],[92.36484,33.88545],[92.36424,33.87659],[92.36367,33.8691],[92.36348,33.86667],[92.3634,33.86539],[92.36327,33.86354],[92.36289,33.86099],[92.35817,33.85291],[92.3522,33.84938],[92.3502,33.84765],[92.31859,33.81523],[92.30001,33.80417],[92.28887,33.79342],[92.18067,33.75081],[92.17477,33.74935],[92.16833,33.74884],[92.16245,33.74783],[92.13127,33.73748],[92.12345,33.73576],[92.11742,33.73289],[92.11306,33.72919],[92.10746,33.72546],[92.10266,33.72278],[92.0939,33.71953],[92.08924,33.71697],[92.08314,33.71422],[92.07803,33.71085],[92.07682,33.70985],[92.05433,33.68427],[92.05349,33.68252],[92.05146,33.67049],[92.05189,33.66418],[92.05615,33.65337],[92.0561,33.65045],[92.05788,33.64786],[92.06046,33.64144]],[[94.83009,35.99982],[94.83007,36.00012]],[[94.82949,36.34494],[94.82975,36.34519]]]},"properties":{"roadClass":"national","highway":"trunk","name":"青藏公路","ref":"G109"}},
{"type":"Feature","geometry":{"type":"MultiLineString","coordinates":[[[92.25286,33.85886],[92.25411,33.85872],[92.25568,33.85941],[92.25726,33.85926],[92.2625,33.86062],[92.26635,33.86124],[92.26981,33.86116],[92.275,33.86157],[92.2763,33.86128],[92.28137,33.86149],[92.28499,33.86211],[92.28753,33.86186],[92.29293,33.86223],[92.29654,33.86269],[92.29861,33.86326],[92.30143,33.86334],[92.30267,33.86303],[92.30956,33.86353],[92.3116,33.86325],[92.31543,33.86331],[92.32021,33.86428],[92.32352,33.86397],[92.32671,33.86443],[92.3404,33.8647],[92.34404,33.86548],[92.35038,33.86627],[92.35745,33.86671],[92.363,33.86852],[92.36367,33.8691]],[[92.42376,34.18701],[92.42447,34.18687],[92.44299,34.1983],[92.44428,34.19932],[92.44792,34.20362],[92.45752,34.2107],[92.4689,34.20939],[92.47267,34.20833],[92.49044,34.20353],[92.49191,34.20326],[92.50064,34.20318],[92.50441,34.20391],[92.50441,34.19684]],[[91.60488,33.99749],[91.6051,33.99754],[91.60582,33.99756],[91.60646,33.99702],[91.61007,33.9934],[91.61229,33.99026],[91.61233,33.9875],[91.61323,33.98579],[91.61335,33.98355],[91.61548,33.98077],[91.61702,33.97946],[91.61977,33.9778],[91.6271,33.97483],[91.62865,33.97446],[91.63093,33.97463],[91.63412,33.97426],[91.63469,33.97321],[91.63379,33.97099],[91.63469,33.96929],[91.63539,33.96879],[91.63543,33.96821],[91.63536,33.96805],[91.6355,33.96732],[91.64064,33.9606],[91.6472,33.95679],[91.64789,33.95663],[91.65551,33.95741],[91.65714,33.95716],[91.66023,33.95768],[91.66336,33.95733],[91.66836,33.9594],[91.67098,33.95988],[91.67177,33.95979],[91.67464,33.95825],[91.67535,33.95815],[91.67591,33.95835],[91.6776,33.96043],[91.67856,33.96092],[91.68748,33.96269],[91.69121,33.96466],[91.69157,33.96635],[91.69203,33.96683],[91.69684,33.96885],[91.70388,33.9678],[91.71271,33.96756],[91.71557,33.96645],[91.7229,33.96724],[91.7255,33.96702],[91.73185,33.96527],[91.73347,33.96516],[91.75664,33.96681],[91.75752,33.96795],[91.75826,33.96835],[91.76334,33.96987],[91.76823,33.97062],[91.77268,33.97281],[91.77365,33.97301],[91.78599,33.97269],[91.79804,33.96951],[91.80261,33.9679],[91.80983,33.966],[91.81476,33.96355],[91.81621,33.96316],[91.8193,33.96335],[91.82336,33.96271],[91.8281,33.96278],[91.83011,33.96206],[91.83271,33.96193],[91.83596,33.96068],[91.83972,33.96072],[91.84067,33.96025],[91.84194,33.96046],[91.84199,33.96027],[91.846,33.95975],[91.85038,33.96068],[91.86403,33.95999],[91.86443,33.95961],[91.86724,33.9516],[91.86777,33.95095],[91.87621,33.94827],[91.88351,33.94797],[91.88366,33.94788],[91.8844,33.94765],[91.89084,33.94799],[91.8922,33.94768],[91.90029,33.94098],[91.90833,33.93696],[91.91218,33.93423],[91.91668,33.93099],[91.92167,33.92605],[91.92261,33.92498],[91.92421,33.92163],[91.92489,33.9209],[91.94191,33.90738],[91.94314,33.90529],[91.94633,33.90286],[91.94953,33.89964],[91.95093,33.89763],[91.95235,33.89261],[91.95327,33.8913],[91.9551,33.88593],[91.95464,33.88511],[91.94728,33.88147],[91.93056,33.87695],[91.9231,33.87114],[91.92317,33.87057],[91.92418,33.86931],[91.92901,33.86268],[91.93328,33.86177],[91.93883,33.85958],[91.93941,33.8591],[91.95104,33.84663],[91.95449,33.83947],[91.95983,33.83149],[91.96164,33.82541],[91.97016,33.8038],[91.98051,33.77426],[91.98179,33.76814],[91.98563,33.76046],[91.98657,33.7581],[91.98754,33.75406]],[[90.27599,33.77305],[90.26822,33.78607],[90.26586,33.7884],[90.26241,33.79037],[90.25569,33.80142],[90.25409,33.80243],[90.25391,33.80374],[90.25659,33.8058],[90.25942,33.80753],[90.27826,33.81615],[90.27861,33.81577],[90.27887,33.79891],[90.2796,33.79847],[90.28267,33.79771],[90.29338,33.79602],[90.29975,33.79182],[90.30797,33.80389],[90.31155,33.81447],[90.3132,33.81489],[90.32086,33.80801],[90.32351,33.80858],[90.32948,33.81037],[90.33824,33.815],[90.34399,33.81851],[90.35097,33.82421],[90.35386,33.82527],[90.35732,33.82568],[90.36029,33.82732],[90.36619,33.82635],[90.37344,33.84364],[90.37481,33.84414],[90.38409,33.84168],[90.39172,33.84379],[90.39761,33.84599],[90.40146,33.84796],[90.4044,33.8518],[90.40659,33.8529],[90.41183,33.8567],[90.41537,33.86083],[90.4214,33.86467],[90.42458,33.86807],[90.42912,33.87141],[90.43531,33.87814],[90.43873,33.8828],[90.44039,33.88562],[90.44274,33.89088],[90.44871,33.89354],[90.45213,33.88991],[90.45229,33.88974],[90.45673,33.88629],[90.45715,33.88584],[90.45729,33.88539],[90.45086,33.87816],[90.44927,33.87477],[90.44776,33.86518],[90.44879,33.85994],[90.45232,33.8527],[90.4529,33.85003],[90.45326,33.84967],[90.45488,33.8486],[90.45813,33.84806],[90.46195,33.8459],[90.46698,33.84405],[90.46858,33.84411],[90.46886,33.84399],[90.46884,33.84292],[90.46917,33.84259],[90.46957,33.84297],[90.46968,33.84373],[90.47028,33.84351],[90.47076,33.84497],[90.47146,33.84493],[90.47257,33.84774],[90.47313,33.84732],[90.47398,33.84839],[90.47461,33.84692],[90.47549,33.84878],[90.4764,33.84559],[90.47627,33.84438],[90.47667,33.84296],[90.47755,33.84522],[90.47914,33.84395],[90.48086,33.84495],[90.48162,33.8443],[90.48294,33.84439],[90.48504,33.84581],[90.48525,33.84675],[90.48683,33.84672],[90.48922,33.84757],[90.49234,33.84742],[90.49205,33.84426],[90.49227,33.84418],[90.4937,33.84485],[90.4971,33.84891],[90.50025,33.85015],[90.50148,33.85023],[90.503,33.84907],[90.5057,33.84951]],[[94.36699,35.88567],[94.36793,35.88702],[94.36777,35.88869],[94.36143,35.89052],[94.35912,35.89083],[94.35874,35.89163],[94.35866,35.89236],[94.35799,35.89289],[94.35228,35.89321],[94.34846,35.88992],[94.33932,35.88526],[94.33867,35.88516],[94.33095,35.88722],[94.32842,35.88718],[94.32596,35.88644],[94.32532,35.88693],[94.32491,35.88837],[94.32302,35.88966],[94.31894,35.8892],[94.3181,35.88968],[94.31635,35.8918],[94.31471,35.89279],[94.31313,35.89299],[94.31022,35.89279],[94.30782,35.89225],[94.30502,35.89107],[94.30394,35.8913],[94.30219,35.8924],[94.30205,35.89248],[94.30074,35.89328],[94.29998,35.89334],[94.27895,35.8883],[94.27694,35.88807],[94.27197,35.889],[94.26854,35.89101],[94.26759,35.89105],[94.2672,35.89061],[94.26628,35.88558],[94.26449,35.88566],[94.26179,35.8849],[94.2606,35.88333],[94.25984,35.88286],[94.25111,35.87988],[94.2493,35.87892],[94.24538,35.87486],[94.24214,35.8704],[94.23937,35.8687],[94.23833,35.86879],[94.23321,35.87221],[94.22245,35.87587],[94.2216,35.87574],[94.22093,35.87506],[94.22085,35.87499],[94.21987,35.87404],[94.21921,35.87391],[94.21476,35.87528],[94.2136,35.87527],[94.20835,35.87416],[94.20728,35.87453],[94.20718,35.87458],[94.20458,35.87486],[94.20449,35.87487],[94.19707,35.87363],[94.1947,35.87245],[94.19314,35.87236],[94.19305,35.87237],[94.16978,35.8737],[94.16508,35.8737],[94.15431,35.87359],[94.1506,35.87222],[94.15052,35.87219],[94.14357,35.87053],[94.14107,35.8695],[94.13494,35.86919],[94.13057,35.86836],[94.12415,35.86818],[94.12167,35.86842],[94.11865,35.86681],[94.11482,35.86759],[94.11006,35.86708],[94.1082,35.86523],[94.10547,35.86465],[94.09671,35.86165],[94.09623,35.86091],[94.09622,35.86084],[94.09609,35.86012],[94.09443,35.85868],[94.08963,35.85638],[94.08474,35.85216],[94.08271,35.85195],[94.08083,35.85133],[94.07894,35.85024],[94.07726,35.84992],[94.07145,35.84786],[94.06807,35.84796],[94.06388,35.84952],[94.05724,35.85377],[94.05511,35.8546],[94.05113,35.85693],[94.04227,35.86056],[94.03726,35.86107],[94.02449,35.86498],[94.01977,35.86582],[94.01755,35.86593],[94.01567,35.86668],[94.00923,35.86675],[94.00594,35.86719],[94.00347,35.8668],[94.00104,35.86725],[93.99708,35.8715],[93.99267,35.8742],[93.98782,35.87624],[93.98344,35.87905],[93.9778,35.88432],[93.97241,35.88768],[93.96458,35.8971],[93.96226,35.89855],[93.953,35.90113],[93.95039,35.90134],[93.94843,35.90073],[93.93897,35.89455],[93.93716,35.89392],[93.93478,35.89372],[93.92921,35.8952],[93.9244,35.89544],[93.92022,35.89606],[93.91823,35.89599],[93.91303,35.89473],[93.90758,35.89393],[93.90147,35.89228],[93.89594,35.89243],[93.8884,35.89036],[93.87008,35.88456],[93.86345,35.88359],[93.86114,35.88285],[93.85874,35.88273],[93.85459,35.88194],[93.84761,35.88298],[93.84303,35.8823],[93.83922,35.88113],[93.83176,35.88197],[93.82774,35.88291],[93.82171,35.88558],[93.81336,35.88742],[93.80561,35.88992],[93.80252,35.89041],[93.79282,35.89023],[93.78971,35.8896],[93.77894,35.88887],[93.77493,35.88915],[93.76625,35.88874],[93.75599,35.88643],[93.75327,35.88397],[93.7522,35.88179],[93.75179,35.88153],[93.75087,35.88157],[93.7494,35.88247],[93.74787,35.88247],[93.74161,35.88057],[93.73773,35.87878],[93.73711,35.87644],[93.737,35.87553],[93.73682,35.87503],[93.73635,35.87498],[93.72809,35.8767],[93.72421,35.87948],[93.71373,35.88544],[93.71023,35.88661],[93.70643,35.88763],[93.69347,35.88767],[93.69052,35.88795],[93.6711,35.89243],[93.66675,35.89427],[93.65837,35.89526],[93.65172,35.89749],[93.64845,35.89959],[93.64821,35.89978],[93.64757,35.90015],[93.64526,35.90055],[93.64508,35.90058],[93.64268,35.90052],[93.63599,35.89939],[93.63272,35.89958],[93.62399,35.89923],[93.61591,35.89655],[93.60995,35.89221],[93.60332,35.8915],[93.59911,35.89067],[93.58204,35.89132],[93.57698,35.89005],[93.57211,35.89005],[93.56787,35.89046],[93.55649,35.89281],[93.53442,35.89268],[93.51862,35.8879],[93.51075,35.87978],[93.51013,35.87956],[93.50379,35.87936],[93.49624,35.88067],[93.49359,35.88294],[93.48391,35.88391],[93.48356,35.884],[93.42655,35.89931],[93.41814,35.90153],[93.41028,35.90311],[93.38668,35.90466],[93.37968,35.90603],[93.36364,35.91459],[93.36105,35.91623],[93.3307,35.94242],[93.32744,35.94883],[93.32185,35.95419],[93.32029,35.95491],[93.29043,35.96193],[93.29,35.96229]],[[97.78806,36.06993],[97.79166,36.06439],[97.79332,36.06189],[97.80028,36.0514],[97.8087,36.04331],[97.8118,36.04231],[97.82067,36.03963],[97.82666,36.03637],[97.83436,36.03362],[97.83765,36.03086],[97.84461,36.02487],[97.84525,36.02376],[97.84669,36.02081],[97.84674,36.02071],[97.85872,35.99617],[97.86148,35.99051],[97.8639,35.98653],[97.86866,35.9794]],[[98.19658,35.38729],[98.19641,35.38975],[98.19494,35.39166],[98.18767,35.39466],[98.18536,35.39591],[98.18395,35.39647],[98.17004,35.3999],[98.1661,35.39999],[98.16521,35.40034],[98.1644,35.40143],[98.15693,35.40394],[98.1579,35.4042],[98.15772,35.40469],[98.15524,35.40558],[98.15491,35.40606],[98.15764,35.41052],[98.15823,35.41033],[98.15824,35.41094],[98.15777,35.41121],[98.15195,35.41276],[98.1468,35.41327],[98.13957,35.41586],[98.13623,35.41613],[98.1342,35.41679],[98.13145,35.41675],[98.12877,35.41825],[98.1211,35.42046],[98.11804,35.42067],[98.11594,35.41998],[98.1139,35.42017],[98.11261,35.42075],[98.11129,35.42029],[98.11026,35.41948],[98.09986,35.42224],[98.09547,35.42273],[98.0925,35.42417],[98.09183,35.42497],[98.09067,35.42565],[98.08615,35.4247],[98.08491,35.42496],[98.0809,35.42607],[98.07695,35.42829],[98.07599,35.42959],[98.0732,35.43054],[98.0707,35.43107],[98.06504,35.43309],[98.06297,35.43332],[98.06125,35.43403],[98.05848,35.43601],[98.05745,35.43561],[98.05428,35.43606],[98.04592,35.44111],[98.04224,35.44221],[98.04132,35.44275],[98.03509,35.44384],[98.03184,35.44404],[98.02184,35.44868],[98.02146,35.44999],[98.02042,35.45129],[98.01845,35.45238],[98.01483,35.45404],[98.01286,35.45403],[98.01051,35.4546],[98.00942,35.4586],[97.99681,35.46568],[97.99613,35.46726],[97.98743,35.47588],[97.96763,35.48703],[97.96618,35.48819],[97.97013,35.47706],[97.97447,35.46789],[97.97451,35.46738],[97.97252,35.46442],[97.95287,35.46833],[97.93871,35.46991],[97.93015,35.46952],[97.9262,35.46981],[97.91528,35.46724],[97.90778,35.4706],[97.90466,35.4724],[97.9017,35.47303],[97.89509,35.47511],[97.88359,35.47954],[97.88139,35.48205],[97.87374,35.48524],[97.86581,35.48583],[97.85854,35.48857],[97.85351,35.48939],[97.84761,35.48855],[97.84603,35.48977],[97.84126,35.49083],[97.83474,35.49279],[97.82548,35.4948],[97.82326,35.49626],[97.82026,35.49755],[97.81999,35.49767],[97.81915,35.49781],[97.81063,35.49534],[97.80446,35.49205],[97.80014,35.49246],[97.79193,35.49615],[97.78891,35.49625],[97.78479,35.49752],[97.77099,35.49978],[97.77055,35.49986],[97.7486,35.50219],[97.73977,35.49926],[97.73796,35.49953],[97.73774,35.49958],[97.73574,35.49999],[97.73477,35.50021],[97.72757,35.50171],[97.72595,35.50306],[97.72406,35.50535],[97.72348,35.5072],[97.72349,35.50901],[97.72521,35.51808],[97.72652,35.52271],[97.72675,35.52608],[97.72628,35.52656],[97.72331,35.52692],[97.72205,35.52853],[97.72121,35.52898],[97.70178,35.52859],[97.69352,35.52638],[97.68312,35.5288],[97.68088,35.52906],[97.6782,35.52833],[97.67615,35.52696],[97.6738,35.52642],[97.66869,35.52587],[97.63826,35.5312],[97.63652,35.53116],[97.63032,35.53189],[97.62535,35.53326],[97.62207,35.53352],[97.62068,35.53425],[97.61881,35.53463],[97.61749,35.53552],[97.61392,35.53619],[97.59901,35.54539],[97.59021,35.54774],[97.58605,35.54967],[97.58523,35.55039],[97.58421,35.55056],[97.5834,35.55218],[97.58174,35.55362],[97.58012,35.55419],[97.57999,35.55462],[97.58012,35.55556],[97.58007,35.55581],[97.57849,35.55599],[97.57785,35.5567],[97.57973,35.56015],[97.57913,35.56183],[97.5786,35.56222],[97.57088,35.56215],[97.5637,35.56271],[97.5517,35.56123],[97.54136,35.56041],[97.50652,35.56327],[97.50172,35.56212],[97.49618,35.56143],[97.48497,35.56168],[97.48146,35.56223],[97.47468,35.56393],[97.47228,35.56421],[97.46491,35.56718],[97.46251,35.56777],[97.44251,35.56815],[97.41182,35.57416],[97.39896,35.57634],[97.38475,35.57779],[97.37889,35.57811],[97.3593,35.57812],[97.34931,35.57931],[97.33613,35.57875],[97.33138,35.57891],[97.32389,35.58039],[97.3173,35.58129],[97.31509,35.58218],[97.30599,35.59425],[97.30455,35.59771],[97.30315,35.59806],[97.30282,35.5985],[97.30253,35.60211],[97.30329,35.6055],[97.30247,35.6065],[97.30229,35.60803],[97.30048,35.61314],[97.29928,35.61529],[97.29505,35.62088],[97.29331,35.62287],[97.29092,35.62464],[97.28877,35.6281],[97.28812,35.62982],[97.28799,35.63078],[97.28896,35.63257],[97.28926,35.6349],[97.29058,35.6362],[97.29085,35.63776],[97.29039,35.63793],[97.29128,35.63946],[97.29029,35.63953],[97.29238,35.6407],[97.29129,35.64108],[97.29338,35.64178],[97.29373,35.64238],[97.29415,35.64197],[97.29444,35.64244],[97.29506,35.64173],[97.29509,35.64246],[97.29617,35.64266],[97.29781,35.64391],[97.29841,35.64529],[97.29847,35.64807],[97.29933,35.64943],[97.29888,35.65071],[97.29885,35.65303],[97.29979,35.65454],[97.2998,35.65575],[97.30154,35.65836],[97.30425,35.66139],[97.30555,35.66176],[97.30601,35.66215],[97.30612,35.66276],[97.30905,35.66456],[97.3112,35.66695],[97.31181,35.667],[97.31196,35.66646],[97.31571,35.66666],[97.31643,35.66706],[97.31537,35.66769],[97.31531,35.66816],[97.31596,35.66835],[97.31671,35.66943],[97.31743,35.66855],[97.31563,35.67473],[97.3159,35.67596],[97.31815,35.67883],[97.31939,35.68242],[97.31998,35.68311],[97.32156,35.68391],[97.32253,35.6908],[97.32386,35.69044],[97.32435,35.6913],[97.32425,35.69237],[97.32468,35.69239],[97.3254,35.69155],[97.32579,35.69171],[97.32582,35.69222],[97.32605,35.69159],[97.32558,35.6904],[97.32607,35.68808],[97.32668,35.68923],[97.32767,35.68843],[97.32841,35.68834],[97.33034,35.68992],[97.33239,35.69072],[97.33289,35.69126],[97.33279,35.69498],[97.33178,35.69635],[97.33219,35.69707],[97.33353,35.69752],[97.3353,35.69988],[97.33579,35.70377],[97.33472,35.70631],[97.33614,35.70783],[97.3347,35.70777],[97.3347,35.70869],[97.33384,35.70817],[97.33214,35.70924],[97.33085,35.71158],[97.33059,35.7128],[97.32751,35.714],[97.32689,35.71504],[97.32915,35.71726],[97.33037,35.71976],[97.33217,35.72091],[97.33301,35.72397],[97.33461,35.72712],[97.33535,35.7302],[97.33642,35.73149],[97.33637,35.73256],[97.33823,35.7345],[97.33876,35.73549],[97.33899,35.73639],[97.33849,35.7393],[97.33897,35.74128],[97.34039,35.74396],[97.34136,35.74681],[97.34212,35.74758],[97.34266,35.74899],[97.34563,35.7514],[97.34758,35.75213],[97.34727,35.75304],[97.34886,35.75337],[97.34904,35.75303],[97.3497,35.75336],[97.35357,35.76138],[97.35618,35.76474],[97.35683,35.76553],[97.35835,35.76642],[97.35872,35.76793],[97.36114,35.76969],[97.36282,35.77052],[97.36491,35.77317],[97.36656,35.7742],[97.36711,35.7749],[97.3674,35.77608],[97.36964,35.77732],[97.37127,35.77771],[97.37189,35.77833],[97.37334,35.77863],[97.37645,35.78078],[97.38085,35.78233],[97.38094,35.78304],[97.38166,35.78296],[97.38336,35.78436],[97.38478,35.78505],[97.38464,35.78549],[97.38591,35.78562],[97.38742,35.78691],[97.38837,35.78732],[97.3932,35.79139],[97.39561,35.79272],[97.39538,35.7938],[97.39642,35.79342],[97.39843,35.79525],[97.39917,35.79657],[97.40167,35.79945],[97.40231,35.80083],[97.40173,35.80185],[97.40268,35.80146],[97.40418,35.80204],[97.40477,35.80188],[97.40518,35.80245],[97.40509,35.80324],[97.40665,35.80342],[97.40739,35.80399],[97.40767,35.80638],[97.4074,35.80838],[97.40701,35.80892],[97.40717,35.80965],[97.4086,35.81287],[97.40903,35.81338],[97.41105,35.81437],[97.41131,35.81504],[97.4105,35.82025],[97.40988,35.82171],[97.40973,35.82475],[97.40987,35.82611],[97.41209,35.83011],[97.41237,35.83396],[97.41279,35.83426],[97.41452,35.83517],[97.41477,35.8355],[97.4145,35.83601],[97.41021,35.83995],[97.40846,35.84097],[97.40848,35.84445],[97.40771,35.84598],[97.40663,35.85117],[97.40688,35.85406],[97.40669,35.86009],[97.4084,35.8623],[97.40959,35.86845],[97.40863,35.86956],[97.40839,35.87199],[97.40735,35.87524],[97.4072,35.87742],[97.40616,35.88056],[97.40573,35.88449],[97.40599,35.8873],[97.40554,35.88833],[97.40737,35.8919],[97.40504,35.8931],[97.40552,35.89578],[97.40466,35.89918],[97.40602,35.90251],[97.40856,35.90659],[97.41108,35.91214],[97.41177,35.91302],[97.41213,35.91508],[97.41521,35.92094],[97.41476,35.92226],[97.41486,35.92374],[97.41455,35.92414],[97.41482,35.92781],[97.41486,35.92938],[97.41617,35.9293],[97.41549,35.93014],[97.41679,35.93058],[97.41741,35.93046],[97.41715,35.93179],[97.41581,35.93277],[97.41518,35.93376],[97.41488,35.93527],[97.41826,35.94395],[97.41839,35.94635],[97.42003,35.95403],[97.41826,35.95942],[97.4183,35.95992],[97.41789,35.96027],[97.41805,35.96078],[97.42047,35.96183],[97.42454,35.9651],[97.42554,35.96576],[97.4266,35.96767],[97.42884,35.9693],[97.44128,35.97062],[97.45162,35.97283],[97.45988,35.97421],[97.4702,35.97681],[97.4738,35.97701],[97.47823,35.97909],[97.47915,35.98376],[97.47891,35.98617],[97.47958,35.98624],[97.4817,35.98547],[97.48362,35.98594],[97.48379,35.98599],[97.48427,35.9862],[97.48416,35.98889],[97.48616,35.98955],[97.48621,36.00682],[97.49997,36.02188],[97.50093,36.02299],[97.50337,36.02606],[97.50659,36.03534],[97.50916,36.03315],[97.51169,36.03235],[97.51416,36.03282],[97.53071,36.04383],[97.53078,36.04388],[97.54232,36.05168],[97.54579,36.05321]],[[98.15783,35.87566],[98.15861,35.87494],[98.15869,35.8743],[98.15869,35.87398],[98.15783,35.8727],[98.16132,35.86956],[98.16307,35.86662],[98.16419,35.86546],[98.16586,35.86007],[98.16588,35.85867],[98.16542,35.8575],[98.16367,35.85566],[98.16259,35.85118],[98.16058,35.8477],[98.16018,35.84262],[98.15822,35.83632],[98.15599,35.83508],[98.15541,35.83429],[98.15534,35.83325],[98.15685,35.83072],[98.15678,35.82841],[98.1511,35.82052],[98.14945,35.81549],[98.15082,35.80141],[98.14963,35.79809],[98.15092,35.79423],[98.15026,35.79079],[98.14918,35.78926],[98.14505,35.78508],[98.14238,35.78342],[98.14375,35.78132],[98.14547,35.78008],[98.14553,35.77834],[98.14103,35.77237],[98.13932,35.77077],[98.13564,35.76389],[98.12791,35.75549],[98.127,35.75531],[98.12619,35.75549],[98.12545,35.75529],[98.12514,35.75401],[98.12391,35.75293],[98.12266,35.7519],[98.12217,35.75104],[98.12241,35.74863],[98.12206,35.74761],[98.11987,35.74498],[98.11738,35.7408],[98.11343,35.73631],[98.11212,35.7326],[98.10973,35.72888],[98.10956,35.72711],[98.11037,35.72436],[98.10992,35.72261],[98.11013,35.72032],[98.10975,35.71874],[98.10789,35.71775],[98.10552,35.71727],[98.10292,35.71521],[98.10119,35.7129],[98.10163,35.70973],[98.10286,35.7081],[98.10295,35.70767],[98.1033,35.70557],[98.10137,35.70038],[98.10124,35.69371],[98.09749,35.69159],[98.0932,35.6903],[98.0904,35.68875],[98.0874,35.68657],[98.08155,35.68058],[98.07719,35.67198],[98.07691,35.66822],[98.07554,35.66464],[98.0746,35.66345],[98.06766,35.65971],[98.0587,35.65631],[98.05564,35.65331],[98.05189,35.64671],[98.04729,35.63636],[98.04876,35.63125],[98.04961,35.62979],[98.04961,35.62894],[98.04856,35.62807],[98.04697,35.62562],[98.04517,35.62384],[98.04472,35.62368],[98.04252,35.62415],[98.04029,35.6217],[98.0395,35.62077],[98.03854,35.61928],[98.03468,35.61806],[98.03283,35.61642],[98.03234,35.61544],[98.0286,35.61155],[98.02825,35.60966],[98.02712,35.60789],[98.02809,35.60531],[98.02775,35.602],[98.0283,35.60004],[98.03038,35.59753],[98.03101,35.59611],[98.03101,35.59314],[98.03324,35.59059],[98.03524,35.58932],[98.03751,35.58108],[98.03919,35.58016],[98.05093,35.57551],[98.05202,35.57471],[98.05458,35.57137],[98.06033,35.56735],[98.05927,35.56474],[98.05953,35.56342],[98.06028,35.56243],[98.06023,35.56099],[98.05748,35.55792],[98.05695,35.55682],[98.05585,35.55602],[98.05452,35.55252],[98.05378,35.55143],[98.04677,35.54896],[98.03933,35.54844],[98.03574,35.54947],[98.03423,35.54936],[98.0331,35.54807],[98.03295,35.5464],[98.03207,35.54509],[98.02769,35.54193],[98.02547,35.54151],[98.02432,35.54072],[98.02103,35.53958],[98.02024,35.53902],[98.01446,35.53207],[98.01302,35.53089],[98.01131,35.53007],[98.00945,35.53023],[98.00788,35.52964],[98.00572,35.52784],[98.00457,35.52761],[98.00334,35.52675],[97.99714,35.52645],[97.9948,35.52587],[97.99358,35.52397],[97.98966,35.52105],[97.98695,35.52147],[97.98584,35.52085],[97.98567,35.52074],[97.98394,35.5196],[97.98305,35.51819],[97.98041,35.51632],[97.97479,35.51385],[97.97249,35.51179],[97.97052,35.51097],[97.9684,35.50866],[97.96621,35.50818],[97.9645,35.50716],[97.96396,35.50537],[97.96386,35.50499],[97.96341,35.50323],[97.96358,35.50191],[97.9644,35.49978],[97.96618,35.48819]],[[98.37887,35.67231],[98.38203,35.67096],[98.38234,35.6705],[98.38234,35.66928],[98.38104,35.66732],[98.38031,35.66549],[98.3817,35.663],[98.38335,35.66156],[98.38881,35.66154],[98.39425,35.66389],[98.39623,35.66434]],[[97.88686,35.99699],[97.88659,35.99705],[97.88408,35.99704],[97.88235,35.99675],[97.87922,35.99619],[97.87869,35.99631],[97.87501,36.00155],[97.87325,36.01058],[97.87089,36.01573],[97.8713,36.01665],[97.87135,36.01674],[97.87283,36.01929],[97.88159,36.02128],[97.88382,36.02022],[97.88463,36.01898],[97.88554,36.01869]],[[97.88545,35.98593],[97.88382,35.98628],[97.8838,35.98754],[97.88388,35.98925],[97.88396,35.99183],[97.88407,35.99397],[97.88408,35.99704]],[[97.89443,35.98908],[97.89397,35.98908],[97.89132,35.98912],[97.88654,35.9892],[97.88388,35.98925],[97.8812,35.98931],[97.8821,35.99397],[97.88235,35.99675],[97.882,36.00042],[97.882,36.00053]],[[97.88367,35.98497],[97.88186,35.98608],[97.88117,35.9876],[97.8812,35.98931]],[[91.23738,37.96864],[91.23159,37.94841],[91.23048,37.93701],[91.22108,37.92316],[91.17151,37.85469],[91.15919,37.84014],[91.15089,37.83846],[91.15025,37.83803],[91.15053,37.82604],[91.14068,37.79132],[91.14025,37.79098],[91.13266,37.78891],[91.12776,37.78436],[91.07214,37.78392],[90.91236,37.85818],[90.91463,37.87196],[90.91789,37.88263],[90.94281,38.01748],[90.94537,38.07869],[90.94544,38.07887],[90.94569,38.08757],[90.94052,38.09665],[90.93141,38.11414],[90.92595,38.12491],[90.92476,38.1485],[90.92399,38.14939]],[[90.90906,37.83805],[90.91236,37.85818]],[[91.99748,37.00738],[91.99733,37.00832],[91.99524,37.03549],[91.99227,37.07306],[91.99224,37.07499],[91.99289,37.07674],[91.99497,37.07854]],[[91.99687,37.00773],[91.99733,37.00832]],[[91.98696,37.07571],[91.98912,37.0756],[91.99008,37.07527],[91.99145,37.07433],[91.99227,37.07306]],[[94.86597,36.3781],[94.86636,36.37801],[94.86648,36.37799],[94.87217,36.37781],[94.90051,36.37744],[94.90609,36.37737],[94.90778,36.37685],[94.90816,36.37651],[94.909,36.37581],[94.91046,36.37538],[94.92483,36.37499]],[[94.7893,36.40439],[94.78896,36.42673],[94.78896,36.42688],[94.78888,36.43105]],[[94.89506,36.40952],[94.89742,36.4095],[94.89859,36.41007],[94.90223,36.41132]],[[94.8985,36.41318],[94.89859,36.41007],[94.89862,36.407]],[[94.89643,36.42876],[94.89921,36.42357],[94.89914,36.4212],[94.89797,36.41847],[94.89494,36.41627],[94.89408,36.41503],[94.89386,36.41368],[94.89385,36.41351]],[[94.91242,36.42348],[94.91242,36.42355],[94.91241,36.42375],[94.91241,36.42612],[94.91232,36.4301],[94.91336,36.43183],[94.91508,36.43314],[94.91527,36.43379],[94.91605,36.43396],[94.91625,36.43602],[94.91725,36.43794],[94.91987,36.44],[94.92085,36.4406],[94.92642,36.44403],[94.93529,36.4499],[94.93902,36.45386],[94.94143,36.45777],[94.9449,36.46724]],[[95.06768,36.41115],[95.03749,36.41207],[95.03576,36.40284],[95.03164,36.40223],[95.03151,36.40221],[95.02653,36.40159],[95.02307,36.40115],[95.01655,36.40049],[95.0111,36.39724],[95.00866,36.39633],[95.00496,36.39619],[94.99859,36.39592],[94.99833,36.39258],[94.9983,36.39192],[94.99823,36.39045],[94.99328,36.3907],[94.98309,36.39105],[94.97349,36.39201],[94.97252,36.39293],[94.96507,36.39738],[94.95384,36.39799],[94.95166,36.39367],[94.9472,36.38897],[94.94706,36.38832],[94.94706,36.38826],[94.94705,36.38632],[94.94666,36.38425]],[[94.93365,36.37475],[94.9438,36.37448],[94.96715,36.3727],[94.97902,36.37175],[94.98468,36.37132],[94.99038,36.37126],[94.99058,36.37126],[95.00251,36.37122],[95.00275,36.37122],[95.01372,36.37118],[95.01385,36.37118],[95.01382,36.36671]],[[95.00256,36.37597],[95.00256,36.37588],[95.00251,36.37122],[95.00246,36.36678],[95.00243,36.36039],[95.00239,36.35028],[95.00281,36.34984],[95.00267,36.36038],[95.00271,36.36678],[95.00275,36.37122],[95.00278,36.37582],[95.00278,36.37592]],[[94.99026,36.37616],[94.99039,36.37398],[94.99039,36.37384],[94.99038,36.37126],[94.99034,36.3668],[94.99028,36.36042],[94.97912,36.36054],[94.97895,36.36684],[94.97902,36.37175],[94.97901,36.37212],[94.97901,36.37225],[94.979,36.37557],[94.979,36.37567],[94.97905,36.38032],[94.97908,36.38347],[94.97906,36.38814],[94.96726,36.38825],[94.96727,36.38353],[94.96722,36.37608],[94.96723,36.37596],[94.96715,36.3727],[94.96716,36.36687]],[[94.99075,36.37619],[94.99059,36.37408],[94.99059,36.37391],[94.99058,36.37126],[94.99054,36.3668],[94.99043,36.36042],[94.99028,36.36042]],[[94.95422,36.3883],[94.95423,36.38632],[94.95422,36.38357]],[[93.75998,37.39445],[93.75998,37.38671],[93.7603,37.38638],[93.83097,37.3865],[93.89074,37.38452],[93.99584,37.38153],[94.04359,37.3761],[94.06861,37.37363],[94.08467,37.37523],[94.11171,37.37816],[94.13122,37.37917],[94.15349,37.3676],[94.1595,37.36377],[94.16112,37.36304],[94.16361,37.36214],[94.17056,37.35816]],[[94.80013,36.42641],[94.79983,36.43099],[94.80077,36.43978],[94.80186,36.44086],[94.80227,36.44244],[94.80221,36.44817],[94.80021,36.44992],[94.80028,36.45218],[94.80075,36.45331],[94.80016,36.45438],[94.80072,36.45509],[94.79969,36.45628],[94.79919,36.45634],[94.79781,36.45589],[94.79595,36.45326],[94.79638,36.4518],[94.79745,36.45083],[94.80021,36.44992]],[[95.01374,36.37331],[95.01374,36.3732],[95.01372,36.37118],[95.01368,36.36671]],[[95.01385,36.37328],[95.01385,36.37317],[95.01385,36.37118]],[[94.99311,36.3764],[94.993,36.37885],[94.9937,36.38464],[94.99328,36.3907]],[[93.61564,36.75369],[93.65511,36.77935],[93.6709,36.7896],[93.67187,36.79062],[93.67253,36.79131],[93.67491,36.79375],[93.67728,36.79613],[93.67846,36.79743],[93.67839,36.79833]],[[94.90956,36.42391],[94.9097,36.4239]],[[94.4643,36.41106],[94.4637,36.40992],[94.46225,36.40729],[94.45879,36.40026],[94.45524,36.39341],[94.45255,36.39483],[94.42775,36.39903],[94.4271,36.39963],[94.42541,36.40293],[94.42376,36.4037],[94.42154,36.40457],[94.42086,36.40447],[94.41572,36.39785],[94.41464,36.39704],[94.40858,36.39658],[94.40686,36.39601],[94.40602,36.39505],[94.40244,36.38807],[94.40132,36.38691],[94.40037,36.3865],[94.39936,36.38646],[94.39665,36.38707],[94.3965,36.38714],[94.37144,36.39884],[94.3665,36.40035],[94.3601,36.40289],[94.35948,36.40314],[94.35779,36.40371],[94.35473,36.40362],[94.35341,36.40384],[94.32551,36.41135],[94.31585,36.41401]],[[95.07729,36.33166],[95.077,36.3426],[95.07699,36.34288],[95.07698,36.343],[95.07697,36.3433],[95.07679,36.34737],[95.07675,36.34983]],[[95.05157,36.28349],[95.05373,36.28662],[95.05471,36.28925],[95.0533,36.29327],[95.04951,36.29868],[95.04285,36.3003],[95.03018,36.3078],[95.02916,36.30983],[95.02686,36.31314],[95.02548,36.31383],[95.02326,36.31803],[95.02345,36.32018],[95.02067,36.32649],[95.02014,36.32995],[95.0191,36.33229],[95.01907,36.33352],[95.01642,36.33837],[95.01637,36.33848],[95.0163,36.33863],[95.01624,36.33877],[95.01474,36.34273],[95.06068,36.34261],[95.06133,36.35211]],[[94.895,36.44955],[94.895,36.44937]],[[92.95003,36.97077],[92.94894,36.96782],[92.93511,36.93075],[92.93228,36.9218],[92.92747,36.89853],[92.92326,36.89211],[92.91929,36.88733],[92.91361,36.88259],[92.8611,36.84632],[92.84977,36.84043],[92.84578,36.83878],[92.84145,36.83739],[92.83239,36.83555],[92.82615,36.83354],[92.82098,36.83007],[92.81295,36.82291],[92.80997,36.8194],[92.80699,36.81664],[92.80651,36.81545],[92.80402,36.81351],[92.8022,36.81322],[92.79214,36.81377],[92.78158,36.81372],[92.77426,36.81233],[92.76937,36.80853],[92.72441,36.75039],[92.72145,36.7467],[92.71531,36.73738],[92.70602,36.71838],[92.70137,36.70771],[92.70024,36.7067],[92.69498,36.70664],[92.69211,36.70545],[92.68786,36.70517],[92.68536,36.70387],[92.6853,36.70275],[92.68799,36.70115],[92.68845,36.70055],[92.68826,36.69946],[92.68855,36.69819],[92.68741,36.6964],[92.68688,36.69354],[92.68738,36.69232],[92.68711,36.6917],[92.68228,36.6904],[92.68081,36.69087],[92.67812,36.69041],[92.66257,36.6866],[92.64794,36.68772],[92.64623,36.68723],[92.6439,36.68601],[92.64045,36.68284],[92.64049,36.6814],[92.64103,36.68019],[92.64062,36.67758],[92.63766,36.67636],[92.63607,36.67468],[92.63311,36.66543],[92.63259,36.6646],[92.62915,36.66235],[92.62589,36.66138],[92.62527,36.66085],[92.62469,36.66024],[92.62579,36.65949],[92.62554,36.65837],[92.6222,36.65301],[92.6195,36.65159],[92.61751,36.65136],[92.61505,36.65082],[92.61465,36.65034],[92.61874,36.64538],[92.61946,36.64484],[92.62036,36.64483]],[[95.08434,36.31122],[95.0849,36.31108],[95.08502,36.31105],[95.08555,36.31092]],[[94.78636,36.43089],[94.78722,36.43538],[94.78706,36.43723],[94.78655,36.43773],[94.78535,36.43778],[94.78472,36.43857],[94.78359,36.43859],[94.78272,36.43865],[94.78039,36.43835],[94.77784,36.43778],[94.77656,36.43777],[94.77526,36.43774],[94.77255,36.43776],[94.77232,36.43772],[94.77208,36.43766],[94.77091,36.43737],[94.77033,36.43716],[94.76993,36.43691],[94.76885,36.43655],[94.76533,36.4362],[94.7663,36.43527],[94.76825,36.43017],[94.77024,36.42895],[94.77037,36.42862]],[[94.93327,36.36692],[94.9333,36.34297],[95.01474,36.34273],[95.01272,36.3469],[95.01266,36.34831],[95.01266,36.34854],[95.01242,36.3492],[95.01046,36.34981],[95.00281,36.34984]],[[94.90062,36.36742],[94.90051,36.37744]],[[95.01402,36.3603],[95.00267,36.36038],[95.00243,36.36039],[94.99043,36.36042]],[[95.02295,36.37113],[95.025,36.37669],[95.02223,36.38434],[95.02323,36.39301],[95.02307,36.40115]],[[95.09543,36.33863],[95.09911,36.33773],[95.10246,36.3369],[95.10583,36.33608],[95.10944,36.3352]],[[95.09781,36.33455],[95.09911,36.33773],[95.10029,36.3409]],[[94.86374,36.38681],[94.86365,36.38685],[94.86334,36.38699]],[[94.90491,36.42383],[94.9049,36.42374],[94.90473,36.42161]],[[94.90761,36.42465],[94.90762,36.42416],[94.90754,36.42373]],[[94.95296,36.38358],[94.95281,36.38344],[94.95273,36.38336]],[[94.81249,36.43034],[94.81252,36.43672],[94.81254,36.44059],[94.81254,36.44106],[94.81254,36.44121]],[[94.89125,36.3676],[94.89119,36.36488],[94.89114,36.36293],[94.89111,36.36149],[94.89099,36.3565]],[[94.92269,36.36044],[94.91156,36.36062],[94.9116,36.36261],[94.91164,36.36455],[94.91172,36.36725]],[[94.92739,36.36661],[94.92772,36.3643],[94.92813,36.36123],[94.92762,36.35906],[94.9259,36.35728],[94.92416,36.35647],[94.92261,36.35619],[94.91632,36.35604],[94.91415,36.35652],[94.91304,36.35714],[94.91204,36.35826],[94.91156,36.36062],[94.90798,36.36085],[94.90443,36.36108],[94.90047,36.36133],[94.89111,36.36149]],[[94.77084,36.42869],[94.77024,36.42895]],[[94.79806,36.44767],[94.79827,36.44832],[94.79702,36.44849],[94.79658,36.44883],[94.79664,36.45007],[94.79745,36.45083]],[[97.40067,37.30264],[97.40022,37.30176],[97.40335,37.28935],[97.40451,37.28441],[97.40571,37.27924],[97.40737,37.27171],[97.40739,37.27161],[97.40755,37.27092],[97.40993,37.25985],[97.41375,37.2423],[97.42752,37.24228],[97.42551,37.24924],[97.44272,37.24929],[97.44491,37.24985],[97.44216,37.25971],[97.43768,37.27552]],[[95.55145,37.32848],[95.55282,37.32707],[95.55244,37.32315],[95.55228,37.3219],[95.55198,37.31952],[95.55176,37.31775],[95.55192,37.31734],[95.55179,37.3171],[95.55163,37.31674],[95.5515,37.31718],[95.55162,37.31744],[95.55192,37.31734]],[[97.36168,37.38016],[97.36303,37.38034],[97.36881,37.38045],[97.36975,37.37948],[97.37057,37.37848],[97.37064,37.37615],[97.37065,37.37358],[97.37065,37.3735],[97.37069,37.37165],[97.37071,37.37093],[97.37071,37.37004],[97.37076,37.36821]],[[95.37023,37.85054],[95.36958,37.85008],[95.36893,37.84962],[95.36718,37.84836],[95.36476,37.84662],[95.36282,37.84524],[95.36132,37.84415]],[[95.34955,37.85439],[95.3512,37.85554],[95.35317,37.8569],[95.35014,37.85955],[95.35413,37.85944],[95.35652,37.85932],[95.35834,37.85893],[95.36185,37.85591],[95.36631,37.85197],[95.36714,37.85123],[95.36893,37.84962],[95.36906,37.84952],[95.36935,37.84927],[95.37025,37.84851],[95.3713,37.8476],[95.37178,37.84671],[95.37175,37.84557],[95.37128,37.84486],[95.36878,37.84316],[95.36844,37.84314],[95.36826,37.84252],[95.3671,37.84139],[95.36599,37.84019]],[[95.35346,37.85094],[95.35508,37.8521],[95.35703,37.85343],[95.35599,37.85434],[95.3555,37.85477],[95.3551,37.85513],[95.35317,37.8569],[95.35533,37.8584],[95.35652,37.85932]],[[95.21821,36.76552],[95.2191,36.79074]],[[95.54028,36.74319],[95.53628,36.74355],[95.53493,36.74268],[95.52112,36.74118],[95.52015,36.74085],[95.51914,36.74119],[95.51889,36.74162],[95.51892,36.74343],[95.51852,36.74387],[95.51444,36.74704],[95.49325,36.74972],[95.49093,36.74879],[95.48741,36.7428],[95.48566,36.74227],[95.47046,36.7448],[95.46312,36.74903],[95.46072,36.74968],[95.4409,36.7509],[95.43922,36.75162],[95.43643,36.75612],[95.43437,36.75742],[95.40285,36.7686],[95.40188,36.76976],[95.38331,36.77469],[95.36201,36.78076],[95.34815,36.78406],[95.33804,36.78576],[95.3303,36.78782],[95.31142,36.79366],[95.30948,36.79403],[95.30696,36.79514],[95.30511,36.79523]],[[97.52104,37.22396],[97.49403,37.22306],[97.45346,37.2217],[97.4411,37.22128],[97.42986,37.22094],[97.42674,37.22081],[97.42581,37.2205],[97.42327,37.21792],[97.4218,37.2176],[97.42057,37.21753],[97.4155,37.21725],[97.41538,37.21408],[97.41325,37.21421],[97.41296,37.21714],[97.40866,37.21695],[97.39974,37.21657],[97.39939,37.22179],[97.39936,37.22222],[97.39934,37.22263],[97.39931,37.22304],[97.39928,37.22347],[97.39925,37.22393],[97.39922,37.22438],[97.39919,37.2248],[97.39916,37.22524],[97.39913,37.22566],[97.39911,37.22609],[97.39907,37.2265],[97.39905,37.22692],[97.39903,37.22734]],[[97.38418,37.37631],[97.37529,37.3762],[97.37064,37.37615],[97.36426,37.37606]],[[95.55922,37.30605],[95.55636,37.30008],[95.55631,37.29875],[95.55711,37.29727],[95.55917,37.29607],[95.57037,37.29353],[95.57092,37.2934],[95.58736,37.28968],[95.59772,37.28446],[95.60598,37.27768],[95.60895,37.27393],[95.61493,37.26321],[95.61648,37.26044],[95.61816,37.25926],[95.62678,37.25826],[95.63231,37.25825],[95.63302,37.25894],[95.63824,37.25935],[95.64171,37.25873],[95.64309,37.25817],[95.6475,37.25804],[95.64826,37.2583],[95.65217,37.2607],[95.6543,37.26221],[95.65664,37.26388],[95.66049,37.26631],[95.66113,37.26661],[95.66292,37.26734],[95.66456,37.26807],[95.66524,37.26848],[95.6658,37.26888],[95.67171,37.27192],[95.6723,37.27216],[95.67328,37.27259],[95.67361,37.27274],[95.67463,37.2732],[95.67599,37.27379],[95.67729,37.27438],[95.68085,37.27563],[95.68683,37.27682],[95.69254,37.27594],[95.69323,37.27583],[95.70247,37.27517],[95.70394,37.27475],[95.70821,37.27267],[95.71125,37.2727],[95.71302,37.27197],[95.71737,37.27206],[95.72059,37.27344],[95.7252,37.27376],[95.72579,37.2742],[95.72779,37.27456],[95.72846,37.27438],[95.72856,37.27345]],[[95.37549,37.93224],[95.37493,37.93176],[95.37553,37.93067],[95.37447,37.93007],[95.37398,37.92923],[95.37505,37.92813],[95.374,37.92717],[95.37406,37.92598],[95.37229,37.9243],[95.37254,37.92279],[95.3705,37.9219],[95.37017,37.92147],[95.37159,37.91864],[95.37096,37.91825],[95.36726,37.91764],[95.36672,37.91719],[95.36829,37.91374],[95.36823,37.91308],[95.36188,37.90978],[95.36138,37.9092],[95.36225,37.90625],[95.36052,37.90346],[95.35988,37.89759],[95.35874,37.89416],[95.35801,37.88719],[95.35595,37.87664],[95.3552,37.87327],[95.35318,37.86796],[95.35314,37.86784],[95.35264,37.86637]],[[95.34669,37.85687],[95.34826,37.85809],[95.35014,37.85955],[95.34938,37.86019],[95.34922,37.86033],[95.34788,37.86146],[95.34537,37.86368],[95.32792,37.879],[95.32123,37.87893],[95.32047,37.87924]],[[95.35354,37.85087],[95.35516,37.85203],[95.35711,37.85335],[95.35703,37.85343]],[[95.35856,37.84656],[95.36009,37.84764],[95.36207,37.84907],[95.36445,37.85069],[95.36631,37.85197]],[[95.57582,37.30082],[95.57076,37.29375],[95.57037,37.29353]],[[97.02755,37.39616],[97.00139,37.39652],[96.99885,37.39713],[96.98691,37.40276],[96.98266,37.40729],[96.98131,37.40815],[96.86936,37.45114],[96.86654,37.45262],[96.85378,37.46141],[96.85088,37.46312],[96.83934,37.46884],[96.83601,37.46909]],[[97.31871,37.29752],[97.33163,37.29801],[97.33458,37.29891],[97.33463,37.29932],[97.33455,37.30222],[97.33279,37.30375],[97.33188,37.30685],[97.33206,37.30757],[97.33267,37.30819],[97.33541,37.30959],[97.34095,37.3115],[97.34061,37.31217],[97.33616,37.31127],[97.31982,37.30941],[97.31852,37.30924],[97.29277,37.30632],[97.29226,37.3058],[97.29117,37.30477],[97.29082,37.30444],[97.29042,37.30406],[97.28994,37.30359],[97.29215,37.30202],[97.29197,37.30158],[97.29184,37.30132],[97.29177,37.30119],[97.29164,37.30094],[97.29156,37.30077],[97.29145,37.30055],[97.29136,37.30039],[97.2912,37.30009],[97.29113,37.29969],[97.29101,37.29895],[97.29097,37.29876],[97.29089,37.29836],[97.29068,37.29797],[97.28945,37.29784],[97.28863,37.29741],[97.28406,37.29345],[97.28309,37.29349],[97.28184,37.29305],[97.26946,37.29096],[97.26933,37.29094],[97.26659,37.29099],[97.2653,37.29072],[97.26174,37.28934],[97.2569,37.28842],[97.20941,37.30989],[97.21163,37.3023],[97.2225,37.26399],[97.22286,37.26352],[97.22318,37.2611],[97.23525,37.21827],[97.23676,37.21289],[97.23761,37.21206],[97.26592,37.20293],[97.29379,37.20089],[97.29769,37.20172],[97.32781,37.21015],[97.33839,37.21114],[97.34165,37.21143],[97.34264,37.21152],[97.34786,37.21201],[97.34998,37.2122],[97.36515,37.2136],[97.36768,37.21407],[97.37055,37.21503],[97.37258,37.21517],[97.37297,37.21515],[97.37321,37.21514],[97.37346,37.21513],[97.37991,37.21496],[97.38352,37.21515]],[[97.39769,37.33243],[97.40393,37.33243],[97.40505,37.33287],[97.40555,37.33384],[97.40592,37.33868],[97.40647,37.33974],[97.40769,37.34059],[97.41275,37.34266],[97.41349,37.34295],[97.41455,37.34133]],[[97.26349,37.32827],[97.25807,37.32491],[97.25867,37.3238],[97.25787,37.32331],[97.24634,37.32431],[97.24428,37.32452],[97.24237,37.32473],[97.24152,37.32481],[97.2414,37.32482],[97.23893,37.32506],[97.23051,37.32592]],[[97.39777,37.36311],[97.40046,37.36286],[97.40484,37.35757],[97.4059,37.35712],[97.40948,37.35719],[97.41283,37.35478],[97.41282,37.34559],[97.41275,37.34266]],[[96.68148,36.33806],[96.68165,36.33859],[96.68774,36.35684],[96.68938,36.35885],[96.69095,36.36228],[96.69094,36.36298],[96.68861,36.36317],[96.68559,36.36274],[96.68522,36.36231],[96.6834,36.36208],[96.68164,36.36245],[96.67877,36.36209],[96.67264,36.36663],[96.6722,36.36766],[96.6724,36.36993],[96.67206,36.37239],[96.67298,36.37443],[96.67421,36.37492],[96.67444,36.37608],[96.6731,36.37678],[96.67178,36.37705],[96.67116,36.37753],[96.66622,36.37843],[96.66533,36.37971],[96.66573,36.38239],[96.66457,36.38275],[96.66357,36.38263],[96.65781,36.38355],[96.65704,36.38399],[96.65448,36.38439],[96.65218,36.38546],[96.6511,36.38539],[96.64688,36.38754],[96.64519,36.38742],[96.63966,36.38923],[96.63769,36.39128],[96.63697,36.39297],[96.63536,36.39408],[96.63361,36.39594],[96.63218,36.39864],[96.62948,36.40126],[96.62674,36.40302],[96.62422,36.40547],[96.62344,36.40662],[96.6236,36.40797],[96.62332,36.40843],[96.62154,36.4091],[96.62114,36.41046],[96.62146,36.41098],[96.62111,36.41156],[96.62205,36.41466],[96.62135,36.41637],[96.61425,36.41872],[96.61069,36.41908],[96.60765,36.42006],[96.60679,36.41996],[96.60421,36.42052],[96.59762,36.42256],[96.59592,36.42237],[96.5949,36.42279],[96.59445,36.42362],[96.59244,36.42423],[96.59083,36.42405],[96.58945,36.42436],[96.58342,36.42633],[96.58274,36.42616],[96.58084,36.42662],[96.57964,36.4266],[96.57703,36.42725],[96.57578,36.42793],[96.57105,36.42863],[96.56894,36.42973],[96.55051,36.43653],[96.54495,36.43804],[96.54434,36.43812],[96.52645,36.43389],[96.49495,36.4348],[96.47198,36.43792],[96.47223,36.42801]],[[97.17063,37.43433],[97.16726,37.42767],[97.16482,37.42402],[97.16277,37.42134],[97.15989,37.41848],[97.1581,37.41572],[97.15728,37.4155],[97.15648,37.41405],[97.15569,37.41221],[97.15381,37.40347],[97.15259,37.40044],[97.15252,37.40031],[97.15211,37.39982],[97.15207,37.39978],[97.15085,37.39816],[97.15045,37.39342],[97.14915,37.38921],[97.14748,37.38667],[97.14654,37.38313],[97.14647,37.38304],[97.14554,37.38182],[97.14557,37.38383],[97.14407,37.38852],[97.1445,37.38878],[97.14449,37.39033],[97.14326,37.40077],[97.14325,37.4008],[97.14292,37.40804],[97.14052,37.41474],[97.13965,37.42027],[97.13683,37.43036],[97.1361,37.43211],[97.13328,37.43658],[97.12935,37.44545],[97.12825,37.45482],[97.13027,37.46481],[97.13143,37.46647]],[[97.14481,37.34615],[97.14427,37.34689],[97.14361,37.34621]],[[96.4263,36.46472],[96.42636,36.46043],[96.43244,36.45868],[96.43322,36.45814],[96.43334,36.4417],[96.4334,36.43827],[96.44408,36.43726],[96.44483,36.43699],[96.44807,36.43455],[96.45003,36.43424],[96.45039,36.4342],[96.45359,36.43391],[96.45447,36.43383],[96.45509,36.43377],[96.45517,36.43376]],[[97.50356,36.04531],[97.5031,36.04251],[97.5025,36.03881],[97.50363,36.03787],[97.50659,36.03534]],[[97.33848,37.41028],[97.33918,37.41097],[97.34042,37.4125],[97.34191,37.41335],[97.34274,37.41486],[97.3433,37.4152],[97.34781,37.41528],[97.35287,37.41532]],[[97.35517,37.40553],[97.34823,37.40464],[97.34611,37.4055],[97.34466,37.4065],[97.34192,37.40911],[97.33918,37.41097]],[[97.5879,38.19937],[97.58818,38.1978],[97.58889,38.19747],[97.59146,38.19802],[97.60052,38.19762],[97.59714,38.18417],[97.57912,38.11619],[97.57801,38.11378],[97.57294,38.09565],[97.57393,38.09262],[97.57389,38.09161],[97.57058,38.07381],[97.57129,38.06563],[97.57309,38.06161],[97.574,38.0508],[97.57294,38.04752],[97.57045,38.04517],[97.56584,38.03873],[97.56318,38.03699],[97.56191,38.0328],[97.55855,38.02499],[97.55612,38.0224],[97.55595,38.02107],[97.55207,38.01454],[97.55089,38.00891],[97.55037,38.00797],[97.54342,38.00477],[97.54269,38.00383],[97.53943,38.00197],[97.52331,37.99405],[97.51926,37.99314],[97.51552,37.99116],[97.50694,37.97993],[97.50213,37.97448],[97.50117,37.97088],[97.50196,37.96834],[97.50338,37.96581],[97.50825,37.9619],[97.51297,37.95682],[97.51353,37.9532],[97.50951,37.94538],[97.50857,37.94165],[97.51005,37.93879],[97.50917,37.93562],[97.50342,37.92968],[97.50374,37.92672],[97.50295,37.92359],[97.4999,37.91692],[97.49898,37.91648],[97.48831,37.91465],[97.4843,37.91294],[97.48396,37.91218],[97.47623,37.90744],[97.45237,37.89682],[97.44705,37.89504],[97.43684,37.89054],[97.43349,37.8869],[97.43182,37.88309],[97.41753,37.85785],[97.40821,37.85714],[97.40457,37.85551],[97.40332,37.85436],[97.40079,37.85282],[97.4001,37.85099],[97.39995,37.84656],[97.39849,37.84045],[97.39485,37.83689],[97.39158,37.83453],[97.39188,37.83128],[97.39019,37.82972],[97.39006,37.82845],[97.3886,37.82552],[97.38523,37.81936],[97.38131,37.81341],[97.38169,37.80887],[97.37993,37.80279],[97.38032,37.79997],[97.3783,37.79427],[97.37719,37.78847],[97.3777,37.78188],[97.37982,37.77581],[97.3812,37.77352],[97.38178,37.77033],[97.38068,37.76765],[97.37854,37.7658],[97.37051,37.76176],[97.36809,37.75979],[97.36536,37.75691],[97.365,37.75579],[97.35935,37.75364],[97.35338,37.75051],[97.35081,37.74819],[97.34937,37.74744],[97.34809,37.74573],[97.34701,37.74526],[97.34671,37.74461],[97.34521,37.74326],[97.34442,37.74325],[97.34036,37.7411],[97.33803,37.73825],[97.33451,37.73582],[97.33193,37.73008],[97.33215,37.72762],[97.33363,37.72496],[97.33374,37.72339],[97.33333,37.72097],[97.33155,37.71679],[97.33112,37.71486],[97.3313,37.71344],[97.33425,37.70778],[97.33251,37.70399],[97.33147,37.70295],[97.32611,37.69766],[97.31197,37.68777],[97.2953,37.67587],[97.29379,37.67416],[97.29234,37.67241],[97.29194,37.67137],[97.2872,37.66849],[97.28322,37.6644],[97.28134,37.6632],[97.27906,37.66256],[97.27679,37.66139],[97.27442,37.65856],[97.2722,37.6569],[97.27109,37.65416],[97.27137,37.65265],[97.27108,37.65212],[97.27157,37.65191],[97.27157,37.65162],[97.27071,37.65061],[97.27021,37.64708],[97.26885,37.64422],[97.26908,37.64341],[97.267,37.63897],[97.26663,37.63717],[97.26474,37.6344],[97.26296,37.63272],[97.2629,37.62906],[97.26406,37.62764],[97.26745,37.62633],[97.2691,37.62483],[97.27029,37.62255],[97.27222,37.62001],[97.27251,37.61889],[97.27394,37.61705],[97.27459,37.61669],[97.27533,37.6145],[97.27578,37.61126],[97.275,37.60968],[97.27557,37.60662],[97.2738,37.60238],[97.27362,37.60089],[97.27386,37.59807],[97.27478,37.59665],[97.27399,37.59595],[97.27516,37.59397],[97.27457,37.5946],[97.27383,37.59485],[97.27424,37.59418],[97.27422,37.59264],[97.27323,37.59364],[97.27352,37.59115],[97.27427,37.5906],[97.27433,37.59015],[97.27215,37.5912],[97.27143,37.58944],[97.27148,37.5881],[97.27307,37.58609],[97.2755,37.58512],[97.28037,37.58125],[97.28479,37.5766],[97.30136,37.56628],[97.3078,37.56405],[97.32232,37.55609],[97.32842,37.55424],[97.33194,37.55238],[97.33653,37.55215],[97.3432,37.55041],[97.34573,37.55007],[97.35013,37.54849],[97.35236,37.5472],[97.36256,37.54577],[97.3794,37.54583],[97.38691,37.54364],[97.38897,37.54362],[97.39178,37.54252],[97.39348,37.54221],[97.39461,37.54097],[97.40111,37.53812],[97.40185,37.53732],[97.40466,37.53559],[97.40543,37.5341],[97.40695,37.53268],[97.40913,37.52888],[97.40929,37.52601],[97.4088,37.52417],[97.4091,37.52337],[97.41026,37.52198],[97.41238,37.52067],[97.41509,37.52009],[97.41712,37.51931],[97.42556,37.5182],[97.42963,37.51732],[97.43234,37.51706],[97.43279,37.51679],[97.43624,37.51663],[97.4377,37.51706],[97.44165,37.51718],[97.44184,37.51752],[97.44536,37.51708],[97.44877,37.516],[97.45047,37.5165],[97.45463,37.51447]],[[97.36616,37.48662],[97.36414,37.48645],[97.36341,37.48607],[97.36207,37.48655],[97.35817,37.4864],[97.35679,37.4869],[97.35487,37.48821],[97.35401,37.48805],[97.35371,37.48876],[97.35193,37.48875],[97.35025,37.48963],[97.34898,37.48987],[97.34795,37.48972],[97.34668,37.4904],[97.3457,37.48912],[97.34457,37.48874],[97.34019,37.48878],[97.33869,37.48911],[97.33686,37.49003],[97.33564,37.4896],[97.33383,37.4899],[97.33338,37.49017],[97.33298,37.49179],[97.33251,37.49189],[97.32959,37.49069],[97.33009,37.49263],[97.32986,37.49283],[97.32937,37.49236],[97.32813,37.49201],[97.32628,37.49202],[97.32377,37.49275],[97.32347,37.4922],[97.32463,37.49162],[97.32442,37.49131],[97.32257,37.49199],[97.32035,37.49333],[97.31995,37.49328],[97.31998,37.49304],[97.32236,37.49125],[97.32299,37.49119],[97.32286,37.49082],[97.31889,37.49183],[97.3172,37.49259],[97.31438,37.49226],[97.31184,37.49146],[97.30954,37.49016],[97.30448,37.48827],[97.29799,37.48674],[97.29563,37.48641],[97.2918,37.48666],[97.27556,37.48669],[97.27031,37.48556],[97.26451,37.4809],[97.2619,37.47719],[97.26004,37.47403],[97.25981,37.47306],[97.25831,37.47133],[97.25853,37.46855],[97.25822,37.4665],[97.25905,37.46425],[97.25867,37.46268],[97.25948,37.45888],[97.25977,37.45328],[97.26103,37.4467],[97.26256,37.44074],[97.26217,37.43192],[97.25763,37.41873],[97.25456,37.41327],[97.25095,37.39343],[97.25155,37.38837],[97.25099,37.386],[97.25043,37.37619],[97.24908,37.37094],[97.24845,37.36384],[97.24791,37.35926],[97.24623,37.35631],[97.24599,37.35519],[97.24942,37.33923]],[[97.39197,36.02722],[97.39203,36.03389],[97.39207,36.03919],[97.39209,36.04202],[97.39212,36.04575],[97.39214,36.04813],[97.39227,36.0566],[97.39735,36.05696],[97.41029,36.05791],[97.41226,36.06053],[97.42694,36.07589],[97.42699,36.07594],[97.42707,36.07602],[97.42712,36.07607],[97.42738,36.07636]],[[97.31869,37.36312],[97.24845,37.36384],[97.2046,37.36433],[97.14608,37.36492],[97.14598,37.36492],[97.14484,37.36493],[97.14415,37.35499],[97.14427,37.34689]],[[97.35831,37.35763],[97.35272,37.35736],[97.34641,37.35711],[97.34551,37.35707]],[[97.36221,37.36998],[97.36508,37.37009]],[[97.36773,37.38449],[97.36846,37.38221],[97.36881,37.38045]],[[97.36248,37.37838],[97.37057,37.37848]],[[97.37534,37.37353],[97.37534,37.3736],[97.37529,37.3762]],[[97.37519,37.32236],[97.37529,37.32236],[97.38129,37.32238],[97.38545,37.32243],[97.39358,37.32251]],[[97.38546,37.3167],[97.38545,37.32243]],[[97.3755,37.33202],[97.37558,37.33202],[97.3977,37.33172]],[[97.38128,37.31713],[97.38129,37.32238]],[[97.56017,37.07262],[97.63324,37.04352],[97.65239,37.03718],[97.65402,37.03654],[97.65479,37.03591],[97.65815,37.03036],[97.6644,37.02427],[97.66715,37.02054],[97.67457,37.0078],[97.6769,37.00521],[97.68133,37.00183],[97.68675,36.99576],[97.69446,36.99029],[97.69561,36.98806],[97.69556,36.98629],[97.6942,36.984],[97.69181,36.9826],[97.6899,36.98228],[97.6569,36.98478],[97.65056,36.98414],[97.64992,36.98445]],[[97.34121,37.28368],[97.34121,37.28039],[97.3494,37.2803],[97.35052,37.28952],[97.36237,37.28962],[97.36823,37.28962],[97.37422,37.28962],[97.3747,37.29],[97.37494,37.29112]],[[97.31752,37.28215],[97.32546,37.28138],[97.32512,37.27784],[97.32477,37.27402],[97.33295,37.2731],[97.33316,37.27714],[97.34119,37.27687],[97.34114,37.27267],[97.33295,37.2731]],[[97.31715,37.27871],[97.32512,37.27784],[97.33316,37.27714],[97.33335,37.28063],[97.34121,37.28039],[97.34119,37.27687],[97.349,37.27682],[97.3494,37.2803]],[[97.39316,37.35144],[97.39318,37.3512],[97.39333,37.34921],[97.39342,37.34749],[97.39343,37.34712],[97.39345,37.34403],[97.37587,37.34406],[97.37579,37.34406],[97.37417,37.34407]],[[97.39763,37.34403],[97.39345,37.34403]],[[97.37551,37.28809],[97.37488,37.28921],[97.37422,37.28962]],[[97.31667,37.275],[97.32477,37.27402]],[[97.38445,37.24233],[97.39891,37.24231],[97.41375,37.2423],[97.4142,37.24004],[97.41495,37.22898],[97.41508,37.227],[97.41511,37.22436],[97.4155,37.21725],[97.41296,37.21714]],[[97.41925,37.27127],[97.42254,37.25977],[97.42551,37.24924]],[[97.20387,37.31237],[97.20789,37.30966],[97.20868,37.31025],[97.20941,37.30989]],[[95.51322,37.31148],[95.51395,37.31182],[95.51311,37.3116]],[[97.34937,37.32078],[97.34941,37.32424],[97.34943,37.33147],[97.3494,37.33734],[97.34946,37.34141],[97.35004,37.34318],[97.35004,37.34515]],[[97.32856,37.36297],[97.32851,37.36108],[97.32846,37.35925],[97.32833,37.35456],[97.32823,37.35113],[97.32823,37.35097],[97.3282,37.34892],[97.32817,37.34689],[97.32811,37.34341],[97.32609,37.34308],[97.32365,37.34282],[97.32327,37.34285]],[[97.32875,37.36295],[97.3287,37.36103],[97.32866,37.35921],[97.32846,37.35925],[97.32575,37.35977]],[[97.3324,37.3625],[97.33232,37.3605],[97.33226,37.35852],[97.33211,37.35433],[97.33199,37.35115]],[[97.34027,37.3572],[97.3355,37.35794],[97.33547,37.35412],[97.33527,37.35412],[97.33534,37.35796],[97.33226,37.35852],[97.32866,37.35921],[97.32852,37.35455],[97.32833,37.35456]],[[97.3354,37.36213],[97.33537,37.35999],[97.33534,37.35796],[97.3355,37.35794],[97.33555,37.35996],[97.33561,37.36211]],[[95.10365,36.34004],[95.10246,36.3369],[95.10125,36.3337]],[[95.10701,36.33924],[95.10583,36.33608],[95.10462,36.33287]],[[97.34045,37.33496],[97.33703,37.3344],[97.33533,37.33445],[97.33517,37.33447],[97.33281,37.33479],[97.33024,37.33482],[97.32789,37.33461],[97.32773,37.33461],[97.32264,37.33495]],[[97.34038,37.34255],[97.33838,37.34278],[97.33724,37.34295],[97.33524,37.34333],[97.33535,37.34681],[97.33539,37.34885],[97.33542,37.351],[97.33543,37.35117],[97.33547,37.35412],[97.3403,37.35382]],[[97.32371,37.34696],[97.32408,37.34694],[97.32616,37.34691],[97.32817,37.34689],[97.32833,37.34689],[97.33018,37.34687],[97.33328,37.34683],[97.33515,37.34681],[97.33535,37.34681],[97.33733,37.34679],[97.33845,37.34678],[97.34035,37.34676]],[[97.33505,37.32842],[97.33512,37.33167],[97.33517,37.33447]],[[97.33522,37.32842],[97.33528,37.33167],[97.33533,37.33445]],[[97.32762,37.32849],[97.32767,37.33176],[97.32773,37.33461]],[[97.32779,37.32849],[97.32782,37.33175],[97.32789,37.33461]],[[97.3494,37.37077],[97.34915,37.38019]],[[95.36627,37.84003],[95.36719,37.84131],[95.36831,37.84237],[95.36878,37.84316],[95.36717,37.84454],[95.36476,37.84662],[95.36319,37.84805],[95.36269,37.8485],[95.36207,37.84907],[95.36026,37.85063],[95.35864,37.85204],[95.35767,37.85287],[95.35711,37.85335]],[[97.49509,36.04522],[97.50079,36.0403],[97.5025,36.03881]],[[96.23775,36.37644],[96.25111,36.39518],[96.25133,36.39687],[96.25051,36.40324],[96.25019,36.4141],[96.26421,36.41961],[96.2791,36.42313],[96.27919,36.42315],[96.28741,36.42506],[96.30904,36.43013],[96.31254,36.43016],[96.31922,36.43135],[96.32913,36.43557],[96.33683,36.43646],[96.35028,36.43957],[96.39305,36.44578],[96.40512,36.44595],[96.41561,36.44612],[96.41598,36.44607],[96.43334,36.4417]],[[97.19421,36.56589],[97.24162,36.5519],[97.24485,36.55146],[97.28276,36.54858],[97.28808,36.54793],[97.29302,36.54697],[97.33103,36.53772],[97.33753,36.53639],[97.34583,36.53616],[97.36407,36.53733],[97.36869,36.53829],[97.37544,36.54078],[97.37878,36.54237],[97.381,36.54403],[97.39844,36.55943],[97.40473,36.5635],[97.40814,36.565],[97.41584,36.56703],[97.43979,36.5687],[97.44809,36.56968],[97.48389,36.57683],[97.48627,36.57796],[97.48918,36.58081],[97.49004,36.58116],[97.49014,36.58117],[97.49349,36.58165],[97.50294,36.58696],[97.5172,36.59211],[97.5191,36.5926],[97.5223,36.59287],[97.52547,36.59278],[97.52857,36.59425],[97.53305,36.59481],[97.5361,36.59567],[97.53834,36.59683],[97.54044,36.59848],[97.5485,36.60799],[97.55065,36.60945],[97.55298,36.61008],[97.55484,36.61008],[97.56533,36.60851],[97.57084,36.60656],[97.57606,36.60537],[97.57907,36.60524],[97.58326,36.60589],[97.59005,36.60813],[97.59146,36.60819],[97.59659,36.60704],[97.60715,36.60673],[97.61335,36.60794],[97.63905,36.60417],[97.64297,36.60432],[97.65305,36.60658],[97.65853,36.60624],[97.66104,36.60647],[97.66264,36.60703],[97.66457,36.6083],[97.66959,36.61401],[97.67075,36.61491],[97.67243,36.61548],[97.67428,36.6155],[97.67617,36.61513],[97.69983,36.60762],[97.70266,36.60696],[97.7039,36.607],[97.70602,36.60795],[97.70799,36.61056],[97.70825,36.61096],[97.70999,36.61289],[97.71281,36.61388],[97.73177,36.61522],[97.7414,36.61457],[97.74529,36.61493],[97.758,36.61755],[97.76849,36.61784],[97.77966,36.62171],[97.78436,36.62183],[97.78546,36.62228],[97.7894,36.62521],[97.79823,36.6295],[97.79927,36.63025],[97.80695,36.63753],[97.81,36.64364],[97.81128,36.64503],[97.8137,36.64608],[97.82116,36.64599],[97.82367,36.64659],[97.82806,36.65144],[97.8297,36.6529],[97.83199,36.65414],[97.84857,36.65936],[97.85298,36.66315],[97.85444,36.66601]],[[97.35657,37.40736],[97.35439,37.40737],[97.3517,37.40737],[97.34816,37.40737],[97.34682,37.40737],[97.34427,37.40744],[97.34357,37.40829],[97.34357,37.41145],[97.34611,37.41151],[97.34949,37.4115],[97.35235,37.4115],[97.35369,37.4115],[97.35465,37.4115]],[[97.35614,37.40829],[97.35438,37.4083],[97.3537,37.4083],[97.35236,37.40829],[97.3517,37.40829],[97.35103,37.40829],[97.34949,37.40829],[97.34815,37.40829],[97.34682,37.40829],[97.34613,37.40829],[97.34357,37.40829]],[[97.35555,37.40955],[97.35355,37.40956],[97.35235,37.40956],[97.35141,37.40956],[97.35103,37.40925],[97.35103,37.40892],[97.35103,37.40829]],[[97.35103,37.41036],[97.35103,37.40986],[97.35065,37.40955],[97.35103,37.40925]],[[96.48664,36.3784],[96.48705,36.38663],[96.48857,36.41293]],[[96.47462,36.38133],[96.47492,36.3866],[96.47629,36.41344],[96.46863,36.41785]],[[95.183,37.80214],[95.20142,37.79042],[95.21096,37.78333],[95.22523,37.77872],[95.2329,37.77487],[95.23555,37.77322],[95.24068,37.7716],[95.24706,37.76833],[95.25149,37.76409],[95.26846,37.75025],[95.27102,37.74883],[95.27432,37.74761],[95.27719,37.74543],[95.28601,37.74218],[95.29371,37.73885],[95.29843,37.73723],[95.3092,37.73191],[95.31392,37.73031],[95.32153,37.72846],[95.3309,37.72444],[95.33727,37.72131],[95.34072,37.7199],[95.34274,37.71958],[95.34306,37.71958]],[[97.35805,37.33734],[97.35833,37.33724],[97.35838,37.33574],[97.35955,37.33189],[97.35993,37.33064],[97.35994,37.33059],[97.36084,37.32791],[97.36089,37.32775],[97.36173,37.32606],[97.36104,37.31923],[97.36102,37.31901],[97.36075,37.31716],[97.35681,37.314],[97.35582,37.31326],[97.35475,37.31328],[97.35254,37.3134],[97.34616,37.31256],[97.3438,37.31231],[97.34095,37.3115]],[[98.06204,36.27385],[98.06225,36.27458],[98.07005,36.27994],[98.07365,36.28198],[98.07703,36.2866],[98.0785,36.2876],[98.0799,36.28835],[98.08041,36.28879],[98.08226,36.29373],[98.08132,36.29649],[98.08424,36.29741],[98.08556,36.29751]],[[98.839,37.00432],[98.83577,37.00684],[98.82127,37.01397],[98.82117,37.01402],[98.81694,37.01606]],[[99.0794,36.79077],[99.07973,36.79201],[99.08041,36.79451],[99.08043,36.79457],[99.08084,36.79607],[99.08108,36.79696],[99.0811,36.79702],[99.08172,36.7993],[99.08184,36.79975],[99.08233,36.80152]],[[99.03617,37.28793],[99.03617,37.28802],[99.03617,37.28991],[99.03546,37.29075],[99.0375,37.29241]],[[99.00304,37.30656],[99.00317,37.30659],[99.00562,37.30736],[99.00813,37.30819],[99.00946,37.30863],[99.0096,37.30867],[99.01586,37.31067]],[[99.31736,36.66814],[99.32163,36.66815],[99.32342,36.66763],[99.32685,36.6675],[99.33184,36.6705],[99.3322,36.67073],[99.33223,36.67076],[99.33249,36.67114],[99.33236,36.67175],[99.33333,36.67265],[99.33888,36.67623],[99.34663,36.67864],[99.3551,36.68027],[99.35582,36.68094],[99.3572,36.68339],[99.35834,36.68445],[99.35824,36.6854],[99.35904,36.68709],[99.35909,36.68735],[99.36003,36.6902],[99.36307,36.69442],[99.36634,36.69764],[99.3705,36.70287],[99.37269,36.70628],[99.37498,36.70795],[99.37663,36.71057],[99.37786,36.71586],[99.37993,36.71944],[99.38168,36.72349],[99.3845,36.7277]],[[99.0331,36.82905],[99.03612,36.83989]],[[98.2487,36.9862],[98.24899,36.98799],[98.2467,36.99025],[98.24535,36.99088],[98.24223,36.99125],[98.2394,36.99158]],[[98.34308,37.30739],[98.34495,37.30985],[98.34656,37.31405],[98.35396,37.31848],[98.35777,37.32237],[98.3589,37.32477],[98.36275,37.32535],[98.36438,37.32631],[98.36819,37.33116],[98.36825,37.34019],[98.36731,37.34306],[98.36755,37.34505],[98.36731,37.35074],[98.36654,37.35511],[98.36733,37.35576],[98.36785,37.35605],[98.36832,37.35652],[98.36776,37.3577],[98.36705,37.35974],[98.36731,37.36064],[98.36691,37.3687],[98.36561,37.37275],[98.36521,37.38061],[98.36521,37.38301],[98.36452,37.38609],[98.36467,37.38834],[98.36416,37.39068],[98.36189,37.39554],[98.36158,37.39848],[98.35964,37.40489],[98.35908,37.42086],[98.35899,37.42116],[98.35606,37.42275],[98.35502,37.42543],[98.35523,37.42714],[98.35652,37.42797],[98.35611,37.42718],[98.35731,37.42539],[98.35775,37.42529],[98.35972,37.42604],[98.36069,37.42852],[98.36149,37.42887],[98.36152,37.42918],[98.36249,37.42903],[98.36296,37.42946],[98.36242,37.42992],[98.3633,37.43071],[98.3625,37.43121],[98.36279,37.4318],[98.365,37.4325],[98.36479,37.43299],[98.36512,37.43487],[98.36582,37.43667],[98.36474,37.44243],[98.36497,37.44449],[98.36404,37.44636],[98.36359,37.44891],[98.36232,37.45173],[98.3623,37.45252],[98.36294,37.45567],[98.36289,37.45729],[98.3641,37.46048],[98.36622,37.46185],[98.36765,37.46233],[98.37072,37.46218],[98.37465,37.46294],[98.37847,37.46456],[98.38641,37.46936],[98.38914,37.4707],[98.39199,37.47143],[98.39677,37.4718],[98.39902,37.47358],[98.40307,37.47924],[98.40626,37.48242],[98.40749,37.48468],[98.41422,37.48584],[98.42949,37.49064],[98.435,37.49137],[98.43638,37.49225],[98.43896,37.49232],[98.44112,37.49151],[98.44917,37.49016],[98.45155,37.49041],[98.45886,37.48863],[98.46454,37.4851],[98.48958,37.48155],[98.50042,37.48405],[98.50201,37.48505],[98.50244,37.48498],[98.50321,37.48462],[98.50442,37.48403],[98.50509,37.48311],[98.51218,37.48205],[98.52473,37.47904],[98.53011,37.47692],[98.53302,37.47682],[98.53558,37.47613],[98.53767,37.47609],[98.54907,37.47328],[98.55618,37.47106],[98.55944,37.47069],[98.56614,37.4684],[98.57107,37.46794],[98.5759,37.4666],[98.57996,37.46503],[98.5876,37.46152],[98.5888,37.46156],[98.59474,37.46001],[98.6003,37.45773],[98.60593,37.45467],[98.61041,37.45261],[98.61957,37.44715],[98.62277,37.44655],[98.62976,37.44463],[98.64189,37.44226],[98.65439,37.43931],[98.65828,37.43865],[98.65989,37.43808],[98.663,37.43774],[98.66584,37.4359],[98.6649,37.4351],[98.665,37.43462],[98.67412,37.43192],[98.68106,37.42723],[98.68577,37.4269],[98.68879,37.42559],[98.71633,37.40857],[98.71903,37.40683],[98.72538,37.39898],[98.72827,37.39763],[98.73909,37.38932],[98.74254,37.38597],[98.74288,37.38475],[98.74902,37.38709],[98.75039,37.38705],[98.75116,37.38747],[98.75287,37.38737],[98.75639,37.38538],[98.76896,37.38271],[98.77765,37.38098],[98.7918,37.37745],[98.79261,37.37745],[98.81814,37.37002],[98.84233,37.36361]],[[98.37161,36.94773],[98.3717,36.94569],[98.37012,36.94579],[98.36977,36.9433],[98.36723,36.94007],[98.3675,36.93188],[98.36692,36.93102],[98.3663,36.92045],[98.3654,36.91952],[98.36436,36.90406],[98.36347,36.90116],[98.36344,36.89893],[98.36408,36.89713],[98.36466,36.89088],[98.36474,36.88393],[98.36396,36.88207],[98.36386,36.87931],[98.36221,36.87067],[98.35997,36.86167],[98.35903,36.85974],[98.35728,36.85735],[98.3558,36.85645],[98.34446,36.85157],[98.32875,36.84587],[98.32279,36.84395],[98.31742,36.8436],[98.31038,36.84509],[98.30135,36.84748],[98.29101,36.84874],[98.28088,36.85227],[98.2766,36.85417],[98.27132,36.85501],[98.26912,36.85501],[98.26008,36.85367],[98.25038,36.85263],[98.2426,36.851],[98.2406,36.84836],[98.24027,36.84606],[98.24204,36.84304],[98.24224,36.83925],[98.24409,36.8364],[98.244,36.83607],[98.24371,36.83572],[98.24387,36.83512],[98.24589,36.83324],[98.24595,36.83095],[98.24403,36.82957],[98.24146,36.82823],[98.24134,36.82593],[98.23943,36.82374],[98.23939,36.82198],[98.23802,36.81935],[98.23542,36.81733],[98.22695,36.81248],[98.22687,36.81244],[98.21871,36.80739],[98.21618,36.80678],[98.21001,36.80607],[98.20692,36.8036],[98.20679,36.80349],[98.20454,36.80154],[98.19837,36.79935],[98.17676,36.79003],[98.16926,36.7861],[98.16792,36.78429],[98.16638,36.78317],[98.1602,36.78084],[98.15362,36.77487],[98.14908,36.77384],[98.14661,36.77276],[98.14541,36.77156],[98.14307,36.76707],[98.14167,36.76561],[98.13931,36.76441],[98.13095,36.76138],[98.12954,36.76051],[98.12844,36.75894],[98.12742,36.75508],[98.12607,36.75326],[98.12473,36.7526],[98.1172,36.75062],[98.10746,36.74532],[98.10607,36.74486],[98.10406,36.74478],[98.09887,36.74301],[98.09605,36.74278],[98.08438,36.73948],[98.06143,36.73483],[98.05382,36.73402],[98.05289,36.73359],[98.048,36.72974],[98.04448,36.72869],[98.03772,36.72607],[98.0277,36.72361],[98.02267,36.72173],[98.01063,36.7185],[98.00686,36.71604],[98.0012,36.71357],[97.98527,36.70874],[97.98202,36.70717],[97.97757,36.70581],[97.96625,36.70429],[97.96153,36.70266],[97.95666,36.70183],[97.94638,36.70134],[97.93824,36.70267],[97.92817,36.6976],[97.91645,36.69537],[97.9157,36.69477],[97.91558,36.69345],[97.91562,36.69285],[97.91587,36.69199],[97.91925,36.69084],[97.91998,36.68975],[97.91779,36.68278],[97.91777,36.68271],[97.9109,36.66275]],[[98.55337,37.00695],[98.55417,37.00778],[98.55421,37.00787],[98.55449,37.00827],[98.55627,37.00818],[98.55774,37.01021],[98.56044,37.01152],[98.56224,37.01312],[98.56433,37.01353],[98.5651,37.01275],[98.56549,37.01276],[98.56836,37.0148],[98.56963,37.01677],[98.56988,37.03079],[98.56964,37.03119],[98.56861,37.03141],[98.56746,37.0327],[98.56799,37.03435],[98.56781,37.03505],[98.56979,37.03688],[98.57013,37.03847],[98.56982,37.03884]],[[98.3899,37.01582],[98.40365,37.01831],[98.41241,37.01882],[98.41523,37.01941],[98.42566,37.02366],[98.4324,37.02573],[98.43716,37.0279],[98.44238,37.02967],[98.44762,37.03456],[98.44934,37.03554],[98.45182,37.03941],[98.45297,37.04016],[98.45501,37.03975],[98.45576,37.03992],[98.45982,37.04666],[98.45993,37.04745],[98.45926,37.04823],[98.45924,37.0499],[98.46177,37.05577],[98.46148,37.05779],[98.46169,37.06098],[98.46146,37.06209],[98.46034,37.06375]],[[99.65488,37.6974],[99.6484,37.69741],[99.63926,37.6981],[99.63047,37.6971],[99.62151,37.70116],[99.61869,37.70193],[99.60425,37.70217],[99.59733,37.70142],[99.59586,37.7015],[99.58314,37.70326],[99.57855,37.70422],[99.56671,37.70517],[99.5593,37.70652],[99.55106,37.70706],[99.54848,37.70669],[99.54793,37.70657],[99.54269,37.70556],[99.53525,37.70099],[99.53192,37.69924],[99.52761,37.69767],[99.52635,37.6969],[99.5243,37.69444],[99.52208,37.69244],[99.5206,37.69041],[99.52094,37.68992],[99.51668,37.68427],[99.51594,37.68201],[99.51483,37.68074],[99.51318,37.68041],[99.51079,37.68054],[99.50487,37.67954],[99.50062,37.68044],[99.4954,37.68026],[99.49056,37.6785],[99.48841,37.67815],[99.48759,37.67825],[99.4846,37.67952],[99.48286,37.67808],[99.47439,37.67414],[99.47347,37.67302],[99.47349,37.67226],[99.47361,37.67182],[99.47081,37.66915],[99.46618,37.66585],[99.46552,37.66395],[99.46368,37.66349],[99.45816,37.66294],[99.45402,37.6614],[99.45177,37.66009],[99.44781,37.65858],[99.44642,37.65677],[99.44553,37.65453],[99.44495,37.64322],[99.44389,37.64227],[99.43993,37.64107],[99.4394,37.64091],[99.43818,37.64055],[99.43524,37.63709],[99.42536,37.63094],[99.4227,37.628],[99.41985,37.626],[99.41957,37.62531],[99.41461,37.62098],[99.41316,37.61889],[99.41273,37.61623],[99.41103,37.61347],[99.40611,37.60962],[99.40384,37.60822],[99.39935,37.60676],[99.3963,37.60624],[99.39473,37.60596],[99.39472,37.60765],[99.39354,37.6078],[99.39313,37.60786],[99.39111,37.60915],[99.39093,37.61092]],[[99.32193,37.33904],[99.32335,37.33858],[99.32513,37.33808],[99.32623,37.33972],[99.33108,37.34414],[99.33116,37.34464],[99.32993,37.34734],[99.32982,37.34758],[99.32485,37.35813],[99.32442,37.35845]],[[99.14066,37.52355],[99.14024,37.52721],[99.14118,37.52907],[99.14624,37.53211],[99.14892,37.53634],[99.14896,37.53573],[99.15017,37.53456],[99.15348,37.53226],[99.15788,37.53154],[99.16053,37.53064],[99.16484,37.52969],[99.16731,37.52847],[99.16858,37.5283],[99.17397,37.52638],[99.17614,37.52591],[99.17957,37.5243],[99.17991,37.52456],[99.1819,37.52323],[99.1878,37.52233],[99.19271,37.52203],[99.19659,37.51971],[99.20146,37.51828],[99.20395,37.51702],[99.20927,37.51645],[99.21092,37.5153],[99.21382,37.51422],[99.21808,37.51096],[99.21842,37.51029],[99.22229,37.50722],[99.22511,37.50632],[99.22664,37.50411],[99.22705,37.50381],[99.22801,37.50333],[99.22892,37.50415],[99.22937,37.50415],[99.2303,37.5036],[99.23054,37.50311],[99.22963,37.50197],[99.23025,37.5011],[99.23213,37.50001],[99.23238,37.49948],[99.23468,37.4985],[99.23531,37.49767],[99.23558,37.49746],[99.23753,37.49708],[99.2418,37.49357],[99.24417,37.49234],[99.24688,37.48936],[99.24769,37.48804],[99.25154,37.48491],[99.25316,37.48288],[99.25412,37.48235],[99.26595,37.47936],[99.27009,37.47878],[99.28096,37.47837],[99.28318,37.47771],[99.28387,37.47671],[99.2854,37.47549],[99.29265,37.47496],[99.29703,37.47346],[99.30079,37.47153],[99.30234,37.47007],[99.30434,37.4699],[99.30569,37.47087],[99.30637,37.47128],[99.30978,37.47325]],[[99.36996,37.59433],[99.3703,37.59373],[99.37135,37.59174]],[[99.37108,37.44443],[99.37042,37.4435],[99.36765,37.44229],[99.36641,37.44134],[99.36357,37.43996],[99.36228,37.43969],[99.35946,37.43977],[99.35671,37.43847],[99.35236,37.43736]],[[99.32509,37.35848],[99.32485,37.35813]],[[99.01387,37.30242],[99.01398,37.30247],[99.02075,37.30247],[99.02444,37.30246],[99.0245,37.3036]],[[99.34312,37.37642],[99.35342,37.37781],[99.35396,37.37759],[99.35412,37.37746],[99.3546,37.37677],[99.35622,37.37726],[99.35717,37.37813],[99.36075,37.38317],[99.36174,37.38571],[99.36534,37.38872],[99.36836,37.38948],[99.37658,37.39239],[99.39507,37.39709],[99.39934,37.39743],[99.4043,37.39666],[99.40686,37.39661],[99.41328,37.39755],[99.41419,37.39795],[99.41613,37.3979],[99.4184,37.39881],[99.42135,37.39926],[99.4246,37.40115],[99.42677,37.4019],[99.42873,37.40218],[99.43305,37.40582],[99.43475,37.40618],[99.43587,37.40813],[99.43955,37.41013],[99.44461,37.41452],[99.44774,37.41871],[99.44785,37.42004],[99.44862,37.42154],[99.45193,37.42513],[99.45361,37.42766],[99.45505,37.43196],[99.45486,37.43282],[99.45557,37.43602],[99.4589,37.43946],[99.45963,37.44155],[99.45999,37.4445],[99.46132,37.44616],[99.462,37.44789],[99.46254,37.45209],[99.46485,37.45525],[99.46516,37.45783]],[[99.20809,37.20131],[99.20703,37.19958],[99.19658,37.1916],[99.19184,37.18648],[99.18907,37.18035],[99.18746,37.17053],[99.18734,37.16947],[99.18811,37.16676],[99.19037,37.1636],[99.19362,37.16086],[99.19731,37.15154],[99.19992,37.14738],[99.20118,37.14464],[99.20343,37.14265],[99.20493,37.14],[99.20615,37.13888],[99.20698,37.13759],[99.20767,37.13466],[99.2135,37.12002],[99.21412,37.11778],[99.21676,37.11532],[99.2176,37.11171],[99.21909,37.11097],[99.21971,37.11041],[99.21976,37.10777],[99.2164,37.10174],[99.21537,37.10048],[99.21418,37.09887],[99.21364,37.097],[99.21359,37.08961],[99.2143,37.08849],[99.21788,37.08609],[99.22083,37.08204],[99.22128,37.08076]],[[98.0575,36.38082],[98.05737,36.37836],[98.05734,36.37756],[98.05731,36.37633],[98.05715,36.37091],[98.0571,36.36954],[98.05709,36.36869],[98.05708,36.36832],[98.05687,36.35935],[98.05676,36.35451],[98.06141,36.33775],[98.06151,36.33742],[98.0616,36.33708],[98.0617,36.33672],[98.06179,36.33639],[98.0619,36.33602],[98.06199,36.33569],[98.06212,36.33522],[98.06222,36.33488],[98.06233,36.3345],[98.06246,36.33403],[98.06363,36.3301],[98.06921,36.31895],[98.07917,36.30715],[98.08154,36.30469],[98.08278,36.30305],[98.08338,36.30024],[98.08424,36.29741]],[[98.08694,36.29471],[98.08985,36.29481],[98.09201,36.29487],[98.09455,36.29495]],[[98.13548,36.23681],[98.14387,36.2338],[98.14463,36.23372],[98.1454,36.23321],[98.14545,36.23251],[98.14542,36.22834],[98.15043,36.22003],[98.15092,36.2178],[98.15097,36.21711]],[[98.90847,36.84185],[98.90767,36.84071],[98.90474,36.839],[98.89607,36.83428]],[[98.26061,36.98396],[98.25826,36.98421],[98.25537,36.98455],[98.25551,36.98542],[98.25567,36.98634],[98.25583,36.9872],[98.25875,36.98688],[98.25958,36.98679],[98.26057,36.98667],[98.26205,36.9865],[98.2656,36.98607],[98.26533,36.98431]],[[97.73571,37.34969],[97.73731,37.36584],[97.74028,37.39706],[97.74069,37.398],[97.74128,37.40804],[97.74274,37.4101],[97.74337,37.42125],[97.74133,37.42263],[97.74467,37.44783],[97.74389,37.45189],[97.74432,37.4534],[97.74384,37.45619],[97.7448,37.45727],[97.74618,37.45807],[97.74868,37.45974],[97.74958,37.46148],[97.75054,37.46996],[97.74967,37.47241],[97.75076,37.47468],[97.7509,37.4748],[97.75518,37.48934],[97.75529,37.48976],[97.75706,37.49099],[97.75732,37.49176],[97.75715,37.49234],[97.75601,37.49325],[97.75605,37.49407],[97.75641,37.49504],[97.7592,37.4966],[97.75993,37.49706],[97.7603,37.49777],[97.75949,37.50113],[97.76002,37.50393],[97.75983,37.50808],[97.76006,37.50815],[97.76079,37.50683],[97.76061,37.50861],[97.76144,37.50668],[97.7613,37.509],[97.76245,37.50644],[97.76214,37.50846],[97.76141,37.50967],[97.76305,37.51034]],[[98.46658,36.94395],[98.46752,36.93685],[98.46792,36.93381],[98.46881,36.92924],[98.46918,36.92695],[98.46898,36.92616],[98.46821,36.92364],[98.46857,36.92292],[98.46965,36.92237],[98.47057,36.92239],[98.47594,36.92259],[98.4834,36.92213],[98.48655,36.92169],[98.48748,36.9204],[98.49407,36.9199],[98.49423,36.91989],[98.49925,36.91878],[98.50535,36.91731],[98.50613,36.91717],[98.50691,36.917],[98.51426,36.91572],[98.51607,36.91537],[98.51884,36.91484],[98.52047,36.91434],[98.51866,36.90947],[98.5208,36.90564],[98.51591,36.90684],[98.51491,36.90765],[98.51411,36.90945],[98.51331,36.91014],[98.50959,36.91091],[98.50842,36.91108],[98.50727,36.91137],[98.50535,36.91731],[98.50713,36.92536],[98.50713,36.93693],[98.50381,36.94725],[98.50455,36.95059],[98.50427,36.9518]],[[98.47604,36.93695],[98.47797,36.93698],[98.47832,36.93699],[98.48055,36.93702],[98.48086,36.93703],[98.4828,36.93703],[98.49358,36.93713],[98.49326,36.94564]],[[98.80961,36.70998],[98.80937,36.71088],[98.80933,36.71103],[98.8093,36.71112],[98.80922,36.71144],[98.80911,36.71208],[98.80945,36.7124],[98.81239,36.71299],[98.81169,36.71471],[98.80784,36.71901],[98.79355,36.72957],[98.7929,36.73196],[98.78875,36.7362],[98.78664,36.73724],[98.78023,36.73926],[98.77423,36.74166],[98.77091,36.74442],[98.76612,36.7472],[98.76474,36.74834],[98.75968,36.74959],[98.75593,36.75187],[98.75119,36.75399],[98.75077,36.75535],[98.74754,36.76034],[98.74202,36.76316],[98.74062,36.76442],[98.73855,36.76492],[98.73129,36.77215],[98.72986,36.77573],[98.72837,36.77666],[98.7266,36.77867],[98.71867,36.78367],[98.71209,36.78572],[98.69446,36.79311],[98.68754,36.79703],[98.68664,36.79709],[98.68568,36.79599],[98.6848,36.79596],[98.64841,36.81052],[98.60472,36.83614],[98.60399,36.83684],[98.60397,36.8373],[98.60488,36.83876],[98.6044,36.83968],[98.55537,36.86106],[98.54685,36.8663],[98.5433,36.86924],[98.54113,36.872],[98.5208,36.90564]],[[98.08424,36.30525],[98.08154,36.30469],[98.07448,36.30322],[98.07308,36.30293],[98.06512,36.30127],[98.06377,36.30099],[98.06337,36.30089],[98.05731,36.29885],[98.05548,36.29893],[98.05391,36.29996],[98.05127,36.30383],[98.05033,36.30524],[98.04973,36.30745],[98.04797,36.30831],[98.0459,36.30841],[98.04201,36.30776],[98.03202,36.3092],[98.02752,36.30873],[98.02546,36.30764],[98.02131,36.30663],[98.01852,36.30733],[98.01274,36.30794],[98.00594,36.30783],[98.00085,36.30574],[97.99945,36.3045],[97.99774,36.30212],[97.99726,36.29805],[97.99957,36.29458],[98.00304,36.29148],[98.00341,36.29036],[98.0032,36.28818],[98.00247,36.28751],[97.99984,36.28693],[97.99969,36.28653],[98.00016,36.28528],[97.99971,36.28447],[97.99697,36.28362],[97.99603,36.28285],[97.99595,36.28135],[97.99482,36.2798],[97.99409,36.27592],[97.99545,36.2739],[97.99546,36.27339],[97.99476,36.27289],[97.99121,36.27225],[97.98581,36.26986],[97.98182,36.26616],[97.97213,36.25997],[97.96954,36.25338],[97.96494,36.24776]],[[99.02519,37.29703],[99.02471,37.29414],[99.02474,37.29208],[99.02318,37.29212],[99.02316,37.29414],[99.0233,37.29726],[99.02327,37.30028]],[[98.46475,36.9438],[98.46527,36.94648],[98.46653,36.95297]],[[99.00717,37.29641],[99.00727,37.29644],[99.00999,37.29755],[99.01246,37.29868],[99.01173,37.30025],[99.01019,37.30365],[99.00758,37.30289],[99.00686,37.30452],[99.00432,37.3038],[99.00418,37.30376]],[[99.00484,37.30214],[99.00497,37.30218],[99.00758,37.30289],[99.00873,37.30026],[99.00999,37.29755],[99.01231,37.29571],[99.01489,37.29394],[99.01585,37.29336],[99.01641,37.293],[99.01703,37.29264],[99.01815,37.29222],[99.02056,37.29218],[99.02318,37.29212]],[[99.01268,37.30437],[99.01252,37.30432],[99.01019,37.30365],[99.00944,37.3053],[99.00686,37.30452],[99.00562,37.30736]],[[99.0116,37.30586],[99.01147,37.30583],[99.00944,37.3053],[99.00813,37.30819]],[[99.02056,37.29437],[99.01803,37.29455],[99.01843,37.29783]],[[99.02056,37.29432],[99.02316,37.29414],[99.02471,37.29414],[99.02765,37.29412],[99.02777,37.29412],[99.02995,37.29412],[99.033,37.29411],[99.03297,37.29216],[99.02999,37.29208],[99.02995,37.29412]],[[99.03286,37.28795],[99.03286,37.28805],[99.03297,37.29216],[99.03389,37.29197],[99.03546,37.29075]],[[99.03455,37.29693],[99.0333,37.29545],[99.033,37.29411]],[[99.02445,37.30028],[99.02444,37.30246]],[[99.1739,37.21096],[99.17353,37.20962],[99.1738,37.20865],[99.17954,37.20234],[99.17976,37.20209],[99.17984,37.20199],[99.18016,37.20163],[99.18544,37.1967],[99.18602,37.19669],[99.186,37.19619],[99.18543,37.19621],[99.18544,37.1967]],[[99.19086,37.19183],[99.19079,37.19189],[99.19014,37.1925],[99.186,37.19619]],[[99.17643,36.71631],[99.17363,36.71821],[99.16907,36.72052],[99.16732,36.72267],[99.16662,36.72509],[99.16615,36.72563],[99.16507,36.72604],[99.15863,36.72679],[99.15758,36.72721],[99.15428,36.73059],[99.13846,36.74131],[99.13406,36.74463],[99.13005,36.74702],[99.11337,36.75833],[99.11024,36.76192],[99.10943,36.76366],[99.10891,36.76625],[99.11037,36.77988],[99.10931,36.77996],[99.10921,36.78027],[99.11139,36.78009],[99.11131,36.77986],[99.11037,36.77988]],[[98.49427,36.91768],[98.48415,36.9175],[98.47572,36.91775],[98.46835,36.91783],[98.46907,36.92042],[98.46965,36.92237]],[[99.07868,36.76342],[99.07904,36.76315],[99.07908,36.76282],[99.07864,36.7629],[99.07808,36.76275],[99.07804,36.75981],[99.07959,36.75982]],[[99.06566,36.79179],[99.06886,36.78726],[99.06992,36.78679],[99.07492,36.78562],[99.07918,36.78463]],[[99.10063,36.78746],[99.10139,36.79075],[99.1014,36.79081],[99.10196,36.79323],[99.10197,36.79329],[99.10216,36.79412],[99.10231,36.79476]],[[98.08485,36.30042],[98.08338,36.30024]],[[98.11543,36.30556],[98.1132,36.30474],[98.11306,36.30359]],[[97.97061,36.41909],[97.97186,36.41922],[97.97785,36.41494],[97.98476,36.41467],[97.99315,36.41348],[97.99687,36.41198],[97.99762,36.41285],[97.99842,36.41287],[97.99935,36.41291],[98.0003,36.41251],[98.00425,36.40892],[98.0066,36.40756],[98.01275,36.40662],[98.02328,36.40659],[98.02592,36.40444],[98.02846,36.39746],[98.03204,36.3905],[98.03446,36.39059],[98.03621,36.39073],[98.03935,36.39018],[98.03987,36.38978],[98.04051,36.38982],[98.04837,36.3932],[98.05255,36.39441],[98.05788,36.39512],[98.06008,36.39444],[98.06336,36.39317],[98.06725,36.3923],[98.06997,36.39081],[98.0779,36.3827],[98.07886,36.38248],[98.08508,36.38235],[98.08706,36.38231],[98.08816,36.38229]],[[98.00072,36.42414],[98.00976,36.42397],[98.01305,36.42425],[98.01753,36.42515],[98.02042,36.42519],[98.02394,36.42505],[98.02561,36.4244],[98.02691,36.42308],[98.03017,36.42355],[98.03421,36.42302],[98.03284,36.41661],[98.03357,36.41449],[98.0366,36.41114],[98.03717,36.40988],[98.05031,36.40422],[98.05971,36.40026],[98.07363,36.39356],[98.07572,36.39353],[98.07856,36.39412],[98.08544,36.39405],[98.0885,36.39426]],[[97.65009,36.98374],[97.65056,36.98414]],[[97.77481,36.60853],[97.77534,36.60797],[97.79228,36.61596],[97.79274,36.61639],[97.79078,36.61908],[97.79085,36.61974],[97.80161,36.62481],[97.80291,36.6262],[97.8132,36.62988],[97.81961,36.63406],[97.82922,36.64471],[97.83535,36.64731],[97.86084,36.65461],[97.86717,36.65696]],[[98.64152,37.68396],[98.64185,37.68447],[98.64217,37.68495],[98.64183,37.6862]],[[99.07916,36.7847],[99.07494,36.78568],[99.06891,36.78731],[99.06573,36.79182]],[[97.7853,36.06661],[97.78722,36.06738],[97.78974,36.06357],[97.79085,36.06189],[97.79148,36.0611],[97.79332,36.06189],[97.79488,36.06257],[97.79583,36.06293],[97.79737,36.06248],[97.80311,36.06297],[97.8044,36.0631],[97.80499,36.06385],[97.80612,36.06378],[97.80766,36.06367],[97.82089,36.06275],[97.82618,36.06369],[97.82847,36.06408],[97.82977,36.06431],[97.83742,36.06563],[97.84236,36.066],[97.85352,36.06508],[97.85547,36.0649],[97.85728,36.06473],[97.85382,36.08274],[97.85044,36.1003]],[[99.5887,37.79239],[99.58636,37.79027],[99.58261,37.78568],[99.58169,37.78311],[99.58205,37.77901],[99.58108,37.77715],[99.58067,37.77445],[99.57797,37.77001],[99.57775,37.7687],[99.5746,37.76543],[99.5735,37.76517],[99.5717,37.76416],[99.57142,37.76392]],[[99.43909,37.6681],[99.44009,37.66817],[99.44065,37.66821],[99.44303,37.66839],[99.44502,37.66772],[99.44715,37.66245],[99.44679,37.66128],[99.44707,37.66088],[99.44817,37.65952],[99.44781,37.65858]],[[99.42682,37.72645],[99.4282,37.72702],[99.42871,37.72723]],[[99.41335,37.77043],[99.41406,37.76595],[99.41376,37.76483],[99.41407,37.76319],[99.41361,37.76134],[99.41398,37.7594],[99.41346,37.75706],[99.41416,37.75396],[99.41474,37.75326],[99.41497,37.75215],[99.41533,37.75167],[99.41681,37.75173],[99.41738,37.75177]],[[98.24383,36.06505],[98.24022,36.06426],[98.23621,36.06395],[98.23072,36.06257],[98.22871,36.0618],[98.2251,36.06213],[98.22353,36.06255],[98.222,36.06249],[98.2206,36.06292],[98.21667,36.06314],[98.21476,36.06373],[98.21151,36.06423],[98.209,36.06515],[98.20294,36.06487],[98.19429,36.06753],[98.19018,36.07085],[98.18704,36.07211],[98.18163,36.07523],[98.17857,36.07643],[98.17451,36.07921],[98.17202,36.08139],[98.17108,36.08168]],[[98.33437,36.96297],[98.33752,36.96448],[98.33803,36.96533],[98.33812,36.96547],[98.33894,36.96671],[98.34124,36.96631],[98.34215,36.96658],[98.35418,36.96554],[98.35787,36.96426],[98.36128,36.96374],[98.3644,36.96345],[98.36533,36.96373],[98.36724,36.96367]],[[98.33589,36.96215],[98.33481,36.9614],[98.33139,36.95658],[98.33222,36.95622],[98.34582,36.95413],[98.34901,36.95522]],[[98.92045,36.78677],[98.92093,36.78629],[98.92113,36.78614],[98.92109,36.78388]],[[98.38742,37.03415],[98.38717,37.03614],[98.38671,37.03978],[98.38482,37.04566],[98.38481,37.04657],[98.38588,37.05332],[98.38737,37.0596],[98.38739,37.06181],[98.38579,37.0664],[98.38275,37.06939],[98.38162,37.07083],[98.38137,37.07202]],[[98.38521,37.07863],[98.38592,37.085],[98.38431,37.08931],[98.3828,37.09066],[98.38273,37.09071],[98.38228,37.09143],[98.38243,37.09383],[98.38266,37.09803],[98.38266,37.09818],[98.38273,37.10067],[98.38158,37.10583],[98.38448,37.11282]],[[98.38802,37.03597],[98.38717,37.03614]],[[99.07777,36.75286],[99.07795,36.75634],[99.07796,36.75668],[99.07802,36.75853],[99.07803,36.75953],[99.07804,36.75981]],[[99.09515,36.79597],[99.09197,36.79653],[99.09157,36.79659],[99.09151,36.79661],[99.09053,36.79678],[99.09086,36.798],[99.09096,36.79798],[99.09104,36.79797],[99.09132,36.79793],[99.09138,36.79792],[99.09552,36.79729],[99.09904,36.79588],[99.10216,36.79412]],[[99.08507,36.79367],[99.0851,36.79373],[99.08543,36.79494],[99.0911,36.79383]],[[99.14083,37.61301],[99.13982,37.61275],[99.13926,37.61303],[99.13913,37.61299],[99.13861,37.61201],[99.13836,37.61],[99.13774,37.60891],[99.1383,37.60673],[99.138,37.60136],[99.13951,37.59937],[99.13952,37.59624],[99.14088,37.59187],[99.14157,37.58522],[99.14342,37.57959],[99.14113,37.57573],[99.14176,37.57421],[99.14207,37.57209],[99.14181,37.57064],[99.14091,37.56949],[99.13934,37.5684],[99.13851,37.56686],[99.13854,37.56672],[99.13865,37.56596],[99.14038,37.56578],[99.14114,37.56508],[99.14178,37.56128],[99.1433,37.55712],[99.14493,37.55478],[99.147,37.55271],[99.14653,37.55007],[99.14852,37.54592],[99.14904,37.54395],[99.14908,37.54126],[99.14876,37.53954],[99.14775,37.53762],[99.14603,37.53629],[99.1417,37.53139],[99.1397,37.52971],[99.13598,37.52565]],[[90.88363,38.24832],[90.88368,38.24827],[90.88691,38.24433],[90.88763,38.24271],[90.89417,38.19829],[90.8962,38.18641],[90.90104,38.16268],[90.90079,38.16213],[90.90224,38.16008],[90.90225,38.15993],[90.90226,38.1598],[90.90227,38.15961],[90.90431,38.15722]],[[90.31354,38.23561],[90.31141,38.24231],[90.31132,38.25172],[90.31122,38.25485],[90.31121,38.25536],[90.3112,38.25567],[90.3112,38.25587],[90.31118,38.25641],[90.31114,38.25789],[90.31154,38.25861],[90.31852,38.26242],[90.35264,38.24833]],[[90.8527,38.24818],[90.85422,38.24642],[90.85554,38.24491],[90.85608,38.24421],[90.85612,38.24411],[90.8587,38.24017],[90.86251,38.23433],[90.86274,38.23398]],[[90.86292,38.25853],[90.86223,38.2592],[90.86082,38.26056],[90.85252,38.26868],[90.81081,38.30939],[90.77919,38.34002],[90.77284,38.34743],[90.77319,38.35093],[90.77628,38.35376],[90.77885,38.3582],[90.7907,38.3652],[90.79516,38.36533],[90.80718,38.37193],[90.8137,38.37489],[90.81799,38.38363],[90.82366,38.41094],[90.82211,38.41485],[90.8228,38.42076],[90.81318,38.43744],[90.81198,38.44497],[90.80751,38.45162],[90.80663,38.45378],[90.80476,38.45485],[90.80254,38.4568],[90.80185,38.46217],[90.80426,38.46379],[90.80821,38.4697],[90.8264,38.47951],[90.83601,38.48663],[90.86606,38.50208],[90.87189,38.50437],[90.91,38.54278],[90.94159,38.57768],[90.95247,38.58066],[90.95729,38.58017],[90.96528,38.58144],[90.97935,38.586],[90.98055,38.58788],[90.97952,38.59069],[90.98158,38.59391],[90.98673,38.59512],[90.99926,38.5974],[91.01248,38.59459],[91.01798,38.59123],[91.02364,38.59029],[91.02673,38.58519],[91.0372,38.57674],[91.04733,38.56023],[91.05557,38.55446],[91.06175,38.55312],[91.08372,38.54197],[91.10518,38.53016],[91.11891,38.52102],[91.14312,38.50638],[91.1632,38.49147],[91.19805,38.47965],[91.21916,38.46943],[91.26473,38.44519],[91.31358,38.41928],[91.3799,38.39634],[91.38603,38.3945],[91.39406,38.39064],[91.40111,38.38839],[91.40324,38.38798],[91.40645,38.38606],[91.40727,38.38503],[91.41069,38.38285],[91.41556,38.38239],[91.4212,38.37798],[91.42369,38.37688],[91.42748,38.37626],[91.42918,38.37503],[91.43171,38.37439],[91.43398,38.37216],[91.43712,38.37072],[91.44169,38.36977],[91.44541,38.36817],[91.45049,38.36505],[91.45123,38.36422]],[[90.8782,38.26876],[90.87227,38.26602],[90.8697,38.26489],[90.86631,38.26333],[90.86082,38.26056],[90.85079,38.25802]],[[90.83636,38.24265],[90.83494,38.2424],[90.82589,38.24427],[90.82512,38.24422],[90.82496,38.2442],[90.81758,38.24565],[90.81678,38.24546],[90.81057,38.24263],[90.79998,38.24888],[90.78418,38.25192],[90.77596,38.2532],[90.77175,38.25334],[90.77001,38.25479],[90.76804,38.25531],[90.76672,38.25615],[90.76376,38.25714],[90.75553,38.26225],[90.75062,38.26443],[90.74852,38.26455],[90.74668,38.26369],[90.74503,38.26207],[90.74297,38.26067],[90.73075,38.25326],[90.72812,38.24968],[90.72536,38.24829],[90.72359,38.24577],[90.72181,38.24501],[90.71943,38.24242],[90.71805,38.24176],[90.7156,38.2412],[90.71421,38.23951],[90.71128,38.23727],[90.70202,38.23197],[90.70039,38.23154],[90.69685,38.22921],[90.69143,38.22725],[90.67784,38.22143],[90.674,38.22008],[90.65094,38.20905],[90.634,38.20304],[90.60466,38.18638],[90.60144,38.18483],[90.60117,38.18464],[90.59993,38.18364],[90.59901,38.18332],[90.59656,38.18307],[90.59327,38.18327],[90.58882,38.18242],[90.58811,38.18186],[90.58809,38.18179],[90.58713,38.1807],[90.58234,38.17292],[90.57875,38.17086],[90.57851,38.17],[90.60287,38.1413],[90.60299,38.14043],[90.60232,38.13964],[90.58674,38.13446],[90.58635,38.13351],[90.58717,38.1312],[90.58739,38.12938],[90.5868,38.12729],[90.58624,38.12666],[90.58549,38.12442],[90.5834,38.12382],[90.58226,38.1228],[90.58015,38.11824],[90.5788,38.11666]],[[90.90648,38.28392],[90.90681,38.28199],[90.90517,38.2818],[90.90311,38.2829],[90.89945,38.28374],[90.89788,38.28312],[90.89693,38.2835],[90.89425,38.28232],[90.8935,38.28232],[90.89139,38.2816],[90.89045,38.28059],[90.88788,38.28002],[90.88737,38.27896],[90.88775,38.27798],[90.88776,38.27623],[90.88656,38.27492],[90.88452,38.27462],[90.8835,38.27397],[90.88127,38.26738]],[[90.92548,38.14921],[90.92476,38.1485]],[[90.86699,38.26253],[90.87031,38.26406]],[[90.85721,38.21115],[90.85253,38.20872],[90.8524,38.20865],[90.84486,38.20474],[90.84521,38.20433],[90.84366,38.20344],[90.84275,38.20448],[90.84151,38.206],[90.84307,38.20685],[90.84486,38.20474]],[[90.81091,38.24983],[90.81303,38.25195],[90.81605,38.25496],[90.81616,38.25507],[90.82095,38.25983]],[[90.80271,38.25493],[90.80486,38.25705],[90.80889,38.26102],[90.80899,38.26112],[90.81211,38.2642]],[[90.37874,38.32637],[90.37899,38.32614],[90.37966,38.32641]],[[90.88981,38.17006],[90.90079,38.16213]],[[91.28196,38.46434],[91.26839,38.45154],[91.26691,38.44783],[91.26473,38.44519]],[[90.85104,38.2362],[90.8587,38.24017]],[[93.34246,38.72408],[93.3424,38.72448],[93.34204,38.7242]],[[92.96614,38.40838],[92.97674,38.34734],[92.97713,38.3456],[92.98056,38.33859],[92.98561,38.32821],[92.99036,38.3207],[92.99522,38.31525],[93.00566,38.30189],[93.01303,38.29453],[93.01542,38.29154],[93.0225,38.28649],[93.03009,38.28198],[93.03522,38.27933],[93.05158,38.26892],[93.05515,38.26772],[93.05934,38.26558],[93.06236,38.26349],[93.0666,38.26116],[93.06914,38.26026]],[[93.3926,38.65625],[93.39408,38.65689],[93.39574,38.65627],[93.3963,38.65642]],[[93.35215,38.61731],[93.35298,38.61726]],[[97.56274,38.81041],[97.56263,38.81029],[97.5608,38.80865],[97.55443,38.80524],[97.55359,38.80546],[97.55043,38.80539],[97.54945,38.8049],[97.54738,38.80303],[97.54651,38.80273],[97.53744,38.80163],[97.53577,38.80191],[97.53462,38.80276],[97.53441,38.803],[97.53337,38.80364],[97.53025,38.80395],[97.52649,38.80374],[97.52467,38.80299],[97.52034,38.80359],[97.51247,38.80363],[97.51101,38.80393],[97.50913,38.80345],[97.50468,38.80141],[97.5021,38.80079],[97.50004,38.79938],[97.4967,38.79522],[97.4948,38.79473],[97.491,38.79575],[97.4896,38.79567],[97.48698,38.79471],[97.48403,38.79309],[97.48301,38.7919],[97.48084,38.79093],[97.4788,38.79019],[97.47707,38.7903],[97.47843,38.78898],[97.47827,38.78815],[97.47228,38.7854],[97.4719,38.78523],[97.46944,38.78411],[97.46637,38.78344],[97.46025,38.78214],[97.45655,38.78197],[97.45141,38.7823],[97.44469,38.78082],[97.43889,38.78096],[97.43481,38.78323],[97.43313,38.78483],[97.43022,38.78582],[97.42797,38.78751],[97.42399,38.78775],[97.42202,38.78863],[97.41848,38.78773],[97.41493,38.78815],[97.41183,38.78994],[97.40899,38.79248],[97.40747,38.79459],[97.39979,38.80063],[97.39044,38.80367],[97.38654,38.80451],[97.38595,38.80491],[97.38434,38.80741],[97.37903,38.81024],[97.37405,38.81151],[97.37003,38.81357],[97.36864,38.81398],[97.36107,38.81578],[97.35534,38.81653],[97.34441,38.82008],[97.34033,38.82087],[97.32565,38.8271],[97.32301,38.82875],[97.31765,38.831],[97.31352,38.83165],[97.30512,38.83368],[97.28229,38.84932],[97.27937,38.84953],[97.27511,38.85093],[97.26919,38.85371],[97.26768,38.85298],[97.26628,38.85113],[97.26533,38.85096],[97.26237,38.85213],[97.26199,38.85412],[97.25919,38.85544],[97.25836,38.85617],[97.25788,38.85725],[97.25604,38.85846],[97.2535,38.85914],[97.25132,38.85826],[97.2509,38.85827],[97.25008,38.85912],[97.24799,38.8602],[97.24657,38.85964],[97.24553,38.85864],[97.24462,38.86091],[97.2435,38.86195],[97.24209,38.86555],[97.24277,38.86684],[97.24221,38.86821],[97.24149,38.86881],[97.24173,38.86941],[97.24257,38.86995],[97.24347,38.8701],[97.24438,38.8721],[97.24438,38.87353],[97.24305,38.87528],[97.24335,38.8743],[97.24153,38.8753],[97.24234,38.87411],[97.24144,38.87461],[97.23944,38.87512],[97.24058,38.87389],[97.23845,38.87316],[97.23712,38.87225],[97.23602,38.8702],[97.23497,38.87044],[97.23333,38.87162],[97.23216,38.87123],[97.22991,38.87212],[97.22841,38.8718],[97.22696,38.87202],[97.22527,38.87363],[97.22301,38.8731],[97.22205,38.87225],[97.22104,38.87234],[97.22075,38.87324],[97.21979,38.87377],[97.22001,38.87498],[97.21948,38.87563],[97.21682,38.87558],[97.21663,38.87687],[97.21482,38.87872],[97.21523,38.87942],[97.21383,38.88005],[97.2133,38.8805],[97.21336,38.88098],[97.21259,38.88137],[97.21097,38.88047],[97.21025,38.87955],[97.20808,38.88083],[97.20708,38.88086],[97.20535,38.87956],[97.20446,38.87835],[97.20356,38.87902],[97.20288,38.8804],[97.20294,38.8811],[97.20252,38.88137],[97.20167,38.8804],[97.19947,38.87934],[97.19941,38.87936],[97.19904,38.88053],[97.19799,38.88113],[97.19723,38.88274],[97.1953,38.88264],[97.19293,38.88343],[97.19122,38.88506],[97.18733,38.88505],[97.18658,38.8871],[97.18315,38.88897],[97.18249,38.88973],[97.18231,38.89071],[97.18139,38.89113],[97.17838,38.89453],[97.17623,38.89582],[97.1759,38.89647],[97.17254,38.89753],[97.17005,38.89908],[97.16784,38.89946],[97.16521,38.90117],[97.16248,38.90351],[97.16276,38.90264],[97.16249,38.90256],[97.15987,38.90472],[97.15879,38.90688],[97.15813,38.90637],[97.15742,38.90702],[97.15499,38.90789],[97.15376,38.90906],[97.15242,38.91172],[97.15083,38.91338],[97.15079,38.91347],[97.14794,38.91449],[97.14401,38.91461],[97.14084,38.91597],[97.14055,38.91668],[97.13912,38.9169],[97.13663,38.91856],[97.13204,38.92016],[97.12798,38.92095],[97.12102,38.92422],[97.11653,38.92735],[97.11604,38.92773],[97.11508,38.92867],[97.11598,38.9329],[97.11615,38.93623],[97.11835,38.94088],[97.11889,38.94138],[97.12148,38.94235],[97.12219,38.94304],[97.12543,38.94841],[97.12544,38.95097],[97.12939,38.95678],[97.13327,38.96167],[97.13408,38.96194],[97.14438,38.97502],[97.14741,38.97642],[97.14955,38.97838],[97.15089,38.97901],[97.15335,38.98186],[97.15592,38.98566],[97.16005,38.98999],[97.16574,38.99434],[97.16863,38.99768],[97.17276,39.00159],[97.17704,39.00796],[97.18753,39.01649],[97.1907,39.02019],[97.19314,39.02241],[97.20145,39.03132],[97.2027,39.03398],[97.20161,39.03681],[97.20226,39.03874],[97.20209,39.03932],[97.20138,39.04004],[97.20235,39.04997],[97.2027,39.05991],[97.20236,39.0606],[97.20094,39.06091],[97.18746,39.06003],[97.18295,39.05913],[97.18255,39.05982],[97.18143,39.06034],[97.17033,39.05783],[97.16823,39.05793],[97.16543,39.05726],[97.16387,39.05741],[97.15686,39.05949],[97.15587,39.06139],[97.15557,39.06133],[97.1553,39.06054],[97.15457,39.06017],[97.15197,39.06192],[97.152,39.06306],[97.15143,39.06343],[97.14638,39.06601],[97.14314,39.06713],[97.14159,39.06888],[97.14105,39.0701],[97.13975,39.0701],[97.13883,39.06939],[97.13828,39.07027],[97.13368,39.07027],[97.10711,39.08043],[97.10512,39.08117],[97.09767,39.08402],[97.09667,39.08362],[97.09611,39.0843],[97.09585,39.08548],[97.09862,39.09222],[97.09762,39.09271],[97.09304,39.09385],[97.06805,39.09631],[97.06269,39.09764],[97.06161,39.09743],[97.05575,39.09483],[97.04728,39.09512],[97.02419,39.1044],[97.02193,39.10505],[97.01556,39.10875],[97.01574,39.10928],[97.01737,39.10958],[97.01755,39.11032],[97.0049,39.1204],[97.00457,39.12527],[97.00413,39.12637],[97.00467,39.12964],[97.00695,39.13298],[97.0071,39.13485],[97.00657,39.1352]],[[99.16347,38.15986],[99.16348,38.15973],[99.16357,38.15892],[99.16376,38.15346],[99.16792,38.14868],[99.16803,38.1445]],[[99.68126,38.07074],[99.68123,38.07057]],[[99.25573,38.29058],[99.2535,38.29091],[99.25155,38.29155],[99.24992,38.29286],[99.24549,38.29551],[99.24224,38.29801],[99.2409,38.29871],[99.23926,38.29911],[99.2357,38.29813],[99.2331,38.29662],[99.23105,38.2965],[99.22993,38.29608],[99.22787,38.29673],[99.22379,38.29616],[99.22271,38.29565],[99.22053,38.29289],[99.21942,38.29084],[99.2177,38.29027],[99.21461,38.28859],[99.20963,38.28836],[99.20861,38.28851],[99.20768,38.2892],[99.20562,38.28753],[99.20356,38.28721],[99.19978,38.28465],[99.19828,38.28413],[99.19609,38.28182],[99.19096,38.28017],[99.18974,38.28005],[99.1873,38.2804],[99.18633,38.27648],[99.18506,38.27569],[99.18152,38.27232],[99.17981,38.27137],[99.17655,38.26822],[99.17396,38.26625],[99.17163,38.26268],[99.17096,38.25992],[99.16651,38.25699],[99.16537,38.25633],[99.16373,38.25434],[99.16165,38.24979],[99.15929,38.24356],[99.15957,38.24047],[99.1596,38.24012],[99.1606,38.23115],[99.16045,38.22923],[99.15919,38.22761],[99.15233,38.22376],[99.15179,38.22268],[99.14929,38.22018],[99.14812,38.21593],[99.1479,38.21267],[99.14401,38.20721],[99.13278,38.20197],[99.13032,38.19922],[99.12948,38.1935],[99.12847,38.19077],[99.12799,38.18694],[99.12824,38.18447],[99.13101,38.1791],[99.13436,38.17745],[99.13854,38.17751],[99.14085,38.1764],[99.14406,38.17405],[99.14682,38.16954],[99.14971,38.16744],[99.15006,38.16693],[99.14998,38.16344],[99.15036,38.16277],[99.15621,38.16182],[99.15801,38.16056],[99.16165,38.15886],[99.16357,38.15892]],[[99.26452,38.28507],[99.26175,38.28625],[99.2566,38.29007]],[[99.27785,38.27645],[99.27747,38.27589],[99.27678,38.27559],[99.27562,38.27584],[99.27438,38.27656],[99.26939,38.27754],[99.2668,38.2809],[99.26548,38.28133],[99.26404,38.28276],[99.265,38.28475]],[[94.96726,36.38825],[94.96731,36.39252],[94.95166,36.39367]],[[95.55106,37.31756],[95.5515,37.31718],[95.55179,37.3171]],[[95.55176,37.31775],[95.55162,37.31744],[95.55106,37.31756],[95.54015,37.32251],[95.53927,37.32258],[95.51395,37.31182]],[[95.58736,37.28968],[95.58,37.29915],[95.57883,37.29994],[95.57012,37.30396],[95.56937,37.30431],[95.56782,37.30498],[95.56137,37.30544],[95.55185,37.30973],[95.55093,37.31096],[95.55163,37.31674]],[[95.57092,37.2934],[95.57076,37.29375]],[[97.33335,37.28063],[97.32546,37.28138]],[[97.32827,37.34344],[97.32833,37.34689],[97.32836,37.34803],[97.32837,37.34892],[97.32842,37.35097],[97.32842,37.35113],[97.32852,37.35455],[97.33211,37.35433],[97.33527,37.35412],[97.33523,37.35117],[97.33522,37.351],[97.33517,37.34885],[97.33516,37.34796],[97.33515,37.34681],[97.33509,37.34336],[97.33188,37.34377],[97.32827,37.34344],[97.32811,37.34341]],[[97.33509,37.34336],[97.33524,37.34333]],[[97.14484,37.36493],[97.14554,37.38182]],[[97.34949,37.4115],[97.34949,37.41119],[97.34949,37.40955],[97.34949,37.40892],[97.34949,37.40829]],[[97.34611,37.41151],[97.34613,37.40829]],[[97.35369,37.4115],[97.35369,37.41119],[97.35355,37.40956],[97.3537,37.4083]],[[97.35369,37.41119],[97.35235,37.41119],[97.34949,37.41119]],[[97.35235,37.4115],[97.35235,37.41119],[97.35235,37.40956],[97.35236,37.40829]],[[97.35141,37.40956],[97.35103,37.40986]],[[97.35065,37.40955],[97.34949,37.40955]],[[97.35103,37.40892],[97.34949,37.40892]],[[97.34815,37.40829],[97.34816,37.40737]],[[97.34682,37.40829],[97.34682,37.40737]],[[97.3517,37.40829],[97.3517,37.40737]],[[97.35438,37.4083],[97.35439,37.40737]],[[99.02474,37.29208],[99.02761,37.292],[99.02775,37.292],[99.02999,37.29208]],[[99.07908,36.76282],[99.07959,36.76293],[99.09194,36.76239],[99.10201,36.76188],[99.10797,36.76074],[99.11091,36.75969],[99.11337,36.75833]],[[98.25583,36.9872],[98.25299,36.98754],[98.25111,36.98776],[98.24899,36.98799]],[[98.49358,36.93713],[98.49369,36.93335],[98.49378,36.92901],[98.49407,36.9199]],[[99.01246,37.29868],[99.01386,37.29709],[99.01626,37.2954],[99.01803,37.29455]],[[99.10891,36.76625],[99.10811,36.76473],[99.10669,36.76334],[99.10446,36.76222],[99.10201,36.76188]],[[99.07904,36.76315],[99.07869,36.76312],[99.07864,36.7629]],[[99.07959,36.76293],[99.07904,36.76315]],[[99.08108,36.79696],[99.08362,36.7965],[99.08576,36.79612],[99.09016,36.79533],[99.09151,36.79509],[99.09474,36.79451],[99.09847,36.79385],[99.10196,36.79323]],[[98.05255,36.39441],[98.05134,36.39919],[98.05106,36.4003],[98.05031,36.40422]],[[99.10197,36.79329],[99.09849,36.79391],[99.09476,36.79458],[99.09153,36.79515],[99.09019,36.79539],[99.08703,36.79596],[99.08578,36.79618],[99.08365,36.79656],[99.0811,36.79702]],[[97.86296,36.02001],[97.86301,36.01985],[97.86305,36.01974],[97.86308,36.01963],[97.86543,36.01791],[97.8697,36.01583],[97.87089,36.01573]],[[97.85728,36.06473],[97.85817,36.06012],[97.85886,36.05656],[97.8609,36.04591],[97.86218,36.03868],[97.85612,36.02792],[97.85624,36.02723],[97.85738,36.02597],[97.85787,36.02481],[97.86085,36.02395],[97.86192,36.02281],[97.86296,36.02001]],[[99.08434,36.79892],[99.08404,36.79789],[99.08365,36.79656],[99.08362,36.7965]],[[99.08404,36.79789],[99.08738,36.79732],[99.09053,36.79678],[99.09019,36.79539],[99.09016,36.79533]],[[99.08769,36.79845],[99.08738,36.79732],[99.08703,36.79596]],[[99.08578,36.79618],[99.08576,36.79612],[99.08543,36.79494]],[[99.09086,36.798],[99.08769,36.79845],[99.08434,36.79892],[99.08172,36.7993]],[[90.37899,38.32614],[90.37796,38.32545],[90.37789,38.32535],[90.37125,38.31873],[90.36041,38.30693],[90.35029,38.29325],[90.34866,38.28652],[90.34485,38.28154],[90.32806,38.26817],[90.31852,38.26242]],[[90.80486,38.25705],[90.80922,38.25434],[90.81303,38.25195]]]},"properties":{"roadClass":"local","highway":"tertiary","name":"","ref":""}},
{"type":"Feature","geometry":{"type":"LineString","coordinates":[[92.4427,34.21799],[92.44426,34.22058]]},"properties":{"roadClass":"national","highway":"trunk","name":"沱沱河大桥","ref":"G109"}},
{"type":"Feature","geometry":{"type":"MultiLineString","coordinates":[[[91.55355,33.99693],[91.55433,33.99701],[91.55441,33.9899]],[[91.55393,33.99885],[91.55433,33.99701]],[[92.43574,34.21472],[92.43568,34.2145],[92.43562,34.21427],[92.43556,34.21403],[92.4355,34.21381],[92.4348,34.21394],[92.43405,34.21407],[92.43334,34.2142],[92.43262,34.21432],[92.43268,34.21454],[92.43274,34.21478],[92.43279,34.21501],[92.43285,34.21522]],[[92.43447,34.21567],[92.43429,34.215],[92.43503,34.21488],[92.43497,34.21463],[92.43423,34.21475],[92.43417,34.21452],[92.43346,34.21464],[92.43352,34.21488],[92.43279,34.21501]],[[91.55646,33.99724],[91.55625,33.9983]],[[97.70392,35.9453],[97.70529,35.94987],[97.70778,35.9535],[97.70918,35.96085],[97.70947,35.96405],[97.70907,35.9655],[97.7099,35.96939],[97.70947,35.97651],[97.70995,35.97976],[97.7113,35.98219],[97.7124,35.98274],[97.7128,35.98329],[97.71302,35.98452],[97.71419,35.98634],[97.71567,35.98793],[97.71852,35.99014],[97.71863,35.99235],[97.72021,35.99448],[97.72034,35.99685],[97.72262,35.99956],[97.72813,36.00478],[97.7275,36.00596],[97.71814,36.0126],[97.71733,36.01815]],[[97.90881,35.95417],[97.90907,35.95443],[97.90914,35.9545],[97.91027,35.95549],[97.90989,35.95595],[97.91176,35.95517]],[[97.95485,35.92665],[97.95625,35.92564],[97.95491,35.92418]],[[98.00479,35.91024],[98.00436,35.90961]],[[97.90948,35.95612],[97.90989,35.95595]],[[97.91161,35.95397],[97.91027,35.95549]],[[97.96028,35.9249],[97.95925,35.92589],[97.95736,35.92669],[97.95625,35.92564]],[[97.86148,35.99051],[97.85863,35.98966],[97.85833,35.99042]],[[97.86141,35.98443],[97.86088,35.98567],[97.86051,35.98556],[97.85845,35.98961],[97.85675,35.9891],[97.85858,35.98502],[97.85818,35.98491],[97.85863,35.98358]],[[97.85293,35.99202],[97.85178,35.99149],[97.8515,35.9918],[97.85112,35.99151],[97.8517,35.99084]],[[97.86149,35.98725],[97.86245,35.98611],[97.86088,35.98567]],[[97.85263,35.99298],[97.85227,35.99384],[97.85213,35.99418],[97.85201,35.99446],[97.85184,35.99485]],[[97.85701,35.98188],[97.85908,35.98246]],[[97.85108,35.99396],[97.852,35.99415],[97.85067,35.99492],[97.84992,35.99338],[97.84417,35.99085]],[[97.86037,35.98308],[97.85966,35.98533],[97.85858,35.98502]],[[97.84842,35.99438],[97.84992,35.99338],[97.85227,35.99384],[97.85418,35.99423],[97.85872,35.99617]],[[97.86189,35.98825],[97.86333,35.98636],[97.86245,35.98611]],[[97.8568,35.98451],[97.85818,35.98491],[97.85547,35.98764],[97.85499,35.98852],[97.85178,35.99149]],[[97.8639,35.98653],[97.86333,35.98636]],[[97.88637,35.98748],[97.8838,35.98754],[97.88117,35.9876]],[[97.88247,35.99396],[97.88407,35.99397],[97.88664,35.99392],[97.8888,35.9939],[97.88961,35.99389],[97.89053,35.99389],[97.89395,35.99384],[97.89397,35.98908]],[[97.88667,36.00276],[97.88665,36.00057],[97.88659,35.99705]],[[97.88982,35.9988],[97.88997,35.99843],[97.89009,35.99698],[97.89028,35.99539],[97.89053,35.99389],[97.89132,35.98912]],[[97.89518,35.98907],[97.89451,35.99511],[97.89028,35.99539],[97.88881,35.99547],[97.88877,35.998]],[[97.89101,35.99693],[97.89009,35.99698]],[[97.89096,35.99847],[97.88997,35.99843]],[[97.88945,35.99238],[97.88961,35.99389]],[[97.88607,35.99178],[97.88396,35.99183],[97.88202,35.99194]],[[97.89225,35.99763],[97.89165,35.99968]],[[97.88309,35.97597],[97.88341,35.97681],[97.8825,35.97832],[97.88086,35.97924],[97.88025,35.97911]],[[97.8826,35.97877],[97.88285,35.97858],[97.88323,35.97829]],[[97.88196,35.97765],[97.8825,35.97832],[97.88285,35.97858]],[[97.88649,35.97342],[97.88505,35.9743],[97.88466,35.97461],[97.88434,35.97435]],[[97.88546,35.97512],[97.88505,35.9743]],[[94.88313,36.39528],[94.8859,36.39476],[94.88975,36.39406]],[[94.89455,36.38858],[94.89653,36.38811],[94.89982,36.38729]],[[94.89664,36.39065],[94.89664,36.39057],[94.89653,36.38811],[94.89646,36.38711]],[[94.89458,36.39559],[94.89086,36.39566],[94.88978,36.39568]],[[94.31183,37.30317],[94.31106,37.3007]],[[95.08245,36.4108],[95.07896,36.41082],[95.07575,36.41145],[95.07352,36.41094],[95.06828,36.41114],[95.06768,36.41115],[95.06765,36.40946],[95.06821,36.40946],[95.06819,36.40884],[95.06929,36.40882],[95.06932,36.40947],[95.06821,36.40946],[95.06828,36.41114]],[[95.06933,36.40992],[95.06932,36.40947]],[[94.89833,36.39793],[94.89823,36.39553],[94.89813,36.39301]],[[94.90191,36.39547],[94.89823,36.39553]],[[94.92468,36.38886],[94.92241,36.38889],[94.92239,36.38786],[94.91971,36.38806],[94.91965,36.38609],[94.92238,36.38606],[94.9233,36.38605],[94.92496,36.38602],[94.92516,36.38602],[94.9274,36.38599],[94.92959,36.38597]],[[94.91737,36.39482],[94.92142,36.39473],[94.92518,36.39469]],[[94.9174,36.3959],[94.92141,36.39583],[94.92518,36.3958]],[[94.91974,36.39022],[94.91973,36.38943],[94.92242,36.38939],[94.92241,36.38889]],[[94.92101,36.39759],[94.9214,36.39732],[94.92141,36.39583],[94.92142,36.39473],[94.92136,36.39263],[94.9213,36.39028],[94.92129,36.39017]],[[94.91729,36.40066],[94.91752,36.40066],[94.92321,36.40037],[94.92529,36.40025],[94.92551,36.40025],[94.93024,36.4],[94.93279,36.39987],[94.93295,36.39986],[94.93533,36.39978],[94.94203,36.39949]],[[94.89742,36.39801],[94.8975,36.40164],[94.90203,36.40158]],[[94.91698,36.41431],[94.91452,36.41428],[94.91143,36.41425],[94.90944,36.41421]],[[94.91776,36.41084],[94.91754,36.41084],[94.91643,36.41086],[94.91454,36.4109],[94.91176,36.41094],[94.91136,36.41095],[94.90934,36.41099],[94.90919,36.411]],[[94.91323,36.39769],[94.91316,36.39644],[94.91315,36.39519],[94.91308,36.39277]],[[94.91523,36.44493],[94.91288,36.44372],[94.9128,36.44285],[94.91143,36.44159],[94.91038,36.44125],[94.9094,36.44042],[94.90866,36.43931],[94.90722,36.43825],[94.90649,36.43673],[94.90623,36.43285],[94.90706,36.4318],[94.90608,36.4294],[94.90555,36.42764],[94.90693,36.42715],[94.90669,36.42605],[94.90761,36.42465]],[[94.90578,36.4069],[94.90582,36.40566],[94.90644,36.40549],[94.90642,36.40382]],[[94.91452,36.41455],[94.91452,36.41428],[94.91453,36.4134],[94.91456,36.41232],[94.91457,36.4116],[94.91454,36.4109],[94.91448,36.40865],[94.91448,36.40771],[94.9145,36.40681]],[[94.9097,36.4239],[94.91241,36.42375]],[[94.90567,36.41534],[94.9024,36.41542]],[[94.8948,36.40518],[94.89494,36.40518],[94.90205,36.405]],[[94.90643,36.40689],[94.90644,36.40569],[94.90847,36.4052],[94.90906,36.40514]],[[94.88427,36.42087],[94.88381,36.41914],[94.8833,36.41723]],[[94.90615,36.40387],[94.90582,36.40234],[94.90553,36.40134]],[[94.91143,36.41452],[94.91143,36.41425],[94.91141,36.41325],[94.91266,36.41331],[94.91274,36.41194],[94.91138,36.41196],[94.91136,36.41095]],[[94.88831,36.41836],[94.88381,36.41914]],[[94.89486,36.40169],[94.8975,36.40164]],[[94.90905,36.40388],[94.9092,36.40386],[94.91165,36.40383],[94.91362,36.40381],[94.91547,36.40378],[94.91737,36.40373],[94.91761,36.40373],[94.9235,36.40401],[94.92539,36.40398],[94.92562,36.40398]],[[94.91344,36.39768],[94.91344,36.39778],[94.91362,36.40381]],[[94.909,36.40182],[94.90582,36.40234]],[[94.91763,36.41471],[94.91594,36.41483],[94.91352,36.41482],[94.9116,36.41478],[94.90945,36.41474],[94.90933,36.41474],[94.90571,36.41475],[94.90232,36.4141],[94.89586,36.41307],[94.89386,36.41368],[94.88838,36.41566],[94.88802,36.41559]],[[94.9093,36.41597],[94.90565,36.41585]],[[94.90775,36.41451],[94.90783,36.413],[94.90785,36.41256],[94.90751,36.41236]],[[94.90956,36.42391],[94.90922,36.42394],[94.90762,36.42416]],[[94.93121,36.47016],[94.93118,36.47022],[94.90943,36.47449],[94.89756,36.47759],[94.89459,36.47756],[94.89512,36.47441],[94.8965,36.4708],[94.89644,36.46533],[94.897,36.46493],[94.90021,36.4635],[94.90321,36.46222],[94.9048,36.46107],[94.90634,36.4594],[94.91042,36.45548]],[[94.88851,36.41781],[94.8881,36.41641],[94.88838,36.41566]],[[94.90925,36.41305],[94.90783,36.413]],[[94.91241,36.42612],[94.91774,36.4266]],[[94.88942,36.39915],[94.88953,36.39943],[94.88984,36.40194],[94.89472,36.40184],[94.89486,36.40183]],[[94.91757,36.4123],[94.91649,36.41231],[94.91647,36.41159],[94.91457,36.4116],[94.91371,36.41167],[94.91348,36.41193],[94.91347,36.41334],[94.91453,36.4134]],[[94.89381,36.39848],[94.88953,36.39943],[94.88621,36.40012],[94.88482,36.40038]],[[94.90926,36.42818],[94.90922,36.42394]],[[94.88717,36.43705],[94.87842,36.4337],[94.87861,36.4312],[94.87933,36.42831],[94.87908,36.42762],[94.87966,36.42652],[94.87469,36.42501],[94.8743,36.42583],[94.87398,36.42653],[94.87485,36.42799],[94.87432,36.43122]],[[94.91073,36.3965],[94.91152,36.39648],[94.91316,36.39644],[94.91573,36.39639],[94.91598,36.39638]],[[94.91141,36.39403],[94.91146,36.39524],[94.91315,36.39519],[94.91569,36.39517],[94.91573,36.39639],[94.91574,36.39672]],[[94.90188,36.39465],[94.90549,36.39466],[94.90551,36.39479],[94.90557,36.39621]],[[94.91752,36.39513],[94.91738,36.39514],[94.91717,36.39514],[94.91569,36.39517]],[[94.90509,36.39054],[94.90512,36.39289]],[[94.93105,36.38383],[94.92508,36.3839],[94.92489,36.38382],[94.92325,36.38386],[94.91961,36.38391],[94.91962,36.3846],[94.91965,36.38609]],[[94.84589,36.36445],[94.84833,36.36258],[94.8516,36.36064],[94.85335,36.36265],[94.85041,36.36433]],[[94.85271,36.35888],[94.84858,36.36115]],[[94.85507,36.36171],[94.85335,36.36265]],[[94.85337,36.35967],[94.8516,36.36064]],[[94.84784,36.36611],[94.85032,36.36426]],[[94.92747,36.3896],[94.92744,36.38778],[94.9252,36.38781],[94.925,36.38782],[94.92239,36.38786],[94.92238,36.38606],[94.92236,36.38457],[94.91962,36.3846]],[[94.9177,36.40857],[94.91904,36.40856],[94.91913,36.41231],[94.9178,36.41231]],[[94.91721,36.38821],[94.91971,36.38806],[94.91973,36.38943]],[[94.88544,36.39084],[94.88549,36.39324],[94.8859,36.39476]],[[94.95423,36.38632],[94.94979,36.38633],[94.94917,36.38582],[94.94841,36.38633],[94.94705,36.38632],[94.94548,36.38633],[94.94502,36.38446]],[[94.94067,36.38503],[94.94072,36.38511],[94.94194,36.38673],[94.94187,36.38781],[94.94185,36.38787]],[[94.8908,36.3931],[94.89086,36.39566]],[[94.8946,36.44952],[94.89492,36.45058],[94.89451,36.45077],[94.895,36.45163],[94.89582,36.45188],[94.89819,36.45136],[94.89784,36.45123],[94.89771,36.45025],[94.89801,36.44985]],[[94.87728,36.41938],[94.87469,36.42501]],[[94.88335,36.42744],[94.8828,36.4275],[94.87966,36.42652]],[[94.9491,36.38301],[94.94912,36.38384],[94.94912,36.38394],[94.94917,36.38582]],[[94.90931,36.40948],[94.91021,36.40949],[94.91171,36.40945],[94.91176,36.41094]],[[94.84637,36.36093],[94.84393,36.36276]],[[94.93079,36.46972],[94.93086,36.46971],[94.935,36.46922],[94.93712,36.46807],[94.93793,36.46811],[94.93825,36.4676],[94.93803,36.46502],[94.93848,36.46191],[94.93689,36.4589],[94.93691,36.45794],[94.93587,36.45545],[94.93614,36.45522],[94.93563,36.4545],[94.93413,36.45347],[94.93403,36.45428],[94.93302,36.455],[94.93417,36.4572]],[[94.9204,36.41233],[94.91913,36.41231]],[[95.00496,36.39619],[95.00369,36.39347]],[[94.90564,36.39781],[94.90558,36.3965]],[[94.81252,36.43672],[94.80815,36.43647],[94.80665,36.43698],[94.80557,36.4378],[94.80557,36.43871],[94.80483,36.44003],[94.80349,36.44018],[94.80186,36.44086],[94.79869,36.44138],[94.79669,36.43402],[94.79682,36.43101]],[[94.93593,36.38744],[94.93368,36.38413],[94.93368,36.37858]],[[94.82021,36.42962],[94.81925,36.43498],[94.81917,36.43986],[94.81859,36.44057],[94.81531,36.44058],[94.81254,36.44059],[94.81152,36.44069],[94.81254,36.44106],[94.81531,36.44058]],[[94.91796,36.41896],[94.91999,36.41893],[94.92216,36.41889]],[[94.91808,36.46857],[94.91868,36.46777],[94.91967,36.46646],[94.92229,36.46297]],[[94.90339,36.45082],[94.90333,36.45088],[94.90298,36.45128],[94.90346,36.45234],[94.90263,36.45251],[94.90161,36.45573],[94.90302,36.45615],[94.90377,36.45671],[94.90196,36.45971],[94.9023,36.46032],[94.90059,36.46249],[94.90021,36.4635]],[[94.90064,36.45674],[94.90161,36.45573]],[[94.92828,36.44719],[94.9273,36.44791],[94.92749,36.44839],[94.92642,36.44916],[94.92619,36.45045],[94.92755,36.45138],[94.92923,36.45097],[94.93119,36.4522],[94.93413,36.45347]],[[93.15996,36.90841],[93.15979,36.90867]],[[93.15997,36.9103],[93.16098,36.90998],[93.1612,36.90991],[93.16193,36.90922],[93.16209,36.90887],[93.16244,36.90801]],[[94.60376,36.38759],[94.6035,36.39065],[94.60349,36.39073],[94.60515,36.39083],[94.60503,36.39247]],[[94.60696,36.39125],[94.60698,36.39093],[94.60698,36.39086],[94.6072,36.38772]],[[94.61069,36.39115],[94.60698,36.39093],[94.60515,36.39083],[94.60515,36.39075],[94.60531,36.38859]],[[94.61069,36.39108],[94.60698,36.39086],[94.60515,36.39075],[94.6035,36.39065]],[[94.52728,36.39814],[94.5292,36.39814],[94.52922,36.39759],[94.52979,36.39511]],[[94.5273,36.3976],[94.52922,36.39759]],[[94.45896,36.41258],[94.45791,36.41015],[94.45754,36.40869],[94.45879,36.40832],[94.46225,36.40729]],[[93.67664,36.79811],[93.67538,36.79529],[93.67431,36.7942],[93.67491,36.79375]],[[93.67253,36.79131],[93.67195,36.79174],[93.67141,36.79213],[93.67071,36.79233]],[[93.67385,36.79481],[93.6736,36.79446],[93.67431,36.7942],[93.67195,36.79174]],[[93.67191,36.79262],[93.67141,36.79213],[93.67057,36.79136],[93.67187,36.79062],[93.67208,36.79053],[93.67165,36.79008],[93.6724,36.78965],[93.67293,36.7904],[93.67427,36.79018],[93.6732,36.78917],[93.67115,36.78955],[93.67165,36.79008]],[[93.67321,36.78781],[93.67304,36.78822],[93.67428,36.78898],[93.6732,36.78917]],[[93.64775,36.80709],[93.64946,36.80607],[93.64893,36.80535],[93.64911,36.80517],[93.65038,36.80465],[93.65016,36.80428],[93.65077,36.80351],[93.65085,36.80231],[93.65424,36.80065],[93.66359,36.79534],[93.66451,36.797],[93.66602,36.79722],[93.66634,36.79822],[93.66829,36.80046]],[[93.67675,36.78849],[93.6768,36.78853],[93.67773,36.78963],[93.68051,36.79258]],[[93.6709,36.7896],[93.67115,36.78955]],[[93.66527,36.79507],[93.66462,36.79476],[93.67057,36.79136]],[[94.83989,36.40172],[94.84705,36.39871]],[[94.84505,36.40967],[94.84908,36.40826],[94.85256,36.40721],[94.85624,36.40608],[94.8579,36.40557],[94.86146,36.40448],[94.86631,36.403],[94.86784,36.40258],[94.86837,36.40244],[94.86889,36.40242]],[[94.84515,36.40986],[94.8494,36.40874],[94.85287,36.4077],[94.85658,36.40658],[94.85818,36.4061],[94.86174,36.40503],[94.86656,36.40354],[94.86812,36.40306],[94.86863,36.40291],[94.86904,36.40267]],[[94.86634,36.40624],[94.86803,36.40846]],[[94.77178,36.42884],[94.77189,36.43222],[94.77253,36.43349],[94.77253,36.43478],[94.77255,36.43776]],[[94.8697,36.36798],[94.87217,36.37781]],[[94.86607,36.36794],[94.86646,36.36945],[94.86787,36.37493],[94.86311,36.37513]],[[94.85743,36.37029],[94.85816,36.36974],[94.86011,36.3694],[94.86646,36.36945]],[[94.87452,36.42247],[94.8734,36.42511],[94.87356,36.4255],[94.8743,36.42583]],[[94.87831,36.43951],[94.87848,36.43622],[94.87302,36.43449]],[[94.92972,36.46838],[94.92653,36.47032],[94.92542,36.46948],[94.92387,36.46601],[94.92533,36.46474]],[[94.92096,36.469],[94.92214,36.46777],[94.91967,36.46646]],[[94.91803,36.46426],[94.91979,36.4616]],[[94.91445,36.46966],[94.91481,36.46917],[94.91401,36.46832],[94.91521,36.46733],[94.91591,36.46582],[94.91868,36.46777]],[[94.91841,36.46068],[94.91758,36.46246],[94.91696,36.4626],[94.91459,36.46301],[94.91392,36.46274],[94.91066,36.46023],[94.90922,36.46124],[94.90634,36.4594]],[[94.91362,36.45754],[94.91066,36.46023]],[[94.86631,36.39398],[94.86551,36.39413],[94.86519,36.3942]],[[94.91595,36.41645],[94.91767,36.41647]],[[94.9205,36.41553],[94.92,36.41657],[94.91999,36.41893]],[[94.90429,36.41423],[94.90529,36.41109],[94.90742,36.41058],[94.90796,36.4092],[94.90915,36.40918]],[[94.93589,36.39693],[94.95384,36.39799]],[[94.94165,36.41282],[94.93643,36.41216],[94.93564,36.41151],[94.93533,36.39978]],[[94.88614,36.39986],[94.88621,36.40012],[94.88659,36.40145]],[[94.93018,36.38897],[94.93018,36.38905],[94.93021,36.39748],[94.93022,36.39754],[94.93024,36.4]],[[94.94746,36.38027],[94.94761,36.38157]],[[94.9534,36.37986],[94.95356,36.38172],[94.95095,36.38191]],[[93.67896,36.79797],[93.67846,36.79743]],[[93.67728,36.79613],[93.67909,36.79598]],[[94.90436,36.40406],[94.90443,36.4031],[94.90443,36.40291]],[[94.90377,36.40316],[94.90443,36.4031],[94.90514,36.40301]],[[94.90543,36.39288],[94.90549,36.39466],[94.90718,36.39463],[94.90719,36.39532],[94.9089,36.39529],[94.91146,36.39524],[94.91152,36.39648]],[[94.92309,36.46341],[94.92315,36.46335],[94.92704,36.45844],[94.92772,36.45847],[94.92769,36.45714],[94.92811,36.45662],[94.9281,36.45653],[94.92439,36.45378],[94.92397,36.45301],[94.92396,36.45261],[94.92619,36.45045]],[[94.46505,36.41097],[94.46493,36.41032],[94.4637,36.40992]],[[94.45742,36.40034],[94.45879,36.40026]],[[94.90326,36.43002],[94.90608,36.4294]],[[94.9124,36.44456],[94.91288,36.44372]],[[94.90455,36.38511],[94.9038,36.38321]],[[94.91899,36.38256],[94.91934,36.38337],[94.91723,36.38396]],[[94.92166,36.42104],[94.91801,36.42105]],[[94.99823,36.39045],[95.00136,36.39032],[95.00146,36.39184],[95.00149,36.39249],[94.99833,36.39258]],[[94.9983,36.39192],[95.00146,36.39184]],[[95.01281,36.39548],[95.01171,36.39589],[95.01169,36.39692],[95.0111,36.39724]],[[95.02589,36.40499],[95.02653,36.40159]],[[95.03731,36.40634],[95.03738,36.40763]],[[95.06591,36.40399],[95.06603,36.40058]],[[94.77091,36.43737],[94.77085,36.43796],[94.7708,36.43826]],[[94.76933,36.43799],[94.77085,36.43796]],[[94.77033,36.43716],[94.77003,36.4377]],[[94.7723,36.43937],[94.77232,36.43772]],[[94.77209,36.43713],[94.77208,36.43766]],[[94.76993,36.43691],[94.76998,36.43635],[94.7715,36.43601],[94.77206,36.43486],[94.77253,36.43478]],[[94.77525,36.44099],[94.77526,36.43774]],[[94.77657,36.44104],[94.77694,36.4388],[94.77656,36.43777]],[[94.79806,36.44767],[94.79736,36.44498],[94.79868,36.44469],[94.79869,36.44138]],[[94.78067,36.4413],[94.78039,36.43835]],[[94.78272,36.43865],[94.78273,36.43934],[94.78278,36.43966],[94.78367,36.43966],[94.78366,36.43931],[94.78273,36.43934]],[[94.78359,36.43859],[94.78366,36.43931],[94.78454,36.43931],[94.78484,36.43901],[94.78472,36.43857]],[[94.78222,36.4412],[94.78373,36.44055],[94.78367,36.43966]],[[97.38721,37.3514],[97.38763,37.35452],[97.38992,37.35442]],[[97.37843,37.35609],[97.37956,37.35629],[97.37996,37.35624],[97.38038,37.35619],[97.38077,37.35616],[97.38132,37.35612],[97.38192,37.35608],[97.38223,37.35607],[97.38413,37.35605]],[[97.38086,37.3572],[97.38077,37.35616]],[[97.38046,37.35731],[97.38038,37.35619]],[[97.37071,37.37004],[97.3724,37.37006],[97.3724,37.37165],[97.37069,37.37165]],[[97.37622,37.36964],[97.37608,37.36964],[97.37453,37.36964],[97.37449,37.37165],[97.3724,37.37165],[97.37246,37.37351]],[[97.38229,37.35702],[97.38223,37.35607]],[[97.3762,37.37165],[97.37604,37.37165],[97.37449,37.37165],[97.37448,37.37338]],[[97.37961,37.35757],[97.37956,37.35629]],[[97.37452,37.36823],[97.37453,37.36964]],[[97.38139,37.35717],[97.38132,37.35612]],[[97.38197,37.37109],[97.38195,37.36824],[97.3823,37.36723],[97.37802,37.36551],[97.37634,37.36549],[97.37626,37.36548],[97.37611,37.36548],[97.37461,37.36547],[97.37349,37.36632],[97.37343,37.36822]],[[97.38198,37.35683],[97.38192,37.35608]],[[97.37242,37.36822],[97.3724,37.37006]],[[97.38006,37.35753],[97.37996,37.35624]],[[95.3067,36.81268],[95.30693,36.81133],[95.30578,36.81045],[95.30285,36.80535],[95.30659,36.79942],[95.30659,36.79871],[95.30949,36.79923],[95.30904,36.81735],[95.31294,36.82425],[95.31337,36.82539],[95.31308,36.8259],[95.31273,36.82622],[95.31239,36.8265],[95.31229,36.82659],[95.31132,36.82744],[95.31117,36.82756],[95.31101,36.82807],[95.31132,36.82856]],[[97.45346,37.2217],[97.44981,37.23579]],[[95.56417,37.2953],[95.56956,37.30379],[95.56937,37.30431]],[[95.57012,37.30396],[95.56956,37.30379]],[[95.35411,37.85038],[95.35571,37.85153],[95.35747,37.84997],[95.35587,37.84887]],[[95.3555,37.85477],[95.35769,37.85635],[95.35649,37.85739],[95.35757,37.85821],[95.35745,37.85831],[95.35677,37.8591],[95.35699,37.85911],[95.35728,37.85909],[95.35758,37.85903],[95.3581,37.85883],[95.35839,37.85864],[95.35891,37.85813],[95.3583,37.85764],[95.35769,37.85811],[95.35757,37.85821]],[[95.35599,37.85434],[95.35408,37.85297],[95.35508,37.8521],[95.35516,37.85203],[95.35571,37.85153]],[[95.35767,37.85287],[95.35991,37.85451],[95.35769,37.85635]],[[95.35413,37.85944],[95.35533,37.8584],[95.35649,37.85739]],[[95.37128,37.84486],[95.36852,37.84722],[95.37025,37.84851]],[[95.36719,37.84131],[95.3671,37.84139],[95.36282,37.84524],[95.36173,37.8462],[95.36081,37.84701],[95.36009,37.84764],[95.35835,37.84919],[95.35747,37.84997]],[[95.34826,37.85809],[95.3512,37.85554],[95.35296,37.85396],[95.35134,37.85279]],[[97.19897,37.30792],[97.19802,37.30705]],[[97.35289,37.36462],[97.35164,37.36507]],[[96.97686,36.26829],[96.97682,36.26719],[96.97662,36.26665],[96.97443,36.26675],[96.96468,36.26717],[96.96423,36.26591]],[[96.95689,36.2694],[96.95752,36.26906],[96.95738,36.26752],[96.95457,36.26764],[96.95448,36.26764],[96.95478,36.27001],[96.95545,36.27003]],[[96.96106,36.26853],[96.96173,36.26817],[96.96328,36.26798]],[[96.95246,36.27079],[96.9531,36.27047],[96.95234,36.26862],[96.95247,36.26763],[96.95157,36.26764]],[[96.95755,36.26633],[96.95776,36.2675],[96.95738,36.26752]],[[96.9799,36.267],[96.97883,36.26704],[96.97922,36.26759]],[[96.98519,36.26735],[96.98594,36.26713],[96.986,36.2668],[96.98445,36.26682]],[[96.96436,36.26806],[96.96496,36.26795],[96.9646,36.26717],[96.9613,36.26734],[96.96173,36.26817]],[[96.98849,36.26659],[96.98752,36.26664],[96.98752,36.26616],[96.98694,36.26618],[96.98697,36.26671],[96.986,36.2668]],[[95.71069,36.44347],[95.71203,36.4434],[95.74677,36.44355],[95.74694,36.44355],[95.7512,36.44358],[95.75234,36.44359],[95.75347,36.44359],[95.75364,36.44359],[95.75811,36.44362],[95.76006,36.44363],[95.76694,36.44367],[95.767,36.44367],[95.76678,36.44919],[95.76767,36.44999],[95.76752,36.45351],[95.76831,36.45359]],[[97.36773,37.38449],[97.36777,37.38645],[97.36811,37.38674]],[[97.36975,37.37948],[97.37057,37.38001],[97.37167,37.38219]],[[97.36779,37.37091],[97.37071,37.37093]],[[96.72933,37.34912],[96.72992,37.34615],[96.72995,37.34599]],[[96.73051,37.34607],[96.73048,37.34623],[96.72989,37.34919]],[[96.72765,37.34893],[96.72825,37.34594],[96.72829,37.34576]],[[96.73301,37.34367],[96.73332,37.34646]],[[96.72819,37.34899],[96.72881,37.34601],[96.72884,37.34583]],[[96.72942,37.34591],[96.72939,37.34608],[96.72875,37.34906]],[[96.72775,37.34568],[96.72772,37.34587],[96.72711,37.34882]],[[96.73042,37.34926],[96.73105,37.3463],[96.73108,37.34614]],[[96.45535,36.43861],[96.45623,36.43853],[96.45698,36.43845]],[[96.45509,36.43377],[96.45487,36.43279],[96.45418,36.4329],[96.45398,36.43239],[96.45327,36.4325],[96.45317,36.43207]],[[96.43307,36.4355],[96.4334,36.43827]],[[96.45244,36.43862],[96.45469,36.43851]],[[96.45359,36.43391],[96.45327,36.4325]],[[96.4547,36.43893],[96.45627,36.43884],[96.457,36.43875]],[[96.45693,36.43359],[96.4567,36.43253],[96.45655,36.43181],[96.45607,36.42964]],[[96.45476,36.43802],[96.45214,36.43814]],[[96.4539,36.43298],[96.45418,36.4329],[96.45447,36.43383]],[[96.4575,36.43243],[96.4567,36.43253],[96.45487,36.43279],[96.45474,36.43218],[96.45395,36.43231],[96.45352,36.43177]],[[96.45631,36.4394],[96.45627,36.43884],[96.45623,36.43853],[96.45603,36.43707],[96.45484,36.43714]],[[96.45738,36.43173],[96.45655,36.43181],[96.45474,36.43218]],[[96.95569,36.2621],[96.95271,36.26269]],[[95.55345,37.32307],[95.55244,37.32315],[95.5508,37.32328],[95.55064,37.32204],[95.55033,37.31966],[95.55198,37.31952],[95.55486,37.31928],[95.55781,37.31902],[95.55931,37.31832],[95.55686,37.31491]],[[95.55282,37.32707],[95.55538,37.32346],[95.55515,37.32165],[95.55486,37.31928],[95.55429,37.31613]],[[97.26685,37.33924],[97.26111,37.34038],[97.25932,37.33715],[97.25842,37.33396],[97.25841,37.33383]],[[97.33745,37.40748],[97.34088,37.39908],[97.3432,37.3868],[97.34354,37.38194],[97.34356,37.37938]],[[97.3494,37.37077],[97.34937,37.3666]],[[97.34839,37.39095],[97.35268,37.38398],[97.35365,37.38443],[97.35353,37.38494],[97.35594,37.3862],[97.35808,37.38605]],[[97.09898,37.34319],[97.101,37.34303],[97.10108,37.34262],[97.10577,37.34297],[97.10614,37.34253],[97.10737,37.34262]],[[97.09461,37.32979],[97.08985,37.33257]],[[97.0944,37.33754],[97.09623,37.33932],[97.09629,37.33939],[97.09776,37.34054]],[[97.17794,37.29085],[97.17688,37.29098],[97.17216,37.29583],[97.16185,37.3022]],[[97.23469,37.32059],[97.23529,37.32209],[97.2366,37.32177],[97.23885,37.3244],[97.23893,37.32506]],[[97.24634,37.32431],[97.24624,37.32369],[97.24617,37.32328],[97.2461,37.32287],[97.24604,37.32245],[97.24597,37.32205],[97.2459,37.32163],[97.24583,37.3212],[97.24577,37.32077],[97.24498,37.32084],[97.24505,37.32127],[97.24441,37.32134],[97.24448,37.32176],[97.24384,37.32182],[97.24377,37.3214],[97.24309,37.32147],[97.24317,37.32188],[97.24384,37.32182],[97.24391,37.32225],[97.24397,37.32264],[97.24404,37.32306],[97.24411,37.32347],[97.24418,37.32389],[97.24428,37.32452]],[[97.49997,36.02188],[97.50229,36.02138],[97.50272,36.02253],[97.50093,36.02299]],[[97.50323,36.024],[97.50272,36.02253],[97.50449,36.02214]],[[97.50161,36.01948],[97.50229,36.02138]],[[97.35272,37.35736],[97.35286,37.36265],[97.35286,37.36397],[97.35052,37.36396]],[[97.34621,37.36232],[97.34641,37.35711]],[[97.36172,37.36664],[97.36177,37.36505],[97.36182,37.36446],[97.36194,37.36255]],[[97.36132,37.36664],[97.36135,37.36871]],[[97.36301,37.36453],[97.36182,37.36446]],[[97.35824,37.36511],[97.36177,37.36505]],[[97.36303,37.38034],[97.36289,37.38129]],[[97.3796,37.3514],[97.37961,37.35113],[97.37962,37.34918],[97.37962,37.34824],[97.3863,37.34833]],[[97.38436,37.35384],[97.38456,37.35482],[97.38763,37.35452]],[[97.42948,37.21858],[97.42986,37.22094]],[[97.42135,37.21994],[97.42133,37.2207],[97.42133,37.22175]],[[97.4218,37.2176],[97.42154,37.2207],[97.42582,37.22079],[97.42581,37.2205]],[[97.42566,37.225],[97.42574,37.22283],[97.42473,37.22282],[97.42346,37.22197],[97.42347,37.22081]],[[97.42057,37.21753],[97.42052,37.21901],[97.42008,37.21901],[97.42011,37.22072],[97.42007,37.22207]],[[97.42372,37.22449],[97.42346,37.22197]],[[97.42674,37.22081],[97.42582,37.22079],[97.42574,37.22283]],[[97.20513,37.29091],[97.20511,37.29012],[97.20259,37.29026],[97.20283,37.29478],[97.20209,37.29495],[97.19867,37.29579]],[[97.20196,37.29029],[97.20259,37.29026]],[[97.26278,37.34384],[97.26241,37.34287],[97.26238,37.3428],[97.26111,37.34038]],[[97.3407,37.34524],[97.34328,37.34522],[97.35004,37.34515]],[[97.34946,37.34141],[97.34064,37.34148]],[[97.34943,37.33147],[97.34073,37.33155]],[[97.34941,37.32424],[97.34373,37.32423]],[[97.32637,37.36138],[97.32851,37.36108],[97.3287,37.36103],[97.33232,37.3605],[97.33537,37.35999],[97.33555,37.35996],[97.34025,37.35927]],[[95.34179,37.86111],[95.34537,37.86368],[95.35069,37.86746],[95.35259,37.86622]],[[95.35041,37.86765],[95.35069,37.86746]],[[97.32499,37.32852],[97.32505,37.33179],[97.32235,37.33181]],[[97.34048,37.33161],[97.33697,37.33165],[97.33703,37.3344]],[[97.33692,37.3284],[97.33697,37.33165],[97.33528,37.33167],[97.33512,37.33167],[97.33276,37.3317],[97.33281,37.33479]],[[97.32623,37.3505],[97.3262,37.34895],[97.32616,37.34691],[97.32613,37.34538],[97.32609,37.34308]],[[97.32354,37.34544],[97.32392,37.34542],[97.32613,37.34538]],[[97.32837,37.34892],[97.3282,37.34892],[97.3262,37.34895],[97.3243,37.34897],[97.32392,37.34899]],[[97.33517,37.34885],[97.33539,37.34885],[97.33737,37.34882],[97.33848,37.34881],[97.3403,37.34878]],[[97.33739,37.35053],[97.33737,37.34882],[97.33733,37.34679],[97.3373,37.34526],[97.33724,37.34295]],[[97.33838,37.34278],[97.33842,37.34525],[97.33845,37.34678],[97.33848,37.34881],[97.33852,37.35056]],[[97.34036,37.34522],[97.33842,37.34525],[97.3373,37.34526]],[[97.33269,37.32844],[97.33276,37.3317],[97.3302,37.33173],[97.33014,37.32847]],[[97.33024,37.33482],[97.3302,37.33173],[97.32782,37.33175],[97.32767,37.33176],[97.32505,37.33179]],[[97.34357,37.37873],[97.34424,37.37075],[97.34456,37.36662]],[[97.33018,37.34687],[97.33021,37.34799],[97.33127,37.34799],[97.33129,37.34874],[97.3311,37.34874],[97.33111,37.35054],[97.33248,37.35052],[97.33245,37.34873],[97.33225,37.34873],[97.33224,37.34797],[97.3333,37.34796],[97.33328,37.34683]],[[97.33516,37.34796],[97.33454,37.34796],[97.3333,37.34796],[97.33331,37.34872],[97.33334,37.35051],[97.33248,37.35052]],[[97.32836,37.34803],[97.32898,37.34802],[97.329,37.34878],[97.33023,37.34875],[97.3311,37.34874]],[[97.34064,37.34788],[97.34337,37.3479],[97.34426,37.3479],[97.34639,37.34791],[97.3472,37.34792],[97.3482,37.34792]],[[97.34718,37.35052],[97.34718,37.3504],[97.34719,37.34916],[97.3472,37.34792],[97.34721,37.3469],[97.34818,37.34691]],[[97.34162,37.34913],[97.34424,37.34914],[97.34426,37.3479],[97.34426,37.34704],[97.34427,37.34574]],[[97.34173,37.34703],[97.34328,37.34703],[97.34328,37.34522]],[[97.3464,37.34598],[97.3464,37.34689],[97.34639,37.34791],[97.34638,37.34915],[97.34719,37.34916]],[[97.34549,37.35096],[97.34549,37.3504],[97.34718,37.3504]],[[97.34509,37.35096],[97.34509,37.3504],[97.34509,37.34915],[97.34551,37.34915],[97.34549,37.3504],[97.34509,37.3504],[97.34161,37.35037]],[[95.37242,37.84306],[95.37048,37.84175],[95.36878,37.84316]],[[95.36551,37.83949],[95.36585,37.83986]],[[95.36783,37.83854],[95.36979,37.83975],[95.37041,37.83923],[95.37329,37.84116]],[[97.37342,37.37498],[97.37346,37.37357]],[[97.37253,37.375],[97.37256,37.37356]],[[97.41508,37.227],[97.41626,37.22703],[97.41715,37.22706]],[[97.41511,37.22436],[97.41639,37.22441],[97.41626,37.22703],[97.41616,37.22902],[97.41495,37.22898]],[[95.75249,36.43884],[95.75132,36.43883],[95.74976,36.43864],[95.74623,36.43816],[95.7455,36.43818]],[[95.74596,36.43613],[95.74623,36.43816]],[[95.7494,36.43942],[95.74944,36.43884],[95.74976,36.43864]],[[95.74888,36.43888],[95.74944,36.43884]],[[95.75342,36.43711],[95.75225,36.43719],[95.75218,36.4379],[95.75152,36.43787]],[[95.74705,36.44003],[95.74677,36.44355]],[[95.76003,36.44093],[95.76006,36.44363]],[[95.767,36.44127],[95.767,36.44156],[95.76196,36.44149]],[[95.75363,36.44295],[95.75364,36.44359]],[[95.75355,36.44537],[95.75347,36.44359]],[[95.75967,36.44727],[95.75997,36.4456],[95.75821,36.44403],[95.75811,36.44362]],[[97.5103,36.04684],[97.50873,36.04653],[97.50743,36.04643],[97.50536,36.04603],[97.50391,36.04576]],[[97.50546,36.04566],[97.50536,36.04603]],[[97.5088,36.04629],[97.50873,36.04653]],[[97.5076,36.04944],[97.50759,36.0492],[97.50832,36.04918]],[[97.50985,36.04905],[97.50995,36.04831],[97.50754,36.04846],[97.50752,36.04802],[97.50987,36.04782],[97.50916,36.04745],[97.50749,36.04753],[97.50743,36.04643]],[[97.50052,36.04475],[97.50051,36.04529],[97.50058,36.04587],[97.50065,36.04649],[97.50072,36.0471],[97.50076,36.04741],[97.50175,36.04732],[97.50195,36.04882],[97.50344,36.04869]],[[97.50247,36.04633],[97.50163,36.04641],[97.50065,36.04649],[97.4991,36.04664]],[[97.49843,36.0455],[97.50051,36.04529]],[[97.49861,36.04606],[97.50058,36.04587],[97.50224,36.04572]],[[97.49921,36.04724],[97.50072,36.0471],[97.50171,36.04701],[97.50265,36.04692]],[[97.49967,36.04289],[97.50063,36.04278],[97.50097,36.04275],[97.50206,36.04263],[97.5031,36.04251],[97.50401,36.04242],[97.50399,36.04235]],[[97.50857,36.04277],[97.5075,36.04289],[97.50754,36.0432],[97.50854,36.04309]],[[97.50851,36.04247],[97.50746,36.04258],[97.5062,36.04271],[97.50516,36.04282],[97.50409,36.04293],[97.50403,36.04257],[97.5051,36.04247],[97.50599,36.04237],[97.50614,36.04236],[97.5062,36.04271],[97.50626,36.04303],[97.50632,36.04334],[97.50637,36.04365],[97.50607,36.04368]],[[97.50859,36.04339],[97.50758,36.04351],[97.50763,36.04382],[97.50763,36.04421],[97.50493,36.04376]],[[97.50494,36.04349],[97.50632,36.04334],[97.50754,36.0432],[97.50758,36.04351],[97.50637,36.04365]],[[97.50732,36.04385],[97.50763,36.04382],[97.50859,36.0437]],[[97.50837,36.04211],[97.50755,36.0422],[97.50743,36.04148],[97.50738,36.04114],[97.50714,36.03971],[97.50709,36.03939],[97.5079,36.03931]],[[97.50818,36.04106],[97.50738,36.04114],[97.50582,36.04132],[97.50588,36.04167],[97.50499,36.04176],[97.50494,36.04142],[97.50582,36.04132],[97.50558,36.03989],[97.50553,36.03956],[97.50709,36.03939]],[[97.50241,36.04067],[97.50174,36.04075],[97.50169,36.04043],[97.50235,36.04035]],[[97.50114,36.0405],[97.50169,36.04043]],[[97.50159,36.04384],[97.50105,36.04385],[97.50097,36.04275]],[[97.50565,36.04536],[97.50649,36.04552],[97.50846,36.04588],[97.50949,36.04607],[97.51083,36.04631],[97.51291,36.04669]],[[97.51074,36.04664],[97.51083,36.04631]],[[97.50639,36.04584],[97.50649,36.04552]],[[97.50665,36.04492],[97.5074,36.04507],[97.50838,36.04527],[97.50861,36.04531],[97.50963,36.04552],[97.50949,36.04607]],[[97.51079,36.04484],[97.50963,36.04552]],[[97.50869,36.04418],[97.50858,36.04457],[97.50755,36.04444],[97.5074,36.04507]],[[97.50426,36.04467],[97.50415,36.04326],[97.50409,36.04293]],[[97.50822,36.04139],[97.50743,36.04148],[97.50588,36.04167],[97.50599,36.04237]],[[97.50796,36.03962],[97.50714,36.03971],[97.50558,36.03989],[97.50471,36.03998],[97.50465,36.03966],[97.50553,36.03956]],[[96.99052,36.26602],[96.98899,36.26609],[96.98752,36.26616]],[[97.39916,37.22524],[97.39964,37.22525],[97.39967,37.22481],[97.39919,37.2248]],[[97.39922,37.22438],[97.3997,37.2244],[97.40016,37.22442],[97.4006,37.22443],[97.40107,37.22445],[97.40151,37.22447],[97.40197,37.22448],[97.40246,37.2245],[97.40251,37.22403],[97.402,37.22401],[97.40155,37.224],[97.4011,37.22399],[97.40063,37.22397],[97.40019,37.22396],[97.39973,37.22394],[97.39925,37.22393],[97.39877,37.22391],[97.39833,37.22389],[97.39787,37.22388],[97.39742,37.22386],[97.39695,37.22384],[97.3965,37.22383],[97.39604,37.22382],[97.39563,37.22381],[97.3956,37.22424],[97.39557,37.22466],[97.39553,37.22509],[97.3955,37.22552],[97.39546,37.22595],[97.39544,37.22636],[97.39589,37.22638],[97.39634,37.2264],[97.3968,37.22642],[97.39724,37.22643],[97.39769,37.22645],[97.39815,37.22647],[97.39859,37.22648],[97.39907,37.2265],[97.39956,37.22652],[97.40002,37.22654],[97.40046,37.22655],[97.40094,37.22657],[97.40091,37.22698],[97.40043,37.22696],[97.4004,37.22737],[97.39996,37.22736],[97.39999,37.22695],[97.40002,37.22654],[97.40005,37.22613],[97.40007,37.2257],[97.4001,37.22527],[97.40013,37.22483],[97.40016,37.22442],[97.40019,37.22396],[97.40022,37.22351],[97.40025,37.22308],[97.40028,37.22267],[97.4003,37.22226],[97.40033,37.22183],[97.39988,37.22181],[97.39985,37.22225],[97.39982,37.22265],[97.39979,37.22306],[97.39976,37.22349],[97.39973,37.22394],[97.3997,37.2244],[97.39967,37.22481],[97.40013,37.22483],[97.40057,37.22485],[97.40105,37.22486],[97.40148,37.22488],[97.40194,37.2249],[97.40241,37.22491],[97.40246,37.2245]],[[97.36577,37.36259],[97.36711,37.36549],[97.36572,37.36558],[97.3657,37.36665]],[[97.36902,37.36515],[97.36711,37.36549]],[[97.24726,37.3215],[97.24671,37.32155],[97.24664,37.32112],[97.24583,37.3212],[97.24505,37.32127],[97.24512,37.3217],[97.24448,37.32176],[97.24456,37.32219],[97.24519,37.32213],[97.24526,37.32252],[97.24604,37.32245],[97.24683,37.32237],[97.24677,37.32198],[97.24731,37.32193]],[[97.24724,37.32106],[97.24664,37.32112],[97.24658,37.32069],[97.24577,37.32077]],[[97.2478,37.32228],[97.24683,37.32237],[97.24689,37.3228],[97.24695,37.32321],[97.24701,37.32362],[97.24624,37.32369],[97.24546,37.32377],[97.24539,37.32336],[97.24532,37.32294],[97.24526,37.32252],[97.24462,37.32258],[97.24397,37.32264],[97.24333,37.3227],[97.2427,37.32276],[97.24209,37.32282]],[[97.24215,37.32323],[97.24277,37.32317],[97.24341,37.32312],[97.24404,37.32306],[97.24469,37.323],[97.24532,37.32294],[97.2461,37.32287],[97.24689,37.3228],[97.24751,37.32274]],[[97.24221,37.32365],[97.24283,37.32359],[97.24349,37.32353],[97.24411,37.32347],[97.24476,37.32341],[97.24539,37.32336],[97.24617,37.32328],[97.24695,37.32321],[97.24751,37.32316]],[[97.24227,37.32408],[97.2429,37.32402],[97.24357,37.32395],[97.24418,37.32389],[97.24483,37.32383],[97.24546,37.32377]],[[97.24401,37.32093],[97.24434,37.3209],[97.24498,37.32084]],[[97.24686,37.32066],[97.24658,37.32069]],[[97.1977,37.30848],[97.19796,37.3087],[97.20008,37.31058]],[[96.75458,37.34752],[96.75232,37.34693],[96.75241,37.34603],[96.75152,37.34591]],[[96.74913,37.34573],[96.74931,37.34228],[96.74805,37.34222]],[[96.75216,37.3494],[96.75134,37.35118],[96.7509,37.35176]],[[96.75544,37.35006],[96.75359,37.35216],[96.75134,37.35118]],[[96.75049,37.35101],[96.74979,37.35241],[96.74964,37.35272]],[[96.74793,37.35208],[96.74884,37.35224],[96.74979,37.35241]],[[96.74923,37.34899],[96.74741,37.34903]],[[96.74933,37.34821],[96.74735,37.34861]],[[96.75165,37.3493],[96.75232,37.34693]],[[97.39763,37.37294],[97.39773,37.37294],[97.39974,37.37296]],[[97.35612,37.32663],[97.35845,37.32654],[97.36029,37.32645],[97.36033,37.32765],[97.35851,37.32737],[97.35845,37.32654],[97.3584,37.32571],[97.35618,37.32581]],[[97.3599,37.32564],[97.3584,37.32571],[97.35835,37.32493],[97.35715,37.32501]],[[97.36331,37.32842],[97.36084,37.32791]],[[97.36089,37.32775],[97.36033,37.32765]],[[97.35835,37.33016],[97.35798,37.33165],[97.35778,37.33241]],[[97.35371,37.3311],[97.35798,37.33165],[97.35955,37.33189]],[[97.35173,37.30012],[97.35339,37.29996],[97.35416,37.29988]],[[97.35386,37.30355],[97.35228,37.30368]],[[97.35398,37.3044],[97.35242,37.30454]],[[97.34509,37.30337],[97.34497,37.29963]],[[97.33455,37.30222],[97.33638,37.30209],[97.34241,37.30272],[97.34237,37.30016],[97.34236,37.29961]],[[97.33463,37.29932],[97.34237,37.30016]],[[97.40497,37.3008],[97.406,37.3016],[97.40624,37.30178],[97.40838,37.30003],[97.40907,37.29946],[97.40979,37.29889],[97.40954,37.29869],[97.41094,37.29752],[97.40997,37.29675]],[[97.40855,37.29792],[97.40954,37.29869],[97.40883,37.29927],[97.40813,37.29984],[97.406,37.3016]],[[97.41029,37.29929],[97.40979,37.29889]],[[97.40784,37.29851],[97.40883,37.29927],[97.40907,37.29946],[97.41005,37.30022],[97.40933,37.30077],[97.40838,37.30003],[97.40813,37.29984],[97.40715,37.29908]],[[97.40958,37.30097],[97.40933,37.30077]],[[97.34581,37.31548],[97.34612,37.31671],[97.34685,37.3188],[97.34699,37.31921]],[[97.3486,37.31847],[97.34762,37.31866],[97.34685,37.3188],[97.34604,37.31896]],[[97.35681,37.314],[97.35604,37.31414],[97.35593,37.31496],[97.35522,37.3152],[97.35604,37.3163],[97.35652,37.31702]],[[97.34717,37.30658],[97.34788,37.30665],[97.34779,37.3072],[97.34762,37.30805],[97.34871,37.30806],[97.34832,37.31013]],[[97.34415,37.30725],[97.34549,37.3076],[97.34607,37.30775]],[[97.34579,37.30678],[97.34549,37.3076]],[[97.35209,37.30934],[97.35214,37.30976],[97.35223,37.31059],[97.35234,37.3116],[97.35254,37.3134]],[[97.35453,37.31153],[97.35234,37.3116]],[[97.35006,37.31058],[97.35223,37.31059],[97.35326,37.31065]],[[95.34703,37.84823],[95.34784,37.84761],[95.34729,37.84644],[95.34746,37.84584],[95.34836,37.84573],[95.35023,37.84663],[95.35013,37.84708]],[[95.35441,37.85012],[95.35258,37.84831],[95.35098,37.84741],[95.35099,37.84663],[95.35023,37.84663]],[[95.35345,37.85007],[95.35133,37.84895],[95.35077,37.84897],[95.35071,37.84866],[95.34784,37.84761]],[[95.36045,37.85901],[95.36048,37.85899],[95.36062,37.8591],[95.36124,37.85956],[95.36211,37.85891],[95.3628,37.85818],[95.36247,37.85794],[95.36224,37.85778],[95.36209,37.85768],[95.36242,37.85741],[95.36295,37.85671],[95.36228,37.85623],[95.36185,37.85591],[95.35991,37.85451],[95.36445,37.85069],[95.36505,37.85018],[95.3653,37.84997],[95.36542,37.84987],[95.36556,37.84974],[95.36718,37.84836],[95.36852,37.84722]],[[95.36026,37.85063],[95.35835,37.84919]],[[95.36714,37.85123],[95.36684,37.85102],[95.36665,37.85101],[95.36646,37.85118],[95.36618,37.85098],[95.36578,37.85131],[95.3655,37.85112],[95.3659,37.85078],[95.36562,37.85059],[95.36523,37.85092],[95.36495,37.85066],[95.3653,37.85036],[95.36562,37.85059]],[[95.36717,37.84454],[95.36761,37.84486],[95.36786,37.84504],[95.36811,37.84521],[95.36835,37.84538],[95.36859,37.84555],[95.36872,37.84564]],[[95.36295,37.84565],[95.36273,37.84584],[95.36303,37.84606],[95.36247,37.84655],[95.36212,37.84641],[95.36273,37.84584]],[[95.36269,37.8485],[95.36505,37.85018]],[[95.36319,37.84805],[95.36556,37.84974]],[[95.3551,37.85513],[95.35489,37.85499],[95.35463,37.8552],[95.35422,37.8549]],[[95.35243,37.855],[95.35282,37.85465],[95.35349,37.85513]],[[95.36076,37.85358],[95.35864,37.85204]],[[98.1048,36.24178],[98.10477,36.24142],[98.1047,36.24067],[98.10467,36.24037],[98.10488,36.23969],[98.10596,36.23894]],[[98.1006,36.23782],[98.10051,36.23973],[98.10102,36.24015],[98.10334,36.23997],[98.10346,36.24002],[98.1035,36.24003],[98.10363,36.24009],[98.10467,36.24037]],[[98.1824,36.21444],[98.18503,36.21618],[98.18478,36.2167],[98.1856,36.2171],[98.18535,36.21832]],[[98.08427,36.24859],[98.08369,36.24772],[98.08298,36.24674],[98.08044,36.24608],[98.0802,36.24343],[98.08119,36.24222],[98.09094,36.24061],[98.09223,36.24097],[98.09318,36.24081],[98.09484,36.23988],[98.09659,36.24009],[98.10051,36.23973]],[[98.36267,36.948],[98.36257,36.94765],[98.36047,36.94827],[98.36035,36.94864],[98.35882,36.94917],[98.35866,36.94896],[98.36047,36.94827]],[[98.35927,36.9498],[98.35882,36.94917]],[[98.36358,36.94753],[98.36431,36.94841]],[[98.36071,36.95],[98.36079,36.94998],[98.36251,36.94958],[98.36236,36.94905],[98.36216,36.94828]],[[98.36617,36.94977],[98.36617,36.94968],[98.36621,36.94914],[98.36597,36.94697]],[[98.36171,36.9461],[98.36186,36.94703],[98.36242,36.94717],[98.3631,36.94718],[98.36348,36.94758]],[[98.36334,36.9488],[98.36236,36.94905],[98.36065,36.94947],[98.36052,36.94914]],[[98.36703,36.9471],[98.36689,36.94469]],[[98.36759,36.94717],[98.36797,36.94655],[98.36786,36.94446]],[[98.36923,36.948],[98.36989,36.94905],[98.37067,36.94864],[98.36993,36.94751]],[[98.36568,36.94694],[98.36449,36.9442]],[[98.36769,36.94814],[98.36772,36.94913],[98.36621,36.94914]],[[99.03004,36.84448],[99.03172,36.84373],[99.03367,36.84332],[99.03381,36.8433],[99.03677,36.84268],[99.03688,36.84322],[99.03409,36.84378],[99.03367,36.84332]],[[99.03091,36.84332],[99.0316,36.84321],[99.03371,36.84276],[99.03386,36.84273],[99.03665,36.84215],[99.03785,36.84206],[99.03957,36.84276],[99.04014,36.84258]],[[99.03896,36.84554],[99.03799,36.84333],[99.03957,36.84276]],[[99.03077,36.84284],[99.03366,36.84225],[99.03655,36.84174],[99.03665,36.84215],[99.03677,36.84268]],[[99.03713,36.8443],[99.03692,36.84345],[99.03688,36.84322]],[[99.03612,36.83989],[99.03655,36.84174]],[[99.01489,37.29394],[99.0146,37.29339],[99.01452,37.29321],[99.01443,37.29302],[99.01434,37.29282],[99.01426,37.29264],[99.01417,37.29245],[99.01408,37.29226],[99.01399,37.29205],[99.01394,37.29193]],[[98.62522,37.00998],[98.62717,37.0066]],[[98.49925,36.91878],[98.49944,36.91945],[98.49961,36.92002],[98.4974,36.92037]],[[98.49729,36.91984],[98.49944,36.91945],[98.50111,36.91908]],[[98.50101,36.91976],[98.49961,36.92002]],[[98.5551,37.00002],[98.55362,36.9996],[98.55338,36.99952]],[[98.55519,36.99801],[98.55362,36.9996]],[[98.5406,36.99616],[98.54152,36.99661],[98.54195,36.99645]],[[98.45956,37.06643],[98.45956,37.0663],[98.4599,37.06468],[98.46034,37.06375]],[[99.32239,37.33664],[99.3226,37.33701],[99.32335,37.33858],[99.32415,37.34025]],[[98.06204,36.27385],[98.06125,36.27328],[98.0603,36.27435],[98.06005,36.2742],[98.06096,36.27312],[98.06039,36.2725],[98.06212,36.27028],[98.06229,36.26914],[98.06213,36.26832],[98.06037,36.26544],[98.05976,36.26439],[98.06009,36.26245],[98.06086,36.26143],[98.06498,36.25995],[98.06574,36.25939],[98.06633,36.25858],[98.06679,36.25695],[98.06577,36.25558],[98.06633,36.25506],[98.06855,36.2547],[98.06839,36.25372],[98.06941,36.25236],[98.07669,36.25084],[98.07932,36.24991],[98.08369,36.24772]],[[98.09185,36.2894],[98.09332,36.28949],[98.09335,36.28998],[98.09186,36.29003]],[[98.0872,36.30557],[98.0874,36.3045],[98.08411,36.30419]],[[98.09052,36.30507],[98.0892,36.30495],[98.08916,36.30525],[98.09044,36.30537]],[[98.08825,36.30577],[98.08843,36.30459],[98.0874,36.3045]],[[98.0904,36.30566],[98.08912,36.30558],[98.08904,36.30627]],[[98.09201,36.29487],[98.09193,36.2976],[98.09185,36.30119]],[[98.09178,36.29139],[98.09342,36.29137],[98.09427,36.29136]],[[98.09184,36.29089],[98.0934,36.29084],[98.09389,36.29081]],[[98.0941,36.29051],[98.09339,36.29054],[98.09187,36.29059]],[[98.09377,36.28995],[98.09335,36.28998],[98.09339,36.29054],[98.0934,36.29084],[98.09342,36.2911],[98.09181,36.29118]],[[98.09392,36.29109],[98.09342,36.2911],[98.09342,36.29137]],[[98.1107,36.30331],[98.11066,36.30392],[98.11266,36.30413],[98.11266,36.30385]],[[98.10995,36.30385],[98.11066,36.30392]],[[98.11525,36.30829],[98.11521,36.3079],[98.11517,36.30752],[98.11516,36.30715],[98.11511,36.30686],[98.11335,36.30692],[98.11335,36.30722],[98.11516,36.30715]],[[98.09051,36.30478],[98.08923,36.30466],[98.0892,36.30495]],[[98.0933,36.28916],[98.09332,36.28949]],[[98.11834,36.30781],[98.11674,36.30786],[98.11521,36.3079],[98.11337,36.30794],[98.11336,36.30758],[98.11335,36.30722]],[[98.19346,36.20981],[98.1918,36.20904],[98.19146,36.20923]],[[98.13313,36.24092],[98.13241,36.2401],[98.13404,36.23858],[98.13415,36.23828],[98.13425,36.238],[98.13442,36.23737],[98.13552,36.2369],[98.13593,36.2378],[98.13415,36.23828]],[[98.23213,36.18685],[98.23052,36.18806],[98.23106,36.19018],[98.23188,36.19128],[98.23225,36.19194],[98.2323,36.19207]],[[98.19364,36.20792],[98.19274,36.20748],[98.19316,36.20683],[98.19208,36.20608],[98.19155,36.2069],[98.19103,36.20761],[98.19135,36.20775],[98.19086,36.2084],[98.1918,36.20904],[98.19258,36.20801],[98.19237,36.20791],[98.19135,36.20775]],[[98.13487,36.23865],[98.13619,36.23823],[98.13632,36.23849],[98.13492,36.2389]],[[98.19031,36.20645],[98.19155,36.2069]],[[98.21729,36.19288],[98.21683,36.19342],[98.21564,36.19485]],[[98.13392,36.2357],[98.13445,36.23624],[98.13457,36.23636],[98.1349,36.23668],[98.13548,36.23681],[98.13552,36.2369]],[[98.21791,36.19566],[98.21818,36.19503],[98.21797,36.19405],[98.21683,36.19342]],[[98.13306,36.23701],[98.13375,36.23678],[98.13407,36.23701],[98.1349,36.23668]],[[98.18923,36.20867],[98.19059,36.20893],[98.19086,36.2084]],[[98.135,36.23917],[98.13637,36.23876],[98.13632,36.23849]],[[98.25826,36.98421],[98.25843,36.98509],[98.25859,36.986],[98.25875,36.98688]],[[98.25299,36.98754],[98.25283,36.98665],[98.25266,36.98575]],[[98.13076,36.41611],[98.12898,36.41589]],[[98.13264,36.41698],[98.13065,36.41638]],[[98.13402,36.41497],[98.13148,36.41451]],[[98.1344,36.41622],[98.1332,36.41617]],[[98.12911,36.41537],[98.12649,36.41503],[98.12673,36.41433],[98.12685,36.41397],[98.1236,36.41345]],[[98.13312,36.41629],[98.13201,36.41607],[98.13222,36.41516],[98.13375,36.41537]],[[98.18412,36.43691],[98.18342,36.43683],[98.18169,36.43684]],[[98.1314,36.41469],[98.12933,36.41436],[98.12685,36.41397]],[[98.15547,36.42614],[98.15695,36.42642],[98.15774,36.4267],[98.15856,36.427],[98.15938,36.4273],[98.16146,36.42801],[98.16197,36.42813],[98.16226,36.42819],[98.16244,36.42768]],[[98.16184,36.42849],[98.16197,36.42813]],[[98.15706,36.42611],[98.15695,36.42642]],[[98.16133,36.42836],[98.16146,36.42801]],[[98.15793,36.42637],[98.15774,36.4267],[98.15755,36.42707]],[[98.15876,36.42661],[98.15856,36.427],[98.1584,36.4273]],[[98.1596,36.42685],[98.15938,36.4273],[98.15923,36.42758]],[[99.28138,36.70926],[99.281,36.70836],[99.28094,36.70373],[99.28011,36.70373]],[[99.27957,36.70332],[99.27978,36.70288],[99.28108,36.70313],[99.28094,36.70373]],[[98.06246,36.33403],[98.06412,36.33434],[98.06409,36.33484],[98.06233,36.3345]],[[98.08682,36.33601],[98.07766,36.33431],[98.07752,36.3343],[98.06465,36.3346],[98.06409,36.33484],[98.06415,36.33523],[98.06222,36.33488]],[[98.06199,36.33569],[98.06407,36.33608],[98.06394,36.33641],[98.0619,36.33602]],[[98.06179,36.33639],[98.06381,36.33675],[98.06367,36.3371],[98.0617,36.33672]],[[98.0616,36.33708],[98.06354,36.33744],[98.06318,36.33777],[98.06151,36.33742]],[[98.06212,36.33522],[98.06424,36.33558],[98.06407,36.33608]],[[98.06141,36.33775],[98.06285,36.33801],[98.06318,36.33777]],[[98.10326,36.35032],[98.10203,36.35027],[98.10207,36.3498],[98.10195,36.34979],[98.102,36.34926],[98.10128,36.34923],[98.10125,36.34976],[98.10064,36.34974],[98.10062,36.35022],[98.0998,36.35019],[98.0998,36.3497],[98.09893,36.34966],[98.09896,36.34914],[98.09827,36.34911],[98.09824,36.34963],[98.09761,36.34961],[98.09758,36.35007],[98.09652,36.35005],[98.09649,36.34956],[98.09561,36.34952],[98.09564,36.349],[98.09496,36.34897],[98.09493,36.34949],[98.09438,36.34947]],[[98.10059,36.35078],[98.10062,36.35022],[98.10131,36.35024],[98.10203,36.35027],[98.10198,36.35084],[98.10194,36.35128],[98.10133,36.35125],[98.10133,36.35081]],[[98.10064,36.35078],[98.10063,36.35122],[98.0998,36.35118],[98.0998,36.35075],[98.0998,36.35019]],[[98.09565,36.35056],[98.09567,36.35003],[98.09509,36.35002]],[[98.09826,36.35068],[98.09828,36.35009],[98.0983,36.34964],[98.09824,36.34963]],[[98.09834,36.35068],[98.09831,36.35112],[98.09761,36.35109],[98.09765,36.35065]],[[98.09693,36.35062],[98.09698,36.35107],[98.09588,36.35102],[98.09588,36.35057]],[[98.09642,36.34773],[98.09648,36.34904],[98.09649,36.34956],[98.09754,36.3496],[98.09761,36.34961]],[[98.09655,36.3506],[98.09652,36.35005],[98.09567,36.35003]],[[98.09457,36.34895],[98.09496,36.34897]],[[98.10301,36.3493],[98.102,36.34926]],[[98.10127,36.35081],[98.10131,36.35024],[98.10135,36.34977],[98.10125,36.34976]],[[98.09569,36.35101],[98.09588,36.35102]],[[98.10302,36.35132],[98.10194,36.35128]],[[98.10304,36.34984],[98.10207,36.3498]],[[98.09754,36.35065],[98.09758,36.35007],[98.09828,36.35009],[98.09877,36.3501]],[[98.12114,36.33836],[98.12049,36.33838],[98.12049,36.33884],[98.11786,36.3389],[98.11773,36.33965],[98.11762,36.341]],[[98.12075,36.33882],[98.12049,36.33884]],[[98.93139,37.18674],[98.93168,37.18693],[98.93165,37.1891],[98.93541,37.1965],[98.93649,37.19984],[98.93509,37.20112],[98.93342,37.20719],[98.93332,37.20973],[98.93417,37.21227],[98.93068,37.21163],[98.92604,37.21029],[98.92601,37.21035],[98.92596,37.21044],[98.92584,37.21064],[98.92525,37.21174],[98.92395,37.21233]],[[98.48327,36.92518],[98.48017,36.92516],[98.48049,36.92709],[98.47594,36.92704]],[[99.01585,37.29336],[99.01564,37.29309],[99.0146,37.29339]],[[99.01641,37.293],[99.01622,37.29271],[99.01556,37.2929],[99.01547,37.29272],[99.01613,37.29252],[99.01604,37.29233],[99.01538,37.29253],[99.01529,37.29234],[99.01595,37.29214],[99.01586,37.29195],[99.0152,37.29215],[99.01512,37.29192],[99.01576,37.29172],[99.01567,37.29153],[99.01502,37.29175],[99.01399,37.29205]],[[99.01703,37.29264],[99.01685,37.29229],[99.01676,37.29211],[99.01666,37.29192],[99.01657,37.29173],[99.01642,37.29153],[99.01576,37.29172],[99.01586,37.29195],[99.01657,37.29173]],[[99.01164,37.30761],[99.0116,37.30702],[99.01157,37.30628]],[[99.01198,37.3076],[99.01194,37.30701],[99.01189,37.30585],[99.0116,37.30586]],[[99.01233,37.30761],[99.01228,37.307],[99.01223,37.30584],[99.01221,37.30543]],[[99.01252,37.30493],[99.01257,37.30582],[99.01262,37.30698],[99.01267,37.30759]],[[99.01302,37.30759],[99.01297,37.30697],[99.01292,37.30581],[99.01284,37.30437],[99.01268,37.30437]],[[99.02082,37.30409],[99.01954,37.30413],[99.01947,37.30311]],[[99.01779,37.303],[99.0189,37.303]],[[99.02088,37.30553],[99.01962,37.30558],[99.01954,37.30413],[99.01719,37.30421],[99.01719,37.30377]],[[99.01337,37.30759],[99.01331,37.30696],[99.01365,37.30695],[99.01369,37.30757]],[[99.01403,37.30757],[99.01399,37.30694],[99.01433,37.30693],[99.01437,37.30756]],[[99.01469,37.30754],[99.01465,37.30692],[99.01499,37.30691],[99.01503,37.30752]],[[99.01538,37.30754],[99.01534,37.3069],[99.01568,37.30688],[99.01572,37.30747]],[[99.01608,37.30773],[99.01602,37.30687],[99.01636,37.30686],[99.01642,37.30777]],[[99.01675,37.30774],[99.01671,37.30685],[99.01667,37.30568],[99.01666,37.30547]],[[99.01707,37.30758],[99.01702,37.30684],[99.01698,37.30567],[99.01687,37.30422],[99.01685,37.30378]],[[99.01653,37.30377],[99.01653,37.30424],[99.01621,37.30425],[99.01619,37.3038]],[[99.01739,37.30752],[99.01735,37.30683],[99.01977,37.30675],[99.01974,37.30622]],[[99.01982,37.30726],[99.01977,37.30675]],[[99.01131,37.30761],[99.01128,37.30705],[99.0116,37.30702],[99.01194,37.30701],[99.01228,37.307],[99.01262,37.30698],[99.01297,37.30697],[99.01331,37.30696],[99.01326,37.3058],[99.01292,37.30581],[99.01257,37.30582],[99.01223,37.30584],[99.01189,37.30585]],[[99.01585,37.30383],[99.01586,37.30426],[99.01554,37.30427],[99.0155,37.30385]],[[97.80971,37.35013],[97.81013,37.35009],[97.81012,37.35053],[97.80803,37.35057],[97.80819,37.35026],[97.80645,37.35061],[97.80561,37.35076],[97.80468,37.35082]],[[97.81097,37.35019],[97.81092,37.34931],[97.8109,37.34881],[97.81178,37.34881]],[[97.81426,37.34823],[97.81426,37.3481],[97.81378,37.34812],[97.81379,37.34765],[97.81509,37.34761],[97.81512,37.34864],[97.81445,37.34869],[97.81438,37.34824],[97.81472,37.34824]],[[97.81309,37.34835],[97.81325,37.34833],[97.81302,37.34859],[97.81277,37.34859]],[[97.81316,37.34891],[97.81303,37.3489],[97.81265,37.34891]],[[97.81381,37.34855],[97.81378,37.3483],[97.81325,37.34833],[97.81325,37.34767],[97.81379,37.34765]],[[97.81325,37.34851],[97.81325,37.34833]],[[97.80792,37.34887],[97.80808,37.34881],[97.80809,37.34887]],[[97.80948,37.3485],[97.80989,37.34849],[97.80987,37.34813],[97.80951,37.34814],[97.80904,37.34815],[97.80839,37.34807]],[[97.80944,37.34881],[97.80991,37.34881],[97.80989,37.34849]],[[97.80889,37.34849],[97.80893,37.34832],[97.80905,37.34831],[97.80904,37.34815]],[[97.80869,37.34835],[97.80893,37.34832]],[[97.80956,37.34791],[97.80986,37.3479],[97.80985,37.34778],[97.81325,37.34767]],[[97.80949,37.34798],[97.80951,37.34814]],[[97.80907,37.3485],[97.80905,37.34831]],[[97.80986,37.34731],[97.80985,37.34778],[97.80808,37.34783],[97.80748,37.34785],[97.8075,37.3493],[97.80654,37.3493],[97.80651,37.3478]],[[97.80492,37.34994],[97.80517,37.34965],[97.80557,37.34977],[97.80641,37.34979],[97.80641,37.3493],[97.80598,37.3493],[97.80591,37.34742]],[[97.80546,37.34977],[97.80557,37.34977]],[[97.80641,37.35018],[97.80641,37.34979]],[[97.80533,37.35011],[97.80561,37.35076]],[[97.80784,37.35088],[97.80803,37.35057],[97.80645,37.35061]],[[97.8047,37.34921],[97.8047,37.34771],[97.80537,37.34769],[97.80536,37.34744]],[[97.80749,37.34738],[97.80748,37.34785]],[[97.81508,37.34716],[97.81509,37.34761]],[[97.808,37.34657],[97.8073,37.3466]],[[99.08231,36.79148],[99.08189,36.79038]],[[99.08119,36.79274],[99.08093,36.79184],[99.07973,36.79201]],[[99.0896,36.78918],[99.08898,36.78761],[99.07897,36.78915]],[[98.47057,36.92239],[98.47116,36.92594],[98.47594,36.92544],[98.48017,36.92516]],[[98.47596,36.92045],[98.46907,36.92042]],[[99.02991,37.29594],[99.02995,37.29412]],[[98.5201,36.91932],[98.51884,36.91484],[98.51838,36.91292]],[[98.52525,36.98666],[98.52603,36.98899],[98.52752,36.99059]],[[98.48275,36.93881],[98.48084,36.93876]],[[98.47793,36.93873],[98.47606,36.93871]],[[98.47903,36.92937],[98.47895,36.93323]],[[98.48055,36.93702],[98.48056,36.93508],[98.47829,36.93505],[98.47832,36.93699]],[[98.47602,36.93501],[98.47829,36.93505]],[[98.48286,36.93511],[98.48056,36.93508]],[[97.88973,36.00053],[97.88665,36.00057],[97.882,36.00042]],[[98.05445,36.37838],[98.05586,36.37836],[98.05737,36.37836],[98.05989,36.37802],[98.0607,36.37702]],[[98.05588,36.38149],[98.05586,36.37836],[98.05584,36.37759],[98.05394,36.37763]],[[98.05411,36.37686],[98.05425,36.37683],[98.05582,36.37683],[98.05619,36.37683],[98.05621,36.3764],[98.05435,36.37648],[98.05425,36.37683]],[[98.05731,36.37633],[98.05621,36.3764]],[[98.05734,36.37756],[98.05584,36.37759],[98.05582,36.37683]],[[98.05708,36.36832],[98.05971,36.36833],[98.05976,36.36868],[98.05983,36.37085],[98.05715,36.37091]],[[98.82241,37.87847],[98.82086,37.87562],[98.82186,37.87511]],[[99.13308,37.52071],[99.13313,37.51925]],[[99.13571,37.51733],[99.13484,37.5172],[99.13354,37.51719],[99.13346,37.51924],[99.1334,37.52074],[99.1333,37.52199],[99.13456,37.52204],[99.13463,37.52204],[99.13469,37.52078],[99.13483,37.51745],[99.13463,37.52079],[99.13456,37.52204],[99.13477,37.52379],[99.13598,37.52565],[99.13483,37.52378],[99.13463,37.52204]],[[97.79697,36.08719],[97.79756,36.08734],[97.80485,36.08882],[97.8074,36.08932],[97.80881,36.08959],[97.81085,36.08992],[97.81214,36.08775],[97.81167,36.08756],[97.8124,36.08641],[97.81348,36.08476]],[[97.79637,36.09],[97.79756,36.08734],[97.79922,36.08364]],[[97.80605,36.08506],[97.80485,36.08882]],[[97.81007,36.08389],[97.80946,36.08577],[97.8074,36.08932]],[[97.81147,36.08421],[97.81084,36.08607],[97.80881,36.08959]],[[97.78806,36.06993],[97.78427,36.06892],[97.78337,36.07101]],[[97.78573,36.06159],[97.78718,36.06259],[97.7874,36.06248],[97.7886,36.06091]],[[97.78974,36.06357],[97.7874,36.06248]],[[98.46712,36.91361],[98.46835,36.91783]],[[98.48045,36.92938],[98.48049,36.92709]],[[98.49423,36.91989],[98.49427,36.91768],[98.48811,36.90308]],[[98.9106,36.83393],[98.9088,36.83394]],[[98.1353,36.23773],[98.13425,36.238]],[[98.13517,36.23605],[98.13484,36.23622],[98.13457,36.23636]],[[98.13494,36.23581],[98.13466,36.23597],[98.13484,36.23622]],[[98.147,36.23212],[98.14671,36.23282],[98.14564,36.23343],[98.14465,36.23443],[98.14544,36.23588],[98.14539,36.23731],[98.1439,36.23717]],[[98.1454,36.23321],[98.14564,36.23343]],[[98.14545,36.23251],[98.14357,36.2328],[98.14387,36.2338]],[[98.16404,36.2199],[98.16402,36.21967]],[[98.10248,36.2636],[98.1034,36.26374],[98.10495,36.26398],[98.10608,36.26399],[98.10734,36.26381],[98.10778,36.2637]],[[98.10549,36.26287],[98.10517,36.26284],[98.10509,36.26327],[98.10359,36.26303],[98.1034,36.26374]],[[98.10472,36.26232],[98.10521,36.26239],[98.10517,36.26284],[98.10372,36.26265],[98.10359,36.26303]],[[98.10531,36.26331],[98.10509,36.26327],[98.10495,36.26398]],[[98.10842,36.26397],[98.10748,36.26418],[98.10643,36.26441],[98.10608,36.26399],[98.10589,36.26338],[98.10552,36.26208],[98.10571,36.26148]],[[98.10678,36.26337],[98.10589,36.26338]],[[98.10059,36.26451],[98.10207,36.2648]],[[98.10056,36.26929],[98.09846,36.26894],[98.09873,36.26591]],[[98.11347,36.29161],[98.11343,36.29124],[98.11336,36.2908],[98.11331,36.2905],[98.11332,36.29033],[98.11323,36.28995],[98.11318,36.28954],[98.11308,36.28916],[98.11204,36.2892]],[[98.11528,36.29106],[98.11404,36.29118],[98.11343,36.29124],[98.11246,36.29132],[98.11256,36.29169]],[[98.1141,36.29155],[98.11404,36.29118],[98.11397,36.29074],[98.11336,36.2908]],[[98.11518,36.29043],[98.11393,36.29044],[98.11332,36.29033]],[[98.11149,36.28974],[98.11318,36.28954]],[[98.11411,36.29231],[98.11406,36.29197],[98.11401,36.29156]],[[98.11533,36.29184],[98.11406,36.29197],[98.11275,36.29212]],[[97.79716,36.03466],[97.79416,36.03694],[97.79195,36.03853],[97.79028,36.03965],[97.78922,36.03999]],[[98.24265,36.99389],[98.24223,36.99125],[98.24144,36.98704]],[[98.0925,36.33213],[98.08859,36.33194],[98.08674,36.3319]],[[98.09152,36.33091],[98.08988,36.33084],[98.08861,36.33078],[98.08739,36.33073]],[[98.08864,36.32896],[98.08861,36.33078],[98.08859,36.33194]],[[98.08988,36.32885],[98.08988,36.33084],[98.08988,36.33123]],[[98.09483,36.33968],[98.0927,36.33966]],[[98.09478,36.34013],[98.09271,36.34009]],[[99.0802,36.79544],[99.07942,36.79557],[99.07923,36.79478],[99.07921,36.79472]],[[99.07839,36.79487],[99.07841,36.79493],[99.07863,36.79571],[99.07882,36.79641],[99.07975,36.79978]],[[99.07617,36.7963],[99.07631,36.79685],[99.07783,36.79658],[99.07741,36.79511],[99.07739,36.79505]],[[99.08084,36.79607],[99.07882,36.79641],[99.07783,36.79658],[99.07864,36.79951],[99.07709,36.79978],[99.07631,36.79685]],[[98.46995,36.92607],[98.46898,36.92616]],[[98.42422,36.9428],[98.42381,36.94073]],[[97.73,37.34987],[97.72961,37.37709]],[[98.63264,37.6778],[98.63195,37.67853]],[[97.78241,36.08705],[97.78392,36.0849]],[[97.82575,36.06516],[97.82618,36.06369]],[[97.79598,36.03847],[97.79416,36.03694]],[[97.77531,36.05031],[97.7742,36.04943]],[[97.77609,36.05687],[97.77316,36.05792]],[[97.77566,36.0558],[97.77321,36.05647]],[[97.8037,36.06057],[97.80444,36.06089],[97.80662,36.06156],[97.80766,36.06249]],[[97.80311,36.06297],[97.80444,36.06089],[97.8056,36.05908]],[[97.8059,36.06208],[97.80699,36.063],[97.80766,36.06367]],[[97.81216,36.05495],[97.81114,36.05637],[97.80997,36.05799]],[[97.81012,36.05591],[97.81114,36.05637],[97.8124,36.05694],[97.81365,36.05755]],[[97.83576,36.03933],[97.83506,36.04286]],[[97.86082,36.05112],[97.85969,36.05664],[97.85886,36.05656]],[[97.86342,36.0462],[97.8609,36.04591]],[[97.85471,36.07155],[97.85547,36.0649]],[[97.85313,36.07145],[97.85352,36.06508]],[[97.82622,36.07609],[97.82977,36.06431]],[[97.80598,36.07357],[97.80395,36.07302],[97.80453,36.06928],[97.80363,36.06908]],[[97.77777,36.05542],[97.77807,36.05613],[97.77835,36.05683]],[[97.77398,36.04828],[97.77331,36.04894]],[[97.77535,36.04565],[97.77356,36.04691]],[[97.79338,36.03996],[97.79284,36.04058],[97.78977,36.0419]],[[97.82784,36.0324],[97.82889,36.02933],[97.82985,36.02948],[97.83067,36.02681]],[[97.8211,36.03151],[97.8218,36.02814]],[[97.82709,36.02905],[97.82889,36.02933]],[[97.83436,36.02787],[97.83653,36.02454]],[[97.91222,36.01213],[97.91432,36.01228],[97.91509,36.01234]],[[97.91758,36.00976],[97.9194,36.01041],[97.91465,36.00962],[97.91487,36.00873],[97.91365,36.00854],[97.91343,36.00942],[97.91319,36.01039]],[[97.86834,36.0088],[97.86816,36.01012],[97.8674,36.01509],[97.86691,36.01506],[97.86773,36.01008],[97.86795,36.00871]],[[97.90339,36.01132],[97.90365,36.00559]],[[97.91506,36.00792],[97.91487,36.00873]],[[97.9144,36.01067],[97.91465,36.00962],[97.91343,36.00942]],[[97.91181,36.0128],[97.91421,36.01303],[97.91524,36.01312]],[[97.91456,36.01071],[97.91432,36.01228],[97.91421,36.01303]],[[98.24536,36.62397],[98.24418,36.62638]],[[98.23382,36.62269],[98.23486,36.62088],[98.23663,36.62092],[98.23726,36.62122],[98.23553,36.62327]],[[98.23708,36.62382],[98.23799,36.62214],[98.23856,36.62236],[98.23941,36.62265],[98.2396,36.62233],[98.23889,36.62205],[98.23856,36.62236],[98.23765,36.62403]],[[98.23876,36.62132],[98.23799,36.62087],[98.23726,36.62122]],[[98.23858,36.62435],[98.23941,36.62265]],[[98.24229,36.62323],[98.24115,36.62527]],[[98.10937,36.3383],[98.10909,36.33778],[98.10661,36.33854],[98.10599,36.33729]],[[98.10895,36.33959],[98.10895,36.33849]],[[98.11025,36.33793],[98.11039,36.3392]],[[98.10487,36.41021],[98.10624,36.41041],[98.10729,36.41077],[98.10705,36.41156]],[[98.10789,36.40877],[98.10729,36.41077]],[[98.05332,36.39923],[98.05134,36.39919]],[[98.05106,36.4003],[98.0495,36.40023]],[[98.03447,36.42427],[98.03421,36.42302],[98.03918,36.42239]],[[98.07886,36.38248],[98.07881,36.38133],[98.08507,36.38116],[98.08711,36.3811],[98.08706,36.38231]],[[98.09228,36.36694],[98.09063,36.36698],[98.09054,36.36383],[98.09215,36.3638]],[[98.09155,36.37088],[98.09073,36.37089],[98.09063,36.36698],[98.08974,36.36699],[98.08986,36.3709],[98.08886,36.37092],[98.08875,36.36701],[98.08974,36.36699],[98.08964,36.36384],[98.09054,36.36383]],[[98.06347,36.27019],[98.06096,36.27312],[98.06125,36.27328],[98.06365,36.27044]],[[97.85438,36.08475],[97.85473,36.08284],[97.85509,36.08091],[97.85587,36.08099]],[[90.86945,38.25462],[90.86919,38.2549],[90.86871,38.25545],[90.86826,38.25597],[90.86797,38.25632]],[[90.85924,38.25168],[90.8607,38.24994],[90.862,38.24838]],[[90.87974,38.26666],[90.8782,38.26876],[90.87673,38.27094],[90.87668,38.271],[90.87643,38.27137]],[[90.86855,38.24586],[90.86509,38.25],[90.86373,38.25156],[90.86224,38.25329]],[[90.86631,38.26333],[90.86699,38.26253],[90.86809,38.26126],[90.87099,38.25793],[90.87171,38.2571],[90.87214,38.2566],[90.87224,38.25649],[90.87246,38.25622]],[[90.31436,38.25494],[90.31436,38.25543],[90.31435,38.25596],[90.31434,38.2565]],[[90.3112,38.25587],[90.31435,38.25596]],[[90.30815,38.25429],[90.30813,38.25478],[90.3081,38.25589],[90.30746,38.25588],[90.30747,38.25476]],[[90.87657,38.26038],[90.87556,38.25985],[90.87425,38.25912],[90.87327,38.25859],[90.87309,38.2588],[90.87183,38.25814],[90.87168,38.2583]],[[90.87523,38.26021],[90.87556,38.25985],[90.8767,38.2585]],[[90.86463,38.25328],[90.86507,38.25352],[90.86531,38.25365],[90.86641,38.25423],[90.86694,38.25451],[90.86705,38.25457],[90.86757,38.25485],[90.86871,38.25545],[90.87016,38.2562]],[[90.85368,38.25445],[90.8478,38.25136],[90.84909,38.24981],[90.85113,38.24734]],[[90.85467,38.25324],[90.84971,38.25062],[90.84909,38.24981]],[[90.8697,38.26489],[90.87031,38.26406],[90.87127,38.26276],[90.87304,38.26058],[90.87392,38.2595]],[[90.87196,38.26307],[90.8729,38.2618],[90.8736,38.26086],[90.87304,38.26058]],[[90.87459,38.26281],[90.8729,38.2618]],[[90.81678,38.24546],[90.80709,38.25138],[90.80742,38.25172],[90.80706,38.25219],[90.80639,38.25235],[90.80606,38.25201],[90.80709,38.25138]],[[90.87112,38.25659],[90.87152,38.25612],[90.87089,38.25579],[90.87061,38.25612]],[[90.85442,38.25723],[90.85911,38.25161]],[[90.87573,38.25739],[90.87662,38.25786],[90.87629,38.25828]],[[90.87607,38.257],[90.87554,38.25675],[90.87482,38.25749]],[[90.87763,38.25522],[90.87687,38.2548],[90.87687,38.25433],[90.87251,38.25222]],[[90.85339,38.24855],[90.85176,38.25051]],[[90.85335,38.25482],[90.8529,38.25497],[90.852,38.25452],[90.8517,38.25487],[90.85142,38.25518],[90.85116,38.25549],[90.85042,38.25513],[90.8507,38.25483],[90.85098,38.2545],[90.8515,38.25387],[90.85177,38.25375],[90.84787,38.25179]],[[90.87207,38.25851],[90.8717,38.25895],[90.87124,38.25947]],[[90.87301,38.25901],[90.87262,38.25944],[90.8717,38.25895]],[[90.86508,38.25276],[90.86552,38.25301],[90.86576,38.25314],[90.86686,38.25373],[90.8674,38.254],[90.86797,38.25435],[90.86757,38.25485]],[[90.8642,38.25378],[90.86597,38.25473],[90.86641,38.25423],[90.86686,38.25373]],[[90.86828,38.25598],[90.86826,38.25597],[90.86664,38.25509],[90.86705,38.25457]],[[90.86767,38.25367],[90.8674,38.254],[90.86694,38.25451]],[[90.31121,38.25536],[90.31436,38.25543]],[[90.30909,38.25561],[90.3104,38.25565],[90.3112,38.25567]],[[90.30908,38.25591],[90.3081,38.25589]],[[90.31042,38.25483],[90.31041,38.25525],[90.3104,38.25565],[90.31039,38.25639]],[[90.313,38.25646],[90.31296,38.25695],[90.31563,38.25701],[90.31571,38.25653],[90.31577,38.25497]],[[90.30911,38.25522],[90.31041,38.25525]],[[90.8461,38.2536],[90.8467,38.25374],[90.8478,38.25136]],[[94.90059,38.01422],[94.90001,38.01448],[94.89095,38.01369],[94.88791,38.01132],[94.88739,38.01058],[94.88733,38.00978],[94.88815,38.0081]],[[94.90037,38.01391],[94.8991,38.01359]],[[94.90043,38.01378],[94.90025,38.01349],[94.90064,38.01245]],[[94.52997,38.04576],[94.53071,38.04576],[94.53088,38.04929],[94.53073,38.05309],[94.5307,38.05348]],[[94.52988,38.04925],[94.53088,38.04929],[94.53156,38.04931],[94.53225,38.04933],[94.53292,38.04935],[94.53363,38.04937],[94.53345,38.05316],[94.53276,38.05314],[94.53209,38.05313],[94.5314,38.05311],[94.53073,38.05309],[94.52979,38.05307]],[[93.33548,38.7329],[93.33399,38.73229],[93.33207,38.73154]],[[93.33305,38.73379],[93.33399,38.73229]],[[93.33082,38.73516],[93.33126,38.7345],[93.33138,38.73432],[93.33126,38.7345]],[[93.33267,38.73364],[93.33245,38.73387],[93.3318,38.73369],[93.33138,38.73432]],[[93.33301,38.73943],[93.33212,38.74079],[93.33196,38.74103],[93.33269,38.74147],[93.33304,38.74102],[93.3338,38.73982]],[[93.33322,38.74109],[93.33304,38.74102]],[[93.3323,38.73972],[93.33191,38.7403],[93.33212,38.74079]],[[93.33063,38.7405],[93.33196,38.74103]],[[93.32978,38.73885],[93.3301,38.73897],[93.33047,38.73911]],[[93.33154,38.73813],[93.33132,38.73852],[93.3318,38.73868]],[[99.18013,38.14732],[99.17544,38.14622],[99.17449,38.14624],[99.17314,38.14402]],[[98.02742,38.70086],[98.02773,38.70148],[98.02668,38.70174],[98.02452,38.7025],[98.02511,38.70317],[98.02717,38.70322],[98.02994,38.70308],[98.03028,38.70227],[98.03034,38.70152],[98.02773,38.70148]],[[98.02316,38.70162],[98.02373,38.70229],[98.02452,38.7025]],[[92.4348,34.21394],[92.43485,34.21415],[92.43491,34.21439],[92.43497,34.21463],[92.43568,34.2145]],[[92.43274,34.21478],[92.43346,34.21464],[92.43339,34.2144],[92.43334,34.2142]],[[92.43417,34.21452],[92.43491,34.21439],[92.43562,34.21427]],[[92.43352,34.21488],[92.43423,34.21475],[92.43429,34.215],[92.43359,34.21512],[92.43352,34.21488]],[[92.43556,34.21403],[92.43485,34.21415],[92.43411,34.21428],[92.43339,34.2144],[92.43268,34.21454]],[[92.43405,34.21407],[92.43411,34.21428],[92.43417,34.21452]],[[97.85225,35.99892],[97.85348,35.99776],[97.85372,35.99525],[97.85418,35.99423]],[[97.84992,35.99338],[97.85102,35.99231],[97.8515,35.9918]],[[97.85499,35.98852],[97.85675,35.9891]],[[97.85845,35.98961],[97.85863,35.98966]],[[97.85213,35.99418],[97.852,35.99415]],[[97.85372,35.99525],[97.85271,35.99496],[97.85265,35.99532],[97.85089,35.9955],[97.85067,35.99492]],[[97.85089,35.9955],[97.85225,35.99892]],[[97.85112,35.99151],[97.85063,35.9922],[97.85102,35.99231]],[[97.85271,35.99496],[97.85201,35.99446]],[[97.85966,35.98533],[97.86051,35.98556]],[[97.88881,35.99547],[97.8888,35.9939]],[[95.06758,36.40832],[95.06818,36.40833],[95.06819,36.40884]],[[95.06765,36.40946],[95.06758,36.40832]],[[94.9233,36.38605],[94.92325,36.38386]],[[94.91171,36.40945],[94.91171,36.4087],[94.91171,36.40778],[94.91171,36.40686],[94.91165,36.40383]],[[94.90847,36.4052],[94.90644,36.40549],[94.90644,36.40569]],[[94.91138,36.41196],[94.91141,36.41325]],[[94.91347,36.41334],[94.91266,36.41331]],[[94.91171,36.40778],[94.91448,36.40771],[94.91637,36.40794],[94.91643,36.41086],[94.91647,36.41159]],[[94.91456,36.41232],[94.91649,36.41231]],[[94.9274,36.38599],[94.92744,36.38778]],[[94.94194,36.38673],[94.94548,36.38633]],[[94.94841,36.38633],[94.94979,36.38633]],[[94.91274,36.41194],[94.91348,36.41193]],[[94.897,36.46493],[94.9082,36.47264],[94.90943,36.47449]],[[94.89819,36.45136],[94.89973,36.45143],[94.90073,36.45192],[94.90077,36.45241],[94.90157,36.45223],[94.90298,36.45128]],[[93.67773,36.78963],[93.67427,36.79018]],[[93.67293,36.7904],[93.67208,36.79053]],[[93.66462,36.79476],[93.66359,36.79534]],[[93.67428,36.78898],[93.6768,36.78853]],[[94.87842,36.4337],[94.87848,36.43622]],[[94.92387,36.46601],[94.92214,36.46777]],[[94.91696,36.4626],[94.91591,36.46582],[94.91312,36.46393],[94.91392,36.46274]],[[94.91312,36.46393],[94.91188,36.46581],[94.91401,36.46832]],[[94.92321,36.40037],[94.9235,36.40401]],[[94.91171,36.4087],[94.91448,36.40865]],[[94.78484,36.43901],[94.78497,36.43946],[94.78458,36.44016],[94.78373,36.44055]],[[95.29951,36.79437],[95.29994,36.79631],[95.30287,36.79561],[95.30247,36.79454],[95.29951,36.79437],[95.29724,36.79504],[95.29756,36.79533],[95.29994,36.79631],[95.30224,36.80426],[95.30285,36.80535]],[[95.30659,36.79871],[95.30548,36.79548],[95.30511,36.79523],[95.30287,36.79561]],[[95.35408,37.85297],[95.35296,37.85396]],[[97.39557,37.22466],[97.39599,37.22467],[97.39645,37.22469],[97.3969,37.22471],[97.39736,37.22474],[97.39733,37.22516],[97.39687,37.22514],[97.39642,37.22513],[97.39597,37.22511],[97.39553,37.22509]],[[97.3956,37.22424],[97.39602,37.22426],[97.39647,37.22427],[97.39692,37.22429],[97.39739,37.22431],[97.39736,37.22474]],[[97.3955,37.22552],[97.39594,37.22553],[97.3964,37.22555],[97.39684,37.22557],[97.3973,37.22559],[97.39775,37.22561],[97.3982,37.22562],[97.39864,37.22564],[97.39913,37.22566],[97.39961,37.22568],[97.40007,37.2257],[97.40051,37.22571],[97.40099,37.22573],[97.40142,37.22575],[97.40188,37.22577],[97.40185,37.2262],[97.40139,37.22618],[97.40142,37.22575],[97.40145,37.22533],[97.40191,37.22534],[97.40188,37.22577]],[[97.3965,37.22383],[97.39647,37.22427],[97.39645,37.22469],[97.39642,37.22513],[97.3964,37.22555],[97.39637,37.22598],[97.39634,37.2264]],[[97.39589,37.22638],[97.39591,37.22596],[97.39594,37.22553],[97.39597,37.22511],[97.39599,37.22467],[97.39602,37.22426],[97.39604,37.22382]],[[97.39546,37.22595],[97.39591,37.22596],[97.39637,37.22598],[97.39682,37.226],[97.39727,37.22602],[97.39772,37.22604],[97.39817,37.22605],[97.39862,37.22607],[97.39911,37.22609],[97.39958,37.22611],[97.40005,37.22613],[97.40048,37.22614],[97.40096,37.22616],[97.40139,37.22618],[97.40137,37.22658],[97.40094,37.22657],[97.40096,37.22616],[97.40099,37.22573],[97.40102,37.22531],[97.40105,37.22486],[97.40107,37.22445],[97.4011,37.22399],[97.40113,37.22355],[97.40116,37.22312],[97.40118,37.22271],[97.40121,37.2223],[97.40124,37.22187],[97.40077,37.22185],[97.40074,37.22228],[97.4003,37.22226],[97.39985,37.22225],[97.39936,37.22222],[97.39889,37.2222],[97.39886,37.22261],[97.39934,37.22263],[97.39982,37.22265],[97.40028,37.22267],[97.40072,37.22269],[97.40069,37.2231],[97.40025,37.22308],[97.39979,37.22306],[97.39931,37.22304],[97.39883,37.22302],[97.3988,37.22345],[97.39836,37.22343],[97.39833,37.22389]],[[97.39695,37.22384],[97.39692,37.22429],[97.3969,37.22471],[97.39687,37.22514],[97.39684,37.22557],[97.39682,37.226],[97.3968,37.22642],[97.39676,37.22684],[97.39721,37.22686],[97.39766,37.22687],[97.39812,37.22689],[97.39857,37.2269],[97.39905,37.22692],[97.39953,37.22693],[97.39999,37.22695],[97.40043,37.22696],[97.40046,37.22655],[97.40048,37.22614],[97.40051,37.22571],[97.40054,37.22529],[97.40057,37.22485],[97.4006,37.22443],[97.40063,37.22397],[97.40066,37.22353],[97.40069,37.2231],[97.40116,37.22312],[97.40161,37.22314],[97.40205,37.22315],[97.4026,37.22317],[97.40256,37.22361],[97.40203,37.22359],[97.402,37.22401],[97.40197,37.22448],[97.40194,37.2249],[97.40191,37.22534],[97.40236,37.22536],[97.40241,37.22491]],[[96.95859,36.26746],[96.95861,36.26848],[96.9601,36.26857],[96.96065,36.26737],[96.95859,36.26746],[96.95776,36.2675]],[[96.97682,36.26719],[96.97883,36.26704],[96.97868,36.26655],[96.97662,36.26665]],[[96.95247,36.26763],[96.95448,36.26764]],[[96.98697,36.26671],[96.98752,36.26664]],[[96.72772,37.34587],[96.72825,37.34594],[96.72881,37.34601],[96.72939,37.34608],[96.72992,37.34615],[96.73048,37.34623],[96.73105,37.3463]],[[96.45395,36.43231],[96.45398,36.43239]],[[95.55064,37.32204],[95.55228,37.3219],[95.55515,37.32165]],[[97.42154,37.2207],[97.42133,37.2207],[97.42011,37.22072]],[[97.33027,37.35055],[97.33023,37.34875],[97.33021,37.34799],[97.32898,37.34802]],[[97.33111,37.35054],[97.33027,37.35055]],[[97.33129,37.34874],[97.33225,37.34873]],[[97.33245,37.34873],[97.33331,37.34872],[97.33454,37.3487],[97.33454,37.34796]],[[97.34721,37.3469],[97.3464,37.34689]],[[97.34638,37.34915],[97.34551,37.34915]],[[97.34509,37.34915],[97.34424,37.34914]],[[97.34426,37.34704],[97.34338,37.34703],[97.34328,37.34703]],[[97.34338,37.34703],[97.34337,37.3479]],[[95.7512,36.44358],[95.75132,36.43883]],[[95.76694,36.44367],[95.767,36.44156]],[[97.50749,36.04753],[97.50752,36.04802]],[[97.50754,36.04846],[97.50759,36.0492]],[[97.50987,36.04782],[97.50995,36.04831]],[[97.50175,36.04732],[97.50171,36.04701],[97.50163,36.04641]],[[97.50401,36.04242],[97.50403,36.04257]],[[97.50415,36.04326],[97.50626,36.04303],[97.5075,36.04289],[97.50746,36.04258],[97.50739,36.04222],[97.50755,36.0422]],[[97.50471,36.03998],[97.50494,36.04142]],[[97.50499,36.04176],[97.5051,36.04247],[97.50516,36.04282]],[[97.50063,36.04278],[97.50029,36.04091],[97.50174,36.04075],[97.50206,36.04263]],[[97.50755,36.04444],[97.50763,36.04421]],[[97.50838,36.04527],[97.50858,36.04457]],[[97.50861,36.04531],[97.50846,36.04588]],[[96.96065,36.26737],[96.9613,36.26734]],[[96.9646,36.26717],[96.96468,36.26717]],[[96.97868,36.26655],[96.98694,36.26618]],[[97.39719,37.22727],[97.39721,37.22686],[97.39724,37.22643],[97.39727,37.22602],[97.3973,37.22559],[97.39733,37.22516]],[[97.39739,37.22431],[97.39742,37.22386],[97.39745,37.22339],[97.39748,37.22297],[97.39751,37.22256],[97.39754,37.22215],[97.39757,37.22171],[97.3971,37.22169],[97.39707,37.22213],[97.39754,37.22215],[97.39798,37.22217],[97.39844,37.22219],[97.39889,37.2222],[97.39892,37.22177],[97.39847,37.22175],[97.39844,37.22219],[97.39841,37.2226],[97.39886,37.22261],[97.39883,37.22302],[97.39838,37.22301],[97.39836,37.22343],[97.3979,37.22341],[97.39787,37.22388]],[[97.39757,37.22171],[97.398,37.22173],[97.39847,37.22175]],[[97.39892,37.22177],[97.39939,37.22179],[97.39988,37.22181]],[[97.40033,37.22183],[97.40077,37.22185]],[[97.39695,37.22384],[97.39698,37.22337],[97.39701,37.22295],[97.39704,37.22254],[97.39707,37.22213]],[[97.40251,37.22403],[97.40256,37.22361]],[[97.4026,37.22317],[97.40264,37.22277],[97.40208,37.22274],[97.40164,37.22273],[97.40118,37.22271],[97.40072,37.22269],[97.40074,37.22228],[97.40121,37.2223],[97.40167,37.22232],[97.40164,37.22273],[97.40161,37.22314],[97.40158,37.22357],[97.40155,37.224],[97.40151,37.22447],[97.40148,37.22488],[97.40145,37.22533],[97.40102,37.22531],[97.40054,37.22529],[97.4001,37.22527],[97.39964,37.22525],[97.39961,37.22568],[97.39958,37.22611],[97.39956,37.22652],[97.39953,37.22693],[97.3995,37.22735],[97.39903,37.22734],[97.39855,37.22732],[97.39857,37.2269],[97.39859,37.22648],[97.39862,37.22607],[97.39864,37.22564]],[[97.3979,37.22341],[97.39793,37.22299],[97.39795,37.22258],[97.39798,37.22217],[97.398,37.22173]],[[97.39838,37.22301],[97.39841,37.2226],[97.39795,37.22258],[97.39751,37.22256],[97.39704,37.22254]],[[97.39877,37.22391],[97.3988,37.22345],[97.39928,37.22347],[97.39976,37.22349],[97.40022,37.22351],[97.40066,37.22353],[97.40113,37.22355],[97.40158,37.22357],[97.40203,37.22359],[97.40205,37.22315],[97.40208,37.22274]],[[97.39719,37.22727],[97.39763,37.22729],[97.39809,37.2273],[97.39855,37.22732]],[[97.3995,37.22735],[97.39996,37.22736]],[[97.39698,37.22337],[97.39745,37.22339],[97.3979,37.22341]],[[97.39701,37.22295],[97.39748,37.22297],[97.39793,37.22299],[97.39838,37.22301]],[[97.39763,37.22729],[97.39766,37.22687],[97.39769,37.22645],[97.39772,37.22604],[97.39775,37.22561]],[[97.39809,37.2273],[97.39812,37.22689],[97.39815,37.22647],[97.39817,37.22605],[97.3982,37.22562]],[[97.39676,37.22684],[97.39719,37.22727]],[[97.24519,37.32213],[97.24512,37.3217],[97.2459,37.32163],[97.24671,37.32155],[97.24677,37.32198],[97.24597,37.32205],[97.24519,37.32213]],[[97.24483,37.32383],[97.24476,37.32341],[97.24469,37.323],[97.24462,37.32258],[97.24456,37.32219],[97.24391,37.32225],[97.24326,37.32231],[97.24264,37.32237],[97.2427,37.32276],[97.24277,37.32317],[97.24283,37.32359],[97.2429,37.32402]],[[97.24441,37.32134],[97.24434,37.3209]],[[97.24377,37.3214],[97.24441,37.32134]],[[97.24357,37.32395],[97.24349,37.32353],[97.24341,37.32312],[97.24333,37.3227],[97.24326,37.32231],[97.24317,37.32188]],[[97.34612,37.31671],[97.34689,37.31654],[97.34762,37.31866]],[[95.35071,37.84866],[95.35133,37.84895]],[[95.36242,37.85741],[95.36277,37.85768],[95.36247,37.85794]],[[95.36209,37.85768],[95.36138,37.85826],[95.36048,37.85899]],[[95.36138,37.85826],[95.36152,37.85838],[95.36153,37.85839],[95.36203,37.85879],[95.36211,37.85891]],[[95.36203,37.85879],[95.3628,37.85818]],[[95.36224,37.85778],[95.36153,37.85839]],[[95.36062,37.8591],[95.36152,37.85838]],[[95.35745,37.85831],[95.35759,37.85843],[95.35771,37.85852],[95.35784,37.85862],[95.35797,37.85872],[95.3581,37.85883]],[[95.35699,37.85911],[95.35771,37.85852],[95.35796,37.85832],[95.35769,37.85811]],[[95.35796,37.85832],[95.35839,37.85864]],[[95.35677,37.8591],[95.35759,37.85843]],[[95.35728,37.85909],[95.35784,37.85862]],[[95.35797,37.85872],[95.35758,37.85903]],[[95.36555,37.85014],[95.3653,37.85036]],[[95.36523,37.85092],[95.3655,37.85112]],[[95.36578,37.85131],[95.36605,37.85149],[95.36646,37.85118]],[[95.36665,37.85101],[95.36682,37.85087],[95.36701,37.8507],[95.36823,37.84964],[95.36801,37.84938],[95.3677,37.84916],[95.3674,37.84895],[95.36707,37.8488],[95.36584,37.84988],[95.36566,37.85004],[95.36555,37.85014],[95.3653,37.84997]],[[95.36566,37.85004],[95.36542,37.84987]],[[95.3659,37.85078],[95.36618,37.85098]],[[95.36584,37.84988],[95.36612,37.85007],[95.36641,37.85028],[95.36673,37.8505],[95.36701,37.8507]],[[95.36673,37.8505],[95.36801,37.84938]],[[95.36641,37.85028],[95.3677,37.84916]],[[95.36612,37.85007],[95.3674,37.84895]],[[95.36684,37.85102],[95.36682,37.85087]],[[95.36761,37.84486],[95.36752,37.84495],[95.36723,37.84521],[95.36689,37.84552],[95.36712,37.84569],[95.36737,37.84586],[95.3676,37.84603],[95.36784,37.8462],[95.36808,37.84637],[95.36831,37.84654],[95.36866,37.84622],[95.36895,37.84596],[95.36872,37.8458],[95.36849,37.84564],[95.36825,37.84547],[95.36801,37.8453],[95.36776,37.84512],[95.36752,37.84495]],[[95.36712,37.84569],[95.36747,37.84538],[95.36776,37.84512],[95.36786,37.84504]],[[95.36737,37.84586],[95.36772,37.84555],[95.36801,37.8453],[95.36811,37.84521]],[[95.3676,37.84603],[95.36796,37.84571],[95.36825,37.84547],[95.36835,37.84538]],[[95.36784,37.8462],[95.3682,37.84588],[95.36849,37.84564],[95.36859,37.84555],[95.36898,37.84521],[95.36928,37.84494],[95.36965,37.84461],[95.3694,37.84443],[95.36903,37.84477],[95.36879,37.8446],[95.36849,37.84487],[95.36872,37.84503],[95.36903,37.84477],[95.36928,37.84494],[95.36953,37.84512],[95.36976,37.84528],[95.37013,37.84496],[95.3699,37.84479],[95.36953,37.84512],[95.36923,37.84538],[95.36945,37.84554],[95.36976,37.84528]],[[95.36808,37.84637],[95.36844,37.84606],[95.36872,37.8458]],[[95.36866,37.84622],[95.36844,37.84606],[95.3682,37.84588],[95.36796,37.84571],[95.36772,37.84555],[95.36747,37.84538],[95.36723,37.84521]],[[95.36761,37.84486],[95.368,37.84453],[95.3683,37.84426],[95.36869,37.84392],[95.36893,37.8441],[95.36917,37.84427],[95.3694,37.84443]],[[95.36965,37.84461],[95.3699,37.84479]],[[95.36923,37.84538],[95.36898,37.84521],[95.36872,37.84503]],[[95.36849,37.84487],[95.36825,37.8447],[95.368,37.84453]],[[95.3683,37.84426],[95.36855,37.84443],[95.36879,37.8446],[95.36917,37.84427]],[[95.36825,37.8447],[95.36855,37.84443],[95.36893,37.8441]],[[95.36173,37.8462],[95.36208,37.84645],[95.36212,37.84641]],[[95.36247,37.84655],[95.36274,37.8468],[95.3626,37.84692],[95.36227,37.84675],[95.36201,37.84651],[95.36208,37.84645]],[[95.36144,37.84746],[95.36191,37.84705],[95.36227,37.84675]],[[95.36274,37.8468],[95.36333,37.84628],[95.36303,37.84606]],[[95.36201,37.84651],[95.36162,37.84685],[95.36115,37.84725],[95.36081,37.84701]],[[95.36115,37.84725],[95.36144,37.84746],[95.36174,37.84767],[95.3622,37.84727],[95.3626,37.84692]],[[95.3622,37.84727],[95.36191,37.84705],[95.36162,37.84685]],[[95.35489,37.85499],[95.35522,37.85468],[95.35423,37.85399],[95.35374,37.85431],[95.3534,37.85415],[95.35282,37.85465]],[[98.36242,36.94717],[98.36257,36.94765]],[[98.36065,36.94947],[98.36079,36.94998]],[[98.36617,36.94968],[98.36779,36.94973],[98.36772,36.94913]],[[99.03371,36.84276],[99.03381,36.8433]],[[99.03366,36.84225],[99.03386,36.84273]],[[99.0316,36.84321],[99.03172,36.84373]],[[99.03799,36.84333],[99.03692,36.84345]],[[98.4599,37.06468],[98.4607,37.06482],[98.4605,37.06612],[98.45956,37.0663]],[[98.11525,36.30621],[98.1167,36.30612],[98.11824,36.30613],[98.11829,36.30645],[98.11671,36.30651],[98.1167,36.30612],[98.11543,36.30556],[98.11525,36.30582],[98.11525,36.30621],[98.11525,36.30655],[98.11527,36.30689],[98.11529,36.30721],[98.11531,36.30752],[98.11517,36.30752],[98.11336,36.30758]],[[98.11525,36.30655],[98.11671,36.30651],[98.11672,36.30685],[98.11673,36.30717],[98.11673,36.30747],[98.11674,36.30786],[98.11677,36.30854],[98.11679,36.31163],[98.1182,36.31848],[98.1191,36.32571],[98.11861,36.33093],[98.11909,36.33239],[98.11794,36.33846],[98.12049,36.33838]],[[98.11529,36.30721],[98.11673,36.30717],[98.1183,36.30712],[98.1183,36.30747],[98.11673,36.30747],[98.11531,36.30752]],[[98.11511,36.30686],[98.11527,36.30689],[98.11672,36.30685]],[[98.1183,36.30712],[98.11829,36.30645]],[[98.11525,36.30582],[98.11484,36.30624],[98.11485,36.30654],[98.11334,36.30662],[98.11335,36.30692]],[[98.08843,36.30459],[98.08874,36.30462],[98.08923,36.30466]],[[98.11334,36.30662],[98.1135,36.30626],[98.11484,36.30624]],[[98.19274,36.20748],[98.19237,36.20791]],[[98.13375,36.23678],[98.13445,36.23624]],[[98.13619,36.23823],[98.13605,36.23802],[98.13593,36.2378]],[[98.25283,36.98665],[98.25567,36.98634],[98.25859,36.986]],[[98.13222,36.41516],[98.13125,36.41503],[98.12927,36.41472],[98.12673,36.41433]],[[98.06354,36.33744],[98.06367,36.3371]],[[98.06381,36.33675],[98.06394,36.33641]],[[98.06424,36.33558],[98.06415,36.33523]],[[98.09754,36.3496],[98.09758,36.34908],[98.09648,36.34904],[98.09564,36.349]],[[98.09979,36.34917],[98.0998,36.3497],[98.10057,36.34973],[98.10064,36.34974]],[[98.10057,36.34973],[98.10061,36.3492],[98.09979,36.34917],[98.09896,36.34914]],[[98.09758,36.34908],[98.09827,36.34911]],[[98.10061,36.3492],[98.10128,36.34923]],[[98.09698,36.35107],[98.09761,36.35109]],[[98.09831,36.35112],[98.0998,36.35118]],[[98.10063,36.35122],[98.10133,36.35125]],[[98.09493,36.34949],[98.09561,36.34952]],[[98.0983,36.34964],[98.09893,36.34966]],[[98.10135,36.34977],[98.10195,36.34979]],[[98.11786,36.3389],[98.11794,36.33846]],[[99.01502,37.29175],[99.01512,37.29192],[99.01408,37.29226]],[[99.0152,37.29215],[99.01529,37.29234],[99.01426,37.29264]],[[99.01538,37.29253],[99.01547,37.29272],[99.01443,37.29302]],[[99.01556,37.2929],[99.01564,37.29309]],[[99.01595,37.29214],[99.01604,37.29233],[99.01676,37.29211]],[[99.01613,37.29252],[99.01622,37.29271]],[[99.01417,37.29245],[99.0152,37.29215]],[[99.01666,37.29192],[99.01595,37.29214]],[[99.01434,37.29282],[99.01538,37.29253]],[[99.01685,37.29229],[99.01613,37.29252]],[[99.01452,37.29321],[99.01556,37.2929]],[[99.01284,37.30437],[99.01319,37.30435],[99.01353,37.30434],[99.01388,37.30433],[99.01421,37.30432],[99.01454,37.30431],[99.01488,37.30429],[99.01521,37.30428],[99.01554,37.30427]],[[99.01586,37.30426],[99.01621,37.30425]],[[99.01653,37.30424],[99.01687,37.30422],[99.01719,37.30421],[99.01729,37.30566],[99.01735,37.30683],[99.01702,37.30684],[99.01671,37.30685],[99.01636,37.30686],[99.01631,37.30569],[99.01596,37.30571],[99.01602,37.30687],[99.01568,37.30688],[99.01562,37.30572],[99.01529,37.30573],[99.01521,37.30428]],[[99.01326,37.3058],[99.0136,37.30579],[99.01394,37.30578],[99.01428,37.30577],[99.01461,37.30575],[99.01494,37.30574],[99.01529,37.30573],[99.01534,37.3069],[99.01499,37.30691],[99.01494,37.30574],[99.01488,37.30429]],[[99.01562,37.30572],[99.01596,37.30571]],[[99.01631,37.30569],[99.01667,37.30568],[99.01698,37.30567],[99.01729,37.30566],[99.01962,37.30558]],[[99.01319,37.30435],[99.01326,37.3058]],[[99.01365,37.30695],[99.0136,37.30579],[99.01353,37.30434]],[[99.01388,37.30433],[99.01394,37.30578],[99.01399,37.30694],[99.01365,37.30695]],[[99.01433,37.30693],[99.01428,37.30577],[99.01421,37.30432]],[[99.01454,37.30431],[99.01461,37.30575],[99.01465,37.30692],[99.01433,37.30693]],[[97.81426,37.3481],[97.81438,37.34824]],[[97.81303,37.34932],[97.81303,37.3489],[97.81302,37.34859]],[[97.80808,37.34881],[97.80808,37.34783]],[[97.80986,37.3479],[97.80987,37.34813]],[[97.80991,37.34881],[97.80994,37.34931],[97.80845,37.34931],[97.80819,37.35026]],[[97.80537,37.34769],[97.80543,37.3493],[97.80598,37.3493]],[[97.80641,37.3493],[97.80654,37.3493]],[[97.8075,37.3493],[97.80845,37.34931]],[[97.80994,37.34931],[97.81015,37.34931],[97.81092,37.34931],[97.81303,37.34932],[97.8151,37.34929],[97.81512,37.34864]],[[97.81013,37.35009],[97.81015,37.34931]],[[98.08912,36.30558],[98.08916,36.30525]],[[97.78427,36.06892],[97.7853,36.06661],[97.78718,36.06259]],[[98.13605,36.23802],[98.13404,36.23858]],[[98.10748,36.26418],[98.10734,36.26381]],[[98.11246,36.29132],[98.11229,36.29059],[98.11219,36.29009],[98.11323,36.28995]],[[98.11393,36.29044],[98.11397,36.29074]],[[98.11331,36.2905],[98.11229,36.29059]],[[99.07863,36.79571],[99.07942,36.79557]],[[98.08964,36.36384],[98.08873,36.36388],[98.08869,36.36462],[98.08875,36.36701]],[[98.08986,36.3709],[98.09073,36.37089]],[[90.87183,38.25814],[90.87242,38.25744],[90.87284,38.25697],[90.87411,38.25764],[90.87369,38.25812],[90.87242,38.25744],[90.87171,38.2571]],[[90.87327,38.25859],[90.87369,38.25812]],[[90.87284,38.25697],[90.87214,38.2566]],[[90.86919,38.2549],[90.87089,38.25579]],[[90.87152,38.25612],[90.87224,38.25649]],[[90.85142,38.25518],[90.8507,38.25483]],[[90.86576,38.25314],[90.86531,38.25365]],[[90.86552,38.25301],[90.86507,38.25352]],[[90.85098,38.2545],[90.8517,38.25487]],[[94.53292,38.04935],[94.53276,38.05314]],[[94.53209,38.05313],[94.53225,38.04933]],[[94.5314,38.05311],[94.53156,38.04931]],[[93.3301,38.73897],[93.33024,38.73874],[93.3305,38.73837],[93.33124,38.73867],[93.331,38.73902],[93.33024,38.73874]],[[93.33124,38.73867],[93.33132,38.73852]]]},"properties":{"roadClass":"local","highway":"residential","name":"","ref":""}},
{"type":"Feature","geometry":{"type":"LineString","coordinates":[[91.60488,33.99749],[91.60351,33.99862],[91.60053,33.99813],[91.59769,33.99975],[91.59595,34.00011],[91.59409,33.9996],[91.59063,33.99955],[91.5896,33.99822],[91.58904,33.99799],[91.57943,34.00003],[91.57716,34.00017],[91.57368,33.99908],[91.56044,33.99767],[91.55646,33.99724],[91.55433,33.99701]]},"properties":{"roadClass":"local","highway":"tertiary","name":"雁雅线","ref":""}},
{"type":"Feature","geometry":{"type":"MultiLineString","coordinates":[[[94.80771,35.94152],[94.80164,35.93869],[94.80006,35.93743],[94.79589,35.92967],[94.79467,35.92894],[94.7886,35.92756],[94.78578,35.92243],[94.75758,35.90409],[94.75601,35.90353],[94.75228,35.90295],[94.75036,35.9026],[94.7499,35.90248],[94.74866,35.90147],[94.74612,35.89832],[94.74436,35.89799],[94.74043,35.90029],[94.73307,35.90315],[94.71486,35.90777],[94.71134,35.9097],[94.70626,35.91098],[94.70343,35.91249],[94.70006,35.91295],[94.69701,35.91356],[94.69411,35.91294],[94.68284,35.91169],[94.67229,35.90807],[94.6699,35.90755],[94.66606,35.90845],[94.66285,35.91158],[94.65969,35.91201],[94.6588,35.91116],[94.65807,35.90638],[94.65803,35.90612],[94.65779,35.90451],[94.65728,35.90386],[94.65239,35.9022],[94.64129,35.90139],[94.62969,35.90219],[94.62179,35.90401],[94.62021,35.905],[94.61298,35.90443],[94.61085,35.90371],[94.60878,35.90391],[94.60484,35.90276],[94.60246,35.90329],[94.60068,35.90285],[94.59481,35.89922],[94.58763,35.89307],[94.58555,35.89185],[94.58101,35.88528],[94.57497,35.87921],[94.57343,35.87679],[94.57074,35.87558],[94.57037,35.87544],[94.56573,35.87397],[94.56264,35.87502],[94.5586,35.87753],[94.55362,35.88193],[94.54347,35.88392],[94.53363,35.88485],[94.52955,35.88465],[94.5242,35.88603],[94.52111,35.88754],[94.52002,35.88753],[94.50145,35.88075],[94.49846,35.88018],[94.49606,35.88017],[94.48727,35.88207],[94.47965,35.88203],[94.47245,35.88345],[94.46985,35.88319],[94.46438,35.88365],[94.45888,35.88618],[94.45278,35.8912],[94.45032,35.89195],[94.44075,35.89372],[94.43251,35.89318],[94.43165,35.89309],[94.42494,35.89268],[94.40462,35.89333],[94.39908,35.89255],[94.3966,35.89168],[94.39236,35.88955],[94.39151,35.88865],[94.39069,35.88748],[94.39005,35.88671],[94.38888,35.88604],[94.37665,35.88628],[94.37075,35.88686],[94.36823,35.88634],[94.36771,35.88609],[94.36699,35.88567],[94.36622,35.88519],[94.36473,35.88323],[94.3606,35.88242],[94.35838,35.8813],[94.3568,35.88009],[94.3561,35.87887],[94.3546,35.87338],[94.35278,35.86981],[94.35121,35.85797],[94.351,35.84015],[94.35135,35.83202],[94.35104,35.82835],[94.35068,35.82413],[94.35023,35.82255],[94.34639,35.81638],[94.34554,35.81032],[94.34357,35.80773],[94.34272,35.80558],[94.3421,35.80335],[94.34195,35.7999],[94.33983,35.7934],[94.3385,35.77189],[94.33861,35.76503],[94.33823,35.76388],[94.33683,35.76174],[94.33649,35.75841],[94.33471,35.75621],[94.33027,35.75443],[94.32764,35.75141],[94.32231,35.7478],[94.31619,35.74467],[94.31317,35.74373],[94.27016,35.73939],[94.24785,35.73796],[94.23353,35.73477],[94.22863,35.73405],[94.07201,35.71424],[94.06152,35.71103],[94.05998,35.7103],[94.0565,35.70537],[94.05607,35.70354],[94.05565,35.69715],[94.05522,35.69558],[94.05365,35.69446],[94.05189,35.69174],[94.05261,35.69011],[94.05241,35.6891],[94.05136,35.68804],[94.05109,35.68699],[94.04851,35.68398],[94.04964,35.67963],[94.04909,35.67827],[94.04898,35.67805],[94.04879,35.67703],[94.05019,35.67469],[94.05031,35.67315],[94.04921,35.6703],[94.04929,35.66936],[94.06328,35.65282],[94.06369,35.65164],[94.06372,35.64769],[94.06399,35.64679],[94.06761,35.64239],[94.06865,35.64032]],[[94.83009,35.99982],[94.82993,35.99893],[94.82937,35.99854],[94.82575,35.99813],[94.82377,35.99663],[94.82033,35.98331],[94.81701,35.97627],[94.81605,35.9733],[94.81621,35.97207],[94.81751,35.97036],[94.81823,35.96818],[94.82023,35.96199],[94.82018,35.96069],[94.81785,35.95637],[94.813,35.95179],[94.81243,35.95026],[94.81174,35.94399],[94.81031,35.9427]],[[94.82975,36.34519],[94.84637,36.36093],[94.84833,36.36258],[94.85032,36.36426],[94.85041,36.36433],[94.85463,36.36794],[94.85573,36.36891],[94.8558,36.36898],[94.85595,36.36903],[94.85743,36.37029],[94.86311,36.37513],[94.86648,36.37799]],[[94.86636,36.37801],[94.85588,36.36909],[94.8558,36.36898]],[[94.83007,36.00012],[94.82981,36.00081],[94.82879,36.00128],[94.8238,36.00058],[94.82273,36.00133],[94.82248,36.0019],[94.82089,36.01741],[94.82083,36.05331],[94.81461,36.07579],[94.81584,36.07871],[94.81657,36.07902],[94.81822,36.07889],[94.81899,36.07914],[94.81943,36.07968],[94.81949,36.08074],[94.81949,36.08103],[94.81927,36.08199],[94.81847,36.08253],[94.81285,36.08354],[94.80567,36.08635],[94.80288,36.08895],[94.80059,36.09032],[94.80065,36.09113],[94.80182,36.09341],[94.80665,36.09939],[94.80668,36.10116],[94.80718,36.10197],[94.80725,36.10206],[94.81033,36.106],[94.81727,36.12353],[94.81742,36.12453],[94.81684,36.12515],[94.81096,36.1288],[94.80665,36.13455],[94.80302,36.13448],[94.79764,36.13151],[94.79558,36.13147],[94.79194,36.13357],[94.7897,36.13322],[94.7823,36.13627],[94.77773,36.14109],[94.77718,36.14262],[94.77269,36.1791],[94.77439,36.19495],[94.77591,36.20945],[94.77542,36.21085],[94.77141,36.2169],[94.77111,36.21891],[94.77451,36.23992],[94.78141,36.25845],[94.7846,36.27404],[94.78544,36.27526],[94.78722,36.27603],[94.78757,36.27612],[94.78893,36.27666],[94.78969,36.27745],[94.79755,36.28876],[94.81435,36.32926],[94.81439,36.32937],[94.81578,36.3319],[94.82889,36.34436],[94.82917,36.34464],[94.82927,36.34473],[94.82949,36.34494]]]},"properties":{"roadClass":"national","highway":"trunk","name":"青藏公路","ref":"G109;G215"}},
{"type":"Feature","geometry":{"type":"LineString","coordinates":[[94.80771,35.94152],[94.81031,35.9427]]},"properties":{"roadClass":"national","highway":"trunk","name":"雪水河大桥","ref":"G109;G215"}},
{"type":"Feature","geometry":{"type":"LineString","coordinates":[[93.64052,35.89364],[93.63957,35.89419],[93.64176,35.89484],[93.63961,35.89602],[93.64186,35.89622],[93.6412,35.89686],[93.64171,35.89715],[93.64373,35.89675],[93.6442,35.89946],[93.64374,35.89989],[93.64286,35.89992],[93.64268,35.90052]]},"properties":{"roadClass":"local","highway":"unclassified","name":"玉虚峰祭台","ref":""}},
{"type":"Feature","geometry":{"type":"MultiLineString","coordinates":[[[96.46407,35.8224],[96.46652,35.82619],[96.46853,35.8276],[96.47124,35.82858],[96.47374,35.83092],[96.47398,35.83168],[96.47543,35.83205],[96.47613,35.83276],[96.47688,35.83483],[96.48243,35.83617],[96.48556,35.83852],[96.48629,35.83945],[96.48776,35.84033],[96.48866,35.84035],[96.49013,35.84096],[96.49109,35.84081],[96.4965,35.84229],[96.50422,35.84326],[96.50589,35.84426],[96.50751,35.84656],[96.509,35.84787],[96.51023,35.85038],[96.51285,35.85243],[96.51592,35.8555],[96.52051,35.85856],[96.52569,35.86117],[96.52749,35.86367],[96.53029,35.8662],[96.53454,35.87102],[96.53976,35.87883],[96.54066,35.8797],[96.54157,35.88143],[96.54425,35.88314],[96.54521,35.8841],[96.54338,35.89036],[96.54371,35.90117],[96.53831,35.91296],[96.53764,35.91526],[96.53747,35.91822],[96.53673,35.92027],[96.5338,35.9209],[96.53297,35.92166],[96.53317,35.92307],[96.5314,35.92367],[96.52824,35.92573],[96.52967,35.92572],[96.53144,35.92638],[96.53231,35.92668],[96.53274,35.92793],[96.53194,35.92844],[96.53214,35.92932],[96.53064,35.93055],[96.52963,35.93193],[96.52946,35.93305],[96.52815,35.93596],[96.52794,35.93822],[96.52833,35.9399],[96.5303,35.94242],[96.5325,35.94399],[96.53246,35.94467],[96.53109,35.94619],[96.5276,35.95132],[96.52616,35.95507],[96.52425,35.95689],[96.52227,35.95817],[96.52109,35.95937],[96.51991,35.96129],[96.51877,35.96639],[96.5156,35.97004],[96.5129,35.97544],[96.51253,35.97914],[96.51053,35.98889],[96.5099,35.98912],[96.50695,35.99207],[96.50381,35.9938],[96.50011,35.99473],[96.49635,35.99427],[96.49429,35.99479],[96.4912,35.99658],[96.49231,35.99753],[96.49265,35.99778],[96.49357,35.99853],[96.49312,36.00117],[96.49428,36.00127],[96.49461,36.00161],[96.4938,36.00307],[96.49375,36.00582],[96.49492,36.01355],[96.49378,36.0141],[96.49042,36.01731],[96.48662,36.02056],[96.4837,36.02148],[96.47991,36.02194],[96.47947,36.02202],[96.47827,36.02195],[96.47463,36.02272],[96.47258,36.02227],[96.46965,36.02309],[96.46714,36.02468],[96.46002,36.03132],[96.45798,36.03192],[96.45704,36.03255],[96.45456,36.03264],[96.45142,36.03453],[96.44372,36.04499],[96.44007,36.05004],[96.44003,36.05076],[96.43928,36.05127],[96.43756,36.05109],[96.43428,36.0517],[96.43344,36.05477],[96.43218,36.05707],[96.43224,36.0591],[96.43293,36.06059],[96.4327,36.06181],[96.43371,36.06283],[96.43454,36.06448],[96.43455,36.0654],[96.43597,36.06646],[96.43309,36.06648],[96.43147,36.06714],[96.43054,36.07132],[96.42963,36.0722],[96.43004,36.07341],[96.42961,36.07393],[96.42934,36.07641],[96.42843,36.07657],[96.42736,36.07593],[96.42693,36.07599],[96.42669,36.0763],[96.42705,36.07806],[96.42542,36.07975],[96.42389,36.08044],[96.42549,36.08221],[96.42619,36.08255],[96.4267,36.08342],[96.42571,36.08496],[96.42792,36.08453],[96.42894,36.08535],[96.43075,36.09361],[96.42812,36.09558],[96.42802,36.09602],[96.42945,36.09903],[96.42924,36.1008],[96.42954,36.10217],[96.4307,36.10428],[96.43163,36.10468],[96.4316,36.10559],[96.42836,36.10724],[96.42753,36.11035],[96.42384,36.11387],[96.41793,36.12097],[96.41678,36.12128],[96.41458,36.12101],[96.41317,36.1221],[96.41272,36.12313],[96.41315,36.12615],[96.41238,36.12778],[96.40396,36.13983],[96.39988,36.14414],[96.3987,36.1459],[96.39741,36.14831],[96.39727,36.15345],[96.39469,36.16219],[96.39384,36.16362],[96.394,36.16468],[96.39344,36.16676],[96.39103,36.16893],[96.39015,36.17137],[96.38943,36.17759],[96.38943,36.18121],[96.38867,36.18617],[96.38166,36.20907],[96.38141,36.21455],[96.38176,36.24252],[96.38645,36.32401],[96.38894,36.34211],[96.39777,36.38051],[96.3978,36.38065],[96.39792,36.38114]],[[96.46439,35.82172],[96.46433,35.821],[96.46304,35.82028],[96.46037,35.81957],[96.45932,35.81896],[96.45784,35.81872],[96.45721,35.81822],[96.45354,35.81787],[96.44709,35.81525]],[[96.53673,35.92027],[96.53547,35.92215],[96.53594,35.92351],[96.53495,35.92501],[96.53483,35.9263],[96.53394,35.92642],[96.5318,35.92609],[96.53144,35.92638]],[[96.44372,36.04499],[96.43974,36.04539],[96.43791,36.04615],[96.43428,36.0517]],[[96.49042,36.01731],[96.48882,36.01977],[96.48631,36.02262],[96.48139,36.02449],[96.47433,36.02654],[96.46802,36.02901],[96.4645,36.03205],[96.46002,36.03132]]]},"properties":{"roadClass":"local","highway":"unclassified","name":"八宝路","ref":""}},
{"type":"Feature","geometry":{"type":"LineString","coordinates":[[97.87947,35.9811],[97.88135,35.98147],[97.88251,35.98213],[97.88545,35.98593],[97.88637,35.98748],[97.88654,35.9892],[97.88664,35.99392],[97.88686,35.99699],[97.88877,35.998],[97.88964,35.99869],[97.88982,35.9988],[97.89165,35.99968],[97.89287,36.00026],[97.89841,36.00339],[97.90365,36.00559],[97.91085,36.00975],[97.91319,36.01039],[97.9144,36.01067],[97.91456,36.01071],[97.92835,36.01242],[97.93931,36.01673],[97.9447,36.01837],[97.95694,36.02017],[97.96476,36.02309],[97.97258,36.02478],[97.98513,36.02923],[97.99073,36.0299],[97.99764,36.03294],[97.99899,36.03379],[98.00346,36.03938],[98.00659,36.04393],[98.00904,36.04559],[98.01503,36.04692],[98.02221,36.05001],[98.02778,36.05154],[98.03283,36.05335],[98.04497,36.05682],[98.05717,36.05537],[98.05951,36.05557],[98.06533,36.05758],[98.06686,36.05767],[98.07146,36.05701],[98.07816,36.05487],[98.08121,36.05424],[98.09468,36.05292],[98.10492,36.05508],[98.11367,36.05545],[98.12026,36.05643],[98.13977,36.06059],[98.14804,36.06102],[98.15182,36.06031],[98.15508,36.05824],[98.16049,36.05795],[98.16261,36.05855],[98.16421,36.05955],[98.17093,36.06582],[98.17302,36.06844],[98.17346,36.06962],[98.17357,36.07161],[98.17294,36.07432],[98.17108,36.08168],[98.16954,36.08814],[98.17064,36.09229],[98.17067,36.09388],[98.1677,36.10288],[98.16751,36.10459],[98.16825,36.10621],[98.17028,36.10909],[98.17615,36.11359],[98.17842,36.11547],[98.18186,36.11977],[98.18279,36.12172],[98.18305,36.12438],[98.18159,36.13154],[98.18097,36.13314],[98.18022,36.13417],[98.17699,36.13698],[98.17486,36.14112],[98.17077,36.14458],[98.17029,36.14557],[98.17023,36.15395],[98.17139,36.15938],[98.17324,36.18004],[98.1763,36.1971],[98.17648,36.19986],[98.17609,36.20726],[98.17569,36.20855],[98.17066,36.21163],[98.16981,36.21155],[98.16914,36.21111],[98.16902,36.21102],[98.16714,36.21006],[98.16331,36.21033],[98.16187,36.21086],[98.15584,36.21416],[98.15085,36.21437],[98.14827,36.21443],[98.14708,36.21473],[98.14004,36.22049],[98.13841,36.22089],[98.12751,36.22214],[98.12654,36.22329],[98.12649,36.2234],[98.12577,36.22434],[98.12277,36.22469],[98.12114,36.22539],[98.11475,36.23302],[98.10596,36.23894],[98.10505,36.24059],[98.10489,36.24131],[98.1048,36.24178],[98.10524,36.24352],[98.10668,36.2453],[98.10674,36.24539],[98.10696,36.24619],[98.10667,36.24853],[98.10383,36.25446],[98.10338,36.26092],[98.10248,36.2636],[98.10207,36.2648],[98.10156,36.26633],[98.10152,36.26644],[98.10056,36.26929],[98.09837,36.2756],[98.09301,36.28488],[98.08694,36.29471],[98.08556,36.29751],[98.08485,36.30042],[98.08425,36.30289],[98.08411,36.30419],[98.08424,36.30525],[98.08456,36.30746],[98.0853,36.31273],[98.08531,36.31284],[98.08647,36.32118],[98.08663,36.32917],[98.08674,36.3319],[98.08682,36.33601],[98.08696,36.34035],[98.08705,36.34405],[98.08721,36.35021],[98.0874,36.35622],[98.08768,36.36463],[98.08771,36.36549],[98.08816,36.38229],[98.0885,36.39426],[98.08884,36.39656],[98.08915,36.3971],[98.0925,36.40239],[98.09456,36.40447],[98.09628,36.40507],[98.10049,36.40557],[98.10789,36.40877],[98.12058,36.41416],[98.12877,36.41671],[98.1302,36.41715],[98.13029,36.41718],[98.13206,36.41785],[98.13616,36.4196],[98.1397,36.42061],[98.14646,36.42249],[98.15315,36.42498],[98.15519,36.42555],[98.15706,36.42611],[98.15793,36.42637],[98.15876,36.42661],[98.1596,36.42685],[98.16244,36.42768],[98.16715,36.42901],[98.17165,36.42957],[98.17416,36.43084],[98.18106,36.43288],[98.18127,36.43296],[98.18172,36.43311],[98.18506,36.4342],[98.19205,36.43527],[98.20198,36.43569],[98.20756,36.43689],[98.21205,36.43707],[98.22185,36.43877],[98.22736,36.44074],[98.23147,36.44288],[98.23415,36.44389],[98.24074,36.44582],[98.24585,36.44965],[98.24919,36.45156],[98.25279,36.45432],[98.25853,36.45776],[98.25999,36.45898],[98.26011,36.45908],[98.26182,36.45993],[98.26899,36.46186],[98.27819,36.46562],[98.28405,36.467],[98.2925,36.46708],[98.32417,36.46449],[98.32769,36.4652]]},"properties":{"roadClass":"national","highway":"trunk","name":"","ref":"G109;G347"}},
{"type":"Feature","geometry":{"type":"MultiLineString","coordinates":[[[97.87611,35.98058],[97.87082,35.97974]],[[94.8836,36.40021],[94.8833,36.40026]],[[94.88331,36.40049],[94.88366,36.40047]],[[94.91167,36.48873],[94.92118,36.47904],[94.92681,36.47492],[94.93245,36.47187],[94.93248,36.47186],[94.9325,36.47184],[94.93584,36.47042],[94.93664,36.4701],[94.93885,36.46935],[94.94207,36.46838],[94.94899,36.46635],[94.95685,36.46403],[94.95702,36.46398],[94.96112,36.46276],[94.96127,36.46271],[94.96858,36.46002],[94.97298,36.45791],[94.97327,36.45775],[94.9997,36.4426],[94.99999,36.44244],[95.01235,36.43531],[95.01842,36.4307],[95.02216,36.42677],[95.02442,36.42372],[95.02641,36.42026],[95.02817,36.41591],[95.02821,36.41577],[95.03032,36.40613],[95.03158,36.40237],[95.03164,36.40223],[95.03169,36.40211],[95.03433,36.39747],[95.03811,36.39319],[95.03857,36.39275],[95.05356,36.38017],[95.05654,36.37695],[95.05869,36.37403],[95.06164,36.36859],[95.06335,36.36304],[95.06391,36.35877],[95.06397,36.35171],[95.06406,36.347]],[[94.91158,36.48868],[94.91874,36.48113],[94.92249,36.47783],[94.92673,36.47484],[94.93237,36.47176],[94.93239,36.47175],[94.93242,36.47174],[94.9358,36.47032],[94.93657,36.47001],[94.93877,36.46924],[94.94204,36.46829],[94.94895,36.46626],[94.95681,36.46392],[94.95698,36.46387],[94.96107,36.46266],[94.96122,36.46261],[94.96853,36.45992],[94.97291,36.45783],[94.97321,36.45766],[94.99969,36.4425],[94.99998,36.44233],[95.01226,36.43523],[95.0183,36.43064],[95.02205,36.42671],[95.0243,36.42365],[95.02626,36.42022],[95.02805,36.41589],[95.0281,36.41574],[95.03019,36.4061],[95.03145,36.40236],[95.03151,36.40221],[95.03156,36.4021],[95.03423,36.39741],[95.03791,36.3932],[95.03839,36.39276],[95.05346,36.3801],[95.05641,36.37689],[95.05857,36.37398],[95.06149,36.36856],[95.06319,36.36303],[95.06377,36.35877],[95.06385,36.35173],[95.0639,36.347]],[[94.02937,36.60867],[94.02806,36.6073]],[[95.37301,37.83411],[95.3726,37.83448],[95.37249,37.83458],[95.37218,37.83485]],[[95.37212,37.83476],[95.37246,37.83446],[95.37257,37.83436],[95.37301,37.83396]],[[97.35568,37.17282],[97.35646,37.17471]],[[97.35595,37.16124],[97.35605,37.16098],[97.357,37.15904],[97.35871,37.1567]],[[97.35583,37.1612],[97.35593,37.16094],[97.35817,37.15652]],[[97.35507,37.16996],[97.35481,37.16662],[97.35517,37.16391]],[[97.37502,37.31431],[97.37507,37.31579]],[[95.45834,37.68529],[95.45874,37.68535]],[[95.21817,36.7642],[95.21821,36.76552]],[[95.58716,37.5966],[95.58703,37.59633]],[[95.55851,37.60599],[95.55867,37.60619]],[[95.40055,37.78809],[95.40097,37.78826]],[[98.32942,36.46804],[98.33083,36.46654],[98.33237,36.4659]],[[94.90906,36.39011],[94.90911,36.39065],[94.90848,36.39069],[94.90842,36.39017],[94.90906,36.39011]],[[95.36578,37.83993],[95.36585,37.83986],[95.36627,37.84003],[95.36599,37.84019],[95.36578,37.83993],[95.36547,37.84041],[95.36599,37.84019]]]},"properties":{"roadClass":"national","highway":"trunk","name":"","ref":""}},
{"type":"Feature","geometry":{"type":"MultiLineString","coordinates":[[[97.92763,35.93879],[97.93345,35.93544],[97.93775,35.93242],[97.94568,35.92832],[97.95491,35.92418],[97.9819,35.91263],[97.9835,35.91261],[97.98574,35.91352],[97.98593,35.91404],[97.98668,35.91437],[97.98745,35.91445],[97.98881,35.91408],[97.9905,35.91454],[97.9936,35.91434],[97.99613,35.91323],[97.99858,35.9126],[98.00436,35.90961],[98.01221,35.90618],[98.01766,35.90456],[98.02082,35.90372],[98.02319,35.90361],[98.02486,35.90291],[98.02685,35.90259],[98.02803,35.90189],[98.03288,35.9015],[98.03378,35.90221],[98.03422,35.90305],[98.03561,35.90387],[98.03862,35.90409],[98.04062,35.90351],[98.04306,35.90478],[98.04496,35.90487],[98.04828,35.90404],[98.05232,35.90222],[98.06404,35.89883],[98.07573,35.8961],[98.07997,35.89576],[98.08195,35.8974],[98.08532,35.89801],[98.09393,35.89627],[98.09508,35.89522],[98.09978,35.8964],[98.10219,35.8961],[98.10332,35.89543],[98.10666,35.8943],[98.11068,35.89482],[98.11334,35.89461],[98.11588,35.89405],[98.11809,35.89425],[98.11964,35.89402],[98.12208,35.89307],[98.12315,35.89233],[98.12351,35.89164],[98.12424,35.89131],[98.12575,35.89151],[98.12864,35.89093],[98.13655,35.88826],[98.13917,35.887],[98.14142,35.88644],[98.14463,35.88462],[98.14639,35.88219],[98.14643,35.8821],[98.14714,35.88086],[98.1483,35.88005],[98.15058,35.87893],[98.15251,35.87872],[98.15572,35.87728],[98.15579,35.87724],[98.15783,35.87566],[98.162,35.87596],[98.16553,35.8774],[98.16848,35.87921],[98.17238,35.88041],[98.17363,35.88058],[98.17519,35.88026],[98.18132,35.87704],[98.18478,35.87625],[98.18927,35.87431],[98.19965,35.86631],[98.20008,35.86598],[98.20196,35.86458],[98.20326,35.86414],[98.20345,35.8641],[98.20999,35.8627],[98.2101,35.86268],[98.2231,35.85977],[98.22738,35.85696],[98.22921,35.85427],[98.23217,35.85268],[98.23403,35.8509],[98.23677,35.84921],[98.24534,35.84648],[98.24566,35.84579],[98.24568,35.84536],[98.24616,35.84472],[98.24955,35.84426],[98.25161,35.8428],[98.25613,35.83829],[98.25742,35.83759],[98.25824,35.83636],[98.26074,35.83501],[98.26357,35.83431],[98.26466,35.83342],[98.26617,35.83147],[98.2671,35.82751],[98.27061,35.82165],[98.27079,35.82123],[98.27319,35.81647],[98.27394,35.81355],[98.2824,35.80719],[98.28457,35.80481],[98.29108,35.80068],[98.29956,35.79892],[98.31415,35.79336],[98.31918,35.79227],[98.32147,35.78884],[98.3218,35.78676],[98.32167,35.78589],[98.32026,35.78432],[98.31928,35.78054],[98.31927,35.77781],[98.32101,35.77417],[98.32118,35.77088],[98.32174,35.7691],[98.32272,35.76781],[98.32965,35.76252],[98.33202,35.76169],[98.33878,35.76042],[98.3399,35.76051],[98.3417,35.76117],[98.34765,35.75647],[98.34872,35.75435],[98.34944,35.75133],[98.34825,35.74888],[98.34802,35.74755],[98.34677,35.7463],[98.34672,35.74546],[98.34778,35.74273],[98.34917,35.74092],[98.34973,35.73883],[98.35266,35.73594],[98.35844,35.73065],[98.35879,35.72857],[98.36105,35.72631],[98.36326,35.72605],[98.36772,35.72153],[98.36885,35.72005],[98.36944,35.71779],[98.37078,35.71685],[98.37025,35.70795],[98.37083,35.70258],[98.3706,35.69857],[98.37057,35.69807],[98.37024,35.69312],[98.36914,35.68818],[98.36978,35.6855],[98.3697,35.68349],[98.37153,35.68109],[98.37326,35.67775],[98.37783,35.67286],[98.37887,35.67231],[98.38301,35.67075],[98.39623,35.66434],[98.40234,35.66306],[98.40925,35.65905],[98.41349,35.65729],[98.41623,35.65575],[98.42158,35.65179],[98.42251,35.65184],[98.4226,35.6519],[98.42292,35.65214],[98.42338,35.65202],[98.42636,35.64948],[98.42815,35.64848],[98.43269,35.64643],[98.43376,35.64663],[98.43477,35.64732],[98.43544,35.64765],[98.43586,35.64754],[98.4418,35.64174],[98.44521,35.64146],[98.44764,35.63974],[98.45253,35.63622],[98.45357,35.63503],[98.45505,35.63297],[98.4579,35.62738],[98.45886,35.62643],[98.45936,35.62598],[98.4595,35.62587],[98.46018,35.62557],[98.46306,35.62527],[98.46431,35.62479],[98.47289,35.61634],[98.47416,35.61337],[98.47719,35.61061],[98.48413,35.60913],[98.48991,35.60888],[98.49747,35.60768],[98.50363,35.605],[98.50779,35.60255],[98.50823,35.6016],[98.50793,35.60011],[98.50788,35.60004],[98.50726,35.59974],[98.50687,35.59965],[98.50639,35.59887],[98.50694,35.59831],[98.50854,35.59757],[98.51171,35.59705],[98.517,35.59457],[98.52211,35.59317],[98.52319,35.59186],[98.5279,35.59144],[98.53528,35.58919],[98.54094,35.58842],[98.54677,35.58707],[98.54892,35.58588],[98.55076,35.58531],[98.55263,35.58401],[98.55325,35.58023]],[[94.77909,36.42995],[94.77923,36.42978],[94.78342,36.42843],[94.78896,36.42673],[94.79134,36.42601],[94.7915,36.42596],[94.83181,36.41375],[94.83221,36.41364],[94.83236,36.4136],[94.83275,36.4135],[94.84167,36.41075],[94.84402,36.41003]],[[94.22779,36.55537],[94.22784,36.55528],[94.24079,36.53393],[94.25192,36.52261],[94.25399,36.52131],[94.26112,36.51841],[94.26327,36.51792],[94.28876,36.5206],[94.29124,36.52052],[94.30928,36.51372],[94.32426,36.50907],[94.32637,36.5081],[94.32913,36.50488],[94.33202,36.50107],[94.33412,36.49763],[94.33581,36.49572],[94.33766,36.49448],[94.34347,36.49184],[94.34517,36.49077],[94.35856,36.4781],[94.36072,36.47721],[94.36465,36.47692],[94.36675,36.47576],[94.37016,36.46922],[94.3757,36.4627],[94.37879,36.45978],[94.39136,36.45005],[94.39363,36.44685]],[[94.39383,36.44651],[94.39453,36.44539],[94.39597,36.44335],[94.39774,36.44179],[94.41105,36.43377],[94.41503,36.43207],[94.42901,36.42754],[94.43244,36.4261],[94.44858,36.41645],[94.45364,36.41434],[94.45896,36.41258],[94.4643,36.41106],[94.46505,36.41097],[94.46948,36.41027],[94.47719,36.40712],[94.49356,36.40337],[94.50403,36.39944],[94.51042,36.39794],[94.52146,36.39648],[94.52979,36.39511],[94.53328,36.39425],[94.54109,36.39152],[94.55149,36.38955],[94.56201,36.38894],[94.5786,36.39159],[94.60097,36.39215],[94.60503,36.39247],[94.64157,36.39622],[94.65268,36.39767],[94.6548,36.39836],[94.67076,36.40524],[94.67607,36.40725]],[[93.17399,36.91371],[93.17416,36.9136],[93.19057,36.9023],[93.19234,36.89906],[93.19262,36.89638]],[[94.93415,36.39737],[94.93409,36.39747],[94.93279,36.39987],[94.92908,36.40653],[94.92961,36.4062],[94.93295,36.39986],[94.93428,36.39747]],[[94.79162,36.40684],[94.79134,36.42601],[94.79133,36.42615],[94.7915,36.4261],[94.7915,36.42596],[94.7918,36.40684]],[[94.84411,36.41017],[94.84168,36.41089],[94.83279,36.41364],[94.83239,36.41374],[94.83224,36.41378],[94.83185,36.41389],[94.7915,36.4261]],[[94.7795,36.42989],[94.78342,36.42857],[94.78896,36.42688],[94.79133,36.42615]],[[95.10573,37.96147],[95.10532,37.95911],[95.08857,37.93296],[95.08784,37.93224],[95.08694,37.93239],[95.08453,37.93485],[95.08109,37.93599],[95.04202,37.92808],[95.01618,37.91037],[95.01529,37.91007],[94.9702,37.91402],[94.95798,37.91905],[94.95659,37.91857],[94.9559,37.91696],[94.95502,37.91637],[94.94133,37.91389],[94.92884,37.91454],[94.92176,37.91611],[94.91536,37.91682],[94.91081,37.91806],[94.90943,37.91817],[94.90803,37.91761],[94.90698,37.91627],[94.90482,37.89703],[94.90547,37.89571],[94.90668,37.89477],[94.94651,37.87564],[94.9472,37.87509],[94.99445,37.80769],[94.99517,37.80175],[94.99572,37.80014],[94.99844,37.79572],[95.00316,37.78386],[95.00771,37.77594],[95.01936,37.75148],[95.02356,37.74407],[95.02451,37.74332],[95.04619,37.73286],[95.04776,37.73171],[95.06973,37.70048],[95.13068,37.67102],[95.15688,37.66105],[95.16655,37.65676],[95.17521,37.65439],[95.18038,37.65197],[95.18334,37.64964],[95.18506,37.6487],[95.19642,37.64508],[95.20309,37.64131],[95.20516,37.63977],[95.2081,37.63923],[95.20991,37.63922],[95.21721,37.64129],[95.21877,37.64138],[95.2203,37.64093],[95.22234,37.6397],[95.23074,37.63808],[95.24042,37.63512],[95.24657,37.6323],[95.2505,37.63101],[95.25509,37.62899],[95.25731,37.62717],[95.26363,37.62475],[95.26872,37.62194],[95.27529,37.61962],[95.27718,37.61787],[95.28222,37.61525],[95.28571,37.61283],[95.28691,37.61235],[95.29014,37.61193],[95.29305,37.61198],[95.3039,37.61052],[95.31847,37.60538],[95.34112,37.60222],[95.34225,37.60236],[95.34648,37.60398],[95.35041,37.60505],[95.35302,37.60651],[95.35954,37.60866],[95.36714,37.61323],[95.36847,37.61357],[95.37069,37.61341]],[[95.75234,36.44359],[95.75249,36.43884],[95.75342,36.43711],[95.75898,36.43045],[95.75913,36.4237],[95.75857,36.41939],[95.74827,36.38571],[95.74603,36.37675],[95.74626,36.37614]],[[97.38436,37.35384],[97.38416,37.35385]],[[97.36924,37.36816],[97.36722,37.36787]],[[95.74543,36.3762],[95.74603,36.37675]],[[96.83469,37.35506],[96.83413,37.35567],[96.8363,37.36571],[96.83601,37.36717],[96.83592,37.36736],[96.83592,37.36809],[96.83722,37.3711],[96.83911,37.37431],[96.83934,37.37754],[96.84009,37.38059],[96.83977,37.3841],[96.84105,37.39198],[96.83942,37.45088],[96.83323,37.4775],[96.83315,37.48923],[96.83873,37.51032],[96.83958,37.51549]],[[97.06719,37.33874],[97.06735,37.33382],[97.06694,37.33235],[97.05978,37.32002],[97.05579,37.31651],[97.05228,37.31084],[97.04889,37.3074],[97.04354,37.30005],[97.04294,37.29843],[97.04271,37.29363],[97.04341,37.29166],[97.0481,37.28705],[97.05859,37.2837],[97.06701,37.27968],[97.08155,37.27262],[97.08425,37.27096],[97.08839,37.26934],[97.10068,37.26366],[97.11125,37.26105],[97.11653,37.26035],[97.1251,37.25775],[97.13842,37.25515],[97.15304,37.25073],[97.16046,37.24964],[97.16238,37.25016],[97.16613,37.25316],[97.16761,37.25534],[97.17111,37.25882],[97.17217,37.26035],[97.1728,37.26313],[97.17286,37.27231],[97.1747,37.27564],[97.17626,37.27718],[97.17803,37.27898],[97.17737,37.2878],[97.1773,37.29044],[97.17738,37.29056],[97.17794,37.29085],[97.1935,37.28863],[97.1942,37.2888],[97.20257,37.31072],[97.20286,37.31148],[97.20387,37.31237],[97.20476,37.31316],[97.20653,37.31472],[97.2116,37.31723],[97.22391,37.3234],[97.23051,37.32592],[97.23296,37.32701],[97.23866,37.33391],[97.23876,37.33403],[97.23951,37.33494],[97.2396,37.33505],[97.24115,37.33703]],[[97.56017,37.07262],[97.53721,37.08175],[97.53435,37.0832],[97.53113,37.08555],[97.47335,37.13835],[97.41556,37.17211],[97.41243,37.17322],[97.41233,37.17325],[97.40485,37.17536],[97.40312,37.17621],[97.38395,37.19041],[97.3832,37.19198],[97.38452,37.20283],[97.38352,37.21515],[97.39186,37.21619],[97.39974,37.21657]],[[97.35985,37.37198],[97.35961,37.37197],[97.35816,37.37194]],[[97.38398,37.24233],[97.38445,37.24233],[97.38643,37.23073],[97.38586,37.22795],[97.38311,37.22299],[97.38352,37.21515]],[[97.34068,37.33733],[97.3494,37.33734],[97.35805,37.33734]],[[97.32432,37.3511],[97.32432,37.35094],[97.32425,37.35033],[97.3243,37.34897],[97.32408,37.34694],[97.32392,37.34542],[97.32365,37.34282],[97.32276,37.33618],[97.32327,37.34285],[97.32354,37.34544],[97.32371,37.34696],[97.32392,37.34899],[97.32425,37.35033]],[[97.34082,37.32836],[97.33692,37.3284],[97.33522,37.32842],[97.33505,37.32842],[97.33269,37.32844],[97.33014,37.32847],[97.32779,37.32849],[97.32762,37.32849],[97.32499,37.32852],[97.32204,37.32854],[97.32207,37.32885],[97.32235,37.33181],[97.32264,37.33495],[97.32276,37.33618]],[[97.3384,37.44651],[97.33858,37.44622],[97.35723,37.40611],[97.35715,37.40609],[97.35517,37.40553],[97.35518,37.40156],[97.35806,37.40152],[97.36001,37.40156],[97.36002,37.40569],[97.35947,37.40675],[97.35723,37.40611]],[[95.74521,36.37376],[95.74563,36.37547],[95.74565,36.37557],[95.7458,36.37617]],[[97.35202,37.46756],[97.35275,37.46868],[97.35295,37.47003],[97.35175,37.47122],[97.35172,37.4719],[97.35171,37.472],[97.35167,37.47254],[97.35235,37.47278],[97.35428,37.47213],[97.35741,37.47388],[97.35874,37.47499],[97.35881,37.47506],[97.36,37.47548],[97.36188,37.47817],[97.36188,37.48116],[97.36253,37.48338],[97.3626,37.48344],[97.36464,37.48544],[97.36616,37.48615],[97.36616,37.48662],[97.36998,37.48792],[97.37189,37.48943],[97.3732,37.48867],[97.3753,37.48874],[97.37694,37.48827],[97.37977,37.48674],[97.38049,37.48665],[97.38198,37.48661],[97.38485,37.48734],[97.38517,37.48691],[97.38728,37.48662],[97.38968,37.48707],[97.39206,37.4869],[97.39519,37.4862],[97.3988,37.48596],[97.39895,37.48569],[97.40288,37.48574],[97.40545,37.48688],[97.40659,37.48705],[97.40768,37.48678],[97.40973,37.48707],[97.41041,37.48633],[97.41087,37.48624],[97.41621,37.48797],[97.41824,37.48793],[97.41893,37.48758],[97.41993,37.4879],[97.42501,37.48826],[97.42759,37.48745],[97.42727,37.48708],[97.42576,37.48727],[97.42561,37.48697],[97.426,37.48675],[97.42998,37.48611],[97.43146,37.48661],[97.4315,37.48628],[97.43087,37.48586],[97.43102,37.48566],[97.43383,37.4861],[97.43753,37.48598],[97.43944,37.48661],[97.43959,37.48629],[97.43861,37.48573],[97.43884,37.48548],[97.44112,37.48591],[97.44646,37.48622],[97.44682,37.48703],[97.44828,37.48662],[97.45092,37.48659],[97.45522,37.48791],[97.45679,37.48934],[97.45695,37.48993],[97.45704,37.49115],[97.45843,37.49381],[97.46274,37.49796],[97.46442,37.50084],[97.46404,37.50252],[97.46177,37.50736],[97.45814,37.50983],[97.45458,37.51121],[97.45453,37.51284],[97.45456,37.51325],[97.45463,37.51447],[97.45488,37.51706]],[[98.08647,37.16439],[98.09335,37.16463],[98.09628,37.16099],[98.09912,37.15944],[98.10072,37.15742],[98.10109,37.15553],[98.10311,37.15267],[98.1047,37.15103],[98.10593,37.14851],[98.10877,37.14461],[98.1094,37.14233],[98.11469,37.13592],[98.11519,37.1349],[98.11436,37.13114],[98.11441,37.12896],[98.11561,37.11806],[98.11762,37.11405],[98.12398,37.10585],[98.12992,37.10088],[98.13612,37.09762],[98.13972,37.09426],[98.14352,37.09151],[98.14736,37.08733],[98.14789,37.08569],[98.15086,37.08375],[98.15219,37.08179],[98.15669,37.07788],[98.16354,37.07489],[98.16834,37.07229],[98.17588,37.06729],[98.18288,37.06368],[98.18618,37.0601],[98.18726,37.05329],[98.18914,37.05261],[98.19423,37.0489],[98.19499,37.0475],[98.19592,37.04356],[98.19743,37.03975],[98.19737,37.03766],[98.19837,37.03634],[98.19863,37.03544],[98.19818,37.03063],[98.19521,37.02486],[98.19506,37.02374],[98.1963,37.01727],[98.19851,37.00943],[98.20073,37.00519],[98.20167,37.00039]],[[99.01538,37.30041],[99.01387,37.30242],[99.01252,37.30432],[99.01147,37.30583],[99.00946,37.30863],[99.00836,37.30959],[99.00029,37.31468],[98.99993,37.31444],[98.99983,37.31437]],[[98.43159,36.93953],[98.44502,36.93742],[98.46792,36.93381],[98.47591,36.93333],[98.47895,36.93323],[98.4829,36.93313],[98.49369,36.93335]],[[98.63745,37.68056],[98.63998,37.6818],[98.64152,37.68396],[98.64163,37.6845],[98.64169,37.68523],[98.64183,37.6862],[98.64225,37.68752],[98.64189,37.68793],[98.64168,37.68805],[98.64052,37.68864],[98.63984,37.68854],[98.63743,37.6867],[98.63673,37.68654],[98.62828,37.68757],[98.62686,37.68774],[98.61331,37.68954],[98.60636,37.6944],[98.60067,37.69763],[98.59729,37.69878],[98.58019,37.70064],[98.56766,37.70232],[98.56754,37.70234],[98.55835,37.70318],[98.55813,37.7032],[98.54987,37.70369],[98.53631,37.70571],[98.53317,37.70667],[98.53157,37.70778],[98.52982,37.70998],[98.52839,37.71457],[98.52203,37.7188],[98.52029,37.72057],[98.51329,37.72349],[98.51203,37.72604],[98.50992,37.72869],[98.50587,37.73166],[98.50536,37.73236],[98.50426,37.73622],[98.50342,37.74704],[98.49728,37.76136],[98.49433,37.76507],[98.48994,37.76886],[98.48513,37.77609],[98.47537,37.78827],[98.4747,37.78877],[98.47276,37.7892],[98.47199,37.7894],[98.46872,37.79027],[98.4678,37.79081],[98.46638,37.79616],[98.46469,37.79972],[98.46346,37.80093],[98.4614,37.80055],[98.46126,37.80063],[98.45877,37.80304],[98.45838,37.80605],[98.45608,37.81217],[98.45571,37.8151],[98.45461,37.81809],[98.44874,37.82457],[98.44633,37.82648],[98.44458,37.82739],[98.44442,37.82747],[98.44022,37.83065],[98.43459,37.83703],[98.43554,37.84133],[98.43714,37.84429],[98.43715,37.84441],[98.43888,37.85037],[98.43963,37.85888],[98.43893,37.86125],[98.43653,37.86453],[98.43627,37.86803],[98.43667,37.87344],[98.43641,37.8746],[98.43333,37.87735],[98.4301,37.88133],[98.42808,37.88158],[98.42671,37.88235],[98.42468,37.88462],[98.42324,37.88564],[98.42036,37.88638],[98.41715,37.88889],[98.41548,37.88982],[98.41506,37.89097],[98.41338,37.89134],[98.4109,37.89124],[98.4082,37.89163],[98.40657,37.89273],[98.40625,37.89354],[98.40642,37.89585],[98.40579,37.89617],[98.40349,37.89635],[98.39706,37.90046],[98.39299,37.90511],[98.39035,37.91071],[98.38623,37.90835],[98.38503,37.90827],[98.37764,37.91135],[98.37508,37.91317],[98.36657,37.91549],[98.35778,37.9204],[98.35395,37.92468],[98.34161,37.9309],[98.32444,37.93776],[98.32438,37.93779],[98.31772,37.94059],[98.31126,37.94182],[98.30547,37.9423],[98.28764,37.94623],[98.27618,37.94782],[98.26681,37.94797],[98.25234,37.95177],[98.24637,37.954],[98.24595,37.95417],[98.23885,37.9577],[98.23528,37.95895],[98.23304,37.95918],[98.22423,37.95898],[98.20522,37.96],[98.20325,37.95962],[98.1929,37.95601],[98.1899,37.95528],[98.14313,37.95075],[98.14106,37.95102],[98.13977,37.95156],[98.13795,37.953],[98.1377,37.95323],[98.13403,37.95643],[98.13143,37.95772],[98.12186,37.96012],[98.11381,37.96272],[98.10796,37.96409],[98.1,37.96733],[98.09479,37.96808],[98.09217,37.96899],[98.08754,37.96953],[98.08566,37.97053],[98.07445,37.97219],[98.06918,37.97407],[98.06641,37.97625],[98.05915,37.97588],[98.05609,37.97709],[98.05289,37.97751],[98.04896,37.97914],[98.04389,37.97939],[98.04055,37.98048],[98.03618,37.98091],[98.03315,37.98174],[98.02812,37.98114],[98.02671,37.98135],[98.02161,37.98509],[98.01332,37.98867],[98.00835,37.99175],[98.00432,37.99306],[97.99988,37.9953],[97.99429,37.99917],[97.99104,38.00193],[97.98277,38.0063],[97.97647,38.01177],[97.97547,38.01303],[97.97468,38.01462],[97.97339,38.02039],[97.97224,38.02271],[97.96977,38.02568],[97.91126,38.06507],[97.90568,38.0687],[97.90012,38.07107],[97.87292,38.07801],[97.87141,38.07912],[97.87,38.08131],[97.86996,38.08389],[97.8704,38.08478],[97.89312,38.11518],[97.89436,38.11869],[97.89368,38.1271],[97.89316,38.12865],[97.89222,38.13007],[97.89097,38.13115],[97.88407,38.13549],[97.88299,38.13745],[97.88033,38.14465],[97.87866,38.1462],[97.87484,38.14775],[97.87205,38.14975],[97.85321,38.15815],[97.85042,38.15899],[97.84488,38.1599],[97.8416,38.16112],[97.83741,38.16105],[97.83589,38.1614],[97.83216,38.16432],[97.82928,38.1655],[97.82598,38.16763],[97.80731,38.17083],[97.80085,38.17327],[97.79169,38.17291],[97.78996,38.17312],[97.78483,38.17509],[97.77437,38.17834],[97.76787,38.18075],[97.76019,38.18424],[97.75777,38.18565],[97.75337,38.18747],[97.74896,38.18807],[97.74289,38.18809],[97.73971,38.18796],[97.72347,38.18538],[97.7169,38.18281],[97.71403,38.18106],[97.71186,38.18017],[97.70808,38.17934],[97.70549,38.17937],[97.70182,38.18002],[97.69621,38.18202],[97.69338,38.18258],[97.69201,38.18253],[97.68281,38.18066],[97.67242,38.18172],[97.66723,38.18295],[97.66129,38.18376],[97.65783,38.18537],[97.65623,38.18571],[97.64324,38.18611],[97.6353,38.18571],[97.63011,38.18472],[97.61764,38.18553],[97.61382,38.18514],[97.6058,38.18317],[97.59714,38.18417],[97.58364,38.18778]],[[99.13483,37.51745],[99.13484,37.5172],[99.13493,37.51527],[99.1328,37.51418],[99.13169,37.5131],[99.1308,37.51238],[99.12883,37.51393],[99.12831,37.51377],[99.12767,37.51188],[99.1279,37.51087],[99.12767,37.51026],[99.12836,37.50843],[99.12928,37.50788],[99.12931,37.50717],[99.12893,37.50705],[99.12671,37.50867],[99.12701,37.50644],[99.12664,37.50549],[99.12271,37.50572],[99.12138,37.50619],[99.11976,37.50573],[99.1171,37.50612],[99.11671,37.50595],[99.11658,37.50526],[99.11187,37.50482],[99.11125,37.50426],[99.10969,37.50369],[99.10887,37.50416],[99.10834,37.50332],[99.10798,37.50423],[99.10701,37.50344],[99.10163,37.50188],[99.09894,37.50126],[99.09778,37.50125],[99.0888,37.49904],[99.08584,37.49753],[99.08366,37.49574],[99.08259,37.49531],[99.08233,37.49522],[99.08104,37.49468],[99.08062,37.49181],[99.07886,37.48851],[99.07681,37.48744],[99.07666,37.48739],[99.07624,37.48621],[99.07648,37.48326],[99.07478,37.48013],[99.07403,37.47765],[99.07397,37.47593],[99.07443,37.4744],[99.07347,37.46859],[99.07382,37.46674],[99.07297,37.46216],[99.0714,37.45692],[99.07021,37.44708],[99.07042,37.44133],[99.07,37.43938],[99.0688,37.43753],[99.06769,37.43452],[99.06608,37.43219],[99.06507,37.42985],[99.06391,37.42844],[99.05613,37.41082],[99.05456,37.40834],[99.05156,37.40012],[99.04997,37.39731],[99.0499,37.39716],[99.04901,37.39563],[99.04517,37.39141],[99.04153,37.38503],[99.04146,37.38492],[99.04038,37.38308],[99.04141,37.37812],[99.04229,37.37576],[99.04155,37.37451],[99.03919,37.37294],[99.04109,37.36937],[99.04001,37.36567],[99.03846,37.35778],[99.03553,37.35133],[99.03046,37.34618],[99.02878,37.34519],[99.02327,37.34455],[99.02158,37.34516],[99.0202,37.34495],[99.01646,37.33945],[99.01582,37.33748],[99.01186,37.3319],[99.01291,37.3302],[99.01343,37.32988],[99.01268,37.32969],[99.01291,37.3302]],[[99.01525,37.29818],[99.01553,37.30023]],[[99.0375,37.29241],[99.03892,37.29367],[99.0389,37.2944],[99.03455,37.29693],[99.03257,37.29808],[99.02988,37.30027],[99.0245,37.3036],[99.02091,37.30641],[99.01982,37.30726],[99.01586,37.31067],[99.00306,37.31843],[99.00027,37.3156],[99.00029,37.31468],[99.00845,37.30965],[99.0096,37.30867]],[[98.0853,36.31273],[98.09405,36.31322],[98.09612,36.31333],[98.09963,36.31353],[98.10507,36.31383],[98.11316,36.31427],[98.11315,36.31439],[98.10507,36.31394],[98.09963,36.31365],[98.09624,36.31347],[98.08531,36.31284]],[[98.10585,36.28344],[98.10549,36.28581],[98.10537,36.29253],[98.10536,36.29526],[98.10532,36.29772],[98.10524,36.30267],[98.10517,36.30831],[98.10507,36.31383],[98.10507,36.31394],[98.10496,36.32322]],[[99.02768,37.28799],[99.02769,37.28809],[99.02775,37.292],[99.02777,37.29412],[99.02782,37.29671],[99.0277,37.30027]],[[99.12347,36.78329],[99.12052,36.78475],[99.11431,36.78646],[99.11141,36.78802],[99.10759,36.79149],[99.10512,36.79323],[99.10505,36.79327],[99.10231,36.79476],[99.09917,36.79638],[99.0957,36.79793],[99.08184,36.79975],[99.07826,36.80016],[99.07675,36.80005],[99.07537,36.79921],[99.07441,36.79719],[99.07336,36.79527]],[[99.10372,36.78697],[99.10445,36.7902],[99.10446,36.79027],[99.10512,36.79323]],[[99.07015,36.79338],[99.06904,36.79263],[99.0702,36.79333]],[[99.06821,36.79208],[99.06904,36.79263]],[[99.10364,36.78698],[99.10437,36.79022],[99.10438,36.79028],[99.10505,36.79327]],[[99.39473,37.60596],[99.39376,37.6058],[99.39253,37.60543],[99.39175,37.60501],[99.38329,37.60338],[99.38291,37.6032],[99.38286,37.60272],[99.38295,37.60213],[99.38288,37.60172],[99.38001,37.59999],[99.37793,37.59806],[99.37561,37.59505],[99.37135,37.59174],[99.36834,37.58953],[99.36195,37.58607],[99.36003,37.58282],[99.35815,37.58084],[99.35604,37.57961],[99.3544,37.57653],[99.3535,37.57585],[99.35297,37.57442],[99.35151,37.57345],[99.35043,37.56903],[99.34668,37.56693],[99.3444,37.56637],[99.34215,37.56436],[99.3352,37.56165],[99.33319,37.55923],[99.33153,37.55493],[99.33066,37.55353],[99.32784,37.54287],[99.32718,37.54172],[99.32717,37.53665],[99.32626,37.53499],[99.32442,37.52931],[99.32313,37.52776],[99.32301,37.52769],[99.31731,37.52672],[99.30829,37.52672],[99.3014,37.5255],[99.29869,37.52392],[99.29597,37.52118],[99.29356,37.51704],[99.29382,37.51174],[99.29492,37.50863],[99.29584,37.50726],[99.29868,37.50476],[99.30224,37.49853],[99.30372,37.49496],[99.3047,37.4898],[99.30451,37.48843],[99.30509,37.48576],[99.30517,37.48218],[99.30978,37.47325],[99.31361,37.46622],[99.31283,37.464],[99.31293,37.4633],[99.31513,37.46155],[99.31826,37.45817],[99.32072,37.45647],[99.334,37.44965],[99.34542,37.44496],[99.35068,37.43956],[99.35236,37.43736],[99.35252,37.43711],[99.35262,37.43695],[99.36009,37.42637],[99.36091,37.41416],[99.35617,37.39456],[99.35379,37.39013],[99.34936,37.38579],[99.34513,37.38019],[99.34312,37.37642],[99.34042,37.37126],[99.33303,37.36188],[99.32509,37.35848],[99.32442,37.35845],[99.32332,37.35889],[99.3225,37.3592],[99.32148,37.35957],[99.32063,37.35988],[99.31636,37.36143],[99.31569,37.36131],[99.31372,37.3594],[99.31196,37.35655],[99.30967,37.35379],[99.30945,37.35062],[99.30238,37.3471],[99.29757,37.34119],[99.2918,37.33902],[99.29119,37.33904],[99.28209,37.34253],[99.28083,37.34222],[99.27729,37.33984],[99.2764,37.33981],[99.27366,37.34094],[99.26469,37.34659],[99.25846,37.34924],[99.25505,37.34985],[99.2532,37.34973],[99.25267,37.34926],[99.24528,37.33936],[99.23448,37.33468],[99.23285,37.33397],[99.23204,37.33327],[99.23142,37.33269],[99.23,37.33148],[99.22076,37.32607],[99.21566,37.32387],[99.21169,37.31937],[99.2085,37.3167],[99.20262,37.31661],[99.19933,37.31733],[99.19214,37.31557],[99.18967,37.31282],[99.18722,37.31296],[99.18341,37.3127],[99.18144,37.3125],[99.17843,37.31165],[99.17477,37.31066],[99.16639,37.31149],[99.15367,37.31479],[99.15171,37.31576],[99.14463,37.31714],[99.12076,37.31826],[99.11367,37.31981],[99.10569,37.32245],[99.10226,37.32449],[99.10136,37.32588],[99.0999,37.32624],[99.09022,37.32339],[99.07553,37.31531],[99.06743,37.31462],[99.06226,37.3147],[99.05456,37.31061],[99.05158,37.30999],[99.04666,37.31154],[99.04446,37.31363],[99.03233,37.32043],[99.02952,37.32204],[99.0221,37.32826],[99.01343,37.32988]],[[99.02751,37.30027],[99.02767,37.29673],[99.02765,37.29412],[99.02761,37.292],[99.02756,37.28809],[99.02755,37.288]],[[90.86934,38.24596],[90.86991,38.24654],[90.86979,38.24726],[90.87097,38.24649],[90.87218,38.24631]],[[90.88363,38.24832],[90.87763,38.25522],[90.87669,38.2563],[90.87607,38.257],[90.87573,38.25739],[90.87538,38.25779],[90.87425,38.25912],[90.87392,38.2595]],[[90.83732,38.24324],[90.83636,38.24265],[90.82842,38.23838],[90.82833,38.23835],[90.82719,38.23799]],[[90.82723,38.2379],[90.82836,38.23828],[90.82845,38.23832],[90.83473,38.24154],[90.83636,38.24265]],[[97.56274,38.81041],[97.56336,38.81115],[97.5681,38.81206],[97.57035,38.81312],[97.57382,38.81371],[97.57836,38.81541],[97.58328,38.81657],[97.58803,38.81693],[97.58911,38.81731],[97.58964,38.81796],[97.59474,38.82113],[97.60413,38.82429],[97.6108,38.82448],[97.61318,38.82523],[97.61679,38.82745],[97.62206,38.82758],[97.62382,38.82728],[97.62827,38.82778],[97.62941,38.8282],[97.63073,38.82814],[97.6323,38.82889],[97.63398,38.83046],[97.63574,38.83261],[97.63624,38.83418],[97.64123,38.83337],[97.64389,38.83384],[97.6468,38.83478],[97.64807,38.83555],[97.65369,38.83606],[97.65652,38.83693],[97.66337,38.84051],[97.67014,38.84336],[97.67573,38.84716],[97.67923,38.84875],[97.68024,38.84885],[97.69021,38.84774],[97.70476,38.84507],[97.71301,38.84424],[97.71575,38.84341],[97.71651,38.84319],[97.71737,38.84288],[97.71977,38.84091],[97.72227,38.83743],[97.72289,38.83712],[97.72358,38.83752],[97.7285,38.83382],[97.73051,38.83125],[97.73189,38.8281],[97.73308,38.82671],[97.73517,38.82165],[97.73715,38.82027],[97.74216,38.81795],[97.74244,38.81783],[97.7524,38.81433],[97.76026,38.81093],[97.76714,38.81118],[97.76997,38.81022],[97.77274,38.80885],[97.77465,38.80834],[97.77505,38.80823],[97.77819,38.80769],[97.78444,38.80902],[97.78826,38.80774],[97.79088,38.8074],[97.79186,38.80638],[97.79528,38.80475],[97.79691,38.8053],[97.79981,38.80761],[97.8003,38.80821],[97.80281,38.80904],[97.80561,38.80888],[97.80985,38.80808],[97.81141,38.80831],[97.81378,38.81054],[97.81303,38.81262],[97.8148,38.81656],[97.81596,38.81752],[97.81968,38.81927],[97.8224,38.81898],[97.82613,38.81974],[97.82716,38.8196],[97.83304,38.81771],[97.83472,38.81617],[97.85048,38.81131],[97.85352,38.8089],[97.85456,38.80725],[97.85802,38.80543],[97.86106,38.80493],[97.87498,38.79906],[97.89175,38.79487],[97.89186,38.79484],[97.89837,38.79333],[97.9109,38.79338],[97.91561,38.79256],[97.93025,38.7859],[97.93048,38.78578],[97.94183,38.78054],[97.95203,38.77714],[97.95266,38.77692],[97.9608,38.77407],[97.96231,38.77294],[97.97369,38.7616],[97.97902,38.75735],[97.97918,38.75723],[98.01693,38.72759],[98.01709,38.72744],[98.02443,38.72169],[98.02662,38.71869],[98.02688,38.70768],[98.02749,38.70495],[98.02717,38.70322],[98.02668,38.70174],[98.0267,38.70138],[98.02742,38.70086],[98.02969,38.69915],[98.0299,38.69806],[98.02989,38.69792],[98.02985,38.69726],[98.0297,38.69303],[98.03003,38.68832],[98.04103,38.67094],[98.04189,38.67055],[98.04639,38.66994],[98.04868,38.67015],[98.05243,38.6672],[98.0578,38.66119],[98.06162,38.65766],[98.07328,38.64278],[98.07911,38.63841],[98.07996,38.63809],[98.08113,38.63887],[98.08451,38.63878],[98.09035,38.63574],[98.09364,38.63504],[98.10065,38.63182],[98.1008,38.63175],[98.11103,38.62747],[98.14021,38.60991],[98.14225,38.60842],[98.1424,38.60829],[98.1473,38.60453],[98.14746,38.6044],[98.15047,38.60202],[98.1511,38.59992],[98.15113,38.59978],[98.15177,38.59757],[98.15648,38.59571],[98.15969,38.59266],[98.16033,38.58986],[98.16227,38.58578],[98.166,38.58148],[98.16781,38.57808],[98.17429,38.57163],[98.17946,38.56893],[98.18378,38.5675],[98.18726,38.56123],[98.19129,38.55908],[98.19222,38.55806],[98.19231,38.55791],[98.19329,38.55667],[98.19337,38.55653],[98.19418,38.55569],[98.20162,38.55294],[98.21015,38.54518],[98.21366,38.54311],[98.21812,38.54241],[98.22611,38.54241],[98.2262,38.5424],[98.2421,38.54219],[98.24751,38.53974],[98.24765,38.53967],[98.25829,38.53452],[98.25834,38.53449],[98.27219,38.52773],[98.27757,38.52291],[98.27767,38.52282],[98.28947,38.51217],[98.28955,38.5121],[98.32093,38.48381],[98.32139,38.4825],[98.32135,38.48166],[98.32052,38.46866],[98.31704,38.46077],[98.3144,38.45928],[98.31377,38.45897],[98.31265,38.4582],[98.31001,38.45311],[98.30656,38.44461],[98.30702,38.44198],[98.30529,38.43749],[98.30461,38.43175],[98.30582,38.42964],[98.3057,38.42878],[98.30467,38.42679],[98.30265,38.42438],[98.30133,38.42117],[98.29007,38.40071],[98.28853,38.39708],[98.28127,38.38477],[98.28071,38.38342],[98.28001,38.37726],[98.27006,38.35585],[98.26544,38.34134],[98.267,38.33727],[98.27043,38.33464],[98.27007,38.33184],[98.27142,38.31948],[98.2722,38.31911],[98.27504,38.31924],[98.27529,38.31889],[98.27239,38.3155],[98.26765,38.31288],[98.26518,38.31202],[98.26382,38.30994],[98.26195,38.30794],[98.26159,38.30399],[98.26212,38.30171],[98.26446,38.30031],[98.26482,38.30047],[98.26446,38.30159],[98.26572,38.30079],[98.26725,38.30031],[98.26738,38.29992],[98.26669,38.29853],[98.26797,38.29525],[98.26838,38.29478],[98.27237,38.29274],[98.27355,38.28989],[98.27294,38.28664],[98.27213,38.28467],[98.27222,38.28154],[98.26916,38.27131],[98.26928,38.27009],[98.27657,38.26493],[98.2872,38.26017],[98.28794,38.2596],[98.30852,38.23944],[98.31641,38.22218],[98.31654,38.21971],[98.32285,38.21326],[98.32896,38.21021],[98.33215,38.20614],[98.33469,38.20435],[98.34093,38.19844],[98.34255,38.19746],[98.34809,38.19052],[98.35148,38.18801],[98.35336,38.18238],[98.35344,38.18222],[98.35498,38.17697],[98.35395,38.1746],[98.35388,38.17446],[98.34496,38.15418],[98.34457,38.14913],[98.34532,38.1462],[98.3454,38.14596],[98.34553,38.14477],[98.34474,38.1407],[98.34498,38.13812],[98.34458,38.13684],[98.34502,38.13514],[98.34679,38.13127],[98.35228,38.12779],[98.35239,38.12747],[98.35219,38.12705],[98.35205,38.12685],[98.35139,38.12587],[98.35144,38.12549],[98.35284,38.12465],[98.35385,38.1233],[98.35494,38.12285],[98.35621,38.12276],[98.35691,38.12233],[98.35695,38.12177],[98.35499,38.11862],[98.35502,38.11698],[98.35547,38.11608],[98.3554,38.11445],[98.3537,38.11296],[98.35244,38.10954],[98.34725,38.10139],[98.34607,38.10078],[98.34258,38.09993],[98.34123,38.09922],[98.34096,38.09909],[98.34017,38.09841],[98.33486,38.0886],[98.33341,38.07569],[98.33165,38.06965],[98.33158,38.06506],[98.33486,38.06093],[98.33528,38.05985],[98.33535,38.05732],[98.33347,38.05216],[98.33257,38.0458],[98.33138,38.04134],[98.33336,38.03094],[98.33501,38.02713],[98.33607,38.02096],[98.33619,38.01828],[98.33345,38.01558],[98.33324,38.01456],[98.33598,38.00218],[98.33709,37.99982],[98.33758,37.99882],[98.33767,37.99866],[98.33785,37.99831],[98.3385,37.99784],[98.34294,37.99695],[98.34816,37.99734],[98.3594,37.99717],[98.36609,37.99786],[98.36822,37.99713],[98.36936,37.99614],[98.36993,37.99492],[98.37098,37.98931],[98.37225,37.98725],[98.37201,37.98667],[98.36941,37.98414],[98.36841,37.98239],[98.36786,37.97745],[98.37048,37.97216],[98.371,37.9701],[98.37087,37.96572],[98.37253,37.95481],[98.37739,37.94562],[98.38226,37.94209],[98.38847,37.92],[98.38856,37.91964],[98.38989,37.91187],[98.39035,37.91071]],[[94.89451,36.39789],[94.89487,36.3979],[94.89486,36.39813],[94.89454,36.39816],[94.89451,36.39789]],[[94.90876,36.39758],[94.90895,36.3972],[94.90914,36.39759],[94.9092,36.39765],[94.90919,36.39789],[94.90911,36.39796],[94.90881,36.39798],[94.90869,36.3979],[94.90865,36.39771],[94.90876,36.39758],[94.90914,36.39759]],[[99.00482,37.32027],[99.00694,37.32243],[99.01126,37.32682],[99.01268,37.32969]],[[99.00306,37.31843],[99.00482,37.32027]]]},"properties":{"roadClass":"regional","highway":"secondary","name":"","ref":""}},
{"type":"Feature","geometry":{"type":"LineString","coordinates":[[97.92763,35.93879],[97.92681,35.93992],[97.92559,35.94012],[97.92541,35.9406],[97.92648,35.94175],[97.92758,35.9422],[97.92825,35.94436],[97.92771,35.9451],[97.92646,35.94564],[97.92338,35.94908],[97.91821,35.95105],[97.91466,35.95329],[97.91124,35.95594],[97.9104,35.95624],[97.90948,35.95612],[97.90112,35.95928],[97.89959,35.95928],[97.89898,35.95868],[97.8975,35.95829],[97.89659,35.95856],[97.89629,35.95965],[97.89549,35.96065],[97.89425,35.9612],[97.89027,35.96423],[97.88973,35.96529],[97.88756,35.96711],[97.88617,35.96876],[97.88434,35.97435],[97.88343,35.97514],[97.88309,35.97597],[97.88196,35.97765],[97.88025,35.97911],[97.87947,35.9811]]},"properties":{"roadClass":"national","highway":"trunk","name":"","ref":"G347"}},
{"type":"Feature","geometry":{"type":"MultiLineString","coordinates":[[[97.81035,36.02268],[97.81018,36.02126],[97.81015,36.01791],[97.81134,36.01425],[97.81656,36.00693],[97.8224,35.99548],[97.82476,35.99233],[97.82725,35.99013],[97.83039,35.98815],[97.84282,35.98293],[97.84797,35.98017],[97.85024,35.97864],[97.85458,35.97523],[97.86715,35.96525],[97.87672,35.95573],[97.87687,35.95558],[97.87758,35.95482],[97.87874,35.95359],[97.87981,35.95244],[97.88013,35.95208],[97.88583,35.94603],[97.88623,35.94559],[97.88967,35.94213],[97.89298,35.9397],[97.89321,35.93955],[97.89503,35.93853],[97.89581,35.93815],[97.90578,35.93436],[97.93015,35.92591],[97.96118,35.91175],[97.96885,35.90671],[97.9694,35.90638],[97.97104,35.90561],[97.97384,35.90491],[97.98524,35.90459],[98.00357,35.89854],[98.00419,35.89834],[98.01199,35.89594],[98.01813,35.89482],[98.0227,35.89462],[98.03351,35.89489],[98.04073,35.89462],[98.06738,35.89085],[98.08279,35.89003],[98.08344,35.89],[98.1072,35.88885],[98.12915,35.88522],[98.14639,35.88219],[98.14667,35.88214],[98.1559,35.88088],[98.15679,35.88086],[98.16865,35.88147],[98.1704,35.88157],[98.17361,35.88154],[98.1774,35.88101],[98.18021,35.88022],[98.18305,35.87905],[98.18694,35.87663],[98.2001,35.86655],[98.20053,35.86629],[98.20316,35.86492],[98.20611,35.86391],[98.22196,35.86049],[98.22301,35.8602],[98.22536,35.8593],[98.22748,35.85813],[98.22853,35.85737],[98.23277,35.8527],[98.23579,35.85026],[98.23974,35.84862],[98.24896,35.84586],[98.25263,35.84422],[98.2541,35.84313],[98.25708,35.83961],[98.2642,35.83463],[98.26493,35.83392],[98.26698,35.83104],[98.27105,35.82251],[98.27129,35.82202],[98.27514,35.81472],[98.27843,35.81116],[98.28277,35.80823],[98.29532,35.80188],[98.29664,35.80122],[98.3022,35.79866],[98.31551,35.795],[98.31763,35.79413],[98.32108,35.79158],[98.32272,35.78926],[98.32363,35.78664],[98.32383,35.78449],[98.32232,35.77703],[98.32184,35.77438],[98.32207,35.77195],[98.32224,35.7715],[98.32248,35.77084],[98.3234,35.76927],[98.32601,35.76684],[98.32846,35.76567],[98.33133,35.76502],[98.33957,35.76438],[98.34229,35.7639],[98.34519,35.7625],[98.34559,35.7622],[98.34676,35.76111],[98.3483,35.75819],[98.34844,35.75777],[98.355,35.7369],[98.35806,35.73235],[98.36791,35.7227],[98.36989,35.72054],[98.37146,35.71816],[98.37254,35.71562],[98.37323,35.71296],[98.37462,35.70611],[98.37639,35.69757],[98.37984,35.68122],[98.38093,35.67799],[98.38268,35.67497],[98.38455,35.67285],[98.38678,35.67096],[98.38942,35.6693],[98.39686,35.66638],[98.40501,35.6635],[98.40895,35.66174],[98.41207,35.65979],[98.42231,35.65211],[98.4226,35.6519],[98.42394,35.65089],[98.42519,35.65001],[98.43443,35.6452],[98.44564,35.63608],[98.45022,35.63308],[98.45297,35.63051],[98.45333,35.63006],[98.45573,35.62641],[98.45732,35.62403],[98.46693,35.61433],[98.47031,35.61175],[98.47137,35.61119],[98.47374,35.61029],[98.47744,35.60941],[98.4957,35.60642],[98.49787,35.60586],[98.50223,35.604],[98.50793,35.60011],[98.50816,35.59996],[98.5104,35.5984],[98.51125,35.59785],[98.51546,35.59572],[98.51892,35.5944],[98.55289,35.58571],[98.55454,35.58481],[98.55658,35.58279],[98.5576,35.5801],[98.55697,35.57105],[98.55726,35.56957],[98.55876,35.56709],[98.56582,35.55893],[98.56674,35.55757],[98.56772,35.55479],[98.56786,35.55353],[98.56774,35.54855],[98.56867,35.54145],[98.5682,35.53215],[98.5675,35.53004],[98.56518,35.52438],[98.56505,35.52242],[98.56581,35.51914],[98.56914,35.51344],[98.57,35.51144],[98.57095,35.505],[98.57161,35.50299],[98.57277,35.50139],[98.57472,35.49997],[98.57597,35.49816],[98.57634,35.49556],[98.57588,35.49256],[98.5761,35.48973],[98.57743,35.48695],[98.57911,35.48527],[98.58154,35.48391],[98.59475,35.47951],[98.59716,35.47822],[98.59751,35.47788],[98.59839,35.47635],[98.59844,35.47464],[98.59806,35.4737],[98.59531,35.47029],[98.59491,35.46836],[98.59579,35.46559],[98.59767,35.46295]],[[97.80999,36.0204],[97.81015,36.0173],[97.8112,36.0143],[97.81616,36.00742],[97.82206,35.99587],[97.82466,35.9923],[97.82765,35.98971],[97.83025,35.98814],[97.84266,35.98291],[97.84693,35.98069],[97.85016,35.97858],[97.86707,35.96519],[97.87662,35.95567],[97.87676,35.95551],[97.87746,35.95475],[97.87862,35.95353],[97.87976,35.95234],[97.8801,35.95199],[97.88578,35.94594],[97.88618,35.94551],[97.88959,35.94209],[97.89289,35.93965],[97.89312,35.9395],[97.89499,35.93847],[97.89575,35.93808],[97.90574,35.93428],[97.9301,35.92583],[97.96112,35.91168],[97.96883,35.90662],[97.96939,35.90629],[97.97191,35.90523],[97.97383,35.90484],[97.98521,35.9045],[98.00347,35.89848],[98.00411,35.89828],[98.01195,35.89584],[98.0181,35.89474],[98.02271,35.89453],[98.03351,35.89481],[98.04068,35.89453],[98.06737,35.89077],[98.08282,35.88995],[98.08348,35.88992],[98.10711,35.88878],[98.12919,35.88514],[98.14643,35.8821],[98.14671,35.88205],[98.15143,35.88124],[98.15589,35.88081],[98.15677,35.88078],[98.16866,35.88139],[98.17041,35.88149],[98.17615,35.88117],[98.18017,35.88016],[98.18301,35.87899],[98.18685,35.87657],[98.20004,35.86649],[98.20047,35.86623],[98.20314,35.86485],[98.20608,35.86383],[98.22193,35.86041],[98.22298,35.86012],[98.22398,35.8598],[98.22651,35.85861],[98.22846,35.8573],[98.23406,35.85127],[98.23574,35.85013],[98.23763,35.84919],[98.24892,35.84578],[98.2525,35.84415],[98.25394,35.84304],[98.25693,35.83953],[98.25927,35.83767],[98.26216,35.83605],[98.26412,35.83455],[98.26484,35.83387],[98.26681,35.83104],[98.27098,35.82243],[98.27121,35.82194],[98.27503,35.81469],[98.27831,35.8111],[98.28271,35.80814],[98.29527,35.80182],[98.29658,35.80115],[98.30216,35.79851],[98.31546,35.79492],[98.31756,35.79406],[98.32097,35.79154],[98.32263,35.78922],[98.32353,35.78663],[98.32372,35.78449],[98.3222,35.77711],[98.32171,35.77444],[98.32198,35.77194],[98.32214,35.77149],[98.32238,35.77082],[98.32325,35.76923],[98.32595,35.76676],[98.32841,35.76554],[98.33131,35.7649],[98.33947,35.76431],[98.34225,35.76383],[98.34518,35.76241],[98.34558,35.76211],[98.34668,35.76106],[98.34822,35.75818],[98.34835,35.75775],[98.35483,35.73685],[98.35626,35.73432],[98.35793,35.73227],[98.36781,35.72266],[98.36977,35.72047],[98.37134,35.71811],[98.37242,35.71559],[98.37452,35.7061],[98.37629,35.69756],[98.37967,35.68119],[98.38082,35.67795],[98.38258,35.67491],[98.38447,35.67281],[98.38672,35.6709],[98.38938,35.66923],[98.39684,35.6663],[98.40496,35.66342],[98.40889,35.66168],[98.41152,35.66008],[98.42224,35.65204],[98.42251,35.65184],[98.42388,35.65083],[98.42507,35.6499],[98.43437,35.64509],[98.44556,35.63598],[98.45016,35.63301],[98.45287,35.63039],[98.45324,35.62995],[98.45565,35.62638],[98.45724,35.62399],[98.46685,35.61426],[98.47025,35.61168],[98.47131,35.61111],[98.47366,35.61016],[98.4774,35.60933],[98.49567,35.60635],[98.49784,35.60578],[98.50215,35.60392],[98.50788,35.60004],[98.50808,35.5999],[98.51029,35.59836],[98.51116,35.5978],[98.51537,35.5956],[98.51888,35.59425],[98.55284,35.58563],[98.55447,35.58473],[98.55648,35.58275],[98.55753,35.58009],[98.55684,35.57103],[98.55715,35.56954],[98.55864,35.56706],[98.56573,35.55888],[98.56664,35.55748],[98.56761,35.55477],[98.56775,35.55353],[98.56761,35.54854],[98.56851,35.54138],[98.56808,35.53217],[98.56738,35.53007],[98.56568,35.52652],[98.56504,35.52439],[98.56491,35.52241],[98.56567,35.51914],[98.56904,35.51341],[98.56978,35.5114],[98.57071,35.50498],[98.57142,35.50292],[98.57266,35.50135],[98.57455,35.49985],[98.57586,35.49813],[98.57618,35.49557],[98.57577,35.49253],[98.5759,35.48973],[98.57734,35.4869],[98.57903,35.4852],[98.58149,35.48382],[98.59471,35.47938],[98.59681,35.47813],[98.59722,35.47767],[98.5979,35.47625],[98.5979,35.47473],[98.59704,35.47315],[98.59475,35.47038],[98.59434,35.46839],[98.59527,35.46546],[98.5972,35.46283]],[[97.35817,37.15652],[97.36189,37.15045],[97.36198,37.15031],[97.36369,37.14737],[97.36408,37.14672],[97.36731,37.14035],[97.36881,37.13417],[97.36977,37.13236],[97.37656,37.12446],[97.37816,37.1214],[97.38523,37.1018],[97.38587,37.09831],[97.38577,37.0948],[97.3845,37.09067],[97.3824,37.0874],[97.38112,37.08441],[97.38092,37.08108],[97.38133,37.07898],[97.38139,37.07876],[97.38265,37.07446],[97.38266,37.07157],[97.38161,37.06817],[97.37907,37.06435],[97.37897,37.0642],[97.37857,37.06353],[97.37845,37.06331],[97.37745,37.06055],[97.37735,37.05891],[97.37781,37.05574],[97.37906,37.05095],[97.38221,37.04465],[97.38231,37.04447],[97.38716,37.03589],[97.38806,37.03215],[97.38765,37.02681],[97.38217,37.01026],[97.38149,37.00577],[97.38195,37.00178],[97.38287,36.99899],[97.38597,36.9923],[97.38644,36.98991],[97.3863,36.98677],[97.38514,36.98342],[97.36168,36.94548],[97.35987,36.94155],[97.35946,36.94016],[97.35777,36.91293],[97.3575,36.9028],[97.35841,36.89827],[97.36051,36.89463],[97.38347,36.86518],[97.38357,36.86506],[97.39441,36.85124],[97.39451,36.8511],[97.39487,36.85061],[97.39498,36.85045],[97.39622,36.84876],[97.39652,36.84828],[97.39771,36.84586],[97.39776,36.84572],[97.39824,36.84429],[97.39828,36.84412],[97.39875,36.84163],[97.39878,36.84108],[97.39878,36.83867],[97.39877,36.83849],[97.39809,36.83501],[97.39103,36.82092],[97.39078,36.82042],[97.38432,36.80733],[97.38167,36.80295],[97.37702,36.79893],[97.372,36.79652],[97.36398,36.79448],[97.36093,36.7931],[97.36048,36.79284],[97.35743,36.79022],[97.35531,36.78674],[97.34852,36.76222],[97.34847,36.76206],[97.34749,36.75855],[97.34738,36.75813],[97.34675,36.75585],[97.34663,36.75543],[97.34529,36.75055],[97.34505,36.74967],[97.34437,36.74725],[97.34378,36.74511],[97.34196,36.73855],[97.34184,36.73813],[97.34014,36.73203],[97.3401,36.73188],[97.33966,36.73028],[97.33954,36.72986],[97.33877,36.72511],[97.33876,36.72469],[97.33889,36.72213],[97.34026,36.71811],[97.34245,36.71431],[97.34665,36.71066],[97.36918,36.70005],[97.37967,36.69479],[97.38641,36.68974],[97.43968,36.63025],[97.44716,36.62462],[97.48116,36.60228],[97.48506,36.59834],[97.48646,36.59627],[97.4878,36.59369],[97.48875,36.59094],[97.48904,36.58952],[97.48942,36.58651],[97.48945,36.58631],[97.48991,36.58231],[97.49004,36.58116],[97.49005,36.58104],[97.49183,36.566],[97.49303,36.56201],[97.4951,36.55845],[97.49633,36.55683],[97.50116,36.552],[97.52798,36.52556],[97.53159,36.52079],[97.53451,36.51528],[97.53644,36.50922],[97.54802,36.44341],[97.549,36.43916],[97.54967,36.43689],[97.55054,36.4346],[97.55265,36.43009],[97.55414,36.42749],[97.58615,36.38232],[97.5902,36.3765],[97.59263,36.37237],[97.59503,36.36684],[97.5961,36.36332],[97.59908,36.34423],[97.59929,36.34299],[97.604,36.31179],[97.60711,36.2907],[97.60727,36.28661],[97.6069,36.28076],[97.60541,36.27412],[97.59291,36.23904],[97.592,36.2353],[97.59177,36.22932],[97.59272,36.22397],[97.59461,36.21926],[97.59588,36.21706],[97.6016,36.21005],[97.61518,36.19482],[97.6165,36.19316],[97.61764,36.19096],[97.61837,36.18777],[97.61787,36.17644],[97.61836,36.17378],[97.6191,36.17225],[97.6206,36.17035],[97.62318,36.1682],[97.62543,36.16713],[97.63929,36.16328],[97.64764,36.16004],[97.69401,36.13573],[97.69775,36.13345],[97.7047,36.12818],[97.71482,36.11903],[97.72096,36.11227],[97.72453,36.10705],[97.72775,36.10056],[97.72961,36.09478],[97.73094,36.08767],[97.7315,36.0289]],[[97.35871,37.1567],[97.36199,37.15046],[97.36207,37.15032],[97.36381,37.14738],[97.36419,37.14673],[97.3674,37.14037],[97.3689,37.13419],[97.36992,37.13233],[97.37665,37.1245],[97.37825,37.12143],[97.38532,37.10182],[97.38596,37.09832],[97.38589,37.09479],[97.38459,37.09064],[97.38249,37.08737],[97.38122,37.0844],[97.38102,37.08107],[97.38142,37.07899],[97.38149,37.07879],[97.38275,37.07448],[97.38275,37.07156],[97.38171,37.06816],[97.37911,37.06423],[97.37902,37.06409],[97.37866,37.06351],[97.37854,37.06328],[97.37756,37.06054],[97.37744,37.05889],[97.37791,37.05575],[97.37917,37.05098],[97.38231,37.04469],[97.38243,37.04449],[97.38724,37.03589],[97.38815,37.03216],[97.38775,37.02681],[97.38227,37.01025],[97.3816,37.00577],[97.38204,37.00179],[97.38297,36.99901],[97.38606,36.99233],[97.38654,36.98992],[97.38643,36.98678],[97.38523,36.98339],[97.36177,36.94546],[97.35997,36.94154],[97.35956,36.94014],[97.35787,36.91293],[97.3576,36.9028],[97.35851,36.8983],[97.3606,36.89466],[97.38355,36.86523],[97.38365,36.8651],[97.39452,36.85123],[97.39462,36.8511],[97.39498,36.85061],[97.39509,36.85046],[97.39632,36.8488],[97.39661,36.84832],[97.3978,36.84589],[97.39785,36.84573],[97.39834,36.8443],[97.39837,36.84414],[97.39885,36.84164],[97.39888,36.84108],[97.39888,36.83867],[97.39888,36.83849],[97.39818,36.83499],[97.39113,36.8209],[97.39087,36.82039],[97.38441,36.8073],[97.38175,36.80291],[97.37708,36.79887],[97.37204,36.79645],[97.36402,36.79441],[97.361,36.79305],[97.36056,36.79278],[97.35751,36.79016],[97.3554,36.78671],[97.3486,36.76221],[97.34856,36.76206],[97.34758,36.75853],[97.34748,36.75813],[97.34684,36.75583],[97.34672,36.75541],[97.34538,36.75053],[97.34514,36.74965],[97.34447,36.74723],[97.34388,36.74509],[97.34205,36.73853],[97.34194,36.73811],[97.34025,36.73202],[97.3402,36.73186],[97.33976,36.73026],[97.33964,36.72984],[97.33886,36.72513],[97.33886,36.72468],[97.33899,36.72215],[97.34035,36.71814],[97.34253,36.71436],[97.34671,36.71072],[97.36923,36.70012],[97.37972,36.69485],[97.38649,36.68979],[97.43976,36.63031],[97.44723,36.62468],[97.48117,36.60237],[97.48516,36.59839],[97.48656,36.59632],[97.48792,36.59372],[97.48884,36.59097],[97.48915,36.58952],[97.48952,36.58652],[97.48954,36.58632],[97.49001,36.58232],[97.49014,36.58117],[97.49016,36.58105],[97.49195,36.56602],[97.49317,36.56206],[97.49519,36.55849],[97.4964,36.55689],[97.52804,36.5256],[97.53167,36.52084],[97.53457,36.51536],[97.53653,36.50924],[97.54812,36.44343],[97.54908,36.43918],[97.55064,36.43463],[97.55273,36.43013],[97.55423,36.42752],[97.58624,36.38238],[97.59031,36.37654],[97.5927,36.37242],[97.59514,36.36687],[97.59621,36.36335],[97.59918,36.34421],[97.59939,36.34296],[97.6041,36.31179],[97.60725,36.29071],[97.60737,36.28662],[97.60701,36.28074],[97.60559,36.27411],[97.59303,36.23899],[97.5921,36.23528],[97.59187,36.22933],[97.59282,36.22399],[97.5947,36.21929],[97.59596,36.21711],[97.60168,36.21009],[97.61527,36.19487],[97.61658,36.19321],[97.61774,36.19099],[97.61848,36.18781],[97.61797,36.17644],[97.6185,36.17381],[97.61921,36.1723],[97.62069,36.17039],[97.62328,36.1683],[97.62554,36.16719],[97.63931,36.16341],[97.64762,36.16015],[97.6941,36.13577],[97.69775,36.13354],[97.70478,36.12827],[97.7149,36.11911],[97.72104,36.11231],[97.72462,36.10709],[97.72744,36.10155],[97.72904,36.09708],[97.73068,36.09048],[97.73104,36.08763],[97.73117,36.08256],[97.73155,36.03251]]]},"properties":{"roadClass":"national","highway":"motorway","name":"德康高速","ref":"G0615"}},
{"type":"Feature","geometry":{"type":"MultiLineString","coordinates":[[[97.87082,35.97974],[97.86866,35.9794],[97.86433,35.97878],[97.8634,35.97887],[97.85908,35.98246],[97.8568,35.98451],[97.85558,35.98509],[97.84909,35.98593],[97.84417,35.99085],[97.82895,36.00721],[97.81185,36.02002],[97.8106,36.02095],[97.81018,36.02126],[97.80966,36.02164],[97.80525,36.02479],[97.79598,36.02844],[97.79324,36.02843],[97.78662,36.026],[97.78483,36.02707],[97.78207,36.02724],[97.78007,36.02685],[97.77791,36.0247],[97.77225,36.02218],[97.76941,36.01867],[97.76852,36.01831],[97.76773,36.01841],[97.75882,36.02296],[97.7575,36.02319],[97.7515,36.02108],[97.75001,36.02082],[97.73357,36.02077],[97.72792,36.02042],[97.71733,36.01815],[97.70666,36.01414],[97.70468,36.01357],[97.70242,36.01379],[97.68972,36.02],[97.6784,36.02172],[97.66991,36.02389],[97.66474,36.02411],[97.66049,36.02427],[97.65451,36.02596],[97.64896,36.0254],[97.64525,36.02571],[97.64027,36.02726],[97.6349,36.02825],[97.63371,36.0291],[97.63304,36.03017],[97.63298,36.0303],[97.63224,36.03131],[97.63087,36.032],[97.62224,36.03247],[97.61173,36.03448],[97.60166,36.03602],[97.59068,36.04149],[97.58259,36.04455],[97.57987,36.04581],[97.56786,36.05286],[97.56568,36.05356],[97.56327,36.05499],[97.55951,36.05639],[97.55883,36.05639],[97.55649,36.05539],[97.5551,36.05511],[97.55041,36.05554],[97.54917,36.05522],[97.54806,36.05447],[97.54759,36.05407],[97.54579,36.05321],[97.51074,36.04664],[97.5088,36.04629],[97.50639,36.04584],[97.50546,36.04566],[97.50356,36.04531],[97.50052,36.04475],[97.49765,36.04437],[97.49509,36.04522],[97.49015,36.04941],[97.48812,36.05118],[97.48723,36.05256],[97.48552,36.05857],[97.48545,36.0587],[97.48443,36.0599],[97.4832,36.06047],[97.4747,36.06143],[97.47448,36.06145],[97.46233,36.06271],[97.46164,36.06279],[97.4573,36.06325],[97.45662,36.06332],[97.45265,36.06383],[97.44923,36.06537],[97.42738,36.07636],[97.34142,36.11945],[97.33823,36.12062],[97.1788,36.1498],[97.16997,36.15141],[97.1689,36.1516],[97.14656,36.15572],[97.10916,36.1736],[97.06654,36.19461],[97.01197,36.22205],[97.00978,36.22284],[97.00542,36.22363],[97.00352,36.22395],[97.00287,36.22405],[96.9414,36.23492],[96.94097,36.23499],[96.92717,36.2375],[96.89945,36.24312],[96.86347,36.25057],[96.85943,36.25167],[96.73711,36.31145],[96.68148,36.33806],[96.66269,36.34353],[96.65847,36.3445],[96.60087,36.34824],[96.48664,36.3784],[96.47462,36.38133],[96.44833,36.38132],[96.44802,36.38133],[96.44791,36.38133],[96.43525,36.38131],[96.43475,36.3813],[96.41212,36.38121],[96.41142,36.3812],[96.39792,36.38114],[96.3505,36.38096],[96.30388,36.38074],[96.23775,36.37644],[96.21468,36.37491],[96.19419,36.37409],[96.15562,36.3726],[96.1131,36.37397],[96.10096,36.37145],[95.97204,36.35854],[95.88571,36.36527],[95.78818,36.37291],[95.74626,36.37614],[95.7458,36.37617],[95.74543,36.3762],[95.74124,36.37658],[95.73651,36.37791],[95.7309,36.37735],[95.72094,36.3781],[95.72073,36.37811],[95.70224,36.37953],[95.70182,36.37956],[95.69684,36.37976],[95.61315,36.37295],[95.61302,36.37294],[95.53682,36.36669],[95.53665,36.36667],[95.5161,36.36488],[95.47213,36.35672],[95.45483,36.35678],[95.45035,36.35605],[95.45021,36.35602],[95.44676,36.35535],[95.44668,36.35533],[95.41945,36.35],[95.41913,36.34993],[95.40866,36.34787],[95.4086,36.34786],[95.40169,36.3465],[95.4016,36.34649],[95.40097,36.34637],[95.36081,36.3384],[95.33965,36.32676],[95.33716,36.32591],[95.33537,36.32582],[95.30265,36.32767],[95.27041,36.32419],[95.27002,36.32415],[95.21257,36.31776],[95.21012,36.31768],[95.12528,36.3385],[95.09796,36.3452],[95.09782,36.34523],[95.09168,36.34675],[95.08548,36.34831],[95.07675,36.34983],[95.06927,36.35092],[95.06905,36.35095],[95.06397,36.35171],[95.06385,36.35173],[95.06133,36.35211],[95.05912,36.35244],[95.05762,36.35297],[95.05644,36.35381],[95.04939,36.36332],[95.04696,36.36529],[95.02424,36.37077],[95.02295,36.37113],[95.01385,36.37328],[95.01374,36.37331],[95.00278,36.37592],[95.00256,36.37597],[94.9998,36.37654],[94.99744,36.37662],[94.99731,36.37662],[94.99311,36.3764],[94.979,36.37567],[94.97019,36.37522],[94.96855,36.37547],[94.96722,36.37608],[94.9555,36.38254],[94.95281,36.38344]],[[97.87947,35.9811],[97.87611,35.98058]],[[94.95273,36.38336],[94.95545,36.38246],[94.96723,36.37596],[94.9683,36.37545],[94.96991,36.37516],[94.979,36.37557],[94.99026,36.37616],[94.99075,36.37619],[94.99723,36.37652],[94.99732,36.37652],[94.99941,36.37649],[95.00256,36.37588],[95.00278,36.37582],[95.01374,36.3732],[95.01385,36.37317],[95.02424,36.37077]],[[98.32769,36.4652],[98.33047,36.46591],[98.33237,36.4659],[98.36791,36.4599],[98.39636,36.45227],[98.424,36.44958],[98.4343,36.44621],[98.45025,36.44282],[98.45639,36.44093],[98.47127,36.43739],[98.48528,36.43354],[98.49578,36.43196],[98.51313,36.43027],[98.52938,36.43026],[98.54257,36.43082],[98.55969,36.43027],[98.56547,36.43035],[98.57321,36.43094],[98.59915,36.4386],[98.62063,36.44731],[98.62794,36.4494],[98.62913,36.45049],[98.62881,36.45204],[98.62819,36.45382],[98.6257,36.45681],[98.62548,36.45844],[98.62587,36.46002],[98.62488,36.46256],[98.62484,36.46495],[98.62273,36.46693],[98.62142,36.46894],[98.62118,36.47437],[98.62049,36.47623],[98.62057,36.47818],[98.6211,36.47891],[98.62235,36.47972],[98.62261,36.48044],[98.62217,36.4813],[98.61974,36.48373],[98.61964,36.48422],[98.62103,36.4866],[98.62148,36.48678],[98.62174,36.48713],[98.62228,36.48876],[98.62202,36.49136],[98.62297,36.49249],[98.62315,36.49258],[98.62424,36.49338],[98.62428,36.49454],[98.6147,36.50442],[98.61405,36.50541],[98.61482,36.50861],[98.61307,36.51602],[98.61158,36.52023],[98.61197,36.5221],[98.61306,36.5238],[98.61531,36.52529],[98.64652,36.53606],[98.65844,36.54278],[98.66156,36.54628],[98.66482,36.55119],[98.66838,36.5545],[98.66931,36.55509],[98.68057,36.55842],[98.68178,36.55904],[98.70754,36.57787],[98.70981,36.5798],[98.71181,36.58211],[98.71598,36.58785],[98.7164,36.5884],[98.71917,36.59213],[98.72662,36.60002],[98.7285,36.60102],[98.73291,36.6023],[98.73309,36.60234],[98.74541,36.6061],[98.74722,36.60758],[98.75318,36.61555],[98.75591,36.62325],[98.76744,36.64177],[98.77471,36.66718],[98.77437,36.67441],[98.77479,36.68062],[98.77964,36.68997],[98.78511,36.69947],[98.78689,36.70089],[98.79329,36.70392],[98.80124,36.70844],[98.80255,36.70891],[98.80961,36.70998],[98.82006,36.71227],[98.82425,36.71246],[98.82773,36.71208],[98.83333,36.71285],[98.84648,36.71339],[98.85108,36.7124],[98.86456,36.70595],[98.86789,36.70541],[98.86872,36.70551],[98.87153,36.70655],[98.87315,36.7081],[98.8822,36.72344],[98.9094,36.75897],[98.91121,36.76024],[98.92216,36.7643],[98.94152,36.77145],[98.94203,36.77163],[98.9704,36.78205],[98.97051,36.78209],[98.97789,36.78476],[98.98741,36.78758],[98.98762,36.78764],[98.99519,36.78987],[98.99932,36.79061],[99.02018,36.79094],[99.02037,36.79094],[99.03017,36.79108],[99.03373,36.79142],[99.06821,36.79208],[99.07335,36.79172]]]},"properties":{"roadClass":"national","highway":"trunk","name":"","ref":"G109"}},
{"type":"Feature","geometry":{"type":"MultiLineString","coordinates":[[[91.69133,37.84301],[91.70057,37.81504],[91.70257,37.81114],[91.70669,37.80635],[91.70852,37.80428],[91.70914,37.80249],[91.70707,37.79376],[91.70725,37.79107],[91.70832,37.78866],[91.71192,37.78491],[91.71773,37.77931],[91.72092,37.77682],[91.73271,37.77049],[91.74352,37.7633],[91.76072,37.75147],[91.78935,37.73],[91.79207,37.72838],[91.81354,37.72039],[91.81514,37.72025],[91.81653,37.72047],[91.82066,37.72248],[91.8222,37.72288],[91.82374,37.72287],[91.8699,37.71083],[91.89993,37.69996],[91.91253,37.6944],[91.93364,37.68756],[92.07024,37.62286],[92.08831,37.61421],[92.0932,37.6115],[92.1467,37.57621],[92.17573,37.54636],[92.19247,37.52677],[92.19586,37.52374],[92.2051,37.51714],[92.20877,37.51505],[92.232,37.50364],[92.27484,37.48388],[92.30428,37.46349],[92.31435,37.45529],[92.3271,37.44755],[92.34852,37.43264],[92.35106,37.43046],[92.35339,37.42787],[92.36508,37.4128],[92.37447,37.40465],[92.37959,37.40131],[92.39009,37.39573],[92.41609,37.37964],[92.4212,37.37573],[92.44562,37.34793],[92.44814,37.34431],[92.45364,37.33422],[92.45452,37.33109],[92.45668,37.30415],[92.4579,37.29939],[92.4595,37.29623],[92.46173,37.29334],[92.47759,37.27538],[92.47928,37.27349],[92.48576,37.26657],[92.51681,37.24117],[92.5201,37.23895],[92.52398,37.23695],[92.56467,37.21986],[92.56837,37.21813],[92.57119,37.21637],[92.58992,37.20149],[92.59096,37.19961],[92.59164,37.19447],[92.59278,37.19283],[92.59881,37.18891],[92.61504,37.17279],[92.61688,37.17162],[92.6196,37.17051]],[[92.76118,37.09926],[92.75445,37.09729],[92.75202,37.09727],[92.74001,37.10198],[92.73517,37.10351],[92.70992,37.1081],[92.70654,37.108],[92.70136,37.1067],[92.69676,37.10595],[92.68642,37.10538],[92.68345,37.10644],[92.6686,37.11607],[92.65628,37.12409],[92.65395,37.1265],[92.65076,37.1307],[92.6405,37.14422],[92.6244,37.16746]]]},"properties":{"roadClass":"national","highway":"trunk","name":"","ref":"S303"}},
{"type":"Feature","geometry":{"type":"LineString","coordinates":[[91.17323,36.86507],[91.18496,36.86491],[91.19569,36.86535],[91.26053,36.85215],[91.32575,36.82984],[91.46282,36.81472],[91.47381,36.81145],[91.50403,36.80727],[91.5174,36.79981],[91.55758,36.79508],[91.57834,36.80201],[91.5966,36.80674],[91.61276,36.81443],[91.67533,36.82953],[91.67775,36.83038],[91.68601,36.8356],[91.68831,36.8374],[91.69146,36.84112],[91.69193,36.84315],[91.69406,36.84752],[91.69622,36.85003],[91.69816,36.85308],[91.69837,36.85474],[91.69787,36.85753],[91.69096,36.86426],[91.68779,36.86667],[91.6841,36.87272],[91.68537,36.87836],[91.68653,36.88019],[91.68732,36.88553],[91.68573,36.88768],[91.6843,36.88855],[91.68208,36.89077],[91.68043,36.89423],[91.67457,36.89896],[91.67439,36.90139],[91.67144,36.90828],[91.67081,36.91196],[91.67136,36.9144],[91.66954,36.91934],[91.67051,36.92097],[91.67019,36.92192],[91.66927,36.9226],[91.66375,36.92297],[91.65538,36.9253],[91.65075,36.93039],[91.65068,36.9309],[91.65177,36.93212],[91.65032,36.93464],[91.6507,36.93656],[91.64902,36.93846],[91.64943,36.93982],[91.64853,36.94243],[91.64806,36.94643],[91.64861,36.94751],[91.64729,36.94913],[91.64355,36.95593],[91.64319,36.95823],[91.64127,36.96325],[91.64133,36.96452],[91.64309,36.96844],[91.64629,36.97379],[91.64897,36.97522],[91.6503,36.97745],[91.65192,36.97931],[91.66086,36.98568],[91.66199,36.9869],[91.66145,36.99499],[91.66212,36.99894],[91.66339,37.00198],[91.66581,37.00555],[91.6698,37.01027],[91.67243,37.01242],[91.6746,37.01492],[91.679,37.01784],[91.68521,37.02343],[91.68961,37.02595],[91.69426,37.02767],[91.69955,37.02859],[91.73352,37.03149],[91.75917,37.03183],[91.78272,37.03207],[91.78552,37.03179],[91.79383,37.03022],[91.79773,37.0299],[91.81514,37.03032],[91.82209,37.03149],[91.82486,37.03162],[91.84556,37.03039],[91.85658,37.03005],[91.86595,37.03071],[91.86906,37.03145],[91.88569,37.04004],[91.89109,37.04222],[91.92117,37.05274],[91.98696,37.07571],[91.99497,37.07854],[92.1667,37.13839],[92.171,37.13938],[92.17828,37.1399],[92.22305,37.13918],[92.22995,37.13907],[92.23452,37.139],[92.23787,37.13894],[92.24121,37.13889],[92.28567,37.13816],[92.28831,37.1378],[92.29956,37.13527],[92.30408,37.13503],[92.32315,37.13653],[92.35727,37.14339],[92.36505,37.1446],[92.47606,37.15212],[92.48079,37.15218],[92.48568,37.15168],[92.63043,37.12842],[92.63552,37.12805],[92.63906,37.12821],[92.64236,37.12865],[92.64984,37.13039],[92.65076,37.1307]]},"properties":{"roadClass":"regional","highway":"secondary","name":"塔肯公路","ref":""}},
{"type":"Feature","geometry":{"type":"MultiLineString","coordinates":[[[91.69277,37.8521],[91.68873,37.85286],[91.68836,37.85293],[91.688,37.853],[91.68756,37.85308],[91.55876,37.87768],[91.47751,37.89823],[91.47159,37.89879],[91.41321,37.90114],[91.41124,37.90161],[91.40375,37.90465],[91.39895,37.90367],[91.38977,37.9045],[91.3798,37.90341],[91.36013,37.90799],[91.35552,37.90993],[91.33556,37.92194],[91.30108,37.946],[91.30038,37.94627],[91.29888,37.94626],[91.29521,37.94413],[91.29313,37.94414],[91.28587,37.9483],[91.25977,37.95933],[91.25731,37.95996],[91.24976,37.96077],[91.24531,37.96195],[91.24282,37.96322],[91.24068,37.96501],[91.23738,37.96864],[91.19886,38.01065],[91.19386,38.0146],[91.18283,38.02075],[91.15981,38.03358],[91.13082,38.05478],[91.12597,38.0578],[91.05916,38.08729],[91.0543,38.08955],[91.03497,38.10072],[91.00705,38.11433],[90.97543,38.12957],[90.95427,38.14037],[90.93922,38.147],[90.93647,38.14782],[90.92548,38.14921],[90.92399,38.14939],[90.91852,38.15007],[90.91585,38.15054],[90.91166,38.15208],[90.90431,38.15722],[90.89281,38.163],[90.89147,38.16461],[90.89122,38.16674],[90.89121,38.16714],[90.89121,38.16727],[90.89112,38.16782],[90.88981,38.17006],[90.87852,38.17836],[90.87633,38.18045],[90.85721,38.21115],[90.84154,38.23635],[90.84149,38.23641],[90.84002,38.23879],[90.83881,38.24081],[90.83732,38.24324],[90.83199,38.2518],[90.83031,38.25448],[90.82861,38.25601],[90.82095,38.25983],[90.8167,38.26193],[90.81211,38.2642],[90.76052,38.28973],[90.71104,38.31405],[90.6741,38.3265],[90.6702,38.3275],[90.66549,38.3282],[90.57695,38.33185],[90.53713,38.33243],[90.37966,38.32641],[90.37874,38.32637],[90.36919,38.32598],[90.36503,38.32608],[90.36008,38.32661],[90.25605,38.34441],[90.20982,38.34953],[90.20539,38.35072],[90.20021,38.35289],[90.17371,38.36784]],[[97.3996,37.37377],[97.4144,37.37528],[97.42351,37.37716],[97.43011,37.37775],[97.43993,37.37624],[97.44191,37.37512],[97.45397,37.37803],[97.45878,37.37798],[97.46935,37.375],[97.47173,37.37326],[97.47697,37.3714],[97.48179,37.36832],[97.48512,37.36732],[97.49076,37.36432],[97.49668,37.36303],[97.49877,37.36202],[97.50892,37.36049],[97.51131,37.36064],[97.51386,37.36025],[97.51626,37.35905],[97.51834,37.35735],[97.52363,37.35546],[97.54389,37.35014],[97.57517,37.3478],[97.57989,37.34737],[97.58538,37.34498],[97.58769,37.34466],[97.59568,37.34641],[97.61095,37.35144],[97.61607,37.35244],[97.63607,37.35351],[97.68295,37.35141],[97.73,37.34987],[97.73571,37.34969],[97.75202,37.34916],[97.7954,37.34776],[97.80536,37.34744],[97.80591,37.34742],[97.80749,37.34738],[97.80986,37.34731],[97.81508,37.34716],[97.83027,37.34674],[97.85358,37.34624],[97.85924,37.34469],[97.86102,37.34449],[97.90712,37.3429],[97.94231,37.34306],[97.95503,37.343],[97.99581,37.34178],[97.99685,37.34175],[97.99705,37.34174],[98.00141,37.34168],[98.01386,37.34314],[98.01661,37.34261],[98.01698,37.34253],[98.02986,37.33977],[98.04222,37.33997],[98.0662,37.33984],[98.10179,37.3415],[98.11014,37.34128],[98.11908,37.34275],[98.12416,37.3431],[98.12568,37.34373],[98.12722,37.34503],[98.12739,37.34516],[98.13067,37.34751],[98.14236,37.34979],[98.14747,37.35059],[98.15983,37.34939],[98.16806,37.34859],[98.19434,37.34593],[98.22396,37.33653],[98.22946,37.33437],[98.24779,37.32705],[98.27598,37.32259],[98.28565,37.3181],[98.28753,37.3174],[98.31584,37.31671],[98.32831,37.31641],[98.33034,37.31607],[98.33233,37.31528],[98.33849,37.31154],[98.34308,37.30739],[98.34711,37.30375],[98.34829,37.30336],[98.35606,37.30348],[98.36645,37.29963],[98.37225,37.29972],[98.37317,37.29941],[98.37756,37.29516],[98.37945,37.29258],[98.38586,37.28711],[98.38777,37.28345],[98.39051,37.27708],[98.39495,37.27376],[98.39769,37.26687],[98.39704,37.25707],[98.39895,37.25326],[98.40043,37.24204],[98.40329,37.21892],[98.40359,37.20284],[98.39461,37.1823],[98.38962,37.16488],[98.38769,37.15797],[98.38826,37.15141],[98.38876,37.15056],[98.39072,37.15007],[98.39125,37.14999],[98.39432,37.1495],[98.39574,37.14829],[98.39567,37.14082],[98.3926,37.13412],[98.38522,37.12694],[98.38405,37.12517],[98.38229,37.11949],[98.38399,37.11674],[98.38448,37.11282],[98.38494,37.11167],[98.38823,37.10869],[98.39162,37.1041],[98.39181,37.10384],[98.39725,37.09671],[98.40503,37.09071],[98.40563,37.08838],[98.40436,37.08485],[98.40471,37.08334],[98.40942,37.07937],[98.41217,37.07429],[98.41543,37.07077],[98.41969,37.06484],[98.42086,37.05872],[98.42315,37.05487],[98.42362,37.05243],[98.42421,37.05158],[98.42469,37.05095],[98.42521,37.04992],[98.42473,37.0486],[98.42198,37.04611],[98.41903,37.04231],[98.41765,37.04145],[98.4099,37.04028],[98.40185,37.03843],[98.39257,37.03845],[98.38983,37.03757],[98.38802,37.03597],[98.38742,37.03415],[98.3899,37.01582],[98.39097,37.0079],[98.389,36.99972],[98.39004,36.98642],[98.39055,36.98538],[98.39862,36.97905],[98.41019,36.96531],[98.41166,36.96406],[98.4147,36.96194],[98.41502,36.96166],[98.41513,36.96156],[98.41535,36.96136],[98.41788,36.95976],[98.41961,36.95911],[98.42616,36.95732],[98.4278,36.95587],[98.42957,36.9526],[98.43059,36.95163],[98.43982,36.94648],[98.44671,36.94471],[98.45072,36.94393],[98.46023,36.94347],[98.46475,36.9438],[98.46658,36.94395],[98.47612,36.94467],[98.4826,36.94487],[98.49136,36.94516],[98.49326,36.94564],[98.498,36.94753],[98.50427,36.9518],[98.50693,36.95572],[98.50765,36.95753],[98.50768,36.95762],[98.50918,36.96028],[98.51383,36.9656],[98.51589,36.96968],[98.52062,36.97711],[98.52238,36.98137],[98.52525,36.98666],[98.52752,36.99059],[98.53408,36.99801],[98.53628,36.99974],[98.54085,37.00278],[98.54793,37.00488],[98.56333,37.00456],[98.56632,37.0053],[98.57701,37.0029],[98.57818,37.00298],[98.57981,37.0037],[98.58021,37.0039],[98.58243,37.00526],[98.58312,37.00654],[98.58317,37.00693],[98.5832,37.0071],[98.58322,37.00724],[98.58356,37.00841],[98.58438,37.00922],[98.58894,37.01031],[98.59492,37.01268],[98.59709,37.01288],[98.60382,37.01133],[98.60923,37.01123],[98.61224,37.01088],[98.61858,37.00805],[98.62417,37.00722],[98.62717,37.0066],[98.63249,37.00447],[98.63655,37.00372],[98.64405,37.00315],[98.65084,37.00198],[98.6731,37.00205],[98.67791,37.00317],[98.67835,37.0033],[98.6962,37.0085],[98.70141,37.0093],[98.70451,37.01033],[98.70942,37.01137],[98.70994,37.01148],[98.71372,37.01215],[98.71947,37.01137],[98.72221,37.0117],[98.72431,37.01255],[98.72751,37.01509],[98.72918,37.01556],[98.72951,37.01556],[98.72969,37.01555],[98.73117,37.01555],[98.73345,37.01589],[98.73823,37.01886],[98.73991,37.01942],[98.75735,37.02242],[98.75753,37.02245],[98.76398,37.0235],[98.7761,37.02295],[98.78036,37.02238],[98.79613,37.01861],[98.79714,37.01848],[98.81148,37.01751],[98.81694,37.01606],[98.81682,37.01552],[98.81675,37.01541],[98.81657,37.01511],[98.82043,37.01346],[98.82064,37.01338],[98.83195,37.0081],[98.83851,37.00224],[98.83994,37.00158],[98.84111,37.00152],[98.84138,37.00158],[98.84146,37.00159],[98.8416,37.00164],[98.84197,37.00177]],[[98.84484,37.00311],[98.84557,37.00344],[98.85182,37.00634],[98.8547,37.00767],[98.85716,37.01008],[98.85964,37.01595],[98.8645,37.02281],[98.86587,37.02391],[98.87144,37.02608],[98.87241,37.02708],[98.87497,37.03104],[98.8759,37.03517],[98.87512,37.03886],[98.87549,37.04229],[98.87699,37.04625],[98.87765,37.04972],[98.87961,37.05136],[98.87995,37.05207],[98.87814,37.05621],[98.87805,37.05638],[98.87712,37.05831],[98.87629,37.06704],[98.87441,37.07019],[98.87421,37.07113],[98.87681,37.07743],[98.87683,37.07915],[98.87526,37.08124],[98.87218,37.08168],[98.87063,37.08266],[98.87001,37.08383],[98.8701,37.08664],[98.86849,37.08764],[98.8682,37.08825],[98.86837,37.08892],[98.87053,37.09133],[98.87164,37.09432],[98.8694,37.10171],[98.8693,37.10201],[98.86886,37.10369],[98.86909,37.10579],[98.86693,37.1116],[98.86513,37.11409],[98.86506,37.11551],[98.86507,37.11581],[98.86504,37.11963],[98.86685,37.12551],[98.86645,37.12861],[98.86674,37.12973],[98.86681,37.12984],[98.86737,37.13101],[98.86742,37.13242],[98.86637,37.13599],[98.86621,37.13834],[98.86621,37.13867],[98.8657,37.14327],[98.86184,37.15067],[98.86173,37.15089],[98.86161,37.15112],[98.86112,37.15227],[98.86105,37.15255],[98.8616,37.15745],[98.8621,37.15884],[98.86248,37.15943],[98.86528,37.16295],[98.86892,37.16503],[98.86905,37.16627],[98.86901,37.1668],[98.86883,37.16892],[98.86735,37.17114],[98.86723,37.17235],[98.86477,37.17261],[98.86351,37.17137],[98.86321,37.17163],[98.86548,37.17476],[98.86841,37.17722],[98.87166,37.17801],[98.87107,37.1791],[98.87074,37.18156],[98.87216,37.18242],[98.87506,37.18544],[98.87614,37.186],[98.87652,37.18654],[98.8765,37.18731],[98.87803,37.1882],[98.87852,37.18925],[98.88036,37.18967],[98.88098,37.1907],[98.88283,37.19153],[98.88387,37.19323],[98.88713,37.19412],[98.88801,37.19493],[98.88889,37.19507],[98.89081,37.19627],[98.89561,37.20172],[98.89673,37.20212],[98.90458,37.20325],[98.91418,37.20748],[98.92395,37.21233],[98.9292,37.2162],[98.95138,37.23759],[98.96355,37.25613],[98.97044,37.26389],[98.97788,37.26736],[98.99227,37.27976],[99.00528,37.28958],[99.00984,37.29354],[99.0099,37.2936]],[[99.36082,37.15284],[99.3272,37.15818],[99.28883,37.1709],[99.23751,37.18816],[99.20986,37.20061],[99.20917,37.20087],[99.20809,37.20131],[99.20534,37.20228],[99.20234,37.20341],[99.19736,37.20414],[99.19535,37.20525],[99.19496,37.20555],[99.19483,37.20562],[99.19453,37.2058],[99.19302,37.20634],[99.18892,37.20691],[99.1739,37.21096],[99.16749,37.21287],[99.13469,37.23008],[99.09922,37.24773],[99.09351,37.25047],[99.04361,37.28788],[99.04348,37.28798]]]},"properties":{"roadClass":"national","highway":"trunk","name":"西宁 - 吐尔尕特","ref":"G315"}},
{"type":"Feature","geometry":{"type":"MultiLineString","coordinates":[[[91.69277,37.8521],[91.70001,37.85075],[91.70332,37.85049],[91.70664,37.85073],[91.71001,37.85181],[91.71118,37.85229],[91.71179,37.85258],[91.71298,37.85317],[91.71408,37.85325],[91.74371,37.86368],[91.74599,37.86405],[91.76362,37.8646],[91.76468,37.86484],[91.76528,37.86546],[91.77186,37.87944],[91.77134,37.88648],[91.77183,37.88731],[91.77261,37.88745],[91.79224,37.88252],[91.79944,37.87993],[91.80554,37.8799],[91.81888,37.88559],[91.81984,37.88652],[91.82637,37.8967],[91.82801,37.89833],[91.83303,37.90076],[91.83581,37.9004],[91.83897,37.89912],[91.84016,37.89931],[91.84053,37.90009],[91.83858,37.90554],[91.83228,37.91304],[91.83003,37.91779],[91.82338,37.923],[91.8112,37.93724],[91.80716,37.94015],[91.802,37.9461],[91.79958,37.94816],[91.79633,37.95441],[91.79634,37.95958],[91.79445,37.96605],[91.79191,37.9904],[91.79106,37.99443],[91.79176,37.99556],[91.7952,37.99658],[91.79614,37.99763],[91.79513,38.00415],[91.79577,38.0057],[91.7972,38.00699],[91.79924,38.00724],[91.80723,38.00603],[91.80858,38.0061],[91.81,38.00655],[91.83824,38.02083],[91.84425,38.02631],[91.8455,38.02704],[91.84768,38.027],[91.85389,38.02433],[91.85495,38.02428],[91.85589,38.02464],[91.85646,38.0252],[91.85649,38.02603],[91.85194,38.03184],[91.85206,38.03452],[91.84853,38.04021],[91.8484,38.04093],[91.84876,38.0416],[91.87619,38.05683],[91.87671,38.05764],[91.87662,38.05811],[91.87186,38.06289],[91.87195,38.06365],[91.87257,38.06399],[91.87355,38.06403],[91.88079,38.06043],[91.88177,38.06017],[91.88403,38.06063],[91.90702,38.08399],[91.90937,38.08522],[91.91536,38.08694],[91.9199,38.08828],[91.9227,38.08833],[91.98347,38.07191],[91.98637,38.07141],[92.09655,38.07283],[92.09968,38.07228],[92.12298,38.06585],[92.12515,38.06548],[92.18256,38.06665],[92.18428,38.06642],[92.20922,38.05653],[92.21226,38.05621],[92.25891,38.06077],[92.26161,38.06057],[92.27147,38.05607],[92.27921,38.05481],[92.28116,38.05482],[92.28568,38.05542],[92.29041,38.05671],[92.31136,38.0587],[92.32043,38.0589],[92.35888,38.06418],[92.36182,38.0654],[92.36434,38.06553],[92.37068,38.06393],[92.37333,38.06404],[92.37996,38.06645],[92.38564,38.06774],[92.39604,38.06687],[92.40356,38.06857],[92.41569,38.06945],[92.41723,38.06976],[92.42818,38.07358],[92.4515,38.07673],[92.45653,38.07832],[92.45834,38.0786],[92.46243,38.07809],[92.4644,38.07827],[92.46909,38.08042],[92.47078,38.08047],[92.47195,38.0802],[92.47498,38.07875],[92.47674,38.0785],[92.48008,38.07932],[92.48655,38.07985],[92.49293,38.07817],[92.50207,38.07899],[92.505,38.07989],[92.50654,38.08002],[92.51098,38.07923],[92.51616,38.07889],[92.51738,38.07903],[92.52116,38.08061],[92.52291,38.08095],[92.52425,38.08089],[92.52786,38.07995],[92.54288,38.0792],[92.567,38.07913],[92.78313,38.05401],[92.89379,38.04407],[92.90079,38.043],[92.90417,38.04299],[92.90679,38.04356],[92.90893,38.04451],[92.91134,38.0463],[92.92005,38.05715],[92.92257,38.05949],[92.92591,38.06139],[92.93008,38.06268],[92.96895,38.07045],[92.97256,38.07087],[92.97649,38.07048],[92.97935,38.0696],[93.01685,38.05195],[93.02149,38.0504],[93.02604,38.04952],[93.03115,38.04923],[93.07592,38.05026],[93.08215,38.05074],[93.08861,38.05172],[93.09561,38.0532],[93.09767,38.0541],[93.1073,38.0642],[93.10944,38.06532],[93.11218,38.06578],[93.13046,38.06356],[93.13299,38.06289],[93.13501,38.06191],[93.13673,38.06064],[93.14232,38.05391],[93.14577,38.0521],[93.18012,38.04596],[93.19992,38.04246],[93.20442,38.04126],[93.208,38.03991],[93.21378,38.03668],[93.24103,38.01674],[93.24417,38.014],[93.26725,37.9914],[93.2843,37.97416],[93.28679,37.97028],[93.30661,37.93204],[93.30833,37.92975],[93.31215,37.92678],[93.33178,37.91622],[93.33425,37.91533],[93.34023,37.91415],[93.34305,37.91298],[93.34562,37.91046],[93.3465,37.908],[93.3472,37.90422],[93.36286,37.8198],[93.36854,37.78916],[93.36943,37.7867],[93.37168,37.78369],[93.37991,37.77638],[93.39271,37.76584],[93.39495,37.76439],[93.41839,37.7518],[93.51018,37.70266],[93.51487,37.70066],[93.52058,37.69735],[93.52338,37.6965],[93.52739,37.69648],[93.54588,37.70038],[93.54909,37.70131],[93.56323,37.70681],[93.57462,37.7102],[93.5897,37.70963],[93.59962,37.71047],[93.61048,37.70796],[93.61225,37.70711],[93.61644,37.70414],[93.62528,37.69946],[93.63328,37.69581],[93.64202,37.68984],[93.65224,37.68505],[93.65928,37.68064],[93.66332,37.67864],[93.66638,37.67647],[93.6741,37.67306],[93.67847,37.67006],[93.68315,37.66795],[93.69098,37.66221],[93.69935,37.65336],[93.70187,37.65169],[93.70413,37.6509],[93.71005,37.65005],[93.71183,37.64914],[93.71697,37.64459],[93.72014,37.64328],[93.72201,37.64303],[93.73855,37.64273],[93.7433,37.64221],[93.74906,37.64066],[93.76073,37.63607],[93.77084,37.63209],[93.77538,37.63044],[93.79016,37.62687],[93.81898,37.62587],[93.82186,37.62545],[93.82366,37.62484],[93.83463,37.61792],[93.83807,37.61381],[93.84271,37.61108],[93.85205,37.60413],[93.85478,37.60321],[93.85822,37.60327],[93.85998,37.60301],[93.86777,37.5999],[93.87573,37.59432],[93.89854,37.58214],[93.93594,37.56491],[93.94231,37.56263],[93.94424,37.56013],[93.95049,37.55593],[93.96526,37.55025],[93.97071,37.54593],[93.9823,37.53809],[93.98696,37.53411],[93.98957,37.53286],[93.99469,37.5265],[93.99821,37.52093],[94.01287,37.50809],[94.03525,37.48764],[94.03889,37.48367],[94.04298,37.48014],[94.04786,37.4773],[94.05604,37.47458],[94.06741,37.47128],[94.07434,37.46855],[94.0807,37.4648],[94.08695,37.46162],[94.09172,37.45628],[94.09649,37.44946],[94.10012,37.44329],[94.11592,37.41947],[94.13103,37.39753],[94.13415,37.39407],[94.16394,37.37038]],[[94.51785,37.3386],[94.8258,37.37376],[95.12448,37.40703],[95.12575,37.40717],[95.13663,37.4083],[95.14004,37.40812],[95.19644,37.39477],[95.19868,37.39492],[95.20068,37.39576],[95.20641,37.40202],[95.20686,37.40253],[95.20832,37.40422],[95.20925,37.40491],[95.21091,37.40552],[95.2212,37.40536],[95.22927,37.40751],[95.23142,37.40929],[95.23569,37.41505],[95.23681,37.41593],[95.23828,37.41656],[95.2536,37.42033],[95.26301,37.42139],[95.29215,37.42449],[95.32235,37.42484],[95.32522,37.4255],[95.33577,37.4301],[95.33926,37.43098],[95.44513,37.44245]],[[90.15029,38.40199],[90.14466,38.41058],[90.13953,38.41389],[90.13498,38.41922],[90.13115,38.42158],[90.13084,38.42176],[90.12956,38.4223],[90.12827,38.42228],[90.12555,38.42091],[90.12399,38.42076],[90.12218,38.4215],[90.121,38.42284],[90.12064,38.4248],[90.12193,38.42764],[90.12258,38.43335],[90.11329,38.45659],[90.11297,38.45737],[90.10933,38.46643]],[[90.16828,38.37448],[90.17026,38.37136],[90.17156,38.36963],[90.17371,38.36784]],[[91.71408,37.85325],[91.71001,37.85181]]]},"properties":{"roadClass":"national","highway":"trunk","name":"","ref":"G315"}},
{"type":"Feature","geometry":{"type":"MultiLineString","coordinates":[[[91.69092,37.84522],[91.69834,37.82283],[91.70037,37.81781],[91.70447,37.81089],[91.71136,37.80239],[91.71193,37.80175],[91.71674,37.79625],[91.72406,37.78974],[91.78473,37.73894],[91.78956,37.73544],[91.79619,37.73179],[91.80192,37.72927],[91.80632,37.72778],[91.84587,37.7175],[91.86004,37.71493],[91.87992,37.70904],[91.89094,37.70431],[91.90292,37.69995],[91.91177,37.69587],[91.92889,37.68992],[91.94609,37.68205],[92.09087,37.61319],[92.14393,37.5786],[92.14709,37.57622],[92.17966,37.54333],[92.18261,37.53996],[92.19136,37.52841],[92.1943,37.52543],[92.19831,37.52234],[92.20907,37.51533],[92.22177,37.50956],[92.23221,37.50381],[92.27125,37.48605],[92.27538,37.48388],[92.34901,37.4327],[92.34959,37.43225],[92.35255,37.42943],[92.36382,37.41498],[92.36841,37.4104],[92.37132,37.40796],[92.37775,37.40368],[92.41713,37.37953],[92.42046,37.37703],[92.44916,37.34453],[92.45267,37.33888],[92.45458,37.33316],[92.45705,37.30419],[92.4577,37.30106],[92.45869,37.29846],[92.46005,37.29599],[92.462,37.2934],[92.48208,37.27075],[92.48555,37.26722],[92.51467,37.24335],[92.51921,37.24021],[92.52742,37.23585],[92.56837,37.21841],[92.57331,37.21493],[92.5893,37.20228],[92.59823,37.19585],[92.61564,37.18564],[92.61957,37.18265],[92.62172,37.17924],[92.6227,37.17149],[92.62355,37.16874],[92.6244,37.16746]],[[92.6196,37.17051],[92.62264,37.16863],[92.62476,37.16649],[92.64984,37.13039],[92.65118,37.12854],[92.65472,37.125],[92.66842,37.11594],[92.68354,37.10614],[92.68785,37.10446],[92.69252,37.10393],[92.7112,37.10604],[92.71651,37.10587],[92.73544,37.10201],[92.73851,37.10091],[92.74653,37.09727],[92.74982,37.09647],[92.75339,37.09665],[92.75999,37.09862],[92.76242,37.09907],[92.76564,37.09903],[92.76878,37.09827],[92.77172,37.0966],[92.77468,37.09363],[92.77874,37.08956],[92.77973,37.08814],[92.78031,37.08645],[92.78108,37.08052],[92.78207,37.07864],[92.78383,37.07678],[92.78607,37.07537],[92.81448,37.06218],[92.8221,37.05881],[92.82746,37.05597],[92.90241,36.99786],[92.90776,36.99432],[92.92121,36.98735],[92.93047,36.98093],[92.94894,36.96782],[92.95046,36.96673],[92.95243,36.96533],[92.96771,36.95453],[92.96929,36.9534],[92.99753,36.93321],[92.99934,36.93176],[93.00135,36.93016],[93.01607,36.91411],[93.01753,36.91295],[93.02388,36.90951],[93.08309,36.87972],[93.087,36.87837],[93.09226,36.8778],[93.096,36.87808],[93.12698,36.88308],[93.12955,36.88367],[93.13244,36.88476],[93.14979,36.89367],[93.1517,36.89551],[93.15675,36.90338],[93.17416,36.9136],[93.17707,36.91451],[93.17979,36.91493],[93.21251,36.91672],[93.21786,36.91667],[93.22433,36.91522],[93.24194,36.90681],[93.24613,36.90527],[93.24994,36.90484],[93.27588,36.90516],[93.28325,36.9046],[93.33405,36.89356],[93.33733,36.89315],[93.3382,36.89304],[93.34386,36.89275],[93.37868,36.89347],[93.40531,36.89143],[93.40814,36.89097],[93.42733,36.88631],[93.43226,36.88477],[93.46524,36.87114],[93.47981,36.86625],[93.49857,36.86091],[93.50483,36.85876],[93.50832,36.85719],[93.51366,36.85425],[93.51803,36.85126],[93.5324,36.83627],[93.54285,36.82804],[93.56172,36.81523],[93.56637,36.81192],[93.56912,36.80954],[93.57142,36.80687],[93.57324,36.80396],[93.57626,36.79566],[93.57921,36.79052],[93.58382,36.78475],[93.59813,36.7683],[93.60075,36.76562],[93.61488,36.75312],[93.61902,36.74992],[93.6281,36.7444],[93.63925,36.73772],[93.64254,36.73496],[93.64448,36.73273],[93.6453,36.73178],[93.64985,36.72649],[93.65461,36.72306],[93.65776,36.72151],[93.69459,36.70702],[93.70797,36.70356],[93.71438,36.70131],[93.72506,36.69625],[93.74441,36.68687],[93.75232,36.68363],[93.76855,36.67888],[93.77509,36.6774],[93.78024,36.67692],[93.80103,36.67902],[93.80491,36.67883],[93.80861,36.67805],[93.81316,36.67615],[93.82972,36.66396],[93.83349,36.66194],[93.83714,36.66052],[93.93538,36.63401],[93.94,36.63164],[93.94735,36.626],[93.94951,36.62488],[93.95221,36.62394],[93.95556,36.62328],[93.97302,36.62176],[94.01069,36.61258],[94.01133,36.61242],[94.02229,36.6097],[94.02315,36.60948],[94.02568,36.60857],[94.02806,36.6073],[94.03843,36.59919],[94.04162,36.59752],[94.04474,36.59647],[94.04803,36.59587],[94.0558,36.59519],[94.07448,36.58917],[94.09807,36.58487],[94.16731,36.57306],[94.17804,36.56981],[94.19478,36.56275],[94.21045,36.55634],[94.21595,36.5552],[94.22147,36.55496],[94.22507,36.55516],[94.22784,36.55528]],[[92.76118,37.09926],[92.76448,37.0995],[92.76773,37.099],[92.77069,37.0978],[92.77309,37.09602],[92.77499,37.09376],[92.78074,37.08922],[92.79752,37.07867],[92.84194,37.05079],[92.88242,37.02168],[92.88606,37.01862],[92.89732,37.00787],[92.89952,37.00616],[92.92311,36.99215],[92.94554,36.97903],[92.94625,36.97839],[92.94721,36.97662],[92.94794,36.97275],[92.94846,36.97198],[92.95003,36.97077],[92.95198,36.96952],[92.95283,36.96897],[92.96471,36.96135],[92.97104,36.95715],[92.97259,36.95591],[92.99896,36.93499],[93.00062,36.93366],[93.005,36.9296],[93.01791,36.91442],[93.08147,36.88209],[93.08526,36.8808],[93.09486,36.8794],[93.09803,36.87936],[93.11836,36.88239],[93.13273,36.88559],[93.13481,36.88655],[93.15086,36.89619],[93.15286,36.89808],[93.1565,36.90399],[93.15765,36.90573],[93.15912,36.90686],[93.16386,36.90822],[93.16526,36.9087],[93.16815,36.91033],[93.17399,36.91371],[93.1769,36.91479],[93.17933,36.91514],[93.21984,36.91727],[93.22277,36.91677],[93.23298,36.91381],[93.24284,36.91217],[93.24436,36.91155],[93.24848,36.90855],[93.25033,36.90789],[93.26226,36.90673],[93.2758,36.90715],[93.28163,36.90673],[93.29651,36.90401],[93.31884,36.89873],[93.34055,36.89521],[93.35181,36.89469],[93.3663,36.89572],[93.3762,36.89588],[93.4002,36.89413],[93.42323,36.88942],[93.43127,36.88731],[93.44945,36.88026],[93.47225,36.87013],[93.48477,36.86676],[93.49479,36.86483],[93.50086,36.86307],[93.50445,36.8616],[93.51769,36.8555],[93.51984,36.85422],[93.52658,36.84835],[93.53377,36.83867],[93.53987,36.83249],[93.54151,36.83134],[93.54762,36.82844],[93.55043,36.82663],[93.57813,36.80492],[93.579,36.80385],[93.57946,36.80207],[93.57768,36.79698],[93.57804,36.79484],[93.59895,36.76882],[93.61564,36.75369],[93.61828,36.75129],[93.62274,36.74798],[93.6382,36.73883],[93.64511,36.73471],[93.64832,36.73313],[93.6489,36.73285],[93.65219,36.73121],[93.65329,36.73024],[93.65396,36.72909],[93.6555,36.72419],[93.65637,36.72282],[93.65758,36.72192],[93.6591,36.72135],[93.66098,36.72123],[93.66874,36.7224],[93.67194,36.72189],[93.67929,36.71763],[93.71143,36.70716],[93.71458,36.70552],[93.73183,36.69408],[93.7507,36.68517],[93.7528,36.68457],[93.76069,36.68331],[93.76802,36.68073],[93.77308,36.6794],[93.77762,36.67887],[93.78617,36.67845],[93.78915,36.6786],[93.79283,36.67959],[93.79432,36.68041],[93.79619,36.68225],[93.79824,36.68317],[93.8002,36.68321],[93.80434,36.68232],[93.80616,36.68221],[93.81887,36.68399],[93.82152,36.68379],[93.82396,36.68253],[93.82512,36.68105],[93.82864,36.67017],[93.82871,36.66994],[93.83025,36.66603],[93.8317,36.66457],[93.83397,36.66344],[93.87247,36.65403],[93.88078,36.6503],[93.91869,36.64022],[93.93671,36.63509],[93.94103,36.63289],[93.94886,36.62614],[93.95133,36.6248],[93.97413,36.62255],[94.01093,36.61314],[94.01144,36.61302],[94.02573,36.61072],[94.02937,36.60867],[94.04276,36.59875],[94.0454,36.59767],[94.06599,36.59584],[94.06931,36.59481],[94.07679,36.59119],[94.0831,36.58922],[94.17071,36.57391],[94.1799,36.57156],[94.19216,36.56714],[94.19705,36.56501],[94.21077,36.55735],[94.21518,36.55591],[94.2216,36.5551],[94.22506,36.55525],[94.22779,36.55537]],[[94.68249,36.40939],[94.68515,36.40981],[94.69778,36.41311],[94.71075,36.41505],[94.7195,36.41677],[94.72599,36.41901],[94.73482,36.42227],[94.74008,36.42387],[94.77037,36.42862],[94.77084,36.42869],[94.77178,36.42884],[94.77909,36.42995],[94.7795,36.42989],[94.77923,36.42978],[94.74012,36.42377],[94.73485,36.42216],[94.71954,36.41666],[94.71363,36.41534],[94.69781,36.41301],[94.68519,36.40971]]]},"properties":{"roadClass":"national","highway":"trunk","name":"格茫公路","ref":"S303"}},
{"type":"Feature","geometry":{"type":"MultiLineString","coordinates":[[[91.69092,37.84522],[91.68836,37.85293],[91.68085,37.87537],[91.67951,37.87762],[91.67781,37.87911],[91.67605,37.87975],[91.67402,37.87944],[91.67027,37.87638],[91.65732,37.87039],[91.65197,37.8685],[91.64665,37.86788],[91.64131,37.86839],[91.63633,37.87001],[91.63278,37.87207],[91.62988,37.87469],[91.62797,37.87739],[91.62535,37.88281],[91.62237,37.88625],[91.61775,37.88929],[91.6122,37.89112],[91.60823,37.89159],[91.60422,37.89144],[91.57352,37.88557],[91.56867,37.88506],[91.56378,37.88513],[91.55895,37.88575],[91.55414,37.88695],[91.52658,37.89621],[91.52074,37.89753],[91.51282,37.89873],[91.51263,37.89876],[91.49773,37.90093],[91.49137,37.90228],[91.49094,37.90239],[91.48248,37.90514],[91.4822,37.90525],[91.47906,37.90652],[91.47879,37.90663],[91.47501,37.9082],[91.47474,37.90831],[91.45719,37.91534],[91.45167,37.91662],[91.44653,37.91715],[91.44135,37.91705],[91.43561,37.91622],[91.43199,37.91526],[91.42026,37.91118],[91.41274,37.90982],[91.40792,37.90971],[91.40359,37.91005],[91.39353,37.91226],[91.39108,37.91288],[91.37837,37.91607],[91.3749,37.91727],[91.3695,37.92015],[91.36588,37.92319],[91.36548,37.92361],[91.36332,37.92644],[91.36058,37.93169],[91.3602,37.93235],[91.35976,37.93299],[91.35932,37.93361],[91.35565,37.93731],[91.35484,37.93791],[91.34967,37.94076],[91.34874,37.94111],[91.33943,37.94348],[91.33734,37.94395],[91.33211,37.94518],[91.32876,37.94631],[91.30502,37.95684],[91.30142,37.95883],[91.28751,37.9679],[91.28428,37.96955],[91.27601,37.97304],[91.26911,37.97567],[91.26468,37.97636],[91.26046,37.97621],[91.2495,37.97433],[91.24827,37.97425],[91.24496,37.97439],[91.24205,37.97498],[91.23934,37.97599],[91.23611,37.9778],[91.23222,37.98148],[91.22245,37.9938],[91.22205,37.99426],[91.20867,38.01094],[91.20464,38.01515],[91.20182,38.01725],[91.19836,38.01931],[91.18611,38.0249],[91.18596,38.02497],[91.18433,38.02569],[91.17969,38.0277],[91.17468,38.03032],[91.17023,38.03323],[91.15664,38.04379],[91.15132,38.04702],[91.14101,38.05237],[91.12805,38.06124],[91.12755,38.06157],[91.12186,38.06486],[91.11548,38.06785],[91.082,38.08016],[91.07836,38.08174],[91.0553,38.09411],[91.01321,38.11727],[91.00549,38.11991],[90.99703,38.12144],[90.9913,38.12288],[90.99057,38.12312],[90.98525,38.12541],[90.94501,38.14543],[90.93998,38.14718],[90.93451,38.14834],[90.9277,38.14917],[90.92734,38.14922],[90.92193,38.15006],[90.91888,38.15086],[90.91298,38.15312],[90.90735,38.15656],[90.90665,38.15702],[90.90225,38.15993],[90.89121,38.16727],[90.88471,38.17164],[90.88006,38.17497],[90.8799,38.17509],[90.87587,38.17858],[90.87203,38.18263],[90.85278,38.20843],[90.85253,38.20872],[90.8522,38.20909],[90.83977,38.22116],[90.83465,38.22741],[90.8343,38.22788],[90.83253,38.2306],[90.83232,38.23097],[90.82967,38.23594],[90.82949,38.23627],[90.82856,38.2381],[90.82845,38.23832],[90.82842,38.23838],[90.82831,38.2386],[90.82539,38.24377],[90.82512,38.24422],[90.82498,38.24447],[90.82081,38.25009],[90.81693,38.25431],[90.81616,38.25507],[90.81323,38.2578],[90.8129,38.25808],[90.81254,38.25838],[90.80899,38.26112],[90.80197,38.26576],[90.79385,38.27055],[90.79372,38.27063],[90.78351,38.27662],[90.77441,38.28173],[90.75938,38.28805],[90.7593,38.28809],[90.7592,38.28812],[90.74922,38.29217],[90.74153,38.29584],[90.71854,38.30947],[90.71002,38.3138],[90.70516,38.3157],[90.67978,38.32418],[90.67098,38.32659],[90.66131,38.32808],[90.65463,38.3285],[90.63297,38.32868],[90.6328,38.32868],[90.61449,38.32881],[90.60769,38.32917],[90.60715,38.32922],[90.59481,38.33075],[90.58847,38.33118],[90.57341,38.33077],[90.57291,38.33074],[90.56666,38.33039],[90.56607,38.33036],[90.56089,38.33025],[90.56021,38.33026],[90.55498,38.33039],[90.55417,38.33044],[90.5372,38.33174],[90.52963,38.33186],[90.52466,38.33173],[90.49062,38.32939],[90.47356,38.32988],[90.47281,38.32988],[90.46519,38.3293],[90.46498,38.32928],[90.44296,38.32729],[90.42141,38.32739],[90.41369,38.32686],[90.40459,38.32576],[90.40378,38.32569],[90.39624,38.32534],[90.37818,38.32545],[90.37796,38.32545],[90.37752,38.32545],[90.36992,38.32546],[90.35976,38.32613],[90.35914,38.32618],[90.35067,38.32732],[90.33973,38.32945],[90.3393,38.32954],[90.33667,38.33005],[90.33608,38.33017],[90.32923,38.33148],[90.32864,38.3316],[90.32149,38.33307],[90.31269,38.33439],[90.3125,38.33441],[90.30724,38.3349],[90.30661,38.33494],[90.30117,38.33524],[90.30074,38.33526],[90.29572,38.33562],[90.29526,38.33566],[90.28941,38.33639],[90.28896,38.33646],[90.28118,38.33788],[90.25544,38.34385],[90.25525,38.34389],[90.25056,38.34474],[90.24193,38.34571],[90.21634,38.34753],[90.20964,38.34884]],[[91.69133,37.84301],[91.68844,37.85169],[91.688,37.853],[91.68074,37.87434],[91.67955,37.87601],[91.67808,37.87704],[91.67623,37.87756],[91.67404,37.87745],[91.67331,37.87726],[91.65738,37.8703],[91.65201,37.86841],[91.64665,37.86778],[91.64128,37.8683],[91.63627,37.86992],[91.6327,37.872],[91.62978,37.87463],[91.62786,37.87735],[91.62524,37.88277],[91.62228,37.88619],[91.61768,37.8892],[91.61217,37.89103],[91.60823,37.8915],[91.60424,37.89135],[91.57354,37.88547],[91.56868,37.88497],[91.56377,37.88503],[91.55892,37.88566],[91.55409,37.88686],[91.52655,37.89612],[91.52071,37.89744],[91.5128,37.89864],[91.51261,37.89866],[91.4977,37.90084],[91.49134,37.90219],[91.4909,37.9023],[91.48243,37.90505],[91.48214,37.90517],[91.479,37.90644],[91.47874,37.90655],[91.47495,37.90812],[91.47468,37.90823],[91.45714,37.91525],[91.45165,37.91653],[91.44652,37.91705],[91.44136,37.91696],[91.43565,37.91613],[91.43203,37.91518],[91.4203,37.91109],[91.41275,37.90973],[91.40792,37.90961],[91.40357,37.90995],[91.39349,37.91217],[91.39105,37.91279],[91.37833,37.91598],[91.37484,37.91718],[91.36942,37.92008],[91.36579,37.92314],[91.36538,37.92355],[91.36322,37.9264],[91.36047,37.93165],[91.36009,37.93231],[91.35966,37.93294],[91.35922,37.93356],[91.35556,37.93724],[91.35476,37.93784],[91.34962,37.94067],[91.34869,37.94102],[91.3394,37.94339],[91.33731,37.94386],[91.33207,37.94509],[91.3287,37.94622],[91.30495,37.95676],[91.30134,37.95876],[91.28744,37.96782],[91.28422,37.96947],[91.27596,37.97296],[91.26908,37.97558],[91.26468,37.97627],[91.26048,37.97612],[91.24952,37.97424],[91.24828,37.97415],[91.24494,37.9743],[91.24201,37.97489],[91.23928,37.9759],[91.23603,37.97773],[91.23212,37.98142],[91.22234,37.99375],[91.22195,37.99421],[91.20857,38.01089],[91.20455,38.01509],[91.20175,38.01718],[91.19829,38.01923],[91.18606,38.02481],[91.1859,38.02489],[91.18428,38.02561],[91.17963,38.02762],[91.17461,38.03025],[91.17015,38.03316],[91.15656,38.04372],[91.15125,38.04695],[91.14094,38.05229],[91.12798,38.06117],[91.12746,38.0615],[91.12179,38.06479],[91.11542,38.06777],[91.08195,38.08007],[91.07829,38.08166],[91.05523,38.09403],[91.01315,38.11719],[91.00547,38.11982],[90.997,38.12135],[90.99126,38.12279],[90.99053,38.12303],[90.98518,38.12533],[90.94495,38.14535],[90.93994,38.14709],[90.93449,38.14825],[90.92768,38.14907],[90.92732,38.14913],[90.9219,38.14996],[90.91885,38.15077],[90.91292,38.15304],[90.90736,38.15642],[90.90657,38.15695],[90.90226,38.1598],[90.89121,38.16714],[90.88464,38.17153],[90.87996,38.17487],[90.87982,38.17498],[90.87571,38.17849],[90.87191,38.18252],[90.85266,38.20835],[90.8524,38.20865],[90.8521,38.209],[90.83962,38.2211],[90.8345,38.22736],[90.83416,38.22783],[90.83239,38.23057],[90.83219,38.23091],[90.82957,38.23591],[90.82939,38.23624],[90.82846,38.23808],[90.82836,38.23828],[90.82833,38.23835],[90.82821,38.23857],[90.82525,38.24372],[90.82496,38.2442],[90.82484,38.24442],[90.82068,38.25006],[90.81682,38.25423],[90.81605,38.25496],[90.8131,38.25771],[90.81279,38.25797],[90.81241,38.25829],[90.80889,38.26102],[90.80187,38.26567],[90.79377,38.27045],[90.79365,38.27052],[90.78341,38.27651],[90.77434,38.28166],[90.75933,38.28797],[90.75924,38.288],[90.75915,38.28804],[90.74917,38.29209],[90.74146,38.29576],[90.71847,38.3094],[90.70997,38.31372],[90.70511,38.31562],[90.67973,38.3241],[90.67095,38.3265],[90.66129,38.32799],[90.65463,38.32841],[90.63296,38.32858],[90.6328,38.32859],[90.61449,38.32872],[90.60768,38.32907],[90.60711,38.32913],[90.5948,38.33066],[90.58846,38.33108],[90.57339,38.33067],[90.5729,38.33065],[90.56667,38.3303],[90.56607,38.33027],[90.56089,38.33016],[90.56019,38.33017],[90.55497,38.3303],[90.55415,38.33034],[90.53719,38.33164],[90.52964,38.33177],[90.52466,38.33163],[90.49063,38.32929],[90.47354,38.32979],[90.47282,38.32978],[90.46521,38.32921],[90.465,38.32919],[90.44297,38.32719],[90.42142,38.32729],[90.4137,38.32676],[90.40461,38.32567],[90.4038,38.32559],[90.39624,38.32524],[90.37816,38.32535],[90.37789,38.32535],[90.37746,38.32535],[90.36991,38.32536],[90.35974,38.32603],[90.35912,38.32609],[90.35,38.32733],[90.33976,38.32935],[90.33933,38.32942],[90.33666,38.3299],[90.33606,38.33004],[90.32926,38.33138],[90.32864,38.33152],[90.32146,38.33298],[90.31267,38.33429],[90.31248,38.33431],[90.30723,38.33481],[90.30666,38.33484],[90.30116,38.33515],[90.30073,38.33517],[90.29571,38.33552],[90.29524,38.33557],[90.28938,38.3363],[90.28893,38.33637],[90.28114,38.33778],[90.25541,38.34376],[90.25522,38.3438],[90.2459,38.34523],[90.21634,38.34744],[90.2096,38.34873]],[[99.4298,37.18021],[99.38863,37.18238],[99.3835,37.18292],[99.37836,37.18403],[99.37443,37.18527],[99.3425,37.19787],[99.3361,37.19908],[99.33031,37.19913],[99.32624,37.19908],[99.32294,37.19903],[99.32107,37.19901],[99.31417,37.19894],[99.31365,37.19893],[99.30178,37.19887],[99.2892,37.20038],[99.27167,37.20284],[99.26789,37.20394],[99.26038,37.20694],[99.25602,37.20808],[99.25136,37.20851],[99.24541,37.20799],[99.24014,37.20686],[99.22776,37.20439],[99.22296,37.20438],[99.2179,37.20516],[99.21571,37.20559],[99.2094,37.20679],[99.20516,37.20711],[99.2004,37.20679],[99.19496,37.20555],[99.18491,37.20287],[99.17984,37.20199],[99.17331,37.20203],[99.16826,37.20307],[99.1633,37.2051],[99.15665,37.2093],[99.15609,37.20966],[99.14643,37.21607],[99.14176,37.21863],[99.13642,37.22085],[99.12353,37.2252],[99.11601,37.22884],[99.11201,37.23129],[99.10818,37.23411],[99.09663,37.24356],[99.09655,37.24361],[99.09642,37.2437],[99.09198,37.24674],[99.06467,37.26345],[99.05962,37.26594],[99.05516,37.26754],[99.05083,37.26867],[99.04598,37.26946],[99.04035,37.26977],[99.03578,37.26963],[99.02798,37.26843],[99.02391,37.2673],[99.02019,37.2659],[99.01557,37.26366],[99.00238,37.25633],[98.99766,37.2541],[98.99223,37.25199],[98.97142,37.2451],[98.96707,37.24333],[98.96405,37.24149],[98.96047,37.23853],[98.95798,37.23542],[98.95641,37.23234],[98.95365,37.22477],[98.95209,37.22223],[98.94909,37.21886],[98.94523,37.21595],[98.94479,37.2157],[98.94022,37.21373],[98.93687,37.21289],[98.93108,37.21186],[98.92601,37.21035],[98.92226,37.20873],[98.91471,37.20403],[98.90984,37.20224],[98.90682,37.2015],[98.9016,37.20027],[98.89804,37.19862],[98.89538,37.19636],[98.89239,37.19239],[98.86905,37.16627],[98.86877,37.16596],[98.86358,37.16178],[98.86128,37.15862],[98.86038,37.15496],[98.86109,37.15107],[98.86134,37.15051],[98.86404,37.14486],[98.86504,37.14176],[98.8652,37.13849],[98.86479,37.13551],[98.86514,37.13315],[98.86534,37.13252],[98.86662,37.13012],[98.86681,37.12984],[98.86726,37.12916],[98.86849,37.12669],[98.8691,37.12423],[98.86903,37.12172],[98.86839,37.11986],[98.86835,37.11974],[98.86775,37.11799],[98.86761,37.11744],[98.86738,37.11608],[98.86736,37.11559],[98.86777,37.11269],[98.86862,37.11063],[98.87026,37.10816],[98.87057,37.10772],[98.8725,37.10448],[98.87259,37.10422],[98.87323,37.10061],[98.87322,37.10034],[98.87304,37.0985],[98.87291,37.09788],[98.8722,37.09372],[98.87249,37.0911],[98.8737,37.08837],[98.8771,37.08352],[98.87745,37.08279],[98.87807,37.08097],[98.87827,37.0799],[98.8782,37.07702],[98.87703,37.07265],[98.87687,37.07211],[98.87652,37.06908],[98.87659,37.06839],[98.87729,37.06585],[98.88116,37.05744],[98.88221,37.05265],[98.88161,37.04919],[98.87739,37.03964],[98.87722,37.03897],[98.87556,37.03175],[98.87451,37.02935],[98.8728,37.02702],[98.86215,37.01594],[98.85981,37.01122],[98.85838,37.0088],[98.85518,37.0048],[98.85514,37.00474],[98.85102,36.99924],[98.85015,36.99743],[98.84922,36.99666],[98.84742,36.99623],[98.84719,36.99623],[98.84533,36.99682],[98.84138,37.00158],[98.84103,37.00199]],[[99.42977,37.18032],[99.38864,37.18248],[99.38353,37.18302],[99.3784,37.18413],[99.37449,37.18537],[99.34255,37.19797],[99.33611,37.19918],[99.33031,37.19924],[99.32623,37.19918],[99.32293,37.19914],[99.32107,37.19912],[99.31417,37.19904],[99.31364,37.19904],[99.30178,37.19898],[99.28922,37.20048],[99.2717,37.20294],[99.26794,37.20403],[99.26043,37.20704],[99.25605,37.20818],[99.25136,37.20861],[99.24538,37.20809],[99.24011,37.20696],[99.22775,37.2045],[99.22297,37.20448],[99.21793,37.20526],[99.21574,37.20569],[99.20943,37.20689],[99.20516,37.20721],[99.20037,37.20689],[99.19483,37.20562],[99.18488,37.20297],[99.17976,37.20209],[99.17333,37.20213],[99.16831,37.20317],[99.16338,37.20519],[99.15673,37.20938],[99.15618,37.20974],[99.14651,37.21615],[99.14183,37.21872],[99.13648,37.22095],[99.12359,37.22529],[99.11609,37.22893],[99.11209,37.23136],[99.10827,37.23419],[99.09671,37.24363],[99.0966,37.24371],[99.09651,37.24377],[99.09206,37.24682],[99.06475,37.26354],[99.05968,37.26603],[99.05521,37.26764],[99.05086,37.26877],[99.046,37.26957],[99.04035,37.26987],[99.03577,37.26973],[99.02794,37.26852],[99.02386,37.26739],[99.02019,37.26601],[99.01549,37.26374],[99.00231,37.25641],[98.9976,37.25419],[98.99218,37.25208],[98.97137,37.2452],[98.967,37.24342],[98.96396,37.24157],[98.96037,37.23859],[98.95787,37.23546],[98.95628,37.23237],[98.95352,37.2248],[98.95198,37.22228],[98.949,37.21892],[98.94516,37.21604],[98.94471,37.21578],[98.94017,37.21382],[98.93683,37.21298],[98.93104,37.21196],[98.92596,37.21044],[98.92219,37.20882],[98.91464,37.20411],[98.9098,37.20234],[98.90678,37.20159],[98.90155,37.20037],[98.89791,37.1987],[98.89548,37.19681],[98.89196,37.19254],[98.86901,37.1668],[98.86872,37.16647],[98.86326,37.1617],[98.86107,37.15861],[98.86025,37.15496],[98.86097,37.15105],[98.86121,37.15048],[98.86392,37.14482],[98.86491,37.14174],[98.86507,37.1385],[98.86466,37.13551],[98.86501,37.13313],[98.86521,37.13249],[98.8665,37.13008],[98.86674,37.12973],[98.86715,37.12911],[98.86837,37.12666],[98.86897,37.12422],[98.8689,37.12174],[98.86827,37.11989],[98.86823,37.11977],[98.86764,37.11807],[98.86749,37.11749],[98.86725,37.11609],[98.86723,37.11559],[98.86764,37.11267],[98.8685,37.11059],[98.87013,37.10812],[98.87047,37.10765],[98.87237,37.10444],[98.87246,37.10419],[98.87311,37.10061],[98.87309,37.10037],[98.87291,37.09852],[98.87278,37.0979],[98.87207,37.09373],[98.87237,37.09107],[98.87334,37.08874],[98.877,37.08343],[98.87736,37.08266],[98.87793,37.081],[98.87812,37.07995],[98.87807,37.07703],[98.87688,37.07261],[98.87672,37.07208],[98.87639,37.06914],[98.87646,37.06842],[98.87717,37.06582],[98.88104,37.05741],[98.88208,37.05264],[98.88149,37.04922],[98.87728,37.03966],[98.87709,37.03899],[98.87543,37.03177],[98.87439,37.02939],[98.8727,37.02707],[98.86541,37.01958],[98.86203,37.01601],[98.85869,37.00948],[98.85507,37.00485],[98.85503,37.0048],[98.85092,36.99928],[98.84956,36.99804],[98.84728,36.99762],[98.84566,36.99816],[98.84395,36.99947]]]},"properties":{"roadClass":"national","highway":"motorway","name":"西和高速","ref":"G0612"}},
{"type":"Feature","geometry":{"type":"MultiLineString","coordinates":[[[94.88772,36.41559],[94.89512,36.41294],[94.89525,36.41289],[94.89643,36.41281],[94.8985,36.41318],[94.9023,36.41387],[94.90429,36.41423],[94.90578,36.41449],[94.90775,36.41451],[94.90932,36.4145],[94.90945,36.4145]],[[94.90945,36.41459],[94.90932,36.41458],[94.90575,36.41457],[94.90231,36.41396],[94.8968,36.41296],[94.8953,36.41299],[94.89517,36.41304],[94.89385,36.41351],[94.88802,36.41559],[94.88774,36.41568]]]},"properties":{"roadClass":"regional","highway":"secondary","name":"金峰中路","ref":""}},
{"type":"Feature","geometry":{"type":"LineString","coordinates":[[94.88917,36.3908],[94.88917,36.39071],[94.89073,36.38868],[94.89435,36.38762],[94.89451,36.38758],[94.89646,36.38711],[94.89949,36.38636],[94.90366,36.38534],[94.90455,36.38511],[94.90546,36.38487],[94.9067,36.38455],[94.90681,36.38452],[94.90806,36.38421],[94.90983,36.38376],[94.91402,36.38273],[94.91686,36.38202],[94.91709,36.38197],[94.92485,36.38019]]},"properties":{"roadClass":"regional","highway":"secondary","name":"迎宾路","ref":""}},
{"type":"Feature","geometry":{"type":"MultiLineString","coordinates":[[[94.86636,36.37801],[94.87577,36.38574],[94.87755,36.38773],[94.87953,36.3907]],[[94.87957,36.3906],[94.87759,36.38771],[94.87583,36.38572],[94.86648,36.37799]]]},"properties":{"roadClass":"national","highway":"trunk","name":"盐桥南路","ref":"G109;G215"}},
{"type":"Feature","geometry":{"type":"LineString","coordinates":[[94.17442,37.36208],[94.17056,37.35816],[94.16461,37.35073],[94.16372,37.34881],[94.16321,37.34764]]},"properties":{"roadClass":"local","highway":"residential","name":"*","ref":""}},
{"type":"Feature","geometry":{"type":"LineString","coordinates":[[94.90231,36.41396],[94.90232,36.4141],[94.9024,36.41542],[94.90262,36.41687],[94.90473,36.42161],[94.90548,36.42187],[94.90721,36.42179]]},"properties":{"roadClass":"local","highway":"tertiary","name":"昆仑北路","ref":""}},
{"type":"Feature","geometry":{"type":"MultiLineString","coordinates":[[[94.89451,36.39789],[94.89458,36.39559],[94.89452,36.39304],[94.89445,36.3907],[94.89443,36.39061],[94.89435,36.38762]],[[94.89517,36.41304],[94.89512,36.41294],[94.89483,36.40708],[94.8948,36.40518],[94.89472,36.40184],[94.89454,36.39816]],[[94.89451,36.38758],[94.89455,36.38858],[94.89462,36.39061],[94.89462,36.39069],[94.89468,36.39309],[94.89487,36.3979]],[[94.89486,36.39813],[94.89486,36.40169],[94.89486,36.40183],[94.89494,36.40518],[94.89499,36.40705],[94.89506,36.40952],[94.89525,36.41289],[94.8953,36.41299]]]},"properties":{"roadClass":"regional","highway":"secondary","name":"中山路","ref":""}},
{"type":"Feature","geometry":{"type":"LineString","coordinates":[[94.90197,36.39796],[94.90202,36.40058],[94.90203,36.40158],[94.90203,36.40173],[94.90203,36.40284],[94.90205,36.405],[94.90211,36.40694],[94.90214,36.4083],[94.90223,36.41132],[94.9023,36.41387],[94.90231,36.41396]]},"properties":{"roadClass":"regional","highway":"secondary","name":"昆仑中路","ref":""}},
{"type":"Feature","geometry":{"type":"MultiLineString","coordinates":[[[94.83189,36.33943],[94.83032,36.34323],[94.82927,36.34473],[94.8275,36.34665],[94.82377,36.3495],[94.82107,36.35149],[94.8185,36.35369],[94.81594,36.35682],[94.81429,36.35982],[94.81345,36.36234],[94.81289,36.36639],[94.81341,36.37086],[94.81514,36.37515],[94.81735,36.37832],[94.82101,36.38187],[94.82131,36.38213],[94.8255,36.38648],[94.8283,36.39057],[94.83058,36.39582],[94.83159,36.40035],[94.83161,36.40059],[94.83183,36.40938],[94.83236,36.4136],[94.83239,36.41374],[94.83468,36.42109],[94.8378,36.42678],[94.83859,36.42786],[94.83948,36.4291],[94.84276,36.43288],[94.84788,36.43726],[94.85123,36.43956],[94.86115,36.44539],[94.86573,36.44929],[94.86875,36.45279],[94.87038,36.45523],[94.87501,36.46475],[94.87804,36.46961],[94.88337,36.47587],[94.88957,36.48116],[94.89123,36.48234],[94.89931,36.48701],[94.91709,36.49503],[94.91724,36.49511],[94.93111,36.50156],[94.93553,36.50406],[94.94176,36.50822],[94.94767,36.51296],[94.95129,36.51639],[94.95586,36.52136],[94.95964,36.52642],[94.95973,36.52658],[94.96329,36.5324],[94.96541,36.53677],[94.97243,36.55326],[94.97775,36.56263],[94.98243,36.5686],[94.99196,36.5779],[94.99774,36.58225],[94.99829,36.58266],[95.00585,36.58862],[95.00659,36.58929],[95.01399,36.59638],[95.01795,36.6011],[95.02261,36.6076],[95.02274,36.6078],[95.02916,36.61876],[95.03418,36.62566],[95.03768,36.62977],[95.06289,36.6567],[95.06621,36.66086],[95.07013,36.66766],[95.07418,36.67886],[95.07632,36.68246],[95.07838,36.68489],[95.09232,36.6989],[95.09431,36.70185],[95.09766,36.70929],[95.09984,36.71247],[95.10208,36.71496],[95.1057,36.71786],[95.13906,36.73877],[95.14805,36.74341],[95.15658,36.74665],[95.20807,36.76156],[95.21226,36.76231],[95.2149,36.76232],[95.21774,36.76193],[95.2181,36.76185],[95.21839,36.76179],[95.224,36.7599],[95.22643,36.75942],[95.22995,36.75953],[95.23347,36.76049],[95.28838,36.79214],[95.2888,36.79238],[95.29451,36.79594],[95.29794,36.79971],[95.31229,36.82659],[95.38383,36.96294],[95.41697,37.01914],[95.43247,37.05888],[95.44981,37.08365],[95.46479,37.12728],[95.4778,37.15572],[95.4876,37.20598],[95.48922,37.20913],[95.49239,37.21244],[95.49412,37.21517],[95.50027,37.2374],[95.50831,37.34834],[95.50831,37.35254],[95.50764,37.35423],[95.50627,37.35593],[95.48734,37.36695],[95.4854,37.36835],[95.47873,37.37496],[95.47279,37.37968],[95.4661,37.38693],[95.46099,37.3933],[95.45833,37.39919],[95.45255,37.40898],[95.44785,37.41594],[95.44661,37.41977],[95.44645,37.42256],[95.44686,37.42625],[95.44946,37.43284],[95.45276,37.44294],[95.45286,37.44327],[95.45393,37.4477],[95.45407,37.44984],[95.45351,37.45203],[95.45221,37.45465],[95.44362,37.46991],[95.42421,37.49181],[95.42342,37.49312],[95.42276,37.4956],[95.4228,37.49804],[95.42745,37.50949],[95.42726,37.51472],[95.42651,37.51921],[95.42558,37.52136],[95.42096,37.52905],[95.41919,37.53128],[95.41698,37.53287],[95.403,37.54045],[95.38619,37.55674],[95.38459,37.55889],[95.37349,37.58022],[95.37246,37.58323],[95.37074,37.60042],[95.37106,37.62068],[95.37148,37.62272],[95.37203,37.62434],[95.37208,37.62446],[95.37254,37.6257],[95.37273,37.62626],[95.3731,37.62907],[95.37221,37.632],[95.3627,37.64633],[95.35652,37.65677],[95.35593,37.65986],[95.35633,37.66499],[95.35588,37.66668],[95.35459,37.66844],[95.34789,37.67348],[95.34063,37.68041],[95.33543,37.68902],[95.33459,37.6913],[95.33434,37.69425],[95.33488,37.6969],[95.3419,37.71256],[95.34259,37.71494],[95.34306,37.71958],[95.34369,37.72635],[95.37257,37.83436],[95.3726,37.83448],[95.37355,37.83877],[95.37339,37.84447],[95.37208,37.84876],[95.37102,37.85087],[95.36784,37.8551],[95.36584,37.85719],[95.36184,37.86051],[95.36091,37.86132],[95.35359,37.86762],[95.35318,37.86796],[95.35291,37.86819],[95.34052,37.87888],[95.34031,37.87906],[95.33664,37.88216],[95.33103,37.88564],[95.32541,37.88792],[95.32135,37.88901],[95.31879,37.88948],[95.31342,37.88999],[95.26546,37.89062],[95.26095,37.89114],[95.25584,37.89238],[95.16851,37.92256],[95.16467,37.92409],[95.16122,37.9259],[95.09676,37.96824],[95.04347,38.00332],[95.04101,38.00521],[95.03382,38.01218],[95.03057,38.01628],[95.02451,38.02522],[95.02175,38.02841],[95.01924,38.03065],[95.00424,38.0415],[95.00132,38.04468],[94.99802,38.05217],[94.99618,38.05491],[94.97179,38.0747],[94.96893,38.07758],[94.96715,38.08097],[94.96554,38.08951],[94.9634,38.09392],[94.96069,38.09705],[94.9448,38.11244],[94.94304,38.1152],[94.94015,38.12153],[94.93826,38.12429],[94.93127,38.13249],[94.92714,38.13546],[94.91438,38.14104],[94.89987,38.14382],[94.89467,38.14439],[94.87156,38.14339],[94.86708,38.14292],[94.86121,38.14136],[94.8458,38.13447],[94.8439,38.13408],[94.84199,38.13412],[94.83891,38.13494],[94.83875,38.13501],[94.83678,38.13634],[94.8356,38.13775],[94.83074,38.14946],[94.82972,38.15087],[94.82812,38.15214],[94.78856,38.17679],[94.78483,38.17775],[94.77633,38.17788],[94.77313,38.17856],[94.76125,38.18517],[94.75639,38.18884],[94.75235,38.19333],[94.725,38.23167],[94.71516,38.24037],[94.71313,38.24252],[94.71191,38.24577],[94.71231,38.25055],[94.712,38.25168],[94.71001,38.25415],[94.70522,38.2596],[94.68659,38.28074],[94.68186,38.28563],[94.6765,38.29049],[94.65392,38.30864],[94.65366,38.30885],[94.63624,38.32285],[94.63352,38.32435],[94.62035,38.32839],[94.59236,38.33268],[94.58872,38.33358],[94.55234,38.34953],[94.53327,38.35638],[94.5316,38.35729],[94.52966,38.35891],[94.52843,38.36057],[94.52766,38.36259],[94.5275,38.36362]],[[94.83154,36.34026],[94.82917,36.34464],[94.82739,36.34659],[94.82367,36.34944],[94.82096,36.3514],[94.8184,36.35364],[94.81626,36.35616],[94.8145,36.35908],[94.81331,36.36232],[94.81274,36.3664],[94.81326,36.37088],[94.81501,36.3752],[94.81722,36.37835],[94.82092,36.38196],[94.82124,36.38222],[94.82539,36.38654],[94.82819,36.39064],[94.83045,36.39586],[94.83145,36.40029],[94.83147,36.40049],[94.83168,36.40938],[94.83221,36.41364],[94.83224,36.41378],[94.83453,36.42112],[94.8377,36.42683],[94.83845,36.42787],[94.83935,36.42913],[94.84269,36.43295],[94.84776,36.43734],[94.85116,36.43967],[94.86107,36.44548],[94.86563,36.44934],[94.86782,36.45179],[94.87027,36.45527],[94.87487,36.4648],[94.87794,36.46966],[94.88326,36.47591],[94.88946,36.48125],[94.89113,36.48243],[94.89923,36.48709],[94.91787,36.49554],[94.93103,36.50167],[94.9354,36.50412],[94.94166,36.50829],[94.94566,36.51139],[94.9512,36.51644],[94.95567,36.52142],[94.95951,36.52648],[94.9596,36.52663],[94.96317,36.53245],[94.96529,36.53679],[94.97209,36.55337],[94.97743,36.56277],[94.98234,36.56878],[94.99181,36.57804],[94.99771,36.58246],[94.99803,36.5827],[95.00578,36.58874],[95.00653,36.58939],[95.01386,36.59646],[95.01786,36.60118],[95.02249,36.60766],[95.02261,36.60785],[95.02903,36.61882],[95.03405,36.6257],[95.03758,36.62981],[95.06279,36.65675],[95.0661,36.66091],[95.07002,36.66769],[95.07406,36.6789],[95.07614,36.68242],[95.0783,36.68497],[95.09222,36.69895],[95.09419,36.7019],[95.09662,36.70758],[95.0986,36.71104],[95.10046,36.71344],[95.1028,36.71576],[95.1056,36.71796],[95.10877,36.72],[95.13901,36.73887],[95.14798,36.7435],[95.15654,36.74675],[95.20802,36.76166],[95.2178,36.76368],[95.21815,36.76374],[95.21847,36.76379],[95.22559,36.76502],[95.23431,36.76591],[95.23888,36.76728],[95.24816,36.77318],[95.25097,36.77469],[95.26271,36.77986],[95.27774,36.78857],[95.28541,36.79263],[95.28584,36.79284],[95.29154,36.7959],[95.29844,36.8033],[95.30602,36.8162],[95.3085,36.82218],[95.31132,36.82744],[95.316,36.83637],[95.31807,36.84154],[95.3224,36.84653],[95.33985,36.87955],[95.37199,36.941],[95.37449,36.9475],[95.3778,36.95218],[95.38358,36.96299],[95.41609,37.01822],[95.43223,37.05895],[95.43605,37.06487],[95.44903,37.08289],[95.45001,37.08469],[95.46444,37.12741],[95.47778,37.15649],[95.48731,37.20599],[95.48892,37.20927],[95.49262,37.21323],[95.49385,37.21522],[95.49939,37.23468],[95.50006,37.23852],[95.50439,37.29596],[95.50489,37.30329],[95.50474,37.30554],[95.50541,37.31026],[95.50801,37.3525],[95.50704,37.35467],[95.50555,37.35621],[95.48713,37.36674],[95.48514,37.36815],[95.47603,37.37692],[95.47264,37.37949],[95.47001,37.38194],[95.46157,37.3916],[95.46055,37.39314],[95.45788,37.39904],[95.45211,37.40881],[95.4474,37.4158],[95.44613,37.41971],[95.44596,37.42257],[95.44639,37.42633],[95.4483,37.43026],[95.45257,37.44293],[95.45266,37.44324],[95.45384,37.44782],[95.45394,37.44983],[95.45338,37.452],[95.45188,37.45491],[95.44334,37.46979],[95.42395,37.49168],[95.42312,37.49304],[95.42245,37.49556],[95.42249,37.49809],[95.42684,37.50826],[95.42714,37.51032],[95.42625,37.51925],[95.42068,37.52894],[95.41895,37.53111],[95.41758,37.53219],[95.40378,37.53964],[95.40222,37.54074],[95.38594,37.55659],[95.3843,37.55879],[95.37319,37.58014],[95.37195,37.5843],[95.37054,37.59832],[95.37069,37.61341],[95.37089,37.62452],[95.37219,37.62894],[95.37198,37.63164],[95.37132,37.63306],[95.35985,37.65033],[95.35666,37.6559],[95.35581,37.65885],[95.35611,37.66454],[95.3556,37.66669],[95.35434,37.66828],[95.34656,37.67423],[95.34036,37.68026],[95.33513,37.68892],[95.33426,37.69126],[95.33401,37.69427],[95.33457,37.69697],[95.34159,37.71263],[95.34227,37.71498],[95.34274,37.71958],[95.34337,37.7264],[95.37246,37.83446],[95.37249,37.83458],[95.3734,37.8388],[95.37324,37.84447],[95.3725,37.84722],[95.37085,37.85091],[95.36772,37.85504],[95.36169,37.8605],[95.36075,37.86131],[95.35354,37.8675],[95.35314,37.86784],[95.35286,37.86809],[95.34039,37.87882],[95.34021,37.87898],[95.33558,37.88276],[95.33095,37.88553],[95.32537,37.8878],[95.32131,37.88889],[95.31752,37.88954],[95.31342,37.88988],[95.26345,37.89046],[95.26082,37.89069],[95.25739,37.89142],[95.16606,37.92297],[95.16072,37.9254],[95.10573,37.96147],[95.09634,37.96764],[95.04242,38.00322],[95.03999,38.00516],[95.03608,38.00882],[95.03234,38.01298],[95.0241,38.02493],[95.02165,38.02794],[95.01711,38.0317],[95.00855,38.03794],[95.00375,38.04147],[95.00145,38.04386],[95.00051,38.04524],[94.99779,38.05158],[94.99567,38.05428],[94.97673,38.07001],[94.97013,38.07426],[94.9684,38.07595],[94.96692,38.07916],[94.96485,38.08931],[94.96323,38.09252],[94.9569,38.09977],[94.94368,38.11208],[94.94175,38.11497],[94.93974,38.12063],[94.93851,38.12287],[94.92808,38.13408],[94.92591,38.13568],[94.91688,38.13965],[94.91287,38.14103],[94.89981,38.14345],[94.8945,38.14397],[94.87292,38.14297],[94.86507,38.14178],[94.86125,38.14092],[94.84581,38.13402],[94.84201,38.13381],[94.83873,38.13468],[94.83856,38.13476],[94.8368,38.13586],[94.83525,38.13758],[94.8303,38.14942],[94.82934,38.15074],[94.82777,38.15191],[94.7885,38.17639],[94.78564,38.17727],[94.77599,38.17748],[94.77283,38.17822],[94.75941,38.1857],[94.75589,38.18844],[94.74732,38.19915],[94.72408,38.23212],[94.71364,38.24137],[94.71208,38.24326],[94.70997,38.2475],[94.70367,38.25092],[94.70045,38.25542],[94.69678,38.25956],[94.6885,38.27669],[94.687,38.27888],[94.6813,38.2853],[94.67825,38.28816],[94.65368,38.30806],[94.6534,38.30828],[94.63574,38.32248],[94.63312,38.32392],[94.62016,38.3279],[94.59343,38.33205],[94.58855,38.33327],[94.55209,38.3492],[94.53322,38.35618],[94.53145,38.35712],[94.52942,38.3588],[94.52819,38.36047],[94.52739,38.36254],[94.52714,38.36423]]]},"properties":{"roadClass":"national","highway":"motorway","name":"柳格高速","ref":"G3011"}},
{"type":"Feature","geometry":{"type":"MultiLineString","coordinates":[[[94.88774,36.41568],[94.88894,36.42007],[94.89426,36.43909],[94.89805,36.44474],[94.9024,36.45013],[94.90267,36.45032],[94.90308,36.45062]],[[94.90302,36.45068],[94.90249,36.4503],[94.90222,36.45011],[94.90088,36.44872],[94.89547,36.44138],[94.89377,36.4382],[94.88887,36.42007],[94.88831,36.41836],[94.88765,36.41571]]]},"properties":{"roadClass":"national","highway":"trunk","name":"盐桥北路","ref":"G215"}},
{"type":"Feature","geometry":{"type":"MultiLineString","coordinates":[[[94.90869,36.3979],[94.90542,36.39791],[94.90428,36.39793],[94.90197,36.39796],[94.89742,36.39801],[94.89486,36.39813]],[[94.89487,36.3979],[94.89833,36.39793],[94.90197,36.39787],[94.90564,36.39781],[94.90865,36.39771]],[[94.91742,36.39771],[94.91723,36.39772],[94.91344,36.39778],[94.90919,36.39789]],[[94.9092,36.39765],[94.91323,36.39769],[94.91344,36.39768],[94.91723,36.39765],[94.91742,36.39764]]]},"properties":{"roadClass":"regional","highway":"secondary","name":"柴达木中路","ref":""}},
{"type":"Feature","geometry":{"type":"MultiLineString","coordinates":[[[94.87876,36.41884],[94.87795,36.41914],[94.87771,36.41923],[94.87728,36.41938],[94.87066,36.42171],[94.86984,36.422],[94.85777,36.42625],[94.85767,36.42629],[94.85618,36.42687],[94.85534,36.42722],[94.8537,36.42792],[94.85125,36.42893],[94.84976,36.42912],[94.84842,36.42895],[94.84438,36.42751],[94.83859,36.42786],[94.83845,36.42787],[94.82021,36.42962],[94.81249,36.43034],[94.80635,36.43091],[94.79983,36.43099],[94.79682,36.43101],[94.78888,36.43105],[94.78636,36.43089],[94.78332,36.43051],[94.7795,36.42989]],[[94.88772,36.41559],[94.88763,36.41562],[94.88709,36.41588],[94.88765,36.41571],[94.88774,36.41568]]]},"properties":{"roadClass":"regional","highway":"primary","name":"","ref":"S303"}},
{"type":"Feature","geometry":{"type":"MultiLineString","coordinates":[[[94.89445,36.3907],[94.88966,36.39079],[94.88917,36.3908],[94.88544,36.39084],[94.88034,36.39091],[94.87967,36.39077],[94.87953,36.3907]],[[94.87957,36.3906],[94.88033,36.39083],[94.88917,36.39071],[94.88966,36.3907],[94.89443,36.39061]]]},"properties":{"roadClass":"national","highway":"trunk","name":"黄河西路","ref":"G109"}},
{"type":"Feature","geometry":{"type":"MultiLineString","coordinates":[[[94.88765,36.41571],[94.88763,36.41562],[94.88571,36.409],[94.88331,36.40049]],[[94.88366,36.40047],[94.88582,36.40897],[94.88772,36.41559],[94.88774,36.41568]]]},"properties":{"roadClass":"national","highway":"trunk","name":"盐桥中路","ref":"G215"}},
{"type":"Feature","geometry":{"type":"MultiLineString","coordinates":[[[94.88366,36.40047],[94.8836,36.40021]],[[94.16394,37.37038],[94.17565,37.52579],[94.17429,37.54394],[94.17138,37.55627],[94.16582,37.57273],[94.16216,37.59289],[94.16218,37.59426],[94.16343,37.59863],[94.17791,37.6214],[94.17894,37.62508],[94.18073,37.63533],[94.1812,37.64435],[94.18289,37.65474],[94.18319,37.66704],[94.18443,37.67642],[94.18425,37.69527],[94.18591,37.70087],[94.1865,37.70728],[94.18839,37.71379],[94.18852,37.72855],[94.18752,37.73271],[94.18746,37.74147],[94.18614,37.74697],[94.18664,37.74845],[94.18905,37.75169],[94.1899,37.75354],[94.18987,37.76367],[94.1887,37.76692],[94.19253,37.79794],[94.1927,37.80168],[94.19181,37.82751],[94.19233,37.83451],[94.19203,37.83892],[94.19254,37.84407],[94.19284,37.85414],[94.19556,37.8611],[94.19549,37.86739],[94.19727,37.88083],[94.19726,37.88738],[94.20039,37.90029],[94.20027,37.90209],[94.19855,37.90947],[94.19984,37.91452],[94.19992,37.92263],[94.20067,37.9247],[94.21369,37.93303],[94.22454,37.94244],[94.22651,37.94338],[94.22796,37.94374],[94.31061,37.96401],[94.3149,37.96566],[94.3215,37.97],[94.32341,37.97054],[94.32501,37.97047],[94.33405,37.96766],[94.33655,37.96732],[94.35104,37.96896],[94.35785,37.97053],[94.38848,37.97157],[94.40689,37.9708],[94.42024,37.97313],[94.43002,37.97706],[94.43364,37.97867],[94.44222,37.98477],[94.4439,37.98557],[94.44595,37.98606],[94.56016,37.99916],[94.56595,38.00038],[94.56605,38.00041],[94.57307,38.00255],[94.57326,38.00261],[94.58523,38.00625],[94.58531,38.00628],[94.59421,38.00899],[94.5943,38.00902],[94.62595,38.01866],[94.62723,38.01936],[94.62795,38.02062],[94.62763,38.022],[94.62616,38.02311]],[[94.88331,36.40049],[94.88327,36.40031],[94.8833,36.40026]],[[94.90308,36.45062],[94.90339,36.45082],[94.90753,36.45355],[94.91968,36.46144],[94.92315,36.46335],[94.92756,36.46593],[94.92876,36.46702],[94.93086,36.46971],[94.93105,36.46995],[94.93121,36.47016],[94.93235,36.47165],[94.93242,36.47174],[94.9325,36.47184],[94.93257,36.47193],[94.93396,36.47402],[94.94576,36.49615],[94.9487,36.5009],[94.98478,36.54732],[94.99927,36.56511],[94.99978,36.56715],[94.99777,36.58205],[94.99774,36.58225],[94.99771,36.58246],[94.99767,36.58276],[94.9966,36.5908],[94.99691,36.59258],[94.99806,36.59413],[95.00617,36.60123],[95.01667,36.61487],[95.03386,36.63519],[95.04374,36.65874],[95.04517,36.66087],[95.06379,36.67735],[95.06884,36.67985],[95.072,36.68182],[95.0748,36.68229],[95.07614,36.68242],[95.07632,36.68246],[95.07755,36.68287],[95.07961,36.68418],[95.08234,36.68665],[95.09449,36.69889],[95.11699,36.71782],[95.12471,36.72674],[95.12554,36.72734],[95.16398,36.74257],[95.16917,36.74432],[95.21469,36.75393],[95.21639,36.75486],[95.21759,36.75635],[95.21795,36.75832],[95.21804,36.75962],[95.2181,36.76185],[95.21815,36.76374],[95.21817,36.7642],[95.23405,36.76601],[95.23705,36.76678],[95.24832,36.77383],[95.25945,36.77863],[95.26931,36.78699],[95.27062,36.78766],[95.27969,36.79059],[95.28204,36.79274],[95.28231,36.793],[95.28594,36.79501],[95.28921,36.79904],[95.29521,36.80543],[95.30953,36.82655],[95.3101,36.82787],[95.31058,36.83086],[95.31107,36.83172],[95.31463,36.83491],[95.316,36.83696],[95.31715,36.84018],[95.31775,36.84478],[95.31807,36.84574],[95.3188,36.84647],[95.31993,36.84753],[95.32297,36.85022],[95.32441,36.85213],[95.32541,36.85469],[95.3257,36.85836],[95.32643,36.86054],[95.32721,36.86175],[95.3307,36.86522],[95.33222,36.86762],[95.33685,36.87661],[95.33919,36.88308],[95.34365,36.89044],[95.34804,36.90048],[95.34941,36.90241],[95.35229,36.90544],[95.35383,36.90803],[95.36249,36.92593],[95.36319,36.92796],[95.36734,36.94856],[95.36935,36.95148],[95.37174,36.9535],[95.37641,36.9574],[95.38332,36.96498],[95.39495,36.98392],[95.39688,36.98848],[95.39974,36.99164],[95.40667,37.00373],[95.41494,37.01809],[95.41606,37.02076],[95.41823,37.0306],[95.41925,37.03306],[95.42272,37.03936],[95.42861,37.05773],[95.42879,37.0604],[95.42731,37.06353],[95.42519,37.06506],[95.42353,37.06583],[95.40163,37.07012],[95.38575,37.07582],[95.38142,37.07709],[95.36419,37.08073],[95.35976,37.08233],[95.35026,37.08771],[95.34545,37.09003],[95.33094,37.09517],[95.32502,37.0977],[95.31507,37.10318],[95.30957,37.10551],[95.30588,37.1064],[95.2961,37.1079],[95.29163,37.10886],[95.2739,37.11454],[95.26872,37.11553],[95.26447,37.11673],[95.26095,37.11807],[95.25769,37.11971],[95.25069,37.12409],[95.23559,37.12933],[95.22715,37.1332],[95.22326,37.13417],[95.21871,37.13465],[95.20918,37.13499],[95.20469,37.13567],[95.20032,37.13683],[95.19092,37.14022],[95.17404,37.14442],[95.16767,37.14679],[95.15978,37.15115],[95.15784,37.15192],[95.14558,37.15444],[95.13484,37.15937],[95.11275,37.16755],[95.10819,37.16967],[95.0963,37.17736],[95.09071,37.18012],[95.08495,37.18244],[95.07864,37.18437],[95.05322,37.18943],[95.04812,37.19081],[95.04307,37.19236],[95.02372,37.20032],[95.01944,37.20163],[95.01571,37.20256],[95.003,37.20451],[94.99867,37.20561],[94.99372,37.20724],[94.9846,37.21164],[94.96423,37.21715],[94.95671,37.22005],[94.9473,37.22445],[94.94336,37.22595],[94.93528,37.22778],[94.92667,37.22802],[94.92187,37.22744],[94.89107,37.22135],[94.88241,37.22044],[94.87149,37.22069],[94.85572,37.22309],[94.85133,37.22414],[94.84584,37.22611],[94.83643,37.23088],[94.82935,37.23309],[94.82466,37.2341],[94.81391,37.23531],[94.80882,37.2366],[94.80341,37.23885],[94.79,37.24757],[94.78631,37.24953],[94.75212,37.26412],[94.74714,37.26688],[94.74152,37.26889],[94.73249,37.27118],[94.71813,37.2783],[94.71524,37.27928],[94.71178,37.28003],[94.69633,37.28175],[94.68558,37.28514],[94.67584,37.28703],[94.66501,37.29071],[94.65469,37.29203],[94.63239,37.29737],[94.60222,37.30512],[94.56624,37.31832],[94.5614,37.32042],[94.55307,37.32461],[94.52391,37.33551],[94.51881,37.33711],[94.51797,37.33795],[94.51785,37.3386]],[[94.90302,36.45068],[94.90333,36.45088],[94.91042,36.45548],[94.91362,36.45754],[94.91841,36.46068],[94.91979,36.4616],[94.92229,36.46297],[94.92309,36.46341],[94.92533,36.46474],[94.92748,36.46602],[94.92972,36.46838],[94.93079,36.46972],[94.93099,36.46997],[94.93118,36.47022],[94.93215,36.47148],[94.9323,36.47166],[94.93237,36.47176],[94.93245,36.47187],[94.93252,36.47196],[94.93396,36.47402]],[[95.25584,37.89238],[95.25739,37.89142],[95.26269,37.89011],[95.2733,37.88989],[95.29447,37.88968],[95.29729,37.88929],[95.30035,37.88831],[95.32047,37.87924],[95.32244,37.87795],[95.3314,37.87016],[95.33155,37.87002],[95.34179,37.86111],[95.346,37.85746],[95.34638,37.85713],[95.34669,37.85687],[95.34955,37.85439],[95.35134,37.85279],[95.35346,37.85094],[95.35354,37.85087],[95.35411,37.85038],[95.35441,37.85012],[95.35587,37.84887],[95.35856,37.84656],[95.36132,37.84415],[95.36547,37.84041]],[[93.73039,38.92371],[93.71998,38.92302],[93.58532,38.91948],[93.49806,38.91719]],[[93.34239,38.72308],[93.34298,38.72299],[93.34271,38.72341]]]},"properties":{"roadClass":"national","highway":"trunk","name":"","ref":"G215"}},
{"type":"Feature","geometry":{"type":"LineString","coordinates":[[94.87876,36.41884],[94.87967,36.41853],[94.87985,36.41846],[94.8833,36.41723],[94.88709,36.41588]]},"properties":{"roadClass":"regional","highway":"primary","name":"金峰西路","ref":"S303"}},
{"type":"Feature","geometry":{"type":"MultiLineString","coordinates":[[[94.89454,36.39816],[94.88987,36.39906],[94.88942,36.39915],[94.88614,36.39986],[94.88366,36.40047]],[[94.8836,36.40021],[94.88986,36.39898],[94.89451,36.39789]],[[94.88331,36.40049],[94.86926,36.40264],[94.86904,36.40267],[94.86648,36.40342],[94.86165,36.40488],[94.8581,36.40594],[94.85648,36.40644],[94.85279,36.40757],[94.84932,36.40862],[94.84515,36.40986],[94.84411,36.41017]],[[94.84402,36.41003],[94.84505,36.40967],[94.84916,36.40839],[94.85264,36.40733],[94.85631,36.40621],[94.85797,36.40571],[94.86151,36.40461],[94.86636,36.40316],[94.86889,36.40242],[94.86908,36.40239],[94.88327,36.40031]],[[97.34915,37.36268],[97.35052,37.36396],[97.35164,37.36507],[97.35319,37.36655],[97.35486,37.36827],[97.35544,37.36874],[97.35817,37.37082]]]},"properties":{"roadClass":"regional","highway":"secondary","name":"柴达木西路","ref":""}},
{"type":"Feature","geometry":{"type":"MultiLineString","coordinates":[[[94.87957,36.3906],[94.87967,36.39077],[94.88169,36.39384],[94.8836,36.40021]],[[94.87953,36.3907],[94.88161,36.39387],[94.8833,36.40026]]]},"properties":{"roadClass":"national","highway":"trunk","name":"盐桥南路","ref":"G215"}},
{"type":"Feature","geometry":{"type":"LineString","coordinates":[[94.90104,36.3906],[94.90105,36.39051],[94.90079,36.3898],[94.90015,36.38816],[94.89982,36.38729],[94.89949,36.38636]]},"properties":{"roadClass":"local","highway":"residential","name":"西二路","ref":""}},
{"type":"Feature","geometry":{"type":"MultiLineString","coordinates":[[[94.90497,36.38876],[94.90559,36.39044]],[[94.90366,36.38534],[94.90433,36.38712]]]},"properties":{"roadClass":"local","highway":"residential","name":"西一路","ref":""}},
{"type":"Feature","geometry":{"type":"MultiLineString","coordinates":[[[94.90911,36.39065],[94.90879,36.39122],[94.90848,36.39069]],[[94.90842,36.39017],[94.9079,36.38804],[94.90734,36.38637],[94.9067,36.38455]],[[94.90681,36.38452],[94.90747,36.38634],[94.90804,36.388],[94.90906,36.39011]],[[94.90895,36.3972],[94.9089,36.39529],[94.90884,36.39283],[94.90879,36.39122]]]},"properties":{"roadClass":"regional","highway":"secondary","name":"江源南路","ref":""}},
{"type":"Feature","geometry":{"type":"LineString","coordinates":[[94.88973,36.39311],[94.8908,36.3931],[94.89452,36.39304],[94.89468,36.39309],[94.89813,36.39301],[94.90185,36.39297],[94.90512,36.39289],[94.90543,36.39288],[94.90884,36.39283],[94.91308,36.39277],[94.91709,36.39272],[94.91733,36.3927],[94.92136,36.39263],[94.92511,36.39257],[94.92531,36.39257]]},"properties":{"roadClass":"local","highway":"tertiary","name":"建设路","ref":""}},
{"type":"Feature","geometry":{"type":"LineString","coordinates":[[94.91565,36.38702],[94.91534,36.38618],[94.91471,36.38452],[94.91402,36.38273]]},"properties":{"roadClass":"local","highway":"residential","name":"东二路","ref":""}},
{"type":"Feature","geometry":{"type":"MultiLineString","coordinates":[[[94.90842,36.39017],[94.90789,36.39041],[94.90559,36.39044],[94.90177,36.39049],[94.90105,36.39051],[94.89664,36.39057],[94.89462,36.39061],[94.89443,36.39061]],[[94.90848,36.39069],[94.90785,36.3905],[94.90509,36.39054],[94.90177,36.39059],[94.90104,36.3906],[94.89664,36.39065],[94.89462,36.39069],[94.89445,36.3907]],[[94.92505,36.39022],[94.9213,36.39028],[94.91725,36.39035],[94.91704,36.39036],[94.90977,36.39043],[94.90911,36.39065]],[[94.90906,36.39011],[94.90962,36.39038],[94.91231,36.39036],[94.91704,36.39028],[94.91725,36.39027],[94.91974,36.39022],[94.92129,36.39017],[94.92504,36.39008]]]},"properties":{"roadClass":"national","highway":"trunk","name":"黄河中路","ref":"G109"}},
{"type":"Feature","geometry":{"type":"LineString","coordinates":[[94.89967,36.39008],[94.90079,36.3898],[94.90497,36.38876],[94.9079,36.38804],[94.90804,36.388],[94.91114,36.38723],[94.91534,36.38618],[94.91693,36.38581]]},"properties":{"roadClass":"local","highway":"residential","name":"站前二路","ref":""}},
{"type":"Feature","geometry":{"type":"LineString","coordinates":[[94.88987,36.39906],[94.88986,36.39898],[94.88978,36.39568],[94.88975,36.39406],[94.88973,36.39311],[94.88966,36.39079],[94.88966,36.3907]]},"properties":{"roadClass":"local","highway":"tertiary","name":"光明路","ref":""}},
{"type":"Feature","geometry":{"type":"LineString","coordinates":[[94.90015,36.38816],[94.90433,36.38712],[94.90734,36.38637],[94.90747,36.38634],[94.91051,36.38558],[94.91471,36.38452],[94.91688,36.384],[94.91711,36.38398],[94.91723,36.38396]]},"properties":{"roadClass":"local","highway":"residential","name":"站前一路","ref":""}},
{"type":"Feature","geometry":{"type":"LineString","coordinates":[[94.91231,36.39036],[94.91114,36.38723],[94.91051,36.38558],[94.90983,36.38376]]},"properties":{"roadClass":"local","highway":"residential","name":"东一路","ref":""}},
{"type":"Feature","geometry":{"type":"LineString","coordinates":[[94.32501,37.97047],[94.32296,37.97118],[94.31779,37.97409],[94.31732,37.97675],[94.31694,37.97711],[94.31271,37.97896],[94.31036,37.98042],[94.30595,37.98165],[94.30137,37.98459],[94.29731,37.98524],[94.29317,37.98677],[94.2929,37.98706],[94.29278,37.99111],[94.29239,37.99151],[94.2727,37.99987],[94.25846,38.00547],[94.25598,38.00614],[94.24135,38.00968],[94.22908,38.01188],[94.22169,38.01221]]},"properties":{"roadClass":"local","highway":"unclassified","name":"老315国道","ref":""}},
{"type":"Feature","geometry":{"type":"LineString","coordinates":[[94.51785,37.3386],[94.51087,37.33813],[94.30748,37.34518],[94.20134,37.34872],[94.19665,37.34923],[94.19255,37.35022],[94.18754,37.35227],[94.18433,37.35427],[94.17442,37.36208],[94.16394,37.37038]]},"properties":{"roadClass":"national","highway":"trunk","name":"","ref":"G315;G215"}},
{"type":"Feature","geometry":{"type":"LineString","coordinates":[[94.895,36.44937],[94.89397,36.44607],[94.89169,36.44257],[94.88941,36.43485],[94.88712,36.42992],[94.88168,36.4214],[94.87985,36.41846],[94.87756,36.4148],[94.87629,36.41184],[94.86926,36.40264],[94.86908,36.40239],[94.86811,36.40029],[94.86402,36.38465],[94.86297,36.38273],[94.86091,36.38033],[94.8611,36.37991],[94.86597,36.3781],[94.86103,36.37979],[94.86078,36.38015],[94.86081,36.38047],[94.86282,36.38279],[94.86365,36.38417],[94.86631,36.39398],[94.86804,36.40064],[94.86889,36.40242],[94.86904,36.40267],[94.8761,36.41193],[94.87738,36.41486],[94.87967,36.41853],[94.88143,36.42137],[94.88746,36.43104],[94.88922,36.4349],[94.89125,36.442],[94.89382,36.44611],[94.89481,36.44936],[94.89483,36.44953]]},"properties":{"roadClass":"local","highway":"tertiary","name":"滨河路","ref":""}},
{"type":"Feature","geometry":{"type":"LineString","coordinates":[[94.90868,36.45081],[94.90267,36.45032],[94.90249,36.4503],[94.89801,36.44985],[94.895,36.44955],[94.89483,36.44953],[94.8946,36.44952],[94.89305,36.44939],[94.88991,36.44909],[94.88921,36.44875],[94.88992,36.44892],[94.8931,36.44922],[94.89481,36.44936],[94.895,36.44937],[94.90222,36.45011],[94.9024,36.45013],[94.90871,36.45068]]},"properties":{"roadClass":"regional","highway":"secondary","name":"北海路","ref":""}},
{"type":"Feature","geometry":{"type":"LineString","coordinates":[[94.89483,36.40708],[94.88582,36.40897],[94.88571,36.409],[94.87965,36.41032],[94.87629,36.41184],[94.8761,36.41193],[94.87452,36.4125],[94.86814,36.41482],[94.86556,36.41575],[94.86225,36.41697],[94.85946,36.41796],[94.85612,36.41918],[94.85214,36.42062]]},"properties":{"roadClass":"regional","highway":"secondary","name":"八一西路","ref":""}},
{"type":"Feature","geometry":{"type":"MultiLineString","coordinates":[[[94.90911,36.39796],[94.9092,36.40386],[94.90925,36.40686],[94.90931,36.40948],[94.90933,36.41059],[94.90934,36.41099],[94.90939,36.41275]],[[94.90932,36.41458],[94.90932,36.4145],[94.90925,36.41305],[94.90919,36.411],[94.90918,36.41059],[94.90915,36.40918],[94.9091,36.40687],[94.90906,36.40514],[94.90905,36.40388],[94.909,36.40182],[94.90881,36.39798]]]},"properties":{"roadClass":"regional","highway":"secondary","name":"江源中路","ref":""}},
{"type":"Feature","geometry":{"type":"LineString","coordinates":[[94.90754,36.42373],[94.90753,36.42365],[94.90721,36.42179],[94.90703,36.42023],[94.90572,36.41707],[94.90565,36.41585],[94.90567,36.41534],[94.90571,36.41475],[94.90575,36.41457],[94.90578,36.41449]]},"properties":{"roadClass":"local","highway":"tertiary","name":"大众路","ref":""}},
{"type":"Feature","geometry":{"type":"LineString","coordinates":[[95.01382,36.36671],[95.01368,36.36671],[95.00271,36.36678],[95.00246,36.36678],[94.99054,36.3668],[94.99034,36.3668],[94.97895,36.36684],[94.96716,36.36687],[94.93647,36.36693],[94.93539,36.36693],[94.93515,36.36693],[94.93327,36.36692],[94.92274,36.36707],[94.91172,36.36725],[94.90814,36.36731],[94.905,36.36736],[94.90062,36.36742],[94.89125,36.3676],[94.8697,36.36798],[94.86607,36.36794],[94.86238,36.36765],[94.85463,36.36794]]},"properties":{"roadClass":"local","highway":"tertiary","name":"长江路","ref":""}},
{"type":"Feature","geometry":{"type":"MultiLineString","coordinates":[[[94.90945,36.41459],[94.90945,36.41474],[94.90959,36.41937],[94.90962,36.42107],[94.90968,36.42356],[94.90969,36.42364],[94.9097,36.4239]],[[94.90956,36.42391],[94.90957,36.42365],[94.90956,36.42356],[94.90946,36.41936],[94.9093,36.41597],[94.90933,36.41474],[94.90932,36.41458]]]},"properties":{"roadClass":"local","highway":"tertiary","name":"江源北路","ref":""}},
{"type":"Feature","geometry":{"type":"LineString","coordinates":[[94.92545,36.3975],[94.92531,36.39257],[94.92524,36.3902],[94.92523,36.39007],[94.9252,36.38781],[94.92516,36.38602],[94.92508,36.3839],[94.92485,36.38019],[94.92489,36.38382],[94.92496,36.38602],[94.925,36.38782],[94.92504,36.39008],[94.92505,36.39022],[94.92511,36.39257],[94.92518,36.39469],[94.92518,36.3958],[94.92523,36.39751]]},"properties":{"roadClass":"regional","highway":"secondary","name":"察尔汗南路","ref":""}},
{"type":"Feature","geometry":{"type":"MultiLineString","coordinates":[[[94.91723,36.39765],[94.91717,36.39514],[94.91709,36.39272],[94.91704,36.39036],[94.91704,36.39028],[94.91693,36.38581],[94.91688,36.384],[94.91686,36.38202]],[[94.91709,36.38197],[94.91711,36.38398],[94.91721,36.38821],[94.91725,36.39027],[94.91725,36.39035],[94.91733,36.3927],[94.91737,36.39482],[94.91738,36.39514],[94.9174,36.3959],[94.91742,36.39764]]]},"properties":{"roadClass":"local","highway":"tertiary","name":"泰山南路","ref":""}},
{"type":"Feature","geometry":{"type":"LineString","coordinates":[[94.88143,36.42137],[94.88168,36.4214],[94.88427,36.42087],[94.88887,36.42007],[94.88894,36.42007],[94.89797,36.41847],[94.89967,36.41792],[94.90071,36.41755],[94.90262,36.41687]]},"properties":{"roadClass":"local","highway":"residential","name":"青年巷","ref":""}},
{"type":"Feature","geometry":{"type":"LineString","coordinates":[[94.91021,36.40949],[94.91171,36.40778],[94.9127,36.40684],[94.91547,36.40378]]},"properties":{"roadClass":"local","highway":"residential","name":"通宁路","ref":""}},
{"type":"Feature","geometry":{"type":"LineString","coordinates":[[94.91384,36.42348],[94.91383,36.42342],[94.91383,36.4222],[94.91383,36.42212],[94.91383,36.42106],[94.91385,36.41936],[94.91379,36.41772],[94.91352,36.41482],[94.91352,36.41463]]},"properties":{"roadClass":"local","highway":"residential","name":"北斗巷","ref":""}},
{"type":"Feature","geometry":{"type":"LineString","coordinates":[[94.91797,36.41936],[94.91776,36.41937],[94.91602,36.41935],[94.91385,36.41936],[94.91162,36.41936],[94.90959,36.41937],[94.90946,36.41936]]},"properties":{"roadClass":"local","highway":"residential","name":"金北三巷","ref":""}},
{"type":"Feature","geometry":{"type":"LineString","coordinates":[[94.91379,36.41772],[94.91598,36.41772],[94.91771,36.41774]]},"properties":{"roadClass":"local","highway":"residential","name":"金北二巷","ref":""}},
{"type":"Feature","geometry":{"type":"LineString","coordinates":[[94.91159,36.41461],[94.9116,36.41478],[94.91162,36.41936],[94.91163,36.42107],[94.91162,36.42219],[94.91163,36.42351],[94.91163,36.42358]]},"properties":{"roadClass":"local","highway":"residential","name":"玉龙巷","ref":""}},
{"type":"Feature","geometry":{"type":"LineString","coordinates":[[94.91779,36.42105],[94.91604,36.42106],[94.91383,36.42106],[94.91163,36.42107],[94.90962,36.42107]]},"properties":{"roadClass":"local","highway":"residential","name":"金北四巷","ref":""}},
{"type":"Feature","geometry":{"type":"LineString","coordinates":[[94.91594,36.41466],[94.91594,36.41483],[94.91595,36.41645],[94.91598,36.41772],[94.91602,36.41935],[94.91604,36.42106],[94.9161,36.42198],[94.91617,36.42333],[94.91618,36.4234]]},"properties":{"roadClass":"local","highway":"residential","name":"雪峰巷","ref":""}},
{"type":"Feature","geometry":{"type":"MultiLineString","coordinates":[[[94.92304,36.4163],[94.92309,36.41617],[94.92545,36.40996],[94.92544,36.40659]],[[94.92567,36.40659],[94.92565,36.41003],[94.92328,36.41623],[94.92324,36.41636]]]},"properties":{"roadClass":"regional","highway":"secondary","name":"察尔汗北路","ref":""}},
{"type":"Feature","geometry":{"type":"MultiLineString","coordinates":[[[94.91742,36.39764],[94.92101,36.39759],[94.92523,36.39751],[94.92545,36.3975],[94.93021,36.39748],[94.93415,36.39737],[94.93428,36.39747],[94.93409,36.39747],[94.93022,36.39754],[94.92544,36.39758],[94.92523,36.39758],[94.91742,36.39771]],[[97.35817,37.37096],[97.35961,37.37197],[97.36262,37.37283],[97.36329,37.37301],[97.36423,37.37327],[97.36465,37.37341],[97.37065,37.37358],[97.37256,37.37356],[97.37346,37.37357],[97.37534,37.3736],[97.37615,37.3736]],[[97.35817,37.37082],[97.35985,37.37198],[97.36193,37.37255],[97.36264,37.37276],[97.36334,37.37294],[97.36428,37.3732],[97.36471,37.37333],[97.37065,37.3735],[97.37246,37.37351],[97.37534,37.37353],[97.37615,37.37353]]]},"properties":{"roadClass":"regional","highway":"secondary","name":"柴达木东路","ref":""}},
{"type":"Feature","geometry":{"type":"MultiLineString","coordinates":[[[94.92504,36.39008],[94.92523,36.39007],[94.92747,36.3896],[94.93018,36.38897],[94.93416,36.38798],[94.93593,36.38744],[94.94067,36.38503],[94.94912,36.38384],[94.95273,36.38336]],[[94.95281,36.38344],[94.95183,36.38359],[94.94912,36.38394],[94.94666,36.38425],[94.94502,36.38446],[94.94072,36.38511],[94.93629,36.38739],[94.93558,36.38771],[94.93018,36.38905],[94.92524,36.3902],[94.92505,36.39022]]]},"properties":{"roadClass":"national","highway":"trunk","name":"黄河东路","ref":"G109"}},
{"type":"Feature","geometry":{"type":"MultiLineString","coordinates":[[[94.93629,36.38739],[94.93665,36.38778],[94.94187,36.38781],[94.94388,36.38826],[94.94706,36.38826]],[[94.94706,36.38832],[94.94388,36.38832],[94.94185,36.38787],[94.93629,36.38785],[94.93558,36.38771]]]},"properties":{"roadClass":"local","highway":"tertiary","name":"涩聂湖路","ref":""}},
{"type":"Feature","geometry":{"type":"MultiLineString","coordinates":[[[94.95183,36.38359],[94.95296,36.38358],[94.95422,36.38357],[94.96727,36.38353],[94.97908,36.38347],[94.97998,36.38345]],[[97.38419,37.34922],[97.38416,37.35116]],[[97.38444,37.35116],[97.38445,37.34923]]]},"properties":{"roadClass":"local","highway":"tertiary","name":"黄河路","ref":""}},
{"type":"Feature","geometry":{"type":"LineString","coordinates":[[94.39383,36.44651],[94.39363,36.44685]]},"properties":{"roadClass":"regional","highway":"secondary","name":"旧S303","ref":""}},
{"type":"Feature","geometry":{"type":"LineString","coordinates":[[94.9049,36.42374],[94.90753,36.42365],[94.90956,36.42356],[94.90968,36.42356],[94.91163,36.42351],[94.91242,36.42348],[94.91383,36.42342],[94.91617,36.42333],[94.91785,36.42334],[94.91807,36.42336],[94.91907,36.42366],[94.91807,36.42343],[94.91785,36.42341],[94.91618,36.4234],[94.91384,36.42348],[94.91242,36.42355],[94.91163,36.42358],[94.90969,36.42364],[94.90957,36.42365],[94.90754,36.42373],[94.90491,36.42383]]},"properties":{"roadClass":"local","highway":"tertiary","name":"人民路","ref":""}},
{"type":"Feature","geometry":{"type":"MultiLineString","coordinates":[[[94.9161,36.42198],[94.91383,36.42212]],[[94.91162,36.42219],[94.91383,36.4222]]]},"properties":{"roadClass":"local","highway":"residential","name":"金北五巷","ref":""}},
{"type":"Feature","geometry":{"type":"MultiLineString","coordinates":[[[94.81439,36.32937],[94.81677,36.3292],[94.81829,36.32962],[94.82563,36.33439],[94.82851,36.33585],[94.83301,36.33705],[94.83618,36.33732],[94.83863,36.33719],[94.84085,36.33686],[94.84838,36.33542],[94.86324,36.33273],[94.87104,36.3323],[94.87853,36.33281],[94.89017,36.33468],[94.92205,36.33986],[94.93039,36.34048],[95.0163,36.33863],[95.04321,36.33797],[95.05174,36.3382],[95.05614,36.33883],[95.07698,36.343],[95.07782,36.34317],[95.08261,36.34414],[95.08271,36.34415],[95.08586,36.34452],[95.08932,36.34452],[95.09234,36.34418],[95.09677,36.34313],[95.09702,36.34307],[95.09709,36.34306],[95.09729,36.34301],[95.12416,36.33636],[95.12444,36.33629],[95.12468,36.33623],[95.169,36.32529],[95.16951,36.32516],[95.19392,36.31911],[95.19414,36.31906],[95.20301,36.31727],[95.21072,36.31707],[95.25324,36.32168],[95.25344,36.3217],[95.3049,36.32727],[95.31072,36.32705],[95.32772,36.32492],[95.33094,36.32477],[95.33557,36.32524],[95.33894,36.32612],[95.34221,36.32744],[95.35963,36.33696],[95.36254,36.33803],[95.36639,36.33895],[95.45113,36.35555],[95.45849,36.35618],[95.48469,36.35612],[95.49176,36.35693],[95.49835,36.35879],[95.50818,36.3627],[95.51292,36.36391],[95.51653,36.36446],[95.69379,36.37863],[95.69403,36.37865],[95.69906,36.37892],[95.7052,36.37874],[95.73507,36.3764],[95.73574,36.37635],[95.74534,36.37559],[95.74565,36.37557],[95.74605,36.37554],[95.88577,36.36462],[95.88584,36.36461],[95.88591,36.36461],[95.96704,36.35818],[95.97568,36.35805],[96.11818,36.37288],[96.12612,36.3729],[96.16541,36.37166],[96.30789,36.38006],[96.39463,36.38063],[96.39767,36.38065],[96.3978,36.38065],[96.39796,36.38065],[96.40156,36.38066],[96.41141,36.3807],[96.41219,36.3807],[96.43054,36.38077],[96.43487,36.38026],[96.43515,36.3802],[96.43908,36.37914],[96.44589,36.37646],[96.44626,36.37634],[96.45108,36.37518],[96.45548,36.37478],[96.5058,36.37275],[96.6002,36.34813],[96.60581,36.34743],[96.65278,36.34459],[96.65877,36.34379],[96.66347,36.34265],[96.68918,36.33371],[96.6935,36.33197],[96.85814,36.25168],[96.86137,36.25032],[96.86826,36.24826],[97.0095,36.22123],[97.0168,36.21856],[97.06631,36.19421],[97.1395,36.15799],[97.14646,36.15533],[97.33071,36.12169],[97.33816,36.1199],[97.34376,36.11776],[97.42707,36.07602],[97.44979,36.06461],[97.45276,36.06339],[97.47727,36.06067],[97.48506,36.0588],[97.48545,36.0587],[97.48601,36.05856],[97.50581,36.05335],[97.50592,36.05333],[97.50605,36.05329],[97.5136,36.05137],[97.51706,36.05086],[97.52111,36.05067],[97.52323,36.05075],[97.52766,36.0514],[97.53227,36.05255],[97.53896,36.05452],[97.54257,36.05497],[97.54768,36.05451],[97.54806,36.05447],[97.54862,36.05443],[97.55661,36.05375],[97.56168,36.05328],[97.56633,36.05279],[97.56891,36.05189],[97.58427,36.04286],[97.58873,36.04068],[97.59884,36.03659],[97.61029,36.03329],[97.61266,36.03285],[97.62702,36.03156],[97.62769,36.03146],[97.6325,36.03043],[97.63298,36.0303],[97.63341,36.03019],[97.64335,36.02679],[97.6471,36.02591],[97.64906,36.02581],[97.65478,36.02625],[97.66093,36.02468],[97.67437,36.02439],[97.68948,36.0222],[97.70037,36.02169],[97.70576,36.02188],[97.70664,36.02196],[97.71323,36.02265],[97.71376,36.0227],[97.73732,36.02507],[97.74118,36.02608]],[[94.81435,36.32926],[94.81679,36.32911],[94.81836,36.32953],[94.82437,36.33343],[94.82762,36.33533],[94.83193,36.33674],[94.83619,36.33721],[94.84083,36.33675],[94.84834,36.33532],[94.86323,36.33262],[94.87106,36.33219],[94.87856,36.33271],[94.91944,36.33936],[94.92759,36.34027],[94.93363,36.34038],[95.01637,36.33848],[95.04319,36.33786],[95.05177,36.33809],[95.05772,36.33901],[95.07699,36.34288],[95.08261,36.34402],[95.08271,36.34404],[95.08587,36.34441],[95.08932,36.3444],[95.0923,36.34404],[95.09675,36.34304],[95.09698,36.34298],[95.09705,36.34296],[95.09725,36.34291],[95.12413,36.33626],[95.1244,36.3362],[95.12464,36.33614],[95.16896,36.32519],[95.16947,36.32506],[95.19395,36.31899],[95.19416,36.31894],[95.20299,36.31717],[95.21076,36.31696],[95.25329,36.32157],[95.25346,36.32159],[95.30491,36.32715],[95.3107,36.32694],[95.32772,36.32481],[95.3298,36.32467],[95.33562,36.32514],[95.339,36.32601],[95.34228,36.32736],[95.35852,36.33635],[95.3626,36.33791],[95.36641,36.33883],[95.45322,36.35571],[95.45849,36.35606],[95.48279,36.35592],[95.48715,36.35615],[95.49181,36.35682],[95.49841,36.35869],[95.50826,36.36259],[95.51294,36.36379],[95.51654,36.36432],[95.6938,36.37855],[95.69404,36.37856],[95.69905,36.37878],[95.7052,36.37861],[95.73506,36.3763],[95.73574,36.37624],[95.74532,36.3755],[95.74563,36.37547],[95.74604,36.37544],[95.8858,36.36448],[95.88586,36.36448],[95.88593,36.36447],[95.967,36.35804],[95.97568,36.35794],[96.1182,36.37275],[96.12407,36.37282],[96.16544,36.37151],[96.3079,36.3799],[96.39462,36.3805],[96.39766,36.38051],[96.39777,36.38051],[96.39794,36.38051],[96.40155,36.38053],[96.41142,36.38058],[96.41218,36.38058],[96.43053,36.38064],[96.43486,36.38013],[96.43513,36.38007],[96.43903,36.37903],[96.44585,36.37632],[96.44619,36.37621],[96.45106,36.37508],[96.45548,36.37467],[96.50578,36.37263],[96.60017,36.34802],[96.60582,36.34729],[96.65276,36.34444],[96.65875,36.34364],[96.66343,36.34252],[96.69342,36.33182],[96.85808,36.2516],[96.86132,36.25024],[96.86824,36.24818],[97.00944,36.22111],[97.01675,36.21846],[97.06622,36.19406],[97.13944,36.15791],[97.14642,36.15523],[97.33068,36.1216],[97.33813,36.11982],[97.3437,36.11767],[97.42699,36.07594],[97.4497,36.06452],[97.45271,36.06329],[97.45495,36.06285],[97.47726,36.06057],[97.48509,36.05868],[97.48552,36.05857],[97.48603,36.05843],[97.50524,36.0534],[97.50578,36.05326],[97.50588,36.05323],[97.50602,36.0532],[97.51358,36.05128],[97.51702,36.05077],[97.51947,36.0506],[97.52325,36.05064],[97.52503,36.05085],[97.52885,36.05153],[97.53278,36.05259],[97.53969,36.0545],[97.54256,36.05461],[97.54718,36.05411],[97.54759,36.05407],[97.54816,36.05402],[97.55656,36.0533],[97.56202,36.0527],[97.56632,36.05237],[97.56901,36.05162],[97.58639,36.04161],[97.59999,36.03607],[97.61111,36.03299],[97.62709,36.03144],[97.62775,36.03135],[97.63251,36.03032],[97.63304,36.03017],[97.63346,36.03006],[97.64331,36.0267],[97.64623,36.02593],[97.64906,36.02572],[97.6548,36.02615],[97.66091,36.02457],[97.67435,36.02428],[97.68622,36.02249],[97.69106,36.02194],[97.69825,36.02163],[97.70584,36.02178],[97.70674,36.02188],[97.71331,36.02257],[97.71384,36.02262],[97.73811,36.02508],[97.74086,36.02585],[97.74534,36.02797]],[[99.36558,36.64816],[99.35774,36.6505],[99.35496,36.65204],[99.34454,36.65955],[99.34002,36.6633],[99.33278,36.67083],[99.33249,36.67114],[99.33237,36.67126],[99.32194,36.6822],[99.31889,36.68595],[99.31638,36.69011],[99.31032,36.70314],[99.30915,36.70487],[99.30782,36.70626],[99.3071,36.70685],[99.30644,36.70731],[99.30249,36.70916],[99.30002,36.70968],[99.27813,36.71086],[99.27463,36.7114],[99.26954,36.71263],[99.24316,36.72235],[99.23921,36.72426],[99.23495,36.72682],[99.23487,36.72687],[99.2348,36.72691],[99.22754,36.7317],[99.22443,36.73337],[99.17409,36.7586],[99.13849,36.77642],[99.13837,36.77648],[99.13828,36.77653],[99.12001,36.78573],[99.10432,36.79577],[99.10064,36.79756],[99.09244,36.80044],[99.08598,36.80187],[99.07973,36.80259],[99.07177,36.80263],[99.06471,36.80186],[99.06434,36.8018],[99.06422,36.80178],[99.06395,36.80174],[99.05757,36.80022],[99.05502,36.79935],[99.04869,36.79682],[99.04062,36.7934],[99.03429,36.79198],[99.02036,36.79164],[99.02018,36.79164],[98.99778,36.79141],[98.99249,36.79079],[98.98685,36.7892],[98.98662,36.78912],[98.96879,36.78254],[98.96866,36.78249],[98.94118,36.7724],[98.9406,36.77217],[98.92216,36.76536],[98.92208,36.76533],[98.92196,36.76529],[98.91202,36.76153],[98.90991,36.76031],[98.90748,36.75828],[98.88438,36.72831],[98.87603,36.71392],[98.87265,36.71131],[98.87024,36.71031],[98.8677,36.70975],[98.86522,36.70962],[98.86305,36.70986],[98.86043,36.71054],[98.84919,36.71565],[98.84769,36.71603],[98.84522,36.71625],[98.83522,36.71564],[98.82819,36.71378],[98.82498,36.71328],[98.81728,36.71271],[98.8093,36.71112],[98.80302,36.70976],[98.79352,36.70756],[98.79013,36.70601],[98.78128,36.69883],[98.78009,36.6978],[98.77844,36.69587],[98.77715,36.69257],[98.77395,36.68019],[98.77355,36.67534],[98.77391,36.66824],[98.77356,36.66549],[98.76795,36.64601],[98.76451,36.63879],[98.74673,36.61052],[98.74422,36.60793],[98.74075,36.60575],[98.7285,36.60185],[98.72553,36.60044],[98.72266,36.59815],[98.71546,36.58866],[98.71517,36.58828],[98.71017,36.58184],[98.70647,36.57799],[98.70307,36.5752],[98.68425,36.56146],[98.68221,36.56012],[98.67969,36.55896],[98.66929,36.55566],[98.6648,36.553],[98.66159,36.54953],[98.65868,36.54421],[98.65618,36.54204],[98.64957,36.53831],[98.64385,36.53565],[98.6159,36.52603],[98.61377,36.52497],[98.61289,36.52418],[98.61175,36.5226],[98.61117,36.52048],[98.61141,36.51878],[98.61322,36.51342],[98.61327,36.50698],[98.61368,36.50539],[98.6143,36.5043],[98.622,36.49607],[98.6229,36.49404],[98.62299,36.49274],[98.62297,36.49249],[98.62296,36.49218],[98.62204,36.48467],[98.62214,36.4841],[98.62331,36.4799],[98.62348,36.47941],[98.62372,36.47696],[98.62349,36.47429],[98.62324,36.46981],[98.62392,36.46747],[98.62772,36.46271],[98.63092,36.45646],[98.63132,36.45385],[98.6303,36.45122],[98.62851,36.44951],[98.62675,36.44859],[98.5974,36.43668],[98.57831,36.4311],[98.57394,36.4301],[98.56769,36.42923],[98.56298,36.42901],[98.50953,36.42938],[98.50361,36.42979],[98.48792,36.43159],[98.48309,36.43272],[98.46623,36.43825],[98.42184,36.44882],[98.41599,36.44987],[98.39761,36.45165],[98.39313,36.45232],[98.36769,36.45924],[98.36264,36.46029],[98.35656,36.46111],[98.2876,36.46663],[98.28428,36.46636],[98.28119,36.46565],[98.2666,36.46072],[98.26325,36.4591],[98.26272,36.45879],[98.25929,36.45669],[98.25875,36.45637],[98.24125,36.44575],[98.21756,36.43635],[98.21706,36.43615],[98.21461,36.4353],[98.21104,36.43452],[98.20775,36.43424],[98.20084,36.43422],[98.20028,36.43422],[98.18835,36.43422],[98.18473,36.43367],[98.18161,36.43268],[98.18108,36.43251],[98.16726,36.42783],[98.16608,36.42717],[98.16507,36.42614],[98.16432,36.42386],[98.16459,36.41041],[98.16449,36.40979],[98.164,36.40843],[98.16315,36.40725],[98.16195,36.40616],[98.1593,36.40496],[98.14386,36.40207],[98.13979,36.40064],[98.10941,36.38308],[98.10705,36.38105],[98.1053,36.37871],[98.10431,36.37654],[98.10386,36.37468],[98.10373,36.37291],[98.1042,36.37002],[98.10524,36.36759],[98.10601,36.36644],[98.1217,36.34587],[98.12288,36.34308],[98.12314,36.3392],[98.12166,36.30632],[98.12166,36.30614],[98.12161,36.30498],[98.12157,36.30417],[98.12101,36.29202],[98.12026,36.28878],[98.11901,36.28633],[98.11765,36.28455],[98.10184,36.26681],[98.10152,36.26644],[98.10109,36.26594],[98.09886,36.26291],[98.09811,36.25964],[98.09845,36.25737],[98.10209,36.24312],[98.10242,36.24204],[98.10346,36.24002],[98.10534,36.23809],[98.11224,36.23401],[98.1143,36.23272],[98.11539,36.23176],[98.11868,36.22703],[98.1203,36.22532],[98.12114,36.22475],[98.12208,36.22432],[98.12322,36.22394],[98.12623,36.22333],[98.12654,36.22329],[98.12689,36.22323],[98.13878,36.22133],[98.14106,36.22021],[98.14624,36.21622],[98.14884,36.21542],[98.15064,36.21525],[98.15089,36.21523],[98.15117,36.21521],[98.15594,36.21451],[98.16869,36.21111],[98.16902,36.21102],[98.1693,36.21094],[98.17293,36.20948],[98.17511,36.20718],[98.17563,36.20563],[98.17589,36.19995],[98.17575,36.19726],[98.17254,36.179],[98.17091,36.16039],[98.16878,36.15279],[98.16987,36.14283],[98.17041,36.14125],[98.17145,36.13975],[98.17908,36.13489],[98.18028,36.13364],[98.18133,36.13138],[98.18275,36.12446],[98.18261,36.12239],[98.18172,36.12044],[98.17854,36.11672],[98.17548,36.11391],[98.1687,36.10861],[98.16729,36.10642],[98.1668,36.10427],[98.16691,36.1026],[98.16965,36.09335],[98.16874,36.08847],[98.16877,36.08666],[98.16892,36.08577],[98.17268,36.07335],[98.1729,36.07172],[98.17266,36.06993],[98.17176,36.06797],[98.17042,36.06637],[98.1645,36.06045],[98.16248,36.05914],[98.16053,36.05854],[98.15815,36.05838],[98.15621,36.05873],[98.15198,36.06057],[98.14957,36.06125],[98.14697,36.06152],[98.14385,36.06135],[98.13564,36.06027],[98.11854,36.05655],[98.11325,36.05593],[98.10525,36.05554],[98.09479,36.05341],[98.08102,36.05481],[98.06934,36.05805],[98.06621,36.05855],[98.04048,36.05765],[98.03252,36.05655],[98.0258,36.05486],[98.02035,36.05295],[98.00813,36.04686],[98.00591,36.04489],[97.99977,36.03629],[97.99789,36.03467],[97.99566,36.03352],[97.97038,36.0247],[97.94397,36.01923],[97.93574,36.01861],[97.93508,36.01859],[97.93168,36.01859],[97.93103,36.01858],[97.90224,36.01817],[97.90172,36.01811],[97.89826,36.01746],[97.89685,36.01703],[97.89526,36.01645],[97.89447,36.01612],[97.88626,36.01258],[97.88352,36.01207],[97.88023,36.01253],[97.87393,36.01549],[97.87317,36.01586],[97.87161,36.01662],[97.87135,36.01674],[97.87114,36.01684],[97.86667,36.01885],[97.86301,36.01985],[97.85836,36.02038],[97.85052,36.02066],[97.84743,36.02078],[97.84669,36.02081],[97.84622,36.02083],[97.84102,36.02124],[97.83469,36.02226],[97.82735,36.02357],[97.82712,36.02361],[97.81571,36.02553],[97.80111,36.02811],[97.79581,36.02978]],[[99.36535,36.64796],[99.36325,36.64853],[99.35739,36.65026],[99.35458,36.65178],[99.34415,36.65928],[99.33977,36.66296],[99.33246,36.67052],[99.33223,36.67076],[99.33204,36.67096],[99.32148,36.68202],[99.31852,36.68563],[99.31687,36.68806],[99.30979,36.70309],[99.30863,36.7047],[99.30736,36.70597],[99.30668,36.70651],[99.30632,36.70676],[99.306,36.70698],[99.30307,36.70843],[99.30015,36.70921],[99.27823,36.7103],[99.27465,36.71085],[99.26936,36.71213],[99.24493,36.72117],[99.24032,36.72323],[99.23473,36.72648],[99.23466,36.72653],[99.2346,36.72657],[99.22806,36.73081],[99.22254,36.73396],[99.1739,36.75841],[99.13826,36.7762],[99.13818,36.77624],[99.13808,36.77629],[99.12185,36.78447],[99.10413,36.79576],[99.1005,36.79752],[99.09238,36.80038],[99.08691,36.80159],[99.07978,36.80247],[99.07177,36.80253],[99.06481,36.80176],[99.06442,36.80169],[99.0643,36.80167],[99.06401,36.80162],[99.05763,36.80008],[99.05507,36.79927],[99.04874,36.79673],[99.04071,36.79332],[99.03394,36.79178],[99.02036,36.79134],[99.02018,36.79133],[98.99782,36.79113],[98.99255,36.79063],[98.9869,36.78909],[98.98668,36.78901],[98.96891,36.78248],[98.96877,36.78243],[98.94133,36.77233],[98.94072,36.7721],[98.92218,36.76528],[98.92209,36.76525],[98.92198,36.76521],[98.91205,36.76146],[98.90997,36.76024],[98.90758,36.75822],[98.88445,36.72828],[98.87611,36.71388],[98.87272,36.71124],[98.87028,36.71022],[98.86771,36.70965],[98.86524,36.7095],[98.86304,36.70975],[98.86041,36.71045],[98.84913,36.71557],[98.84686,36.71605],[98.84421,36.71615],[98.83519,36.71554],[98.82821,36.71369],[98.825,36.71318],[98.8173,36.71263],[98.80933,36.71103],[98.80297,36.70964],[98.79346,36.70742],[98.79001,36.70583],[98.78014,36.69771],[98.77852,36.69582],[98.77722,36.69253],[98.77405,36.68016],[98.77363,36.67534],[98.77399,36.66823],[98.77361,36.66546],[98.76798,36.64596],[98.76456,36.63873],[98.74676,36.61044],[98.74425,36.60784],[98.74075,36.60565],[98.7285,36.60176],[98.72554,36.60033],[98.72271,36.59805],[98.71554,36.58865],[98.71524,36.58826],[98.71021,36.58177],[98.70649,36.5779],[98.70307,36.5751],[98.68429,36.56137],[98.68223,36.56003],[98.67968,36.55885],[98.66928,36.55555],[98.6648,36.5529],[98.66163,36.54947],[98.65872,36.54413],[98.65617,36.54194],[98.64957,36.53821],[98.64384,36.53556],[98.61588,36.52593],[98.61378,36.52487],[98.61293,36.5241],[98.61181,36.52256],[98.61124,36.52045],[98.61148,36.51879],[98.61329,36.51342],[98.61333,36.50697],[98.61374,36.50539],[98.61435,36.50433],[98.62205,36.49609],[98.62283,36.49463],[98.62316,36.49281],[98.62315,36.49258],[98.62314,36.49229],[98.62217,36.48472],[98.62225,36.48412],[98.62342,36.47993],[98.62359,36.4794],[98.62386,36.4775],[98.62364,36.47429],[98.62337,36.46977],[98.62405,36.4675],[98.62781,36.46281],[98.63103,36.45652],[98.63149,36.45387],[98.63049,36.45118],[98.62919,36.44988],[98.62676,36.44852],[98.59586,36.43604],[98.57829,36.43101],[98.57388,36.43],[98.56764,36.42912],[98.56293,36.42891],[98.50947,36.42926],[98.50352,36.42969],[98.48785,36.43149],[98.48298,36.43264],[98.46612,36.43816],[98.42174,36.44873],[98.4159,36.44979],[98.39755,36.45156],[98.39304,36.45223],[98.36757,36.45915],[98.36255,36.46019],[98.35647,36.46101],[98.28757,36.46654],[98.28424,36.46626],[98.28117,36.46556],[98.2666,36.46063],[98.26339,36.45905],[98.26284,36.45874],[98.25931,36.45656],[98.25878,36.45623],[98.24124,36.44567],[98.21759,36.43628],[98.21709,36.43608],[98.21459,36.43521],[98.21099,36.43443],[98.20769,36.43414],[98.20076,36.43413],[98.2002,36.43413],[98.1883,36.43411],[98.1847,36.43357],[98.18168,36.43262],[98.18116,36.43245],[98.16727,36.42772],[98.16608,36.42705],[98.16514,36.42603],[98.16443,36.42382],[98.16466,36.41039],[98.16436,36.40913],[98.16402,36.40836],[98.16361,36.40772],[98.16262,36.40661],[98.16194,36.40607],[98.15928,36.40485],[98.14383,36.40196],[98.13979,36.40052],[98.10941,36.38298],[98.10707,36.38099],[98.10531,36.37862],[98.10435,36.37651],[98.10395,36.37462],[98.10381,36.37287],[98.10423,36.37003],[98.10529,36.36761],[98.12174,36.34591],[98.12294,36.34308],[98.12319,36.3392],[98.12178,36.30634],[98.12178,36.30614],[98.12173,36.30501],[98.12169,36.30419],[98.12107,36.29199],[98.12034,36.28876],[98.11907,36.28628],[98.11769,36.28449],[98.10188,36.26671],[98.10156,36.26633],[98.10115,36.26586],[98.0989,36.26285],[98.09819,36.25961],[98.09849,36.25739],[98.10222,36.24308],[98.10251,36.24202],[98.1035,36.24003],[98.10539,36.23814],[98.11431,36.23276],[98.11541,36.23179],[98.11642,36.23064],[98.11873,36.22705],[98.12034,36.22537],[98.12112,36.22481],[98.1232,36.224],[98.12618,36.22345],[98.12649,36.2234],[98.12684,36.22334],[98.13875,36.22137],[98.14106,36.22025],[98.14621,36.21628],[98.14878,36.2155],[98.15063,36.21536],[98.1509,36.21534],[98.15118,36.21532],[98.15591,36.21456],[98.16875,36.21121],[98.16914,36.21111],[98.16946,36.21102],[98.17296,36.20954],[98.17514,36.20719],[98.17568,36.20562],[98.17595,36.19994],[98.1758,36.19725],[98.17259,36.179],[98.17096,36.16035],[98.16883,36.15277],[98.16993,36.14284],[98.17046,36.14127],[98.17148,36.13978],[98.1791,36.13493],[98.18035,36.13368],[98.1814,36.13138],[98.18281,36.12445],[98.18268,36.12235],[98.18177,36.12037],[98.17858,36.11663],[98.17554,36.11387],[98.16872,36.10851],[98.16735,36.10637],[98.16687,36.10425],[98.16699,36.10259],[98.1697,36.09335],[98.16881,36.08845],[98.16883,36.08667],[98.16978,36.08302],[98.17273,36.07335],[98.17296,36.07172],[98.17271,36.06991],[98.17179,36.06791],[98.17046,36.0663],[98.16454,36.06038],[98.16248,36.05905],[98.1605,36.05845],[98.15808,36.05828],[98.15613,36.05863],[98.15186,36.06048],[98.14947,36.06115],[98.1469,36.06141],[98.14381,36.06124],[98.13561,36.06017],[98.11851,36.05644],[98.11322,36.05584],[98.10523,36.05545],[98.09476,36.05332],[98.08097,36.05471],[98.0693,36.05797],[98.06621,36.05846],[98.04051,36.05756],[98.03254,36.05647],[98.02585,36.05479],[98.02041,36.05288],[98.00819,36.04677],[98.00601,36.04483],[97.99985,36.03623],[97.99794,36.03461],[97.99569,36.03344],[97.9704,36.02465],[97.944,36.01916],[97.93571,36.01852],[97.93502,36.01849],[97.93169,36.01846],[97.93103,36.01846],[97.90219,36.01805],[97.90167,36.01799],[97.89831,36.01737],[97.8969,36.01694],[97.89538,36.01639],[97.8946,36.01606],[97.88632,36.01248],[97.88353,36.01196],[97.8802,36.01243],[97.87381,36.01543],[97.87304,36.0158],[97.87154,36.01653],[97.8713,36.01665],[97.87108,36.01676],[97.86661,36.01876],[97.86305,36.01974],[97.85837,36.02029],[97.85053,36.02057],[97.84747,36.02068],[97.84674,36.02071],[97.84621,36.02073],[97.83902,36.02141],[97.8273,36.02349],[97.82707,36.02353],[97.81575,36.02542],[97.80261,36.0277]]]},"properties":{"roadClass":"national","highway":"motorway","name":"京藏高速","ref":"G6"}},
{"type":"Feature","geometry":{"type":"MultiLineString","coordinates":[[[95.09782,36.34523],[95.09702,36.34307],[95.09698,36.34298],[95.09652,36.34182],[95.09409,36.33546],[95.09177,36.32929],[95.09173,36.32919],[95.08978,36.3241],[95.0849,36.31108]],[[95.08502,36.31105],[95.08993,36.32405],[95.09185,36.32917],[95.09189,36.32926],[95.0942,36.33544],[95.09543,36.33863],[95.09661,36.3418],[95.09705,36.34296],[95.09709,36.34306],[95.09796,36.3452]]]},"properties":{"roadClass":"regional","highway":"secondary","name":"藏青路","ref":""}},
{"type":"Feature","geometry":{"type":"LineString","coordinates":[[94.88921,36.44875],[94.89019,36.44705],[94.89047,36.44562],[94.88717,36.43705],[94.88448,36.43105],[94.88335,36.42744],[94.88205,36.42491],[94.87934,36.42196],[94.87771,36.41923]]},"properties":{"roadClass":"local","highway":"tertiary","name":"宝岛路","ref":""}},
{"type":"Feature","geometry":{"type":"MultiLineString","coordinates":[[[94.83299,36.39116],[94.83323,36.39145],[94.83553,36.395],[94.83746,36.39796],[94.83989,36.40172],[94.84186,36.40475],[94.84505,36.40967],[94.84515,36.40986],[94.84732,36.41315],[94.84883,36.41547],[94.85214,36.42062],[94.85618,36.42687],[94.86099,36.4325],[94.86191,36.43302],[94.86796,36.43489]],[[94.88921,36.44875],[94.88442,36.44476],[94.878,36.44139],[94.87441,36.43888],[94.87168,36.43614],[94.86995,36.43551]]]},"properties":{"roadClass":"regional","highway":"secondary","name":"西海路","ref":""}},
{"type":"Feature","geometry":{"type":"LineString","coordinates":[[94.84732,36.41315],[94.85129,36.41167],[94.85466,36.41045],[94.85823,36.40919],[94.85984,36.40859],[94.86323,36.40735],[94.86634,36.40624],[94.86843,36.40547]]},"properties":{"roadClass":"local","highway":"tertiary","name":"哈西亚图路","ref":""}},
{"type":"Feature","geometry":{"type":"LineString","coordinates":[[94.85189,36.38349],[94.85422,36.38704],[94.856,36.39006],[94.85761,36.39292],[94.85873,36.39557],[94.85955,36.39842],[94.86018,36.40068],[94.86146,36.40448],[94.86151,36.40461],[94.86165,36.40488],[94.86174,36.40503],[94.86323,36.40735],[94.86501,36.40956],[94.86675,36.41216],[94.86814,36.41482]]},"properties":{"roadClass":"local","highway":"tertiary","name":"兴业路","ref":""}},
{"type":"Feature","geometry":{"type":"LineString","coordinates":[[94.84883,36.41547],[94.85279,36.41402],[94.85616,36.41279],[94.85892,36.41178],[94.86226,36.41057],[94.86501,36.40956],[94.86803,36.40846],[94.87102,36.40737]]},"properties":{"roadClass":"local","highway":"tertiary","name":"夏日哈木路","ref":""}},
{"type":"Feature","geometry":{"type":"LineString","coordinates":[[94.85683,36.38148],[94.85806,36.38294],[94.86055,36.38435],[94.86236,36.38577],[94.86293,36.38716],[94.86384,36.3903],[94.86487,36.39426],[94.86571,36.39752],[94.86599,36.40036],[94.86631,36.403],[94.86636,36.40316],[94.86648,36.40342],[94.86656,36.40354],[94.86843,36.40547],[94.87023,36.4065],[94.87102,36.40737],[94.87301,36.40991],[94.87452,36.4125]]},"properties":{"roadClass":"local","highway":"tertiary","name":"青鸾路","ref":""}},
{"type":"Feature","geometry":{"type":"LineString","coordinates":[[94.85946,36.41796],[94.85785,36.41541],[94.85616,36.41279],[94.85466,36.41045],[94.85287,36.4077],[94.85279,36.40757],[94.85264,36.40733],[94.85256,36.40721],[94.85128,36.40525],[94.84947,36.40262],[94.84705,36.39871],[94.84453,36.39491],[94.84261,36.39195],[94.84029,36.38844]]},"properties":{"roadClass":"local","highway":"tertiary","name":"新城路","ref":""}},
{"type":"Feature","geometry":{"type":"LineString","coordinates":[[94.83746,36.39796],[94.84138,36.39626],[94.84453,36.39491],[94.84763,36.39361],[94.85203,36.39175],[94.856,36.39006],[94.85956,36.38855],[94.86293,36.38716],[94.86334,36.38699]]},"properties":{"roadClass":"local","highway":"tertiary","name":"开木棋路","ref":""}},
{"type":"Feature","geometry":{"type":"LineString","coordinates":[[94.83553,36.395],[94.83947,36.3933],[94.84261,36.39195],[94.84571,36.39067],[94.85013,36.38878],[94.85422,36.38704],[94.85751,36.38565],[94.86055,36.38435]]},"properties":{"roadClass":"local","highway":"tertiary","name":"塔尔丁路","ref":""}},
{"type":"Feature","geometry":{"type":"LineString","coordinates":[[94.83719,36.38977],[94.83947,36.3933],[94.84138,36.39626]]},"properties":{"roadClass":"local","highway":"residential","name":"云若路","ref":""}},
{"type":"Feature","geometry":{"type":"LineString","coordinates":[[94.84763,36.39361],[94.84571,36.39067]]},"properties":{"roadClass":"local","highway":"residential","name":"安登路","ref":""}},
{"type":"Feature","geometry":{"type":"LineString","coordinates":[[94.85013,36.38878],[94.85203,36.39175]]},"properties":{"roadClass":"local","highway":"residential","name":"高辛路","ref":""}},
{"type":"Feature","geometry":{"type":"LineString","coordinates":[[94.85751,36.38565],[94.85956,36.38855],[94.86095,36.39154],[94.86218,36.39483],[94.86295,36.39791],[94.86345,36.40042]]},"properties":{"roadClass":"local","highway":"tertiary","name":"高阳路","ref":""}},
{"type":"Feature","geometry":{"type":"LineString","coordinates":[[94.86599,36.40036],[94.86345,36.40042],[94.86018,36.40068],[94.85516,36.40135],[94.85333,36.40162],[94.84947,36.40262],[94.84606,36.40354],[94.84186,36.40475]]},"properties":{"roadClass":"local","highway":"tertiary","name":"野马泉路","ref":""}},
{"type":"Feature","geometry":{"type":"LineString","coordinates":[[94.84606,36.40354],[94.84805,36.40665],[94.84908,36.40826],[94.84916,36.40839],[94.84932,36.40862],[94.8494,36.40874],[94.85129,36.41167],[94.85279,36.41402],[94.85446,36.41661],[94.85612,36.41918]]},"properties":{"roadClass":"local","highway":"tertiary","name":"开明路","ref":""}},
{"type":"Feature","geometry":{"type":"LineString","coordinates":[[94.85446,36.41661],[94.85785,36.41541],[94.8606,36.41438]]},"properties":{"roadClass":"local","highway":"residential","name":"将军西路","ref":""}},
{"type":"Feature","geometry":{"type":"LineString","coordinates":[[94.86225,36.41697],[94.8606,36.41438],[94.85892,36.41178]]},"properties":{"roadClass":"local","highway":"residential","name":"洛神路","ref":""}},
{"type":"Feature","geometry":{"type":"LineString","coordinates":[[94.86384,36.3903],[94.86095,36.39154],[94.85761,36.39292]]},"properties":{"roadClass":"local","highway":"residential","name":"福琨山路","ref":""}},
{"type":"Feature","geometry":{"type":"LineString","coordinates":[[94.87301,36.40991],[94.86675,36.41216],[94.86396,36.41317]]},"properties":{"roadClass":"local","highway":"residential","name":"将军东路","ref":""}},
{"type":"Feature","geometry":{"type":"LineString","coordinates":[[94.86556,36.41575],[94.86396,36.41317],[94.86226,36.41057]]},"properties":{"roadClass":"local","highway":"residential","name":"琼华路","ref":""}},
{"type":"Feature","geometry":{"type":"LineString","coordinates":[[94.86519,36.3942],[94.86487,36.39426],[94.86218,36.39483],[94.85873,36.39557]]},"properties":{"roadClass":"local","highway":"residential","name":"黄河西路","ref":""}},
{"type":"Feature","geometry":{"type":"LineString","coordinates":[[94.86571,36.39752],[94.86295,36.39791],[94.85955,36.39842]]},"properties":{"roadClass":"local","highway":"residential","name":"姜根迪如路","ref":""}},
{"type":"Feature","geometry":{"type":"LineString","coordinates":[[95.12156,36.32868],[95.10821,36.33197],[95.10462,36.33287],[95.10125,36.3337],[95.09781,36.33455],[95.0942,36.33544],[95.09409,36.33546],[95.082,36.33843]]},"properties":{"roadClass":"local","highway":"tertiary","name":"那曲路","ref":""}},
{"type":"Feature","geometry":{"type":"LineString","coordinates":[[95.09901,36.30761],[95.1039,36.32061],[95.10587,36.32571],[95.10591,36.3258],[95.10821,36.33197],[95.10944,36.3352],[95.11062,36.33834]]},"properties":{"roadClass":"local","highway":"tertiary","name":"尼洋河路","ref":""}},
{"type":"Feature","geometry":{"type":"LineString","coordinates":[[95.12446,36.33491],[95.12397,36.33505],[95.11062,36.33834],[95.10701,36.33924],[95.10365,36.34004],[95.10029,36.3409],[95.09661,36.3418],[95.09652,36.34182],[95.0934,36.34249],[95.08372,36.34291]]},"properties":{"roadClass":"local","highway":"tertiary","name":"日喀则路","ref":""}},
{"type":"Feature","geometry":{"type":"LineString","coordinates":[[95.07773,36.32708],[95.08978,36.3241],[95.08993,36.32405],[95.1039,36.32061],[95.11726,36.31731]]},"properties":{"roadClass":"local","highway":"tertiary","name":"昌都路","ref":""}},
{"type":"Feature","geometry":{"type":"LineString","coordinates":[[95.08372,36.34291],[95.082,36.33843],[95.07973,36.33228],[95.07969,36.33217],[95.07773,36.32708],[95.07282,36.31406]]},"properties":{"roadClass":"local","highway":"tertiary","name":"年楚河路","ref":""}},
{"type":"Feature","geometry":{"type":"MultiLineString","coordinates":[[[95.11924,36.3225],[95.10591,36.3258],[95.09189,36.32926],[95.09177,36.32929],[95.07973,36.33228]],[[95.07969,36.33217],[95.09173,36.32919],[95.09185,36.32917],[95.10587,36.32571],[95.1192,36.32241]]]},"properties":{"roadClass":"local","highway":"tertiary","name":"拉萨路","ref":""}},
{"type":"Feature","geometry":{"type":"LineString","coordinates":[[94.83323,36.39145],[94.83719,36.38977],[94.84029,36.38844],[94.85189,36.38349],[94.85683,36.38148],[94.85932,36.38055],[94.85966,36.38042],[94.86055,36.38009]]},"properties":{"roadClass":"regional","highway":"secondary","name":"南海路","ref":""}},
{"type":"Feature","geometry":{"type":"LineString","coordinates":[[94.85984,36.40859],[94.85818,36.4061],[94.8581,36.40594],[94.85797,36.40571],[94.8579,36.40557],[94.85516,36.40135]]},"properties":{"roadClass":"local","highway":"residential","name":"少昊路","ref":""}},
{"type":"Feature","geometry":{"type":"LineString","coordinates":[[94.85333,36.40162],[94.85472,36.40376],[94.85624,36.40608],[94.85631,36.40621],[94.85648,36.40644],[94.85658,36.40658],[94.85823,36.40919]]},"properties":{"roadClass":"local","highway":"residential","name":"白奎路","ref":""}},
{"type":"Feature","geometry":{"type":"LineString","coordinates":[[94.85472,36.40376],[94.85128,36.40525],[94.84805,36.40665]]},"properties":{"roadClass":"local","highway":"residential","name":"雪鞍山路","ref":""}},
{"type":"Feature","geometry":{"type":"LineString","coordinates":[[94.86995,36.43551],[94.86796,36.43489]]},"properties":{"roadClass":"regional","highway":"secondary","name":"西海桥","ref":""}},
{"type":"Feature","geometry":{"type":"MultiLineString","coordinates":[[[94.22784,36.55528],[94.23335,36.55549],[94.23745,36.55527],[94.24203,36.55447],[94.246,36.55325],[94.32344,36.51356],[94.3294,36.51117],[94.39513,36.4899],[94.40272,36.48641],[94.40917,36.48229],[94.40995,36.48169],[94.41663,36.47561],[94.4568,36.43487],[94.46364,36.42995],[94.49655,36.40979],[94.49686,36.40961],[94.50201,36.40688],[94.50449,36.40605],[94.50758,36.40534],[94.5129,36.40485],[94.52063,36.40533],[94.54763,36.40714],[94.54857,36.40721],[94.59106,36.41021],[94.59624,36.41106],[94.62199,36.41712],[94.62789,36.41799],[94.63359,36.41835],[94.64058,36.41819],[94.64805,36.41727],[94.65442,36.41585],[94.67527,36.40967],[94.67962,36.40915],[94.68382,36.40945]],[[94.22779,36.55537],[94.23335,36.55558],[94.23746,36.55536],[94.24207,36.55456],[94.24605,36.55334],[94.3235,36.51365],[94.32945,36.51126],[94.39518,36.48998],[94.40278,36.48649],[94.40925,36.48236],[94.41003,36.48176],[94.41672,36.47567],[94.45689,36.43493],[94.46371,36.43003],[94.49662,36.40987],[94.49693,36.40968],[94.501,36.40743],[94.50353,36.40645],[94.50761,36.40543],[94.51184,36.40497],[94.54762,36.40724],[94.54856,36.4073],[94.59104,36.4103],[94.59621,36.41116],[94.62196,36.41722],[94.62787,36.41808],[94.63359,36.41844],[94.64143,36.41822],[94.6489,36.41721],[94.65682,36.41527],[94.67531,36.40976],[94.67875,36.40928],[94.68249,36.40939]]]},"properties":{"roadClass":"national","highway":"trunk","name":"格茫公路","ref":"S318"}},
{"type":"Feature","geometry":{"type":"MultiLineString","coordinates":[[[94.90945,36.41459],[94.91159,36.41461],[94.91352,36.41463],[94.91594,36.41466],[94.91763,36.41471],[94.91786,36.41474],[94.9205,36.41553],[94.92304,36.4163],[94.92324,36.41636]],[[94.90945,36.4145],[94.91143,36.41452],[94.91452,36.41455],[94.91762,36.41457],[94.91786,36.41459],[94.92309,36.41617],[94.92328,36.41623]]]},"properties":{"roadClass":"regional","highway":"secondary","name":"金峰东路","ref":""}},
{"type":"Feature","geometry":{"type":"LineString","coordinates":[[94.90939,36.41275],[94.90944,36.41421],[94.90945,36.4145],[94.90945,36.41459]]},"properties":{"roadClass":"local","highway":"tertiary","name":"江源中路","ref":""}},
{"type":"Feature","geometry":{"type":"LineString","coordinates":[[94.91766,36.40675],[94.91742,36.40676],[94.9145,36.40681],[94.9127,36.40684],[94.91171,36.40686],[94.90925,36.40686],[94.9091,36.40687],[94.90643,36.40689],[94.90578,36.4069],[94.90211,36.40694],[94.90087,36.40696],[94.89862,36.407],[94.89499,36.40705],[94.89483,36.40708]]},"properties":{"roadClass":"regional","highway":"secondary","name":"八一中路","ref":""}},
{"type":"Feature","geometry":{"type":"LineString","coordinates":[[94.92908,36.40653],[94.92567,36.40659],[94.92544,36.40659],[94.91766,36.40675]]},"properties":{"roadClass":"regional","highway":"secondary","name":"八一东路","ref":""}},
{"type":"Feature","geometry":{"type":"MultiLineString","coordinates":[[[94.91766,36.40675],[94.9177,36.40857],[94.91776,36.41084],[94.9178,36.41231],[94.91786,36.41459],[94.91786,36.41474],[94.91796,36.41896],[94.91797,36.41936],[94.91801,36.42105],[94.91807,36.42336],[94.91807,36.42343]],[[94.91785,36.42341],[94.91785,36.42334],[94.91779,36.42105],[94.91776,36.41937],[94.91771,36.41774],[94.91767,36.41647],[94.91763,36.41471],[94.91762,36.41457],[94.91757,36.4123],[94.91754,36.41084],[94.91742,36.40676]]]},"properties":{"roadClass":"local","highway":"tertiary","name":"泰山北路","ref":""}},
{"type":"Feature","geometry":{"type":"LineString","coordinates":[[94.90177,36.39049],[94.90177,36.39059],[94.90185,36.39297],[94.90188,36.39465],[94.90191,36.39547],[94.90197,36.39787],[94.90197,36.39796]]},"properties":{"roadClass":"regional","highway":"secondary","name":"昆仑南路","ref":""}},
{"type":"Feature","geometry":{"type":"MultiLineString","coordinates":[[[94.91742,36.40676],[94.91737,36.40373],[94.91729,36.40066],[94.91723,36.39772],[94.91723,36.39765]],[[94.91742,36.39764],[94.91742,36.39771],[94.91752,36.40066],[94.91761,36.40373],[94.91766,36.40675]]]},"properties":{"roadClass":"local","highway":"tertiary","name":"泰山中路","ref":""}},
{"type":"Feature","geometry":{"type":"MultiLineString","coordinates":[[[94.92544,36.40659],[94.92539,36.40398],[94.92529,36.40025],[94.92523,36.39758],[94.92523,36.39751]],[[94.92545,36.3975],[94.92544,36.39758],[94.92551,36.40025],[94.92562,36.40398],[94.92567,36.40659]]]},"properties":{"roadClass":"regional","highway":"secondary","name":"察尔汗中路","ref":""}},
{"type":"Feature","geometry":{"type":"LineString","coordinates":[[94.90578,36.41449],[94.90751,36.41236],[94.90918,36.41059],[94.90933,36.41059]]},"properties":{"roadClass":"local","highway":"tertiary","name":"通宁路","ref":""}},
{"type":"Feature","geometry":{"type":"LineString","coordinates":[[94.68519,36.40971],[94.68382,36.40945]]},"properties":{"roadClass":"national","highway":"trunk","name":"格茫公路","ref":""}},
{"type":"Feature","geometry":{"type":"MultiLineString","coordinates":[[[97.23169,37.33791],[97.23571,37.33732],[97.23688,37.33684],[97.23707,37.3367],[97.23717,37.3366],[97.23787,37.33552],[97.23866,37.33391],[97.2388,37.33362],[97.24125,37.32857],[97.24147,37.3252],[97.2414,37.32482],[97.24135,37.32449],[97.24058,37.31986],[97.24086,37.31789],[97.24231,37.31447],[97.24691,37.30628],[97.24824,37.30493],[97.24989,37.30387],[97.26429,37.29568],[97.26704,37.29347],[97.26902,37.2913],[97.26933,37.29094],[97.27196,37.28787],[97.27566,37.28411],[97.27914,37.28165],[97.2822,37.28002],[97.28416,37.27924],[97.2883,37.27787],[97.29254,37.27716],[97.3165,37.27427],[97.31661,37.27426],[97.31668,37.27425],[97.33276,37.27232],[97.34087,37.27189],[97.34157,37.27187],[97.3492,37.27194],[97.3537,37.27201],[97.36046,37.27212],[97.36182,37.27213],[97.37784,37.2724],[97.37836,37.27241],[97.37873,37.27241],[97.39496,37.2725],[97.40611,37.2717],[97.40645,37.27168],[97.40709,37.27163],[97.40739,37.27161],[97.40776,37.27159],[97.41421,37.27159],[97.41855,37.27195],[97.42179,37.27247],[97.43118,37.27467],[97.43768,37.27552],[97.44175,37.27542],[97.44548,37.27488],[97.45059,37.27341],[97.46799,37.26491],[97.47758,37.25924],[97.49833,37.25047],[97.50088,37.24876],[97.50472,37.24407],[97.51038,37.23952],[97.51235,37.23746],[97.51685,37.23085],[97.52478,37.22435],[97.52954,37.21768],[97.531,37.21611],[97.5426,37.20627],[97.54499,37.20387],[97.55287,37.19023],[97.55785,37.18373],[97.55902,37.18095],[97.56061,37.17474],[97.56926,37.16005],[97.57408,37.14642],[97.5817,37.13391],[97.58372,37.13172],[97.59179,37.1256],[97.59347,37.1247],[97.59599,37.12392],[97.59614,37.12389],[97.59977,37.1229],[97.60617,37.11891],[97.61457,37.11517],[97.63738,37.10025],[97.64241,37.09749],[97.64818,37.09509],[97.6602,37.09083],[97.66527,37.09016],[97.66831,37.08933],[97.67826,37.08535],[97.67933,37.08476],[97.68148,37.08279],[97.68344,37.08187],[97.69087,37.08034],[97.7068,37.08055],[97.71539,37.07968],[97.7215,37.0782],[97.73901,37.07244],[97.74913,37.07036],[97.74954,37.07028],[97.76008,37.06835],[97.76715,37.06632],[97.77142,37.06443],[97.79235,37.05394],[97.79939,37.05151],[97.80566,37.05005],[97.81162,37.04918],[97.81482,37.04901],[97.83656,37.04868],[97.84513,37.04676],[97.85399,37.046],[97.85835,37.04533],[97.88447,37.03967],[97.88969,37.03913],[97.90902,37.03814],[97.91462,37.03757],[97.93767,37.03239],[97.94899,37.03139],[97.95389,37.03051],[97.96809,37.02685],[97.97154,37.02691],[97.97403,37.02752],[97.9811,37.03087],[97.98478,37.03127],[97.98787,37.03046],[98.02882,37.00788],[98.03366,37.00575],[98.0382,37.00454],[98.07203,36.99801],[98.07786,36.99784],[98.10594,37.00058],[98.18351,36.99628],[98.19035,36.99695],[98.20159,36.99966],[98.20186,36.9997],[98.20212,36.99974],[98.20504,36.99995],[98.20914,36.99974],[98.26544,36.99398],[98.27309,36.99262],[98.27887,36.99114],[98.28525,36.9889],[98.30414,36.97993],[98.30863,36.97809],[98.33978,36.96826],[98.343,36.96767],[98.36094,36.96687],[98.37019,36.96545],[98.37127,36.96522],[98.37599,36.96422],[98.37686,36.96404],[98.38632,36.96204],[98.39269,36.96118],[98.39449,36.96104],[98.40123,36.96098],[98.40912,36.96163],[98.40926,36.96164],[98.40939,36.96165],[98.41513,36.96156],[98.42031,36.96104],[98.43081,36.9592],[98.43103,36.95916],[98.43782,36.95798],[98.43802,36.95795],[98.44697,36.95634],[98.45498,36.95563],[98.46517,36.95579],[98.48202,36.95457],[98.48519,36.95458],[98.48973,36.95538],[98.49298,36.95644],[98.49669,36.95851],[98.49958,36.96108],[98.50028,36.96182],[98.50264,36.96507],[98.52111,36.9941],[98.52406,36.99732],[98.52671,36.99944],[98.52965,37.00127],[98.54379,37.00679],[98.54751,37.00785],[98.54821,37.00796],[98.55385,37.0078],[98.55417,37.00778],[98.55446,37.00775],[98.56349,37.00681],[98.57409,37.00372],[98.57635,37.00369],[98.57918,37.00447],[98.5796,37.00465],[98.58317,37.00693],[98.58669,37.0089],[98.59118,37.01054],[98.59543,37.01111],[98.60171,37.01111],[98.61022,37.0109],[98.61199,37.01055],[98.61957,37.00735],[98.62363,37.00622],[98.62385,37.00616],[98.63687,37.0033],[98.64289,37.00304],[98.65269,37.00151],[98.67056,37.00153],[98.67507,37.00211],[98.67819,37.00275],[98.67887,37.00294],[98.70391,37.00959],[98.70954,37.01065],[98.71022,37.01071],[98.7193,37.01101],[98.72201,37.01137],[98.72499,37.01247],[98.72969,37.01555],[98.73363,37.01802],[98.73797,37.02026],[98.7393,37.02092],[98.74627,37.0243],[98.74823,37.02472],[98.75126,37.02465],[98.75335,37.02409],[98.75735,37.02242],[98.75792,37.02218],[98.7627,37.02051],[98.76595,37.02038],[98.77872,37.02147],[98.78289,37.02134],[98.79218,37.01919],[98.7952,37.01842],[98.79815,37.01809],[98.80933,37.01717],[98.81642,37.01552],[98.81675,37.01541],[98.81715,37.01527],[98.82081,37.01369],[98.82095,37.01362],[98.83584,37.00635],[98.83787,37.00495],[98.84103,37.00199],[98.84146,37.00159],[98.84584,36.99751],[98.84719,36.99623],[98.84956,36.99464],[98.85116,36.99417],[98.8623,36.9925],[98.86882,36.99153],[98.87167,36.99053],[98.87349,36.98955],[98.87561,36.9879],[98.89246,36.97092],[98.89849,36.96439],[98.89964,36.9625],[98.90057,36.95965],[98.90677,36.92485],[98.906,36.91745],[98.90606,36.9169],[98.90652,36.91411],[98.90661,36.91341],[98.90635,36.90921],[98.89899,36.89209],[98.89854,36.89018],[98.8985,36.88791],[98.89881,36.88604],[98.89973,36.884],[98.89977,36.88393],[98.89993,36.88369],[98.90141,36.88165],[98.90348,36.87986],[98.90359,36.87977],[98.91064,36.87416],[98.91301,36.87308],[98.91625,36.87248],[98.91633,36.87247],[98.91831,36.87187],[98.9197,36.87109],[98.92845,36.86401],[98.93102,36.86256],[98.93142,36.8624],[98.93488,36.86161],[98.94698,36.86052],[98.94944,36.85967],[98.95472,36.85704],[98.95785,36.85554],[98.95798,36.85548],[98.95837,36.85529],[98.96443,36.85241],[98.9789,36.84824],[98.99687,36.84135],[98.99703,36.84129],[99.00423,36.83852],[99.00428,36.8385],[99.04847,36.82147],[99.049,36.82125]],[[97.22765,37.33879],[97.23238,37.33852],[97.23499,37.33908],[97.23599,37.33879],[97.23658,37.33826],[97.23676,37.33793],[97.23703,37.33741],[97.23716,37.33716],[97.23722,37.33704],[97.23732,37.33683],[97.23739,37.33671],[97.238,37.33552],[97.23876,37.33403],[97.2389,37.33374],[97.24134,37.32865],[97.24158,37.32519],[97.24152,37.32481],[97.24147,37.32446],[97.24077,37.31986],[97.24119,37.3173],[97.24705,37.30635],[97.24988,37.30401],[97.26435,37.29575],[97.26713,37.29353],[97.26912,37.29136],[97.26946,37.29096],[97.27207,37.28792],[97.27573,37.28419],[97.27921,37.28173],[97.28227,37.28011],[97.28419,37.27932],[97.28836,37.27801],[97.29256,37.27724],[97.31651,37.27436],[97.31661,37.27435],[97.3167,37.27434],[97.33278,37.27242],[97.34083,37.27198],[97.34153,37.27198],[97.34919,37.27204],[97.3537,37.2721],[97.36046,37.27221],[97.36181,37.27223],[97.37782,37.2725],[97.37835,37.2725],[97.37872,37.27251],[97.39496,37.2726],[97.40609,37.2718],[97.40642,37.27177],[97.40707,37.27173],[97.40737,37.27171],[97.40774,37.27169],[97.41158,37.27159],[97.41853,37.27206],[97.42177,37.27256],[97.4311,37.27479],[97.4372,37.27583],[97.44222,37.27584],[97.44778,37.27494],[97.45243,37.27337],[97.48281,37.25819],[97.50298,37.24906],[97.50515,37.24783],[97.50811,37.24503],[97.51233,37.23909],[97.51679,37.23517],[97.52111,37.22878],[97.52913,37.21981],[97.53188,37.21734],[97.53901,37.21221],[97.55185,37.20029],[97.55429,37.19724],[97.55608,37.19398],[97.56231,37.17529],[97.57033,37.16015],[97.57567,37.14553],[97.58196,37.1352],[97.58338,37.13345],[97.58602,37.1314],[97.59784,37.12522],[97.6074,37.11904],[97.65545,37.09464],[97.66484,37.09226],[97.68052,37.08601],[97.68561,37.08449],[97.71786,37.08064],[97.74946,37.07249],[97.74982,37.0724],[97.77164,37.06663],[97.77471,37.06551],[97.80006,37.05352],[97.8034,37.0524],[97.84607,37.04885],[97.86312,37.04654],[97.91056,37.04286],[97.9172,37.0417],[97.94774,37.03349],[97.95556,37.03214],[97.95985,37.03058],[97.96347,37.02846],[97.96602,37.02782],[97.9698,37.02814],[97.97361,37.0299],[97.97426,37.03024],[97.97955,37.03288],[97.98101,37.03328],[97.98445,37.0336],[97.98774,37.03313],[97.98993,37.0323],[97.99233,37.03094],[98.00648,37.02181],[98.0216,37.01455],[98.02836,37.01035],[98.0315,37.0088],[98.0361,37.00744],[98.05208,37.00481],[98.06347,37.0014],[98.069,37.00052],[98.0744,36.99927],[98.07742,36.99927],[98.08571,37.00041],[98.11206,37.00214],[98.12399,37.00081],[98.14352,37.00072],[98.15296,36.99927],[98.18555,36.99723],[98.19219,36.99767],[98.20158,36.99976],[98.20184,36.9998],[98.2021,36.99984],[98.20481,37.00004],[98.20784,37.00001],[98.26546,36.99408],[98.27312,36.99273],[98.27893,36.99122],[98.28647,36.9885],[98.30246,36.98081],[98.30866,36.97818],[98.33982,36.96836],[98.34302,36.96777],[98.36097,36.96697],[98.37021,36.96555],[98.3713,36.96532],[98.37601,36.96432],[98.37688,36.96413],[98.38632,36.96214],[98.3927,36.96128],[98.3945,36.96116],[98.40122,36.96109],[98.40925,36.96174],[98.40937,36.96174],[98.4095,36.96175],[98.41502,36.96166],[98.42044,36.96112],[98.43086,36.95935],[98.43108,36.95932],[98.43784,36.9581],[98.43804,36.95806],[98.447,36.95644],[98.45499,36.95573],[98.46517,36.9559],[98.48203,36.95467],[98.48518,36.95468],[98.48969,36.95548],[98.49292,36.95653],[98.49661,36.95859],[98.49955,36.96118],[98.50029,36.96203],[98.521,36.99416],[98.52397,36.99739],[98.52662,36.99952],[98.52958,37.00136],[98.54375,37.00687],[98.54746,37.00796],[98.54816,37.00806],[98.5539,37.00789],[98.55421,37.00787],[98.5545,37.00784],[98.56351,37.00691],[98.57423,37.0038],[98.57644,37.00382],[98.57909,37.00457],[98.57955,37.00477],[98.5832,37.0071],[98.587,37.00918],[98.59099,37.01058],[98.59475,37.01117],[98.60171,37.01123],[98.61024,37.01102],[98.61204,37.01066],[98.61962,37.00745],[98.62365,37.00633],[98.62388,37.00627],[98.63689,37.00341],[98.64291,37.00316],[98.6527,37.00163],[98.67055,37.00165],[98.67504,37.00222],[98.67815,37.00286],[98.67883,37.00305],[98.70387,37.00968],[98.70953,37.01075],[98.71021,37.01081],[98.71929,37.01111],[98.72198,37.01146],[98.72494,37.01255],[98.72951,37.01556],[98.73358,37.0181],[98.7379,37.02035],[98.73924,37.02102],[98.7462,37.0244],[98.74821,37.02483],[98.75138,37.02473],[98.75355,37.02415],[98.75753,37.02245],[98.75808,37.02221],[98.76273,37.02066],[98.76595,37.02052],[98.78006,37.02161],[98.7829,37.02143],[98.78683,37.02071],[98.79199,37.01933],[98.79516,37.01855],[98.79817,37.01821],[98.80935,37.01729],[98.81651,37.01562],[98.81682,37.01552],[98.8172,37.01539],[98.82086,37.01377],[98.82101,37.0137],[98.83589,37.00645],[98.83797,37.00503],[98.8416,37.00164],[98.84395,36.99947],[98.84742,36.99623],[98.84964,36.99476],[98.85118,36.99426],[98.86232,36.99259],[98.86885,36.99162],[98.87185,36.99056],[98.87357,36.98962],[98.8757,36.98796],[98.89255,36.97097],[98.89859,36.96444],[98.89975,36.96254],[98.90069,36.95967],[98.90689,36.92486],[98.90612,36.91745],[98.90617,36.91691],[98.90664,36.91413],[98.90673,36.91341],[98.90646,36.90918],[98.89911,36.89207],[98.89861,36.88792],[98.89893,36.88607],[98.89981,36.88411],[98.89986,36.88402],[98.90004,36.88373],[98.90151,36.88171],[98.90357,36.87993],[98.90368,36.87984],[98.91072,36.87424],[98.91305,36.87318],[98.91627,36.87258],[98.91635,36.87256],[98.91835,36.87196],[98.91977,36.87116],[98.92853,36.86407],[98.93107,36.86264],[98.93147,36.86249],[98.9349,36.86171],[98.94701,36.86061],[98.9495,36.85975],[98.95402,36.85751],[98.95791,36.85562],[98.95813,36.85551],[98.95843,36.85537],[98.96448,36.8525],[98.97895,36.84832],[98.99692,36.84144],[98.99708,36.84137],[99.00428,36.83859],[99.00433,36.83857],[99.04855,36.82154],[99.04905,36.82133]],[[99.06746,36.7967],[99.06547,36.79992],[99.0643,36.80167],[99.06422,36.80178],[99.05941,36.80896],[99.05936,36.80903],[99.0534,36.81781]],[[99.06778,36.79683],[99.06737,36.7974],[99.06558,36.79995],[99.06442,36.80169],[99.06434,36.8018],[99.05952,36.809],[99.05947,36.80908],[99.0535,36.81786]]]},"properties":{"roadClass":"national","highway":"motorway","name":"茶德高速","ref":"S2013"}},
{"type":"Feature","geometry":{"type":"LineString","coordinates":[[97.45243,37.27337],[97.42641,37.28635],[97.42431,37.28675],[97.4199,37.28604],[97.41841,37.28611],[97.41677,37.2867],[97.41467,37.2885],[97.40288,37.29958],[97.40067,37.30264],[97.39611,37.31537]]},"properties":{"roadClass":"national","highway":"trunk","name":"宁德线","ref":"G347"}},
{"type":"Feature","geometry":{"type":"LineString","coordinates":[[97.24194,37.33746],[97.24098,37.33753],[97.23676,37.33793],[97.22765,37.33879],[97.18743,37.34252],[97.17234,37.34392],[97.15567,37.3456],[97.14592,37.3461],[97.14481,37.34615],[97.14361,37.34621],[97.11947,37.3474],[97.1118,37.34753],[97.09869,37.34538],[97.09228,37.34432],[97.09114,37.34414],[97.05458,37.33804],[97.05441,37.33801],[97.05233,37.33778],[97.03567,37.33781],[96.99469,37.33949],[96.9399,37.34894],[96.83469,37.35506],[96.81215,37.35633],[96.81191,37.35635],[96.80042,37.3571],[96.7711,37.36096],[96.76629,37.36125],[96.76572,37.36123],[96.75522,37.36084],[96.74783,37.36053],[96.74538,37.36043],[96.7342,37.35995],[96.73397,37.35994],[96.70987,37.35911],[96.6468,37.36408],[96.6447,37.36465],[96.6419,37.36611],[96.62782,37.37844],[96.62745,37.37877],[96.61587,37.38877],[96.60889,37.39233],[96.6012,37.39529],[96.57613,37.40354],[96.572,37.40442],[96.54978,37.40692],[96.51972,37.40815],[96.51668,37.40806],[96.50057,37.40584],[96.49815,37.40577],[96.48024,37.41007],[96.44775,37.41575],[96.44433,37.41593],[96.432,37.41511],[96.42184,37.41804],[96.41124,37.41899],[96.40761,37.41977],[96.39271,37.42353],[96.37073,37.43188],[96.35889,37.43697],[96.33271,37.44191],[96.32449,37.44403],[96.31319,37.44371],[96.29242,37.44214],[96.28385,37.44297],[96.27735,37.44304],[96.27012,37.44098],[96.26005,37.44086],[96.25411,37.43979],[96.24015,37.43918],[96.23499,37.43864],[96.22956,37.43748],[96.22279,37.43636],[96.21104,37.43601],[96.20984,37.43634],[96.20714,37.43783],[96.20435,37.4384],[96.20161,37.43944],[96.1985,37.43957],[96.19409,37.44066],[96.19059,37.44067],[96.18667,37.44123],[96.18425,37.44108],[96.1813,37.4416],[96.17754,37.4418],[96.17496,37.4408],[96.16921,37.43417],[96.16773,37.43329],[96.16055,37.43026],[96.15453,37.4295],[96.1521,37.42955],[96.1465,37.43077],[96.1449,37.43137],[96.13218,37.4409],[96.12518,37.44577],[96.1222,37.4477],[96.1106,37.45215],[96.10736,37.45252],[96.09641,37.45203],[96.08819,37.44988],[96.08602,37.4497],[96.08373,37.44907],[96.07108,37.4427],[96.0428,37.43023],[96.03817,37.42862],[96.03347,37.42767],[96.03087,37.42748],[96.00853,37.42724],[96.00436,37.42742],[95.9992,37.42834],[95.99447,37.42995],[95.99084,37.43181],[95.98693,37.43469],[95.98374,37.43812],[95.98228,37.44031],[95.96151,37.47889],[95.95887,37.482],[95.95557,37.48442],[95.95543,37.48451],[95.95145,37.4865],[95.94677,37.4876],[95.82539,37.5072],[95.82526,37.50722],[95.81157,37.50942],[95.78776,37.51332],[95.78565,37.51392],[95.75483,37.52665],[95.75145,37.52751],[95.74769,37.52738],[95.7439,37.52598],[95.66377,37.47345],[95.65793,37.47042],[95.65264,37.46852],[95.61324,37.45968],[95.59028,37.45806],[95.58543,37.45825],[95.57554,37.45978],[95.57102,37.46029],[95.56864,37.46024],[95.5645,37.45939],[95.55815,37.45661],[95.55449,37.4558],[95.48399,37.44657],[95.45308,37.44329],[95.45286,37.44327],[95.45266,37.44324],[95.45238,37.44321],[95.44513,37.44245],[95.45235,37.44291],[95.45257,37.44293],[95.45276,37.44294],[95.45296,37.44296],[95.48402,37.44621],[95.55458,37.45542],[95.55896,37.45647],[95.56469,37.45898],[95.56698,37.45956],[95.56979,37.45987],[95.57551,37.45942],[95.5836,37.458],[95.58856,37.45755],[95.59279,37.45758],[95.61027,37.45885],[95.64978,37.46758],[95.65518,37.46909],[95.65925,37.47069],[95.66397,37.47314],[95.7442,37.52574],[95.74623,37.5268],[95.7478,37.52724],[95.75026,37.52741],[95.75193,37.52717],[95.75761,37.52493],[95.78611,37.51313],[95.81148,37.50891],[95.82522,37.50675],[95.82535,37.50673],[95.94672,37.48739],[95.95133,37.4863],[95.95524,37.4844],[95.95547,37.48427],[95.95846,37.48201],[95.96117,37.47876],[95.98315,37.43827],[95.98658,37.43449],[95.99045,37.43162],[95.99422,37.42965],[95.99916,37.428],[96.00429,37.42711],[96.00868,37.42696],[96.02978,37.42708],[96.03553,37.42767],[96.04149,37.42934],[96.08447,37.44822],[96.0876,37.44906],[96.10668,37.45149],[96.10894,37.4514],[96.11066,37.45099],[96.12037,37.44709],[96.14466,37.43058],[96.14686,37.42958],[96.14943,37.42885],[96.15452,37.42851],[96.15736,37.42889],[96.15976,37.42955],[96.16986,37.43376],[96.1703,37.43396],[96.18096,37.44139],[96.1813,37.4416],[96.1817,37.44186],[96.18387,37.44273],[96.18661,37.44304],[96.18741,37.443],[96.19158,37.44254],[96.19391,37.44293],[96.19807,37.44418],[96.20066,37.4442],[96.20389,37.4432],[96.20751,37.44061],[96.2102,37.43968],[96.21245,37.43952],[96.22296,37.43998],[96.22537,37.43938],[96.22925,37.43763],[96.22956,37.43748],[96.23041,37.43709],[96.23303,37.43639],[96.23536,37.43637],[96.24403,37.43881],[96.25314,37.43922],[96.26047,37.44029],[96.26967,37.44062],[96.27855,37.44251],[96.28143,37.44255],[96.28987,37.44178],[96.31555,37.44369],[96.32181,37.44348],[96.32984,37.44209],[96.35942,37.43567],[96.36389,37.43419],[96.39206,37.4226],[96.42803,37.41333],[96.43158,37.41319],[96.44189,37.41524],[96.445,37.41565],[96.44735,37.41552],[96.49979,37.40534],[96.503,37.40537],[96.51492,37.40735],[96.51898,37.40766],[96.55225,37.40557],[96.57209,37.40393],[96.57781,37.40256],[96.60616,37.39247],[96.61178,37.39043],[96.616,37.38823],[96.6275,37.37827],[96.62788,37.37794],[96.64142,37.36602],[96.64458,37.36413],[96.6484,37.36289],[96.70857,37.35812],[96.73397,37.35807],[96.7342,37.35807],[96.74416,37.35814],[96.74784,37.35816],[96.74811,37.35817],[96.74839,37.35817],[96.7509,37.35852],[96.75546,37.36009],[96.76581,37.36078],[96.76639,37.36081],[96.76912,37.36074],[96.77085,37.36053],[96.77943,37.35902],[96.81209,37.35574],[96.81228,37.35572],[96.81823,37.35515],[96.82217,37.35478],[96.83354,37.35413],[96.93996,37.34851],[96.94352,37.34792],[96.94498,37.34751],[96.95029,37.34516],[96.95382,37.34416],[96.9946,37.33891],[97.04421,37.33703],[97.05024,37.33726],[97.05446,37.33773],[97.05458,37.33775],[97.07024,37.3399],[97.08416,37.34277],[97.09877,37.345],[97.11235,37.34691],[97.11945,37.34715],[97.14594,37.34591],[97.15566,37.34546],[97.16364,37.34469],[97.17229,37.34349],[97.17945,37.34265],[97.18734,37.34193],[97.23169,37.33791],[97.23703,37.33741],[97.24046,37.33709],[97.24115,37.33703]]},"properties":{"roadClass":"national","highway":"motorway","name":"德小高速","ref":"S20"}},
{"type":"Feature","geometry":{"type":"MultiLineString","coordinates":[[[97.38398,37.37359],[97.38402,37.36826],[97.38408,37.36295],[97.38413,37.35605],[97.38416,37.35385],[97.38416,37.3514],[97.38416,37.35116]],[[97.38444,37.35116],[97.38444,37.3514],[97.38436,37.35384],[97.38432,37.36295],[97.38426,37.36826],[97.38412,37.3736]]]},"properties":{"roadClass":"regional","highway":"secondary","name":"黄河路","ref":""}},
{"type":"Feature","geometry":{"type":"LineString","coordinates":[[97.39777,37.36311],[97.39768,37.36311],[97.38432,37.36295],[97.38408,37.36295],[97.37636,37.36284],[97.37629,37.36284],[97.37614,37.36283],[97.37255,37.36275],[97.37237,37.36274]]},"properties":{"roadClass":"national","highway":"trunk","name":"天峻东路","ref":"G315"}},
{"type":"Feature","geometry":{"type":"LineString","coordinates":[[97.3403,37.3666],[97.34456,37.36662],[97.34937,37.3666],[97.35319,37.36655],[97.35822,37.36663],[97.36132,37.36664],[97.36172,37.36664],[97.36237,37.36664],[97.3657,37.36665],[97.36703,37.36781],[97.36722,37.36787]]},"properties":{"roadClass":"regional","highway":"secondary","name":"新源路","ref":""}},
{"type":"Feature","geometry":{"type":"LineString","coordinates":[[97.39799,37.34903],[97.39333,37.34921],[97.38445,37.34923],[97.38419,37.34922],[97.37962,37.34918],[97.37598,37.34917],[97.3759,37.34917]]},"properties":{"roadClass":"local","highway":"tertiary","name":"茫崖路","ref":""}},
{"type":"Feature","geometry":{"type":"MultiLineString","coordinates":[[[97.39809,37.35148],[97.39798,37.35148],[97.39316,37.35144],[97.38721,37.3514],[97.38444,37.3514],[97.38416,37.3514],[97.3796,37.3514],[97.37606,37.35134]],[[97.37606,37.35116],[97.37961,37.35113],[97.38416,37.35116],[97.38444,37.35116],[97.39318,37.3512],[97.39799,37.3513],[97.39809,37.3513]]]},"properties":{"roadClass":"regional","highway":"primary","name":"都兰东路","ref":"G315(旧)"}},
{"type":"Feature","geometry":{"type":"MultiLineString","coordinates":[[[97.39777,37.36311],[97.39809,37.35148],[97.39809,37.3513],[97.39805,37.35116],[97.39799,37.34903],[97.39763,37.34403],[97.39765,37.33749],[97.39769,37.33243],[97.3977,37.33172],[97.39757,37.32812],[97.39162,37.32804],[97.39358,37.32251],[97.39601,37.31561],[97.39611,37.31537]],[[97.39768,37.36311],[97.39798,37.35148],[97.39799,37.3513],[97.39805,37.35116]]]},"properties":{"roadClass":"national","highway":"trunk","name":"环城东路","ref":"G347"}},
{"type":"Feature","geometry":{"type":"LineString","coordinates":[[97.34027,37.37074],[97.34424,37.37075],[97.3494,37.37077],[97.35354,37.3708],[97.35817,37.37082]]},"properties":{"roadClass":"local","highway":"tertiary","name":"环城西路","ref":""}},
{"type":"Feature","geometry":{"type":"LineString","coordinates":[[97.34024,37.36175],[97.34042,37.36176],[97.34621,37.36232],[97.34915,37.36268],[97.35286,37.36265],[97.35827,37.3626],[97.36194,37.36255],[97.36301,37.36254],[97.36577,37.36259],[97.36915,37.36267],[97.37087,37.3627],[97.37237,37.36274]]},"properties":{"roadClass":"national","highway":"trunk","name":"天峻西路","ref":"G315"}},
{"type":"Feature","geometry":{"type":"LineString","coordinates":[[97.37596,37.35134],[97.37583,37.35144],[97.37497,37.35225],[97.37408,37.35492],[97.37404,37.35807],[97.37254,37.36152],[97.37255,37.36275],[97.37247,37.36616],[97.36991,37.3682],[97.36853,37.36914],[97.36779,37.37091],[97.36696,37.37182],[97.36521,37.37276],[97.36471,37.37333],[97.36465,37.37341],[97.36426,37.37606],[97.36248,37.37838],[97.36168,37.38016],[97.36079,37.38247],[97.36052,37.38394],[97.36104,37.3864],[97.36303,37.38783],[97.36455,37.38946],[97.36581,37.38993],[97.36684,37.39075],[97.36759,37.392],[97.36776,37.39308]]},"properties":{"roadClass":"local","highway":"tertiary","name":"滨河东路","ref":""}},
{"type":"Feature","geometry":{"type":"MultiLineString","coordinates":[[[97.37615,37.37353],[97.37625,37.37353],[97.38398,37.37359],[97.38412,37.3736],[97.39687,37.37373],[97.39711,37.37373],[97.39892,37.37372],[97.39916,37.37372]],[[97.37615,37.3736],[97.37624,37.3736],[97.38398,37.37366],[97.38411,37.37366],[97.39688,37.37381],[97.39916,37.37379]]]},"properties":{"roadClass":"regional","highway":"primary","name":"柴达木东路","ref":""}},
{"type":"Feature","geometry":{"type":"LineString","coordinates":[[97.36924,37.36816],[97.36991,37.3682],[97.37076,37.36821],[97.37242,37.36822],[97.37343,37.36822],[97.37452,37.36823],[97.37608,37.36822],[97.37622,37.36822],[97.37631,37.36822],[97.38195,37.36824],[97.38402,37.36826],[97.38426,37.36826],[97.39755,37.36837],[97.39764,37.36837]]},"properties":{"roadClass":"regional","highway":"secondary","name":"格尔木东路","ref":""}},
{"type":"Feature","geometry":{"type":"MultiLineString","coordinates":[[[97.35808,37.38605],[97.35806,37.40152]],[[97.35202,37.46756],[97.35145,37.465],[97.35027,37.46304],[97.34831,37.46131],[97.34811,37.46059],[97.34424,37.45827],[97.34158,37.4578],[97.33976,37.45678],[97.33837,37.45699],[97.33673,37.45608],[97.33589,37.45515],[97.33382,37.45515],[97.33501,37.45398],[97.33606,37.45349],[97.33612,37.45128],[97.3372,37.45001],[97.3384,37.44651],[97.33851,37.44622],[97.34854,37.42464],[97.35287,37.41532],[97.35345,37.41405],[97.35465,37.4115],[97.35555,37.40955],[97.35614,37.40829],[97.35657,37.40736],[97.35715,37.40609]]]},"properties":{"roadClass":"regional","highway":"secondary","name":"固始汗大道","ref":""}},
{"type":"Feature","geometry":{"type":"LineString","coordinates":[[97.36301,37.36254],[97.36301,37.36453],[97.36246,37.36558],[97.36237,37.36664],[97.36228,37.36871],[97.36221,37.36998],[97.36193,37.37255]]},"properties":{"roadClass":"local","highway":"tertiary","name":"莲湖路","ref":""}},
{"type":"Feature","geometry":{"type":"LineString","coordinates":[[97.36602,37.36865],[97.36228,37.36871],[97.36135,37.36871],[97.3582,37.36873],[97.35544,37.36874]]},"properties":{"roadClass":"local","highway":"tertiary","name":"格尔木西路","ref":""}},
{"type":"Feature","geometry":{"type":"MultiLineString","coordinates":[[[96.75586,37.32446],[96.74966,37.34572],[96.74933,37.34821],[96.74926,37.34875],[96.74923,37.34899],[96.74884,37.35224],[96.74817,37.35772],[96.74816,37.35783],[96.74812,37.35809],[96.74811,37.35817],[96.74783,37.36053]],[[96.74538,37.36043],[96.74416,37.35814],[96.74413,37.35809],[96.74406,37.35798],[96.73842,37.34804],[96.73823,37.34707],[96.73823,37.34571],[96.73794,37.34469],[96.73607,37.34381],[96.72492,37.32477],[96.72572,37.30931],[96.72503,37.30488],[96.72739,37.29519],[96.72562,37.28561],[96.72051,37.27833],[96.71165,37.27239],[96.70764,37.26836],[96.70779,37.2613],[96.70958,37.25637],[96.70919,37.25526],[96.70722,37.25255],[96.70719,37.25188],[96.70839,37.25014],[96.70824,37.24864],[96.71068,37.24754],[96.71387,37.24354],[96.71671,37.23894],[96.71786,37.23673],[96.71752,37.23472],[96.71742,37.23415],[96.71711,37.2326],[96.71708,37.23246],[96.71672,37.23127],[96.70912,37.22005],[96.70752,37.2134],[96.704,37.21184],[96.70311,37.21108],[96.70277,37.20951],[96.70516,37.20796],[96.70527,37.20757],[96.69908,37.20582],[96.69901,37.1992],[96.69891,37.19753],[96.69888,37.19747],[96.69548,37.19457],[96.69134,37.19254],[96.68015,37.19092],[96.67622,37.18798],[96.67568,37.18767],[96.67347,37.18647],[96.66598,37.18398],[96.66241,37.18445],[96.65839,37.18358],[96.65496,37.18482],[96.65226,37.1836],[96.6513,37.18249],[96.65055,37.18147],[96.65033,37.18082],[96.65093,37.17755],[96.65134,37.17628],[96.65519,37.17372],[96.65524,37.17276],[96.65415,37.17125],[96.64952,37.1678],[96.63865,37.16189],[96.6356,37.15862],[96.63498,37.15788],[96.63342,37.15628],[96.62971,37.15353],[96.62939,37.15289],[96.63084,37.14819],[96.63061,37.147],[96.6297,37.14585],[96.62516,37.14404],[96.61664,37.13716],[96.57877,37.12149],[96.55936,37.10262],[96.54465,37.08358],[96.52858,37.07514],[96.51878,37.0678],[96.51672,37.06659],[96.51256,37.06598],[96.51116,37.06616],[96.5066,37.06771],[96.50215,37.06864],[96.50161,37.06863],[96.50045,37.06785],[96.49806,37.06736],[96.49392,37.06756],[96.49339,37.06737],[96.49325,37.06613],[96.4945,37.0636],[96.49422,37.06264],[96.49348,37.0621],[96.49212,37.06189],[96.49013,37.06252],[96.48942,37.06246],[96.4886,37.0619],[96.4885,37.06085],[96.48773,37.06039],[96.48912,37.0591],[96.48905,37.05774],[96.48971,37.05686],[96.48966,37.05641],[96.48839,37.05506],[96.48881,37.05291],[96.48387,37.0509],[96.48211,37.05069],[96.47914,37.04853],[96.47797,37.04566],[96.4766,37.04442],[96.47677,37.04367],[96.47841,37.04227],[96.47712,37.04086],[96.47776,37.03922],[96.47756,37.03868],[96.4748,37.03802],[96.47277,37.03675],[96.46706,37.03527],[96.46452,37.03345],[96.46336,37.03026],[96.46183,37.0284],[96.46088,37.02776],[96.45855,37.02707],[96.45356,37.02716],[96.45059,37.02678],[96.44391,37.02112],[96.44199,37.01705],[96.44158,37.01338],[96.43999,37.012],[96.43951,37.01047],[96.43828,37.0093],[96.43275,37.001],[96.43088,36.99618],[96.43042,36.99212],[96.42878,36.98754],[96.428,36.98629],[96.41933,36.97766],[96.41732,36.97525],[96.39572,36.94719],[96.39374,36.94356],[96.39212,36.94188],[96.39219,36.94074],[96.39533,36.93834],[96.40229,36.93589],[96.44012,36.91616],[96.44622,36.91373],[96.46913,36.90897],[96.47765,36.90573],[96.49509,36.89737],[96.49736,36.89579],[96.51643,36.87929],[96.5173,36.87819],[96.51963,36.86836],[96.53287,36.83572],[96.5332,36.83341],[96.5329,36.83096],[96.52905,36.81332],[96.52369,36.80252],[96.51498,36.77043],[96.50918,36.74884],[96.47601,36.66964],[96.4762,36.66658],[96.47615,36.66631],[96.47425,36.65671],[96.46633,36.63727],[96.4663,36.63706],[96.46572,36.63305],[96.46568,36.63286],[96.46511,36.62815],[96.46507,36.62792],[96.4638,36.61784],[96.46425,36.61521],[96.46542,36.61327],[96.47852,36.59983],[96.48417,36.59219],[96.48638,36.58715],[96.48735,36.58019],[96.48675,36.57823],[96.48382,36.57325],[96.47066,36.53905],[96.46998,36.53416],[96.46671,36.52956],[96.46455,36.52416],[96.46433,36.52238],[96.46504,36.51691],[96.46489,36.51567],[96.46237,36.51214],[96.45902,36.50476],[96.45624,36.50175],[96.45547,36.50024],[96.45474,36.49738],[96.45359,36.49137],[96.45459,36.4875],[96.45427,36.48454],[96.45561,36.47995],[96.45464,36.47618],[96.45276,36.47303],[96.45213,36.47082],[96.45208,36.46932],[96.45228,36.46717],[96.45359,36.46478],[96.45374,36.46053],[96.45476,36.45679],[96.45457,36.45357],[96.45368,36.45237],[96.45318,36.45022],[96.45526,36.44875],[96.4547,36.43893],[96.45469,36.43851],[96.45476,36.43802],[96.45484,36.43714],[96.45517,36.43376],[96.45693,36.43359],[96.46173,36.43308],[96.47223,36.42801],[96.47221,36.42072],[96.47133,36.41949],[96.46863,36.41785],[96.45627,36.4108],[96.45571,36.41022],[96.45505,36.40884],[96.44833,36.38132]]]},"properties":{"roadClass":"regional","highway":"primary","name":"","ref":"S214"}},
{"type":"Feature","geometry":{"type":"MultiLineString","coordinates":[[[95.37301,37.83396],[95.37453,37.83213],[95.37509,37.82984],[95.37522,37.82788],[95.37809,37.82281],[95.3964,37.79454],[95.3965,37.79439],[95.40055,37.78809],[95.42839,37.74483],[95.45074,37.70832],[95.45329,37.70287],[95.45834,37.68529],[95.46214,37.67254],[95.46495,37.6683],[95.46812,37.66547],[95.46948,37.66446],[95.47948,37.65696],[95.47953,37.65693],[95.5143,37.63099],[95.54511,37.61075],[95.55851,37.60599],[95.58703,37.59633],[95.59782,37.59249],[95.62312,37.57933],[95.64048,37.57268],[95.64066,37.57261],[95.65978,37.56542],[95.65994,37.56535],[95.73723,37.53348],[95.73735,37.53342],[95.74506,37.53021],[95.74657,37.52909],[95.74719,37.52811],[95.74769,37.52738],[95.7478,37.52724],[95.7485,37.52662]],[[95.75119,37.52818],[95.74545,37.53058],[95.73757,37.53381],[95.73747,37.53385],[95.6682,37.5626],[95.66013,37.56562],[95.65996,37.56568],[95.64078,37.57288],[95.64066,37.57293],[95.62328,37.57952],[95.59782,37.5929],[95.58716,37.5966],[95.55867,37.60619],[95.54682,37.61017],[95.54536,37.61091],[95.51637,37.62993],[95.4796,37.65731],[95.47956,37.65735],[95.47871,37.65842],[95.47504,37.66835],[95.47386,37.66934],[95.47067,37.67006],[95.46935,37.67034],[95.4642,37.67142],[95.46255,37.67256],[95.45874,37.68535],[95.45346,37.70396],[95.45252,37.70603],[95.4287,37.74506],[95.40097,37.78826],[95.39695,37.79456],[95.39685,37.79472],[95.37554,37.82803],[95.37522,37.82984],[95.37475,37.83199],[95.37301,37.83411]]]},"properties":{"roadClass":"national","highway":"trunk","name":"","ref":"S314"}},
{"type":"Feature","geometry":{"type":"LineString","coordinates":[[95.95031,37.487],[95.95764,37.48581]]},"properties":{"roadClass":"local","highway":"residential","name":"","ref":"G315"}},
{"type":"Feature","geometry":{"type":"LineString","coordinates":[[95.81076,37.50671],[95.80965,37.50623],[95.8077,37.499],[95.80217,37.48702],[95.80196,37.47924],[95.79999,37.47055],[95.79957,37.46557],[95.79605,37.45174],[95.79036,37.43344],[95.79024,37.43186],[95.79066,37.43077],[95.79555,37.42416],[95.81097,37.40601],[95.81669,37.38374],[95.81739,37.38223],[95.84001,37.36608],[95.85011,37.35138],[95.86567,37.32947],[95.86575,37.32935],[95.86593,37.32907],[95.86599,37.32898],[95.86996,37.32347]]},"properties":{"roadClass":"regional","highway":"secondary","name":"","ref":"X418"}},
{"type":"Feature","geometry":{"type":"MultiLineString","coordinates":[[[97.24115,37.33703],[97.24301,37.33695],[97.24507,37.33708],[97.24808,37.33764],[97.26238,37.3428],[97.28016,37.34942],[97.28338,37.35043],[97.28524,37.3506],[97.31789,37.35085],[97.32432,37.35094],[97.32823,37.35097],[97.32842,37.35097],[97.33522,37.351],[97.33542,37.351],[97.34033,37.35103],[97.34032,37.35119],[97.33543,37.35117],[97.33523,37.35117],[97.33199,37.35115],[97.32842,37.35113],[97.32823,37.35113],[97.32432,37.3511],[97.31789,37.35091],[97.28522,37.35068],[97.28336,37.35048],[97.28014,37.34947],[97.26241,37.34287],[97.24806,37.33769],[97.244,37.33705],[97.24158,37.33704],[97.2413,37.33724],[97.24105,37.33752],[97.24098,37.33753]],[[95.35264,37.86637],[95.35259,37.86622],[95.35157,37.86429],[95.34788,37.86146]],[[97.37088,37.3182],[97.36967,37.31833],[97.3655,37.31875],[97.36104,37.31923],[97.35148,37.32025],[97.34937,37.32078],[97.34599,37.32223],[97.34373,37.32423],[97.34247,37.32549],[97.34133,37.32768],[97.34073,37.33155],[97.34068,37.33733],[97.34064,37.34148],[97.3407,37.34524],[97.34064,37.34788],[97.34056,37.35102],[97.34054,37.35119],[97.34051,37.35656],[97.34051,37.35705],[97.34042,37.36176],[97.34033,37.36197],[97.34024,37.36175],[97.34025,37.35927],[97.34027,37.3572],[97.34028,37.35705],[97.34027,37.35656],[97.3403,37.35382],[97.34032,37.35119]],[[97.37087,37.31802],[97.36964,37.31814],[97.36545,37.31856],[97.36102,37.31901],[97.35127,37.32004],[97.3475,37.32122],[97.34425,37.32326],[97.34228,37.32541],[97.34082,37.32836],[97.34048,37.33161],[97.34045,37.33496],[97.34038,37.34255],[97.34036,37.34522],[97.34035,37.34676],[97.3403,37.34878],[97.34033,37.35103]],[[97.38412,37.3736],[97.38411,37.37366],[97.38405,37.37385],[97.38398,37.37366],[97.38398,37.37359]],[[98.20167,37.00039],[98.20184,36.9998],[98.20186,36.9997],[98.20371,36.99561],[98.20465,36.99218],[98.1933,36.9951],[98.18879,36.99588]],[[98.45072,36.94393],[98.44629,36.94291],[98.43715,36.93981],[98.43443,36.93946],[98.43159,36.93953],[98.42381,36.94073],[98.399,36.9446]],[[98.08485,36.30042],[98.0891,36.30089],[98.09185,36.30119],[98.09436,36.30148],[98.09995,36.30208],[98.10524,36.30267],[98.1107,36.30331],[98.11306,36.30359],[98.11547,36.30386]],[[99.0204,37.28298],[99.02599,37.28213],[99.02728,37.28162],[99.02822,37.28046],[99.0289,37.27711],[99.02922,37.27592]],[[99.02914,37.27591],[99.0289,37.27711]],[[98.3978,36.94478],[98.37665,36.94806],[98.37161,36.94773],[98.37119,36.94767],[98.37022,36.94755],[98.36993,36.94751],[98.36759,36.94717],[98.36703,36.9471],[98.36597,36.94697],[98.36568,36.94694],[98.36358,36.94753],[98.36348,36.94758],[98.36267,36.948],[98.36216,36.94828],[98.36052,36.94914],[98.35927,36.9498],[98.35168,36.95381],[98.34901,36.95522],[98.33589,36.96215],[98.33437,36.96297],[98.3272,36.96662],[98.30339,36.97495],[98.30143,36.97566],[98.29739,36.97632],[98.29619,36.97728],[98.2958,36.97791],[98.2946,36.97911],[98.2937,36.97951],[98.27439,36.98327],[98.26533,36.98431],[98.26381,36.98448],[98.26174,36.98471],[98.26023,36.98489],[98.25843,36.98509],[98.25551,36.98542],[98.25266,36.98575],[98.2487,36.9862],[98.24144,36.98704],[98.23086,36.98899],[98.229,36.98924],[98.22884,36.98926],[98.21418,36.99],[98.20465,36.99218]],[[93.34239,38.72308],[93.34198,38.7228],[93.34193,38.7232]],[[94.62595,38.01866],[94.63827,38.02241],[94.63372,38.02195],[94.62616,38.02311]],[[97.3587,37.38239],[97.35809,37.38235],[97.35485,37.3819],[97.35103,37.38046],[97.34915,37.38019],[97.34454,37.37956],[97.34281,37.37877],[97.34157,37.37775],[97.34034,37.37546],[97.34027,37.37074],[97.3403,37.3666],[97.34033,37.36197]],[[97.38405,37.37385],[97.38418,37.37631],[97.38416,37.37732],[97.38374,37.37812],[97.3789,37.38111],[97.3771,37.38331],[97.37572,37.38342],[97.37167,37.38219],[97.36999,37.3819],[97.36846,37.38221],[97.36653,37.38268],[97.36079,37.38247],[97.36009,37.38245],[97.3587,37.38239]]]},"properties":{"roadClass":"regional","highway":"primary","name":"","ref":""}},
{"type":"Feature","geometry":{"type":"MultiLineString","coordinates":[[[97.34033,37.35103],[97.34056,37.35102],[97.34509,37.35096],[97.34549,37.35096],[97.35834,37.35106],[97.36548,37.35106],[97.36646,37.35107],[97.37331,37.35115],[97.37368,37.35116],[97.37494,37.35115]],[[97.34032,37.35119],[97.34054,37.35119],[97.35834,37.35127],[97.37322,37.35133],[97.37368,37.35133],[97.37495,37.35133]]]},"properties":{"roadClass":"regional","highway":"primary","name":"都兰西路","ref":""}},
{"type":"Feature","geometry":{"type":"LineString","coordinates":[[96.08539,37.44978],[96.06126,37.45683],[96.04905,37.46339],[96.03347,37.46852],[96.02291,37.4702],[96.01979,37.47009],[96.00228,37.48264],[96.00128,37.48334],[95.99954,37.48429],[95.99597,37.4844],[95.99186,37.4808],[95.99037,37.48039],[95.95764,37.48581]]},"properties":{"roadClass":"local","highway":"residential","name":"","ref":"G315(旧)"}},
{"type":"Feature","geometry":{"type":"LineString","coordinates":[[97.24115,37.33703],[97.2413,37.33724],[97.24194,37.33746],[97.2445,37.33757],[97.24942,37.33923],[97.26278,37.34384],[97.2705,37.3465],[97.31705,37.36256],[97.31869,37.36312],[97.31921,37.36324],[97.32264,37.36359],[97.32856,37.36297],[97.32875,37.36295],[97.3324,37.3625],[97.3354,37.36213],[97.33561,37.36211],[97.34024,37.36175]]},"properties":{"roadClass":"national","highway":"trunk","name":"西吐线","ref":"G315"}},
{"type":"Feature","geometry":{"type":"MultiLineString","coordinates":[[[97.37615,37.3736],[97.37615,37.37353],[97.3762,37.37165],[97.37622,37.36964],[97.37622,37.36822],[97.37626,37.36548],[97.37629,37.36284],[97.37596,37.35134]],[[97.37606,37.35134],[97.37636,37.36284],[97.37634,37.36549],[97.37631,37.36822],[97.37625,37.37353],[97.37624,37.3736]]]},"properties":{"roadClass":"regional","highway":"primary","name":"长江路","ref":""}},
{"type":"Feature","geometry":{"type":"MultiLineString","coordinates":[[[97.37477,37.30218],[97.38806,37.30196],[97.40022,37.30176]],[[97.40335,37.28935],[97.3904,37.28948],[97.37524,37.28962]]]},"properties":{"roadClass":"local","highway":"tertiary","name":"纬四路","ref":""}},
{"type":"Feature","geometry":{"type":"MultiLineString","coordinates":[[[97.39601,37.31561],[97.38546,37.3167],[97.38128,37.31713],[97.37517,37.31776],[97.37507,37.31776],[97.37088,37.3182]],[[97.37087,37.31802],[97.37512,37.31758],[97.39611,37.31537]]]},"properties":{"roadClass":"regional","highway":"primary","name":"双拥路","ref":""}},
{"type":"Feature","geometry":{"type":"LineString","coordinates":[[97.37299,37.34736],[97.37331,37.35115],[97.37322,37.35133],[97.37194,37.35582],[97.3718,37.35836],[97.3707,37.35981],[97.37024,37.36164],[97.36915,37.36267],[97.36902,37.36515],[97.36879,37.36628],[97.36703,37.36781],[97.36602,37.36865],[97.36508,37.37009],[97.36264,37.37276],[97.36262,37.37283],[97.36215,37.37423],[97.36122,37.37542],[97.35812,37.37739]]},"properties":{"roadClass":"local","highway":"tertiary","name":"滨河西路","ref":""}},
{"type":"Feature","geometry":{"type":"MultiLineString","coordinates":[[[97.38212,37.22415],[97.37591,37.21856],[97.37297,37.21515],[97.3705,37.21139],[97.36885,37.20789],[97.36774,37.20421],[97.36629,37.19709],[97.36248,37.1896],[97.35646,37.17471]],[[97.35568,37.17282],[97.35105,37.16124],[97.35094,37.16096],[97.3493,37.15726],[97.34922,37.15708],[97.34773,37.15441],[97.34762,37.15425],[97.3446,37.15016],[97.34093,37.14638],[97.33823,37.14432],[97.33407,37.14164],[97.32703,37.13842],[97.32363,37.13732],[97.32054,37.13655],[97.3153,37.13571],[97.30928,37.13537],[97.26894,37.13618],[97.26667,37.13557],[97.26551,37.1348],[97.2648,37.13385],[97.26437,37.13253],[97.2649,37.13053],[97.26454,37.13265],[97.26555,37.1347],[97.26717,37.13564],[97.26893,37.13605],[97.27121,37.13611],[97.30517,37.13538],[97.31158,37.13536],[97.31483,37.13558],[97.3178,37.13598],[97.32054,37.13648],[97.32351,37.13721],[97.32915,37.13913],[97.33198,37.14047],[97.33482,37.14198],[97.33915,37.1449],[97.3411,37.14647],[97.34298,37.14821],[97.34617,37.15195],[97.34768,37.15415],[97.3479,37.15444],[97.34928,37.15711],[97.34932,37.15718],[97.35089,37.16043]],[[97.38278,37.22474],[97.38406,37.22619],[97.38521,37.22834],[97.3857,37.23152],[97.37872,37.27038],[97.38073,37.25988],[97.38398,37.24233],[97.38586,37.23149],[97.3853,37.22804],[97.38478,37.22694],[97.38333,37.22512],[97.37603,37.21851],[97.37321,37.21514],[97.37145,37.21269],[97.36861,37.20666],[97.36708,37.19929],[97.36645,37.19674],[97.36255,37.18931],[97.35546,37.17179]]]},"properties":{"roadClass":"national","highway":"trunk","name":"机场公路","ref":""}},
{"type":"Feature","geometry":{"type":"LineString","coordinates":[[97.37564,37.33739],[97.37573,37.33739],[97.39765,37.33749]]},"properties":{"roadClass":"local","highway":"tertiary","name":"纬一路","ref":""}},
{"type":"Feature","geometry":{"type":"LineString","coordinates":[[97.35805,37.33734],[97.35834,37.35106],[97.35834,37.35127],[97.35831,37.35703],[97.35831,37.35711],[97.35831,37.35739],[97.35831,37.35763],[97.35827,37.3626],[97.35824,37.36511],[97.35822,37.36663],[97.3582,37.36873],[97.35817,37.37082],[97.35817,37.37096],[97.35816,37.37194],[97.35812,37.37739],[97.35811,37.37883]]},"properties":{"roadClass":"regional","highway":"secondary","name":"昆仑路","ref":""}},
{"type":"Feature","geometry":{"type":"LineString","coordinates":[[97.35808,37.38605],[97.35809,37.38235],[97.35811,37.37883]]},"properties":{"roadClass":"regional","highway":"secondary","name":"农垦路","ref":""}},
{"type":"Feature","geometry":{"type":"LineString","coordinates":[[97.37602,37.3734],[97.37604,37.37165],[97.37608,37.36964],[97.37608,37.36822],[97.37611,37.36548],[97.37614,37.36283],[97.37583,37.35144]]},"properties":{"roadClass":"local","highway":"unclassified","name":"长江路辅路","ref":""}},
{"type":"Feature","geometry":{"type":"LineString","coordinates":[[97.37606,37.35134],[97.37606,37.35116],[97.37598,37.34917],[97.37587,37.34406],[97.37573,37.33739],[97.37558,37.33202],[97.37543,37.32792],[97.37529,37.32236],[97.37517,37.31776],[97.37512,37.31758],[97.37507,37.31776],[97.37519,37.32236],[97.37534,37.32792],[97.3755,37.33202],[97.37564,37.33739],[97.37579,37.34406],[97.3759,37.34917],[97.37596,37.35116],[97.37596,37.35134]]},"properties":{"roadClass":"national","highway":"trunk","name":"长江路","ref":""}},
{"type":"Feature","geometry":{"type":"LineString","coordinates":[[97.37534,37.32792],[97.37543,37.32792],[97.39162,37.32804]]},"properties":{"roadClass":"local","highway":"tertiary","name":"纬二路","ref":""}},
{"type":"Feature","geometry":{"type":"MultiLineString","coordinates":[[[97.37606,37.35134],[97.37596,37.35134],[97.37495,37.35133]],[[97.37494,37.35115],[97.37596,37.35116],[97.37606,37.35116]]]},"properties":{"roadClass":"regional","highway":"primary","name":"都兰东路","ref":""}},
{"type":"Feature","geometry":{"type":"LineString","coordinates":[[95.12528,36.3385],[95.12444,36.33629],[95.1244,36.3362],[95.12397,36.33505],[95.12156,36.32868],[95.11924,36.3225],[95.1192,36.32241],[95.11726,36.31731],[95.11305,36.30621]]},"properties":{"roadClass":"local","highway":"tertiary","name":"孔雀河路","ref":""}},
{"type":"Feature","geometry":{"type":"MultiLineString","coordinates":[[[97.37512,37.31758],[97.37507,37.31579],[97.37502,37.31431],[97.37477,37.30218],[97.37455,37.29406],[97.37494,37.29112],[97.37524,37.28962],[97.37551,37.28809],[97.37621,37.28425],[97.37714,37.27905],[97.37835,37.2725],[97.37836,37.27241],[97.37857,37.27129],[97.37872,37.27038]],[[97.38212,37.22415],[97.38278,37.22474]]]},"properties":{"roadClass":"national","highway":"trunk","name":"经四路","ref":""}},
{"type":"Feature","geometry":{"type":"LineString","coordinates":[[95.20289,37.525],[95.20416,37.52478],[95.20525,37.52407],[95.20654,37.52443],[95.20808,37.52444],[95.21046,37.52319],[95.2121,37.52277],[95.21331,37.52285],[95.21445,37.52223],[95.21517,37.52134],[95.21601,37.5215],[95.21824,37.52056],[95.22028,37.51797],[95.22255,37.51649],[95.22525,37.516],[95.22706,37.51617],[95.22829,37.51595],[95.22924,37.51537],[95.23019,37.51394],[95.23241,37.51235],[95.24191,37.51181],[95.24577,37.50514],[95.25073,37.4986],[95.25371,37.49314],[95.26172,37.48148],[95.26292,37.47703],[95.26125,37.47339],[95.26047,37.47253],[95.25921,37.47194],[95.25736,37.46306],[95.25711,37.45763],[95.25873,37.45254],[95.25851,37.44718],[95.2593,37.43772],[95.25756,37.43125],[95.25788,37.43025],[95.25874,37.42958],[95.26053,37.42472],[95.26301,37.42139]]},"properties":{"roadClass":"local","highway":"tertiary","name":"红崖景区","ref":""}},
{"type":"Feature","geometry":{"type":"MultiLineString","coordinates":[[[96.72123,37.17179],[96.72861,37.16262],[96.74317,37.14954],[96.78043,37.10488],[96.78178,37.10303],[96.80807,37.05467],[96.81054,37.04343],[96.8064,37.02397],[96.80792,37.01364],[96.80791,37.00347],[96.80829,36.9975],[96.80931,36.99035],[96.81052,36.98497],[96.81824,36.95416],[96.82604,36.94677],[96.83066,36.94386],[96.83536,36.94182],[96.84722,36.93353],[96.85937,36.92855],[96.86212,36.92606],[96.86439,36.92454],[96.87769,36.91655],[96.88261,36.91367],[96.90128,36.90463],[96.90729,36.90267],[96.91035,36.90112],[96.91648,36.90082],[96.9279,36.90504],[96.93064,36.90517],[96.93449,36.90437],[96.9452,36.90081],[96.94799,36.90059],[96.95678,36.89858],[96.96187,36.89641],[96.96338,36.89628],[96.96777,36.89739],[96.96969,36.89816],[96.97342,36.89882],[96.97683,36.89897],[96.97848,36.8987],[96.98475,36.89896],[96.98889,36.90064],[96.99192,36.90126],[96.99492,36.89978],[96.99958,36.90217],[97.00366,36.90592],[97.00782,36.90918],[97.01051,36.91231],[97.01617,36.91677],[97.01691,36.91837],[97.01855,36.92005],[97.01985,36.92225],[97.02113,36.92312],[97.0324,36.92558],[97.03513,36.92667],[97.04097,36.92743],[97.04374,36.92728],[97.0509,36.9258],[97.0604,36.92446],[97.06226,36.92443],[97.06591,36.92509],[97.06838,36.92591],[97.07178,36.9276],[97.07265,36.92754],[97.0754,36.92814],[97.07764,36.92952],[97.07869,36.92984],[97.08041,36.93113],[97.08284,36.93365],[97.0862,36.93838],[97.08921,36.93902],[97.09229,36.94024],[97.10129,36.9489],[97.10243,36.95047],[97.10314,36.95076],[97.10369,36.95178],[97.10731,36.95531],[97.10992,36.95602],[97.11123,36.95592],[97.11563,36.95687],[97.12073,36.9602],[97.12206,36.96073],[97.12654,36.96143],[97.1294,36.96232],[97.13138,36.96261],[97.13765,36.96447],[97.14007,36.96489],[97.14405,36.96635],[97.14786,36.96981],[97.15164,36.97183],[97.15693,36.97325],[97.16007,36.97465],[97.16463,36.97615],[97.16739,36.97663],[97.17643,36.98063],[97.18277,36.98259],[97.18761,36.98303],[97.18833,36.98371],[97.19338,36.98524],[97.19416,36.98583],[97.19801,36.98742],[97.20201,36.98746],[97.20211,36.98931],[97.2008,36.99101],[97.19983,36.99301],[97.19987,36.99528],[97.20213,36.99782],[97.20587,36.99872],[97.20232,37.00023],[97.20093,37.00115],[97.19635,37.00294],[97.19405,37.00601],[97.19283,37.007],[97.19064,37.01585],[97.18977,37.02288],[97.18681,37.02607],[97.18614,37.02895],[97.18465,37.0316],[97.17819,37.0412],[97.17632,37.04577],[97.17589,37.04751],[97.17612,37.04871],[97.17578,37.04933],[97.17278,37.05193],[97.16924,37.05777],[97.16691,37.06043],[97.15882,37.06657],[97.15822,37.06815],[97.15706,37.07455],[97.15888,37.07657],[97.16086,37.07722],[97.16721,37.07824],[97.17274,37.0781],[97.17596,37.07833],[97.18431,37.08005],[97.18643,37.0821],[97.1866,37.08266],[97.18897,37.0836],[97.19154,37.08602],[97.19264,37.08653],[97.1927,37.08732],[97.19352,37.08881],[97.19483,37.08991],[97.19567,37.09119],[97.19692,37.09163],[97.20257,37.09489],[97.21276,37.10013],[97.21835,37.10261],[97.21981,37.10314],[97.22121,37.10321],[97.22282,37.10392],[97.22343,37.10662],[97.22546,37.1107],[97.22583,37.11235],[97.228,37.11464],[97.22997,37.11584],[97.23279,37.11993],[97.23601,37.12076],[97.23896,37.12106],[97.24264,37.12206],[97.24321,37.12282],[97.24237,37.12621],[97.24256,37.12745],[97.24373,37.12795]],[[96.86439,36.92454],[96.86025,36.9226],[96.85778,36.92002],[96.8545,36.91823],[96.85268,36.91684],[96.85148,36.91359],[96.85135,36.91162],[96.85029,36.9101],[96.84746,36.90787],[96.84268,36.90615],[96.8408,36.90497],[96.83949,36.9047],[96.83838,36.90339],[96.83298,36.90002],[96.83045,36.89766],[96.82881,36.89659],[96.82829,36.89449],[96.82744,36.89338],[96.8272,36.89239],[96.82504,36.89058],[96.82446,36.88792],[96.82352,36.88688],[96.82316,36.88578],[96.8197,36.88018],[96.8182,36.87879],[96.81574,36.87741],[96.81387,36.87584],[96.81241,36.87523],[96.81191,36.87459],[96.8098,36.87444],[96.80385,36.87499],[96.80222,36.87546],[96.79688,36.87587],[96.78966,36.87322],[96.78907,36.87337],[96.78484,36.87278],[96.78104,36.87321],[96.77661,36.87163],[96.77508,36.87054],[96.77175,36.87065],[96.77024,36.87105],[96.76524,36.8711],[96.75602,36.86992],[96.75515,36.86921],[96.7545,36.86945],[96.75444,36.86966],[96.75602,36.86992]]]},"properties":{"roadClass":"local","highway":"unclassified","name":"地下雅丹","ref":""}},
{"type":"Feature","geometry":{"type":"MultiLineString","coordinates":[[[97.39916,37.37379],[97.39892,37.37372],[97.39763,37.37294],[97.39752,37.37273],[97.39744,37.37241],[97.39755,37.36837],[97.39768,37.36311]],[[97.39916,37.37372],[97.39773,37.37294],[97.39753,37.37241],[97.3976,37.36981],[97.39764,37.36837],[97.39777,37.36311]]]},"properties":{"roadClass":"national","highway":"trunk","name":"环城东路","ref":"G315"}},
{"type":"Feature","geometry":{"type":"LineString","coordinates":[[97.39916,37.37379],[97.3996,37.37377],[97.39916,37.37372]]},"properties":{"roadClass":"national","highway":"trunk","name":"柴达木东路","ref":"G315"}},
{"type":"Feature","geometry":{"type":"MultiLineString","coordinates":[[[97.39744,37.37241],[97.3974,37.37326],[97.39687,37.37373]],[[97.39753,37.37241],[97.39752,37.37273],[97.39749,37.37328],[97.39711,37.37373],[97.39688,37.37381]]]},"properties":{"roadClass":"regional","highway":"primary","name":"环城东路","ref":""}},
{"type":"Feature","geometry":{"type":"LineString","coordinates":[[99.01968,37.22721],[99.0197,37.22906],[99.02018,37.26552],[99.02019,37.2659],[99.02019,37.26601],[99.02019,37.2663],[99.0204,37.28298]]},"properties":{"roadClass":"local","highway":"tertiary","name":"天火线","ref":""}},
{"type":"Feature","geometry":{"type":"LineString","coordinates":[[98.33098,36.16338],[98.32933,36.16396],[98.32739,36.16382],[98.32566,36.16418],[98.31461,36.16777],[98.31432,36.16833],[98.31484,36.16988],[98.31405,36.17073],[98.31481,36.17141],[98.31412,36.17265],[98.31211,36.17379],[98.30934,36.17448],[98.30613,36.17463],[98.28797,36.17818],[98.28024,36.17867],[98.27621,36.18018],[98.27494,36.17994],[98.27413,36.179],[98.27122,36.17973],[98.26868,36.17893],[98.26498,36.17969],[98.25155,36.18597],[98.2483,36.18688],[98.24563,36.18885],[98.24328,36.18921],[98.2403,36.18878],[98.23765,36.19072],[98.2355,36.19143],[98.23334,36.1916],[98.2323,36.19207],[98.22983,36.19432],[98.22781,36.19493],[98.22668,36.19487],[98.22521,36.19376],[98.21952,36.19372],[98.21729,36.19288],[98.2161,36.19053],[98.21295,36.1883],[98.21181,36.18839],[98.2105,36.18932],[98.20442,36.19201],[98.19734,36.19592],[98.19352,36.1993],[98.19036,36.2013],[98.19017,36.20212],[98.19057,36.20561],[98.19031,36.20645],[98.18923,36.20867],[98.18702,36.21124],[98.1824,36.21444],[98.18034,36.21508],[98.17926,36.21573],[98.1786,36.21705],[98.17769,36.21778],[98.16839,36.2207],[98.16742,36.21932],[98.16557,36.21972],[98.16402,36.21967],[98.15979,36.21977],[98.15578,36.2192],[98.15269,36.2174],[98.15143,36.21727],[98.15097,36.21711],[98.15096,36.21688]]},"properties":{"roadClass":"local","highway":"tertiary","name":"","ref":"X452"}},
{"type":"Feature","geometry":{"type":"LineString","coordinates":[[98.32769,36.4652],[98.32925,36.46647],[98.32942,36.46804],[98.31689,36.5089],[98.31538,36.50999],[98.31193,36.51],[98.31087,36.51028],[98.31015,36.51103],[98.30908,36.51345],[98.30894,36.51536],[98.31044,36.51855],[98.3105,36.51968],[98.3099,36.52077],[98.30651,36.5238],[98.30625,36.52725],[98.30562,36.53019],[98.30596,36.53314],[98.30239,36.5401],[98.30186,36.55329],[98.29763,36.57581],[98.29311,36.58709],[98.29321,36.58853],[98.29411,36.59102],[98.29401,36.59284],[98.29188,36.59764],[98.29079,36.59906],[98.29063,36.59924],[98.27342,36.61094],[98.27264,36.61176],[98.27076,36.61512],[98.2688,36.6169],[98.25838,36.62252],[98.24744,36.62655],[98.24553,36.62672],[98.24418,36.62638],[98.24301,36.62594],[98.24115,36.62527],[98.23858,36.62435],[98.23765,36.62403],[98.23708,36.62382],[98.23553,36.62327],[98.23382,36.62269],[98.23155,36.62243],[98.20394,36.62915],[98.20374,36.6292],[98.19982,36.62939],[98.18212,36.63367],[98.17541,36.63737],[98.15886,36.6553],[98.15722,36.65656],[98.14724,36.66256],[98.14151,36.66493],[98.12961,36.66699],[98.12658,36.66861],[98.12517,36.66896],[98.08406,36.66834],[98.06374,36.66514],[98.06099,36.66434],[98.02702,36.64922],[98.01779,36.64657],[98.00986,36.64477],[98.00371,36.64407],[97.99183,36.64719],[97.98766,36.64933],[97.97851,36.65123],[97.97385,36.65069],[97.96968,36.65096],[97.96656,36.65351],[97.96433,36.65457],[97.96283,36.65723],[97.96176,36.65808],[97.9568,36.65849],[97.94893,36.65803],[97.9415,36.65934],[97.93348,36.65897],[97.9109,36.66275],[97.90254,36.66413],[97.89936,36.66414],[97.87804,36.65972],[97.86717,36.65696],[97.86193,36.65718],[97.86019,36.65786],[97.85958,36.65836],[97.85917,36.65932],[97.85867,36.6618],[97.85857,36.66226],[97.85776,36.6647],[97.85444,36.66601],[97.8486,36.67086],[97.84461,36.67775],[97.84465,36.67935],[97.84558,36.68311],[97.84543,36.68572],[97.84851,36.68867],[97.8491,36.68953],[97.84916,36.69114],[97.84606,36.69631],[97.84346,36.7016],[97.83961,36.70513],[97.83148,36.71171],[97.82525,36.71531],[97.81308,36.72082],[97.78585,36.73127],[97.77461,36.73465],[97.76426,36.7384],[97.76051,36.73937],[97.75333,36.74211],[97.74861,36.74425],[97.73196,36.74988],[97.72703,36.75114],[97.72056,36.75328],[97.71232,36.75678],[97.70671,36.75773],[97.70021,36.75853],[97.69121,36.75846],[97.68367,36.75797],[97.6784,36.75853],[97.67743,36.7592],[97.67706,36.76014],[97.6773,36.76652],[97.67733,36.76764],[97.6774,36.76955],[97.6774,36.77027],[97.67756,36.77297],[97.67587,36.77664],[97.6776,36.78306],[97.6791,36.7872],[97.67952,36.78782],[97.69167,36.79727],[97.69254,36.79824],[97.69455,36.80622],[97.6954,36.80782],[97.69916,36.81251],[97.701,36.81607],[97.70317,36.82818],[97.70393,36.82931],[97.71736,36.83961],[97.71837,36.8413],[97.71872,36.8441],[97.71837,36.84593],[97.70511,36.85965],[97.70479,36.86003],[97.7045,36.86088],[97.70566,36.865],[97.70529,36.86873],[97.70466,36.86956],[97.70156,36.87145],[97.70112,36.87261],[97.70209,36.87619],[97.70196,36.8774],[97.69983,36.88213],[97.69674,36.88657],[97.69593,36.88734],[97.69254,36.88863],[97.69144,36.88946],[97.68896,36.89349],[97.68816,36.89589],[97.68744,36.8968],[97.68294,36.89946],[97.66886,36.90982],[97.66713,36.91276],[97.66279,36.91673],[97.65816,36.92333],[97.65778,36.92447],[97.65886,36.9307],[97.65832,36.93724],[97.65939,36.94035],[97.65989,36.9437],[97.65957,36.94644],[97.66127,36.94875],[97.66138,36.94937],[97.66074,36.9521],[97.66117,36.95364],[97.66116,36.95548],[97.65974,36.96133],[97.65521,36.96608],[97.65497,36.96863],[97.65185,36.97326],[97.65196,36.97621],[97.65009,36.98374],[97.64992,36.98445],[97.64111,37.02038],[97.63488,37.03729],[97.6333,37.04333],[97.63324,37.04352],[97.63318,37.04375],[97.61487,37.1119]]},"properties":{"roadClass":"national","highway":"trunk","name":"","ref":"G347;X409"}},
{"type":"Feature","geometry":{"type":"LineString","coordinates":[[98.15096,36.21688],[98.15092,36.21589],[98.1509,36.21534],[98.15089,36.21523],[98.15085,36.21437]]},"properties":{"roadClass":"regional","highway":"secondary","name":"","ref":"X452"}},
{"type":"Feature","geometry":{"type":"LineString","coordinates":[[99.07869,36.76312],[99.07868,36.76342],[99.07823,36.76435],[99.07805,36.76648],[99.08021,36.78101],[99.07918,36.78463],[99.07916,36.7847],[99.07853,36.78736],[99.07897,36.78915],[99.0794,36.79077]]},"properties":{"roadClass":"local","highway":"tertiary","name":"盐湖路","ref":""}},
{"type":"Feature","geometry":{"type":"MultiLineString","coordinates":[[[98.83851,37.00224],[98.84243,36.99747],[98.84498,36.99602],[98.85008,36.99428],[98.86127,36.99254],[98.86509,36.99198],[98.86938,36.99055],[98.87167,36.99053],[98.87185,36.99056],[98.87354,36.99073],[98.88289,36.98317],[98.88714,36.978],[98.89332,36.97388],[98.89437,36.9727],[98.89653,36.96842],[98.89779,36.96686],[98.89927,36.96578],[98.90159,36.96468],[98.90403,36.96278],[98.90522,36.96033],[98.90491,36.95034],[98.91034,36.92056],[98.91107,36.91624],[98.91099,36.91516],[98.9087,36.91038],[98.90709,36.90568],[98.90389,36.9006],[98.9006,36.89254],[98.90013,36.89045],[98.90013,36.89033],[98.90121,36.88573]],[[99.07441,36.79719],[99.0723,36.79886],[99.07183,36.80185],[99.07177,36.80253],[99.07177,36.80263],[99.07173,36.80308],[99.07149,36.80506],[99.07072,36.80617],[99.06519,36.80995],[99.04949,36.82285],[99.04918,36.82307],[99.04699,36.8242],[99.03631,36.82757],[99.0331,36.82905],[99.02921,36.831],[99.02004,36.83384],[99.01096,36.83818],[99.00542,36.83996],[99.00532,36.83999],[99.00126,36.84134],[98.99692,36.84345],[98.99665,36.84359],[98.99634,36.84375],[98.99151,36.84583],[98.97627,36.85026],[98.96768,36.85414],[98.96042,36.85568],[98.95813,36.85551],[98.95798,36.85548],[98.95492,36.85515],[98.94813,36.85681],[98.93176,36.85782],[98.93156,36.85784],[98.91248,36.85944],[98.90945,36.86046],[98.9077,36.86233],[98.89942,36.87833],[98.8992,36.87993],[98.89948,36.88348]]]},"properties":{"roadClass":"regional","highway":"primary","name":"","ref":"S207"}},
{"type":"Feature","geometry":{"type":"LineString","coordinates":[[99.02988,37.30027],[99.0277,37.30027],[99.02751,37.30027],[99.02445,37.30028],[99.02327,37.30028],[99.02066,37.30025]]},"properties":{"roadClass":"local","highway":"tertiary","name":"新源东路","ref":""}},
{"type":"Feature","geometry":{"type":"LineString","coordinates":[[99.0096,37.30867],[99.0116,37.30586],[99.01268,37.30437],[99.01398,37.30247],[99.01538,37.30041],[99.01553,37.30023]]},"properties":{"roadClass":"regional","highway":"secondary","name":"天阳线","ref":""}},
{"type":"Feature","geometry":{"type":"LineString","coordinates":[[99.35355,36.65027],[99.35522,36.64751],[99.35881,36.63942]]},"properties":{"roadClass":"national","highway":"trunk","name":"贵南 - 乌兰","ref":"G109;G572"}},
{"type":"Feature","geometry":{"type":"LineString","coordinates":[[99.30597,36.70475],[99.30555,36.70513]]},"properties":{"roadClass":"national","highway":"trunk","name":"","ref":"G109;G572"}},
{"type":"Feature","geometry":{"type":"MultiLineString","coordinates":[[[99.30597,36.70475],[99.30657,36.70419],[99.31084,36.70001],[99.31786,36.6854],[99.32619,36.67663],[99.33184,36.6705],[99.33484,36.6671],[99.34348,36.65916],[99.35132,36.65338],[99.35355,36.65027]],[[99.10372,36.78697],[99.12045,36.78431],[99.12347,36.78329],[99.13798,36.77599],[99.17366,36.75809],[99.19936,36.74526],[99.224,36.73285],[99.23445,36.72627],[99.24023,36.72268],[99.27262,36.71059],[99.27429,36.7101],[99.28138,36.70926],[99.30273,36.70672],[99.30431,36.70612],[99.30555,36.70513]]]},"properties":{"roadClass":"national","highway":"trunk","name":"北京 - 拉萨","ref":"G109;G572"}},
{"type":"Feature","geometry":{"type":"MultiLineString","coordinates":[[[99.36965,36.65198],[99.36691,36.65169],[99.36034,36.65166],[99.35923,36.65144],[99.35805,36.65072],[99.35774,36.6505],[99.35739,36.65026],[99.35721,36.65014],[99.35545,36.64949],[99.35436,36.64969],[99.35355,36.65027]],[[99.42782,36.67439],[99.39173,36.65793]]]},"properties":{"roadClass":"national","highway":"trunk","name":"倒湖茶公路","ref":"GZ25"}},
{"type":"Feature","geometry":{"type":"LineString","coordinates":[[97.6774,36.77027],[97.67442,36.76842],[97.67449,36.76791],[97.67477,36.76733],[97.67526,36.767],[97.67679,36.76712],[97.6773,36.76652]]},"properties":{"roadClass":"local","highway":"unclassified","name":"","ref":"X409"}},
{"type":"Feature","geometry":{"type":"LineString","coordinates":[[99.02049,37.28813],[99.02056,37.29218],[99.02056,37.29432],[99.02056,37.29437],[99.02063,37.29758]]},"properties":{"roadClass":"local","highway":"tertiary","name":"迎宾路","ref":""}},
{"type":"Feature","geometry":{"type":"MultiLineString","coordinates":[[[97.74534,36.02797],[97.752,36.03114],[97.75451,36.03175],[97.75896,36.03228],[97.76375,36.03416],[97.76601,36.03436],[97.7704,36.03414],[97.77853,36.0355],[97.78183,36.03549],[97.78608,36.0346],[97.78851,36.03357],[97.79374,36.0306],[97.79844,36.02873],[97.80261,36.0277]],[[97.79581,36.02978],[97.79381,36.03068],[97.78857,36.03365],[97.78612,36.03469],[97.78289,36.03547],[97.77851,36.0356],[97.77038,36.03424],[97.76602,36.03445],[97.76373,36.03424],[97.75891,36.03238],[97.75449,36.03185],[97.75279,36.0315],[97.74999,36.0304],[97.74118,36.02608]]]},"properties":{"roadClass":"national","highway":"motorway","name":"京藏高速","ref":"G6;G0615"}},
{"type":"Feature","geometry":{"type":"LineString","coordinates":[[98.48303,36.92939],[98.48876,36.92948],[98.49378,36.92901]]},"properties":{"roadClass":"local","highway":"tertiary","name":"东小街","ref":""}},
{"type":"Feature","geometry":{"type":"LineString","coordinates":[[98.47593,36.92936],[98.46881,36.92924]]},"properties":{"roadClass":"local","highway":"tertiary","name":"西大街","ref":""}},
{"type":"Feature","geometry":{"type":"LineString","coordinates":[[98.47612,36.94467],[98.47609,36.94197],[98.47607,36.94014],[98.47606,36.93871],[98.47604,36.93695],[98.47602,36.93501],[98.47591,36.93333],[98.47593,36.92936]]},"properties":{"roadClass":"local","highway":"tertiary","name":"车站路","ref":""}},
{"type":"Feature","geometry":{"type":"LineString","coordinates":[[98.4834,36.92213],[98.48364,36.92374],[98.48327,36.92518],[98.48303,36.92939]]},"properties":{"roadClass":"local","highway":"tertiary","name":"农林路","ref":""}},
{"type":"Feature","geometry":{"type":"LineString","coordinates":[[98.4826,36.94487],[98.48266,36.94199],[98.48271,36.94017],[98.48275,36.93881],[98.4828,36.93703],[98.48286,36.93511],[98.4829,36.93313],[98.48303,36.92939]]},"properties":{"roadClass":"local","highway":"tertiary","name":"解放路","ref":""}},
{"type":"Feature","geometry":{"type":"LineString","coordinates":[[98.99884,37.31558],[98.98894,37.32172],[98.98873,37.32185],[98.95412,37.34338],[98.94398,37.34722],[98.93137,37.35071],[98.91172,37.35249],[98.89807,37.35307],[98.88756,37.35075],[98.88279,37.35092],[98.8477,37.36111],[98.84233,37.36361],[98.84059,37.36458],[98.84016,37.36563],[98.84199,37.37012],[98.84251,37.37137],[98.84322,37.37301],[98.84393,37.3746],[98.84422,37.3753],[98.84462,37.37623],[98.8467,37.38178],[98.8441,37.38963],[98.84298,37.3906],[98.83971,37.39124],[98.83844,37.39191],[98.83431,37.39571],[98.83233,37.40028],[98.82689,37.40571],[98.82477,37.40861],[98.81975,37.41799],[98.81452,37.4248],[98.80885,37.43514],[98.80054,37.44294],[98.79711,37.4454],[98.79145,37.45048],[98.78822,37.4544],[98.78296,37.4572],[98.7784,37.46094],[98.76242,37.4714],[98.7603,37.47305],[98.7593,37.47522],[98.75229,37.48147],[98.74907,37.48375],[98.74427,37.48625],[98.73981,37.48988],[98.73689,37.49284],[98.72031,37.50465],[98.71103,37.51411],[98.70684,37.51837],[98.70316,37.52375],[98.696,37.52911],[98.69544,37.53034],[98.688,37.53831],[98.68737,37.54043],[98.68481,37.53997],[98.68467,37.54137],[98.67761,37.54682],[98.67751,37.54689],[98.671,37.55198],[98.66671,37.56453],[98.66423,37.56991],[98.66359,37.57107],[98.65644,37.57962],[98.65557,37.5827],[98.65625,37.58413],[98.65742,37.5854],[98.65749,37.58549],[98.65943,37.58763],[98.65994,37.58872],[98.66105,37.59461],[98.65987,37.59711],[98.66095,37.60005],[98.66206,37.60081],[98.66302,37.60104],[98.66935,37.60037],[98.67252,37.60092],[98.67343,37.60178],[98.67397,37.60618],[98.67551,37.60928],[98.67551,37.60965],[98.67406,37.61213],[98.66865,37.61514],[98.66403,37.62041],[98.65761,37.62334],[98.64959,37.62989],[98.63488,37.63802],[98.6324,37.63868],[98.62517,37.63953],[98.62087,37.64239],[98.61719,37.65014],[98.61643,37.65599],[98.62056,37.66493],[98.62062,37.66658],[98.6216,37.66924],[98.62645,37.674],[98.63264,37.6778],[98.63745,37.68056],[98.64417,37.68135],[98.64713,37.68047],[98.65215,37.67827],[98.6554,37.67752],[98.65995,37.67729],[98.66375,37.67752],[98.66635,37.67845],[98.6685,37.67861],[98.67332,37.67704],[98.67635,37.67638],[98.68012,37.67667],[98.68615,37.68021],[98.69092,37.68191],[98.69228,37.68302],[98.69279,37.68601],[98.69493,37.68855],[98.69929,37.69097],[98.70491,37.69285],[98.70741,37.69443],[98.71256,37.69979],[98.71469,37.70326],[98.71607,37.70629],[98.71914,37.71038],[98.72619,37.7156],[98.72955,37.71773],[98.73153,37.71862],[98.73529,37.72199],[98.73591,37.72335],[98.73869,37.73461],[98.73861,37.74296],[98.73774,37.749],[98.74067,37.75521],[98.7442,37.75872],[98.74459,37.75926],[98.74639,37.762],[98.74743,37.76286],[98.75284,37.76471],[98.75455,37.76566],[98.75943,37.76718],[98.76367,37.76986],[98.76958,37.77739],[98.77502,37.786],[98.77705,37.78757],[98.7794,37.79088],[98.7801,37.79305],[98.78137,37.79519],[98.78322,37.80188],[98.78222,37.80639],[98.7784,37.81346],[98.7784,37.81411],[98.77936,37.81564],[98.77951,37.81585],[98.78263,37.82027],[98.78235,37.82311],[98.78366,37.82678],[98.78515,37.82851],[98.79058,37.83264],[98.79346,37.83392],[98.79459,37.83474],[98.79547,37.83706],[98.79535,37.83836],[98.79597,37.84],[98.80449,37.84848],[98.806,37.8529],[98.8078,37.85575],[98.81157,37.85887],[98.81511,37.86338],[98.81655,37.86443],[98.81742,37.86577],[98.81986,37.86821],[98.82039,37.86926],[98.82031,37.8717],[98.82186,37.87511],[98.82352,37.87814],[98.82466,37.88057],[98.82292,37.88641],[98.82451,37.89107],[98.82344,37.89746],[98.82413,37.90009],[98.82086,37.90638],[98.81608,37.91029],[98.81597,37.91243],[98.81645,37.91339],[98.82031,37.91738],[98.82058,37.91808],[98.82369,37.93305],[98.82515,37.9354],[98.83029,37.93944],[98.83101,37.94052],[98.83285,37.94567],[98.83324,37.94851],[98.8333,37.95405],[98.8378,37.9618],[98.84061,37.96646],[98.85227,37.97441],[98.85345,37.9748],[98.8572,37.97467],[98.85796,37.97506],[98.85894,37.97631],[98.85902,37.97803],[98.85624,37.98415],[98.85382,37.99103],[98.85424,37.99191],[98.85447,37.99211],[98.85949,37.99645],[98.86129,38.00176],[98.86328,38.00514],[98.87012,38.01109],[98.87535,38.01449],[98.87836,38.0157],[98.883,38.01703],[98.89106,38.02218],[98.89452,38.0252],[98.89974,38.02732],[98.90108,38.02732],[98.90119,38.02728],[98.90487,38.0264],[98.90897,38.02707],[98.91184,38.02656],[98.91652,38.02643],[98.92848,38.0275],[98.93008,38.02799],[98.93367,38.02835],[98.93599,38.02942],[98.93882,38.03145],[98.94449,38.03345],[98.95224,38.03726],[98.95679,38.04066],[98.95793,38.04203],[98.96447,38.04604],[98.9683,38.04894],[98.97439,38.05101],[98.97684,38.05103],[98.97844,38.05216],[98.98116,38.05288],[98.98306,38.05422],[98.98754,38.05578],[98.99055,38.05724],[98.99305,38.05719],[98.99658,38.0586],[98.99962,38.05932],[99.00194,38.06058],[99.00804,38.063],[99.0118,38.06276],[99.01603,38.06119],[99.01827,38.06098],[99.0239,38.06203],[99.02945,38.06241],[99.03661,38.06232],[99.0367,38.06232],[99.04074,38.0636],[99.04234,38.06453],[99.04559,38.06518],[99.04904,38.06657],[99.05397,38.06777],[99.057,38.06955],[99.06032,38.07051],[99.06438,38.07126],[99.06475,38.07167],[99.06481,38.07309],[99.06599,38.07146],[99.06595,38.07273],[99.06638,38.07315],[99.07039,38.07536],[99.07193,38.07707],[99.07168,38.07999],[99.07001,38.08451],[99.07035,38.08558],[99.07222,38.08456],[99.07276,38.08462],[99.07246,38.08722],[99.07269,38.08896],[99.08768,38.10189],[99.10315,38.11296],[99.10638,38.11383],[99.11135,38.11382],[99.11528,38.11381],[99.11706,38.11504],[99.11888,38.11716],[99.11944,38.11866],[99.11919,38.12226],[99.11917,38.12256],[99.11905,38.12513],[99.11878,38.1313],[99.12081,38.13926],[99.12226,38.14042],[99.12806,38.14301],[99.12985,38.14342],[99.14543,38.14188],[99.15221,38.14406],[99.16054,38.14359],[99.16073,38.14362],[99.16654,38.14458],[99.16803,38.1445],[99.17314,38.14402],[99.17668,38.14369],[99.17945,38.14414],[99.18168,38.1434],[99.18514,38.14336],[99.18502,38.14902],[99.18686,38.14912],[99.19613,38.14819],[99.20307,38.14684],[99.20321,38.14702],[99.20325,38.14719],[99.20355,38.14747],[99.22779,38.14502],[99.24805,38.14327],[99.27252,38.14064],[99.27638,38.13976],[99.27734,38.13912],[99.27945,38.13883],[99.27972,38.13766],[99.28584,38.13631],[99.30835,38.12541],[99.33095,38.1195],[99.35736,38.11309],[99.37176,38.11254],[99.3891,38.11217],[99.39318,38.11231],[99.39722,38.11176],[99.39951,38.11103],[99.4001,38.11166],[99.4004,38.11156],[99.4007,38.11128],[99.40062,38.11067],[99.41028,38.1075],[99.41491,38.10717],[99.42498,38.10764],[99.42475,38.10689],[99.42363,38.10569],[99.4237,38.10393],[99.4228,38.10181],[99.42116,38.09948],[99.42139,38.09854],[99.42077,38.09552],[99.41796,38.09262],[99.41884,38.09122],[99.42045,38.08999],[99.41935,38.08841],[99.42038,38.08593],[99.4199,38.08451],[99.41948,38.08024],[99.41889,38.07939],[99.41633,38.07814],[99.41424,38.07656],[99.41362,38.07591],[99.41305,38.07422],[99.41293,38.07382],[99.41158,38.07221],[99.41242,38.07089],[99.41384,38.07],[99.41464,38.06889],[99.41569,38.06414],[99.42592,38.05921],[99.42807,38.05585],[99.43176,38.05156],[99.43366,38.04879],[99.43487,38.04526],[99.44436,38.03932],[99.44928,38.0347],[99.45704,38.02932],[99.46596,38.02653],[99.46739,38.02948],[99.4711,38.03499],[99.47762,38.03476],[99.47993,38.03382],[99.48139,38.03286],[99.4834,38.02969],[99.48616,38.02917]]},"properties":{"roadClass":"national","highway":"trunk","name":"海兴 - 天峻","ref":"G338"}},
{"type":"Feature","geometry":{"type":"LineString","coordinates":[[98.08874,36.30462],[98.0891,36.30089],[98.08954,36.29757],[98.08985,36.29481]]},"properties":{"roadClass":"local","highway":"tertiary","name":"商业街","ref":""}},
{"type":"Feature","geometry":{"type":"LineString","coordinates":[[98.08424,36.30525],[98.08904,36.30627],[98.0942,36.30736],[98.09974,36.30769],[98.10517,36.30831],[98.11298,36.30857]]},"properties":{"roadClass":"local","highway":"tertiary","name":"民主路","ref":""}},
{"type":"Feature","geometry":{"type":"LineString","coordinates":[[98.47593,36.92936],[98.47903,36.92937],[98.48045,36.92938],[98.48303,36.92939]]},"properties":{"roadClass":"local","highway":"tertiary","name":"东大街","ref":""}},
{"type":"Feature","geometry":{"type":"LineString","coordinates":[[98.47593,36.92936],[98.47594,36.92704],[98.47594,36.92544],[98.47594,36.92259],[98.47596,36.92045],[98.47572,36.91775]]},"properties":{"roadClass":"local","highway":"tertiary","name":"幸福路","ref":""}},
{"type":"Feature","geometry":{"type":"LineString","coordinates":[[99.02066,37.30025],[99.01553,37.30023],[99.01173,37.30025],[99.00873,37.30026],[99.006,37.29965],[99.00588,37.29962]]},"properties":{"roadClass":"local","highway":"tertiary","name":"新源西路","ref":""}},
{"type":"Feature","geometry":{"type":"LineString","coordinates":[[99.02066,37.30025],[99.02075,37.30247],[99.02082,37.30409],[99.02088,37.30553],[99.02091,37.30641],[99.02123,37.30912],[99.0228,37.31118],[99.02661,37.31489],[99.03233,37.32043]]},"properties":{"roadClass":"local","highway":"tertiary","name":"新源北路","ref":""}},
{"type":"Feature","geometry":{"type":"LineString","coordinates":[[99.02066,37.30025],[99.02063,37.29758]]},"properties":{"roadClass":"local","highway":"tertiary","name":"新源南路","ref":""}},
{"type":"Feature","geometry":{"type":"LineString","coordinates":[[99.02063,37.29758],[99.0233,37.29726],[99.02519,37.29703],[99.02767,37.29673],[99.02782,37.29671],[99.03117,37.29629],[99.0333,37.29545],[99.0375,37.29241],[99.04348,37.28798]]},"properties":{"roadClass":"regional","highway":"primary","name":"天棚路","ref":""}},
{"type":"Feature","geometry":{"type":"LineString","coordinates":[[99.0099,37.2936],[99.01231,37.29571],[99.01386,37.29709],[99.01525,37.29818],[99.01843,37.29783],[99.02063,37.29758]]},"properties":{"roadClass":"regional","highway":"primary","name":"角关路","ref":""}},
{"type":"Feature","geometry":{"type":"MultiLineString","coordinates":[[[99.02049,37.28803],[99.02755,37.288],[99.02768,37.28799],[99.03286,37.28795],[99.03617,37.28793],[99.04361,37.28788]],[[99.04348,37.28798],[99.03617,37.28802],[99.03286,37.28805],[99.02769,37.28809],[99.02756,37.28809],[99.02049,37.28813]]]},"properties":{"roadClass":"national","highway":"trunk","name":"天木东路","ref":"G315"}},
{"type":"Feature","geometry":{"type":"LineString","coordinates":[[98.9077,36.86233],[98.90558,36.86018],[98.90466,36.85774],[98.90526,36.84935],[98.90847,36.84185],[98.90872,36.83642],[98.9088,36.83394],[98.90892,36.83069],[98.91075,36.8216],[98.91132,36.82135],[98.9132,36.82163],[98.91507,36.82038],[98.91837,36.80442],[98.91976,36.80038],[98.92045,36.78677],[98.92002,36.78636],[98.91974,36.78619],[98.9194,36.78557],[98.92109,36.78388],[98.92065,36.78005],[98.92133,36.77563],[98.92208,36.76533],[98.92209,36.76525],[98.92216,36.7643]]},"properties":{"roadClass":"regional","highway":"secondary","name":"","ref":"Y402"}},
{"type":"Feature","geometry":{"type":"LineString","coordinates":[[98.11539,36.2978],[98.10532,36.29772],[98.10002,36.29767],[98.09748,36.29765],[98.09447,36.29764],[98.09193,36.2976],[98.08954,36.29757],[98.08556,36.29751]]},"properties":{"roadClass":"local","highway":"tertiary","name":"和平街","ref":""}},
{"type":"Feature","geometry":{"type":"LineString","coordinates":[[98.09948,36.32291],[98.09956,36.31883],[98.09963,36.31365],[98.09963,36.31353],[98.09974,36.30769],[98.09995,36.30208],[98.10002,36.29767],[98.09995,36.2955],[98.09994,36.2951],[98.10011,36.28321]]},"properties":{"roadClass":"local","highway":"tertiary","name":"青年路","ref":""}},
{"type":"Feature","geometry":{"type":"LineString","coordinates":[[98.09455,36.29495],[98.09994,36.2951],[98.10112,36.29513],[98.10536,36.29526],[98.11531,36.29555]]},"properties":{"roadClass":"local","highway":"tertiary","name":"振兴路","ref":""}},
{"type":"Feature","geometry":{"type":"LineString","coordinates":[[98.09301,36.28488],[98.0941,36.29051],[98.09427,36.29136],[98.09455,36.29495],[98.09447,36.29764],[98.09436,36.30148],[98.0942,36.30736],[98.09407,36.31206],[98.09405,36.31322]]},"properties":{"roadClass":"regional","highway":"secondary","name":"希望街","ref":""}},
{"type":"Feature","geometry":{"type":"LineString","coordinates":[[99.0204,37.28298],[99.02049,37.28803],[99.02049,37.28813]]},"properties":{"roadClass":"national","highway":"trunk","name":"天火线","ref":""}},
{"type":"Feature","geometry":{"type":"MultiLineString","coordinates":[[[99.07015,36.79338],[99.07251,36.7949],[99.07336,36.79527],[99.07441,36.79546],[99.07562,36.79543],[99.07741,36.79511],[99.07841,36.79493],[99.07923,36.79478],[99.08043,36.79457],[99.0851,36.79373],[99.09074,36.79272],[99.09408,36.79212],[99.0978,36.79146],[99.1014,36.79081],[99.10438,36.79028],[99.10446,36.79027]],[[99.0702,36.79333],[99.07303,36.79509],[99.07419,36.79537],[99.0756,36.79537],[99.07584,36.79532],[99.07739,36.79505],[99.07839,36.79487],[99.07921,36.79472],[99.08041,36.79451],[99.08507,36.79367],[99.09072,36.79266],[99.10139,36.79075],[99.10437,36.79022],[99.10445,36.7902]]]},"properties":{"roadClass":"regional","highway":"secondary","name":"巴音大街","ref":""}},
{"type":"Feature","geometry":{"type":"LineString","coordinates":[[99.07335,36.79172],[99.07492,36.79147],[99.07639,36.79124],[99.0794,36.79077],[99.08189,36.79038],[99.0896,36.78918],[99.10063,36.78746],[99.10364,36.78698],[99.10372,36.78697]]},"properties":{"roadClass":"national","highway":"trunk","name":"中兴大街","ref":"G109;G572"}},
{"type":"Feature","geometry":{"type":"LineString","coordinates":[[99.0896,36.78918],[99.09072,36.79266],[99.09074,36.79272],[99.0911,36.79383],[99.09151,36.79509],[99.09153,36.79515],[99.09197,36.79653],[99.09234,36.79766]]},"properties":{"roadClass":"local","highway":"tertiary","name":"赛汗路","ref":""}},
{"type":"Feature","geometry":{"type":"MultiLineString","coordinates":[[[99.0534,36.81781],[99.05112,36.81995],[99.049,36.82125]],[[99.04905,36.82133],[99.05119,36.82002],[99.0535,36.81786]]]},"properties":{"roadClass":"national","highway":"motorway","name":"察茶高速","ref":"S63"}},
{"type":"Feature","geometry":{"type":"LineString","coordinates":[[98.89948,36.88348],[98.89977,36.88393],[98.89986,36.88402],[98.90121,36.88573]]},"properties":{"roadClass":"regional","highway":"primary","name":"S207","ref":""}},
{"type":"Feature","geometry":{"type":"LineString","coordinates":[[98.3978,36.94478],[98.399,36.9446]]},"properties":{"roadClass":"regional","highway":"primary","name":"赛什克大桥","ref":""}},
{"type":"Feature","geometry":{"type":"MultiLineString","coordinates":[[[99.02049,37.28803],[99.01841,37.28807],[99.01694,37.28847],[99.00984,37.29354]],[[99.0099,37.2936],[99.01697,37.28859],[99.01842,37.28817],[99.02049,37.28813]]]},"properties":{"roadClass":"national","highway":"trunk","name":"天木中路","ref":"G315"}},
{"type":"Feature","geometry":{"type":"LineString","coordinates":[[99.00984,37.29354],[99.00809,37.29488],[99.00717,37.29641],[99.00588,37.29962],[99.00484,37.30214],[99.00418,37.30376],[99.00304,37.30656],[98.99983,37.31437],[98.99884,37.31558],[98.99993,37.31444],[99.00317,37.30659],[99.00432,37.3038],[99.00497,37.30218],[99.006,37.29965],[99.00727,37.29644],[99.00818,37.29493],[99.0099,37.2936]]},"properties":{"roadClass":"national","highway":"trunk","name":"天木西路","ref":"G338"}},
{"type":"Feature","geometry":{"type":"LineString","coordinates":[[90.87392,38.2595],[90.87301,38.25901],[90.87207,38.25851],[90.87168,38.2583],[90.87099,38.25793],[90.86797,38.25632],[90.86388,38.25416],[90.86224,38.25329],[90.85924,38.25168],[90.85911,38.25161],[90.85694,38.25045],[90.85339,38.24855],[90.8527,38.24818],[90.85113,38.24734],[90.84804,38.24571],[90.84439,38.24377],[90.83881,38.24081]]},"properties":{"roadClass":"regional","highway":"secondary","name":"创业路","ref":""}},
{"type":"Feature","geometry":{"type":"LineString","coordinates":[[90.30747,38.25476],[90.30813,38.25478],[90.30912,38.2548],[90.31042,38.25483],[90.31122,38.25485],[90.31436,38.25494],[90.31577,38.25497]]},"properties":{"roadClass":"local","highway":"residential","name":"自强路","ref":""}},
{"type":"Feature","geometry":{"type":"LineString","coordinates":[[90.88022,38.26037],[90.87772,38.25904],[90.8767,38.2585],[90.87629,38.25828],[90.87538,38.25779],[90.87482,38.25749],[90.87246,38.25622],[90.86945,38.25462],[90.86934,38.25457],[90.86767,38.25367],[90.86536,38.25243],[90.86373,38.25156],[90.8607,38.24994],[90.85841,38.24867],[90.85422,38.24642],[90.84957,38.24392],[90.84592,38.24196],[90.84002,38.23879]]},"properties":{"roadClass":"local","highway":"tertiary","name":"民族路","ref":""}},
{"type":"Feature","geometry":{"type":"MultiLineString","coordinates":[[[90.88363,38.24832],[90.88136,38.24757],[90.87624,38.24683],[90.87218,38.24631]],[[90.87226,38.24625],[90.87627,38.24678],[90.88139,38.24749],[90.88368,38.24827]]]},"properties":{"roadClass":"regional","highway":"secondary","name":"盐湖路","ref":""}},
{"type":"Feature","geometry":{"type":"LineString","coordinates":[[90.16651,38.37106],[90.16814,38.37042],[90.16946,38.37101],[90.16969,38.37111],[90.17026,38.37136]]},"properties":{"roadClass":"regional","highway":"secondary","name":"","ref":"G315(旧)"}},
{"type":"Feature","geometry":{"type":"MultiLineString","coordinates":[[[90.15344,38.34785],[90.16159,38.3454]],[[90.32225,38.25668],[90.3172,38.25656]]]},"properties":{"roadClass":"local","highway":"unclassified","name":"棉城路","ref":""}},
{"type":"Feature","geometry":{"type":"LineString","coordinates":[[90.16159,38.3454],[90.22828,38.30852],[90.27781,38.28248],[90.30742,38.25685],[90.30906,38.25635],[90.30972,38.25636],[90.31039,38.25639],[90.31118,38.25641],[90.313,38.25646],[90.31434,38.2565],[90.31571,38.25653],[90.3172,38.25656]]},"properties":{"roadClass":"local","highway":"tertiary","name":"棉城路","ref":""}},
{"type":"Feature","geometry":{"type":"MultiLineString","coordinates":[[[91.9227,38.08833],[91.91996,38.08986],[91.91798,38.09224],[91.91466,38.09705],[91.91431,38.09832],[91.91451,38.09961],[91.91529,38.10095],[91.92575,38.11363],[91.92783,38.11567],[91.93022,38.11738],[91.93335,38.11908],[91.98155,38.13799],[91.98519,38.14],[91.98788,38.14262],[92.02079,38.18354],[92.02217,38.18443],[92.02339,38.18476],[92.02801,38.18473],[92.02975,38.1853],[92.04037,38.19745],[92.05333,38.20323],[92.0562,38.20494],[92.06212,38.20777],[92.06538,38.21105],[92.0667,38.21155],[92.07016,38.21207],[92.07168,38.21283],[92.07498,38.21659],[92.07814,38.22292],[92.08147,38.23016],[92.08341,38.23252],[92.08502,38.23363],[92.08763,38.23486],[92.27958,38.3153],[92.45463,38.38777],[92.60215,38.44828],[92.68321,38.48044],[92.74494,38.50581],[92.74897,38.50662],[92.75281,38.50686],[92.95433,38.51036],[92.96061,38.51102],[92.96456,38.51221],[93.0532,38.55648],[93.15939,38.6088],[93.21296,38.63608],[93.26054,38.65963],[93.3102,38.6842],[93.31411,38.68649],[93.3175,38.68893],[93.33595,38.70555],[93.33792,38.7078],[93.33906,38.71065],[93.34198,38.7228]],[[91.91536,38.08694],[91.91727,38.08797],[91.91807,38.08894],[91.91846,38.09104],[91.91798,38.09224]]]},"properties":{"roadClass":"regional","highway":"primary","name":"","ref":"S305"}},
{"type":"Feature","geometry":{"type":"LineString","coordinates":[[90.85554,38.24491],[90.85967,38.24713],[90.862,38.24838],[90.86509,38.25],[90.86664,38.25086],[90.87071,38.25306],[90.87669,38.2563],[90.87902,38.25756],[90.88512,38.26085]]},"properties":{"roadClass":"local","highway":"unclassified","name":"昆仑路","ref":""}},
{"type":"Feature","geometry":{"type":"LineString","coordinates":[[90.86142,38.24493],[90.85967,38.24713],[90.85841,38.24867],[90.85694,38.25045],[90.85467,38.25324],[90.85368,38.25445],[90.85335,38.25482],[90.85188,38.25665],[90.85079,38.25802]]},"properties":{"roadClass":"regional","highway":"secondary","name":"团结路","ref":""}},
{"type":"Feature","geometry":{"type":"LineString","coordinates":[[90.86979,38.24726],[90.86664,38.25086],[90.86536,38.25243],[90.86508,38.25276],[90.86463,38.25328],[90.8642,38.25378],[90.86388,38.25416]]},"properties":{"roadClass":"regional","highway":"secondary","name":"油龙路","ref":""}},
{"type":"Feature","geometry":{"type":"MultiLineString","coordinates":[[[90.87218,38.24631],[90.86934,38.24596],[90.86855,38.24586],[90.86728,38.2457],[90.86142,38.24493],[90.85608,38.24421],[90.85147,38.2417],[90.84782,38.23974],[90.84149,38.23641]],[[90.84154,38.23635],[90.84789,38.23965],[90.85154,38.24161],[90.85612,38.24411],[90.8673,38.2456],[90.87226,38.24625]]]},"properties":{"roadClass":"regional","highway":"secondary","name":"环南路","ref":""}},
{"type":"Feature","geometry":{"type":"MultiLineString","coordinates":[[[90.13185,38.40195],[90.13158,38.40233],[90.13029,38.40489],[90.1296,38.40878],[90.13047,38.41445],[90.131,38.41986],[90.13084,38.42176],[90.13064,38.42354],[90.13062,38.42715],[90.13098,38.43016],[90.13232,38.43392],[90.13571,38.4394],[90.13683,38.44137],[90.13809,38.44487],[90.13846,38.44699],[90.13859,38.45036],[90.13839,38.45213],[90.13693,38.45682],[90.13397,38.4616],[90.13324,38.46269],[90.12659,38.47335],[90.12578,38.47515],[90.12508,38.47707],[90.12266,38.48881]],[[90.13259,38.40224],[90.13062,38.40528],[90.12977,38.40881],[90.13073,38.41429],[90.13118,38.41799],[90.13115,38.42158],[90.13106,38.42316],[90.13115,38.42718],[90.13155,38.43012],[90.13273,38.43376],[90.13589,38.43936],[90.13749,38.4426],[90.13824,38.44493],[90.13859,38.44697],[90.13873,38.45037],[90.13852,38.45215],[90.13706,38.45686],[90.13412,38.46166],[90.13339,38.46276],[90.12673,38.47336],[90.12592,38.47518],[90.12522,38.47714],[90.12286,38.48894]],[[90.16786,38.37361],[90.16928,38.37163],[90.16969,38.37111],[90.17014,38.37054],[90.17293,38.36807],[90.19541,38.35522],[90.20104,38.35209],[90.20783,38.34937],[90.20831,38.34921],[90.20964,38.34884]],[[90.16773,38.37333],[90.16905,38.37151],[90.16946,38.37101],[90.16994,38.37042],[90.17286,38.36793],[90.19532,38.35515],[90.20105,38.35199],[90.20778,38.34926],[90.20827,38.34911],[90.2096,38.34873]]]},"properties":{"roadClass":"national","highway":"motorway","name":"依若高速","ref":"G0612"}},
{"type":"Feature","geometry":{"type":"LineString","coordinates":[[90.83199,38.2518],[90.83654,38.25293],[90.8409,38.25399],[90.85188,38.25665],[90.86223,38.2592]]},"properties":{"roadClass":"local","highway":"tertiary","name":"金山路","ref":""}},
{"type":"Feature","geometry":{"type":"LineString","coordinates":[[90.88878,38.25101],[90.88946,38.25028],[90.89267,38.25206]]},"properties":{"roadClass":"local","highway":"unclassified","name":"瀚海路","ref":""}},
{"type":"Feature","geometry":{"type":"LineString","coordinates":[[90.88355,38.26466],[90.88297,38.26432],[90.87625,38.26076],[90.87523,38.26021],[90.87392,38.2595]]},"properties":{"roadClass":"local","highway":"tertiary","name":"创业路","ref":""}},
{"type":"Feature","geometry":{"type":"LineString","coordinates":[[90.87006,38.23574],[90.86251,38.23433],[90.85435,38.23257],[90.85104,38.2362],[90.84789,38.23965],[90.84782,38.23974],[90.84592,38.24196],[90.84439,38.24377],[90.83654,38.25293]]},"properties":{"roadClass":"local","highway":"tertiary","name":"环西路","ref":""}},
{"type":"Feature","geometry":{"type":"LineString","coordinates":[[90.80706,38.25219],[90.80922,38.25434],[90.81279,38.25797],[90.8129,38.25808],[90.8167,38.26193]]},"properties":{"roadClass":"regional","highway":"secondary","name":"建国路","ref":""}},
{"type":"Feature","geometry":{"type":"LineString","coordinates":[[90.85154,38.24161],[90.85147,38.2417],[90.84957,38.24392],[90.84804,38.24571],[90.8409,38.25399]]},"properties":{"roadClass":"local","highway":"unclassified","name":"光明路","ref":""}},
{"type":"Feature","geometry":{"type":"LineString","coordinates":[[90.86388,38.25416],[90.86204,38.25648],[90.86198,38.25745],[90.86292,38.25853],[90.86809,38.26126],[90.87127,38.26276],[90.87196,38.26307],[90.87374,38.26386],[90.87974,38.26666],[90.87984,38.26671],[90.88127,38.26738]]},"properties":{"roadClass":"local","highway":"tertiary","name":"油龙路","ref":""}},
{"type":"Feature","geometry":{"type":"LineString","coordinates":[[90.87984,38.26671],[90.88297,38.26432],[90.88739,38.26055],[90.89171,38.25392],[90.89145,38.25261],[90.88878,38.25101],[90.88586,38.24953],[90.88363,38.24832]]},"properties":{"roadClass":"regional","highway":"secondary","name":"瀚海路","ref":""}},
{"type":"Feature","geometry":{"type":"MultiLineString","coordinates":[[[93.34298,38.72299],[93.34753,38.71934],[93.3507,38.71615],[93.35238,38.71398],[93.3568,38.70682],[93.35881,38.70221],[93.36365,38.68561],[93.36591,38.68155],[93.36874,38.67828],[93.38601,38.66234],[93.38917,38.65992],[93.39276,38.65788],[93.3963,38.65642],[93.48261,38.62517],[93.52268,38.61062],[93.52622,38.60897],[93.57552,38.57869],[93.58185,38.57395],[93.6226,38.53794],[93.62652,38.53497],[93.62958,38.53332],[93.63401,38.53156],[93.66749,38.52113],[93.67309,38.51827],[93.67759,38.51462],[93.72817,38.4662],[93.73128,38.4641],[93.73435,38.46258],[93.73808,38.46137],[93.74179,38.46076],[93.82444,38.4519],[93.82451,38.45189],[93.84009,38.45022],[93.84031,38.45019],[94.0079,38.43196],[94.18219,38.39496],[94.18658,38.39336],[94.19039,38.39136],[94.19253,38.38986],[94.2341,38.35689],[94.23691,38.35504],[94.25856,38.34301],[94.26182,38.34087],[94.27677,38.32819],[94.2846,38.3197],[94.3067,38.29533],[94.32238,38.27266],[94.37429,38.21525],[94.38551,38.20663],[94.38843,38.2037],[94.43538,38.15069],[94.43835,38.14791],[94.4416,38.14569],[94.44581,38.14366],[94.50353,38.118],[94.50766,38.11527],[94.51024,38.11207],[94.52371,38.08777],[94.52403,38.08548],[94.52359,38.07345],[94.52346,38.07013],[94.52399,38.06836],[94.52487,38.06735],[94.52801,38.0655],[94.52935,38.06359],[94.52979,38.05307],[94.52988,38.04925],[94.52997,38.04576],[94.53048,38.04272],[94.53227,38.04029],[94.53495,38.03864],[94.53833,38.0378],[94.55502,38.03501],[94.55718,38.03465],[94.60392,38.02683],[94.62616,38.02311]],[[93.33521,38.7455],[93.34226,38.7509],[93.34705,38.75565],[93.36063,38.7662],[93.39655,38.81255],[93.39703,38.81316],[93.40808,38.82775],[93.4178,38.85383],[93.4259,38.9099],[93.42624,38.91082],[93.42738,38.91205],[93.42932,38.91283]]]},"properties":{"roadClass":"national","highway":"trunk","name":"马宁线","ref":"G215"}},
{"type":"Feature","geometry":{"type":"LineString","coordinates":[[94.33473,38.4402],[94.34721,38.44497],[94.34934,38.44474],[94.35152,38.44505],[94.35324,38.44452],[94.35402,38.44456],[94.35526,38.44546],[94.35602,38.44649],[94.35804,38.45375],[94.35834,38.46575],[94.36105,38.4715],[94.36556,38.4779],[94.36605,38.48527],[94.36739,38.4863],[94.37042,38.49055],[94.37142,38.49105],[94.4243,38.49565],[94.45745,38.49914],[94.48019,38.50095]]},"properties":{"roadClass":"local","highway":"unclassified","name":"chin coal road","ref":""}},
{"type":"Feature","geometry":{"type":"LineString","coordinates":[[93.34171,38.72407],[93.34193,38.7232],[93.34239,38.72308],[93.34271,38.72341],[93.34246,38.72408],[93.34204,38.7242],[93.34171,38.72407]]},"properties":{"roadClass":"national","highway":"trunk","name":"","ref":"S305;G215"}},
{"type":"Feature","geometry":{"type":"LineString","coordinates":[[94.69604,38.03986],[94.74821,38.0555],[94.75222,38.05615],[94.76615,38.05735],[94.77561,38.06022],[94.78004,38.06033],[94.78478,38.06099],[94.79851,38.05891],[94.81808,38.05299],[94.83243,38.04681],[94.8568,38.04145],[94.89084,38.04008],[94.89339,38.04026],[94.9026,38.04204],[94.91314,38.04133],[94.92136,38.04067],[94.93044,38.03994],[94.93391,38.03904],[94.94224,38.0353],[94.94844,38.03123],[94.95025,38.03088],[94.95165,38.03128],[94.95791,38.03476],[94.96267,38.03568],[94.9645,38.03631],[94.97134,38.04052],[94.98133,38.04433],[94.98517,38.04473],[94.99618,38.04399],[94.99789,38.04418]]},"properties":{"roadClass":"regional","highway":"primary","name":"西莎线","ref":"S317"}},
{"type":"Feature","geometry":{"type":"MultiLineString","coordinates":[[[93.92378,38.02604],[93.92199,38.02748],[93.917,38.03291],[93.9173,38.03393],[93.91597,38.03571],[93.91124,38.03944],[93.9076,38.04176],[93.90652,38.04286],[93.90584,38.04496],[93.90668,38.04622],[93.90658,38.04671],[93.90371,38.04967],[93.90091,38.05184],[93.8997,38.05327],[93.8998,38.05492],[93.89687,38.0574],[93.8953,38.05956],[93.88641,38.06714],[93.88515,38.07038],[93.88429,38.07168],[93.88011,38.07449],[93.87748,38.07706],[93.87748,38.07845],[93.87383,38.08229],[93.87358,38.08333],[93.87061,38.08559],[93.8696,38.08759],[93.86484,38.09062],[93.8538,38.09923],[93.84777,38.10242],[93.84561,38.10441],[93.84071,38.10793],[93.83688,38.10848],[93.82979,38.11295],[93.82833,38.11346],[93.8248,38.11588],[93.8171,38.12024],[93.8099,38.12531],[93.80575,38.12784],[93.79618,38.13237],[93.79098,38.13552],[93.78742,38.13692],[93.7809,38.14067],[93.77865,38.14136],[93.77489,38.14349],[93.77079,38.1466],[93.7688,38.1468],[93.76713,38.14811],[93.75834,38.15302],[93.75047,38.15933],[93.74667,38.16182],[93.73442,38.16705],[93.72928,38.16894],[93.7236,38.17237],[93.72177,38.17268],[93.71814,38.17549],[93.70749,38.18105],[93.70528,38.18107],[93.70376,38.1816],[93.69592,38.18577],[93.69041,38.18779],[93.68929,38.18891],[93.6819,38.19125],[93.67462,38.19454],[93.67009,38.19767],[93.66833,38.19994],[93.66428,38.20335],[93.66094,38.2051],[93.65886,38.20689],[93.65547,38.2086],[93.64995,38.21268],[93.64572,38.21634],[93.64214,38.21864],[93.63595,38.22619],[93.63169,38.23062],[93.61228,38.24801],[93.61185,38.25158],[93.61278,38.25618],[93.61629,38.2584],[93.61966,38.2592],[93.6259,38.25775],[93.62962,38.25885],[93.63296,38.25724],[93.64998,38.25358],[93.66088,38.2565],[93.67617,38.26856],[93.67987,38.28352],[93.67928,38.28517],[93.66054,38.30977],[93.65911,38.31093],[93.61142,38.33951],[93.57796,38.35554],[93.52972,38.37805],[93.51733,38.39974],[93.5108,38.40892],[93.49512,38.42783],[93.49114,38.432],[93.45432,38.47623],[93.45028,38.48119],[93.44912,38.48389],[93.44431,38.49734],[93.42944,38.51168],[93.4252,38.5265],[93.41673,38.55893],[93.41582,38.56076],[93.37769,38.59574],[93.36707,38.60292]],[[93.35272,38.62191],[93.35294,38.63021],[93.35336,38.6331],[93.36122,38.66184],[93.36404,38.68221],[93.36365,38.68561]]]},"properties":{"roadClass":"local","highway":"unclassified","name":"茶冷线","ref":""}},
{"type":"Feature","geometry":{"type":"LineString","coordinates":[[93.33446,38.73918],[93.33212,38.73816],[93.33075,38.73752],[93.3305,38.73745]]},"properties":{"roadClass":"local","highway":"residential","name":"劳动街","ref":""}},
{"type":"Feature","geometry":{"type":"LineString","coordinates":[[93.33194,38.74304],[93.33322,38.74109],[93.33446,38.73918],[93.33579,38.73717],[93.33696,38.73535],[93.33924,38.73181],[93.34241,38.72686],[93.34272,38.72577],[93.3424,38.72448]]},"properties":{"roadClass":"local","highway":"tertiary","name":"石油后街","ref":""}},
{"type":"Feature","geometry":{"type":"LineString","coordinates":[[93.34305,38.73327],[93.33924,38.73181],[93.33678,38.73085],[93.3353,38.73025],[93.3334,38.72948],[93.33137,38.72869]]},"properties":{"roadClass":"local","highway":"residential","name":"油苑中路","ref":""}},
{"type":"Feature","geometry":{"type":"LineString","coordinates":[[93.3397,38.73873],[93.33579,38.73717],[93.33337,38.73619]]},"properties":{"roadClass":"local","highway":"tertiary","name":"市场街","ref":""}},
{"type":"Feature","geometry":{"type":"LineString","coordinates":[[93.33196,38.73562],[93.33075,38.73752]]},"properties":{"roadClass":"local","highway":"residential","name":"育才巷","ref":""}},
{"type":"Feature","geometry":{"type":"LineString","coordinates":[[93.33054,38.74063],[93.32866,38.73985],[93.3274,38.73932],[93.32724,38.73896],[93.32992,38.7348],[93.33109,38.733],[93.33207,38.73154],[93.3334,38.72948],[93.33679,38.72474],[93.33864,38.7242],[93.34072,38.72482]]},"properties":{"roadClass":"local","highway":"tertiary","name":"盐化路","ref":""}},
{"type":"Feature","geometry":{"type":"LineString","coordinates":[[93.33696,38.73535],[93.33452,38.73439],[93.33305,38.73379],[93.33267,38.73364],[93.33109,38.733]]},"properties":{"roadClass":"local","highway":"residential","name":"油苑西路","ref":""}},
{"type":"Feature","geometry":{"type":"LineString","coordinates":[[93.3305,38.73745],[93.32866,38.73985]]},"properties":{"roadClass":"local","highway":"residential","name":"新生巷","ref":""}},
{"type":"Feature","geometry":{"type":"LineString","coordinates":[[93.18012,38.04596],[93.18023,38.04631],[93.18126,38.05007],[93.18136,38.05192],[93.17986,38.05652],[93.17983,38.05786],[93.18377,38.06348],[93.18427,38.06507],[93.18371,38.06707],[93.1797,38.07278],[93.1782,38.07548],[93.1782,38.07672],[93.17873,38.07775],[93.18432,38.08533],[93.18428,38.09116],[93.18496,38.09659],[93.18347,38.10182],[93.1819,38.10612],[93.17607,38.11371],[93.17203,38.12117],[93.16858,38.12497],[93.16053,38.13747],[93.16004,38.13893],[93.16083,38.14348],[93.16038,38.14488],[93.15639,38.14948],[93.1543,38.15328],[93.15049,38.15685],[93.14605,38.16472],[93.14151,38.17031],[93.13985,38.17318],[93.13619,38.1779],[93.13177,38.18484],[93.13099,38.18578],[93.12677,38.18897],[93.12299,38.19277],[93.11942,38.19989],[93.11605,38.20292],[93.11062,38.21022],[93.10911,38.21242],[93.10742,38.21635],[93.10628,38.21766],[93.10556,38.21972],[93.09858,38.22907],[93.09373,38.23737],[93.0917,38.24],[93.08238,38.24954],[93.07483,38.25471],[93.06948,38.25948],[93.06914,38.26026],[93.06979,38.26176],[93.07579,38.26588],[93.07945,38.27111],[93.08025,38.27155],[93.09237,38.27476],[93.10444,38.2816],[93.10675,38.28195],[93.12274,38.28139],[93.12467,38.28207],[93.13183,38.28663],[93.13382,38.28732],[93.1439,38.28711],[93.16249,38.28974],[93.16611,38.29103],[93.1743,38.29514],[93.18057,38.2989],[93.18781,38.3018],[93.18957,38.30315],[93.1906,38.30443],[93.19528,38.31153],[93.19741,38.3138],[93.20306,38.32282],[93.20739,38.32729],[93.20933,38.33152],[93.21082,38.33313],[93.21322,38.33415],[93.21761,38.33459],[93.21989,38.33534],[93.22461,38.33886],[93.22904,38.34091],[93.23729,38.34649],[93.24284,38.34819],[93.24555,38.34954],[93.25091,38.35426],[93.25219,38.35487],[93.26311,38.35734],[93.26857,38.36013],[93.27135,38.36087],[93.28017,38.36066],[93.29297,38.35927],[93.31131,38.36315],[93.3128,38.36386],[93.31577,38.36741],[93.31733,38.36842],[93.34127,38.37655],[93.34332,38.37778],[93.3439,38.3785],[93.3572,38.41889],[93.35772,38.42132],[93.35456,38.42838],[93.35411,38.43038],[93.35915,38.43941],[93.35939,38.44061],[93.35933,38.44198],[93.3583,38.44421],[93.35438,38.44864],[93.35298,38.45129],[93.34986,38.48531],[93.34532,38.50143],[93.34394,38.503],[93.33585,38.50831],[93.32158,38.52632],[93.32063,38.52873],[93.31875,38.53693],[93.31821,38.53799],[93.29669,38.56959],[93.29654,38.57047],[93.29712,38.57197],[93.3028,38.57738],[93.31075,38.58185],[93.31177,38.5837],[93.31209,38.58605],[93.31268,38.58718],[93.31809,38.58995],[93.32324,38.5935],[93.3323,38.59736],[93.33369,38.59874],[93.33566,38.602],[93.34052,38.60478],[93.34199,38.60645],[93.34722,38.60894],[93.34861,38.61304],[93.35197,38.6171],[93.35215,38.61731],[93.35265,38.61822],[93.35272,38.62191],[93.3926,38.65625],[93.39305,38.65701],[93.39276,38.65788]]},"properties":{"roadClass":"local","highway":"tertiary","name":"火星一号公路","ref":""}},
{"type":"Feature","geometry":{"type":"LineString","coordinates":[[93.33521,38.7455],[93.3397,38.73873],[93.34305,38.73327],[93.34425,38.72888],[93.34272,38.72577]]},"properties":{"roadClass":"local","highway":"tertiary","name":"东环路","ref":""}},
{"type":"Feature","geometry":{"type":"LineString","coordinates":[[93.89524,38.6067],[93.89467,38.60697],[93.89462,38.60764],[93.8954,38.60778],[93.896,38.60834],[93.89702,38.60819],[93.89759,38.60846],[93.89911,38.6065],[93.90143,38.60369],[93.90106,38.60371],[93.89868,38.60638],[93.89781,38.6068],[93.89729,38.60669],[93.89849,38.60617],[93.90063,38.60333],[93.90092,38.60161],[93.90133,38.60103],[93.90037,38.60001],[93.90057,38.59956],[93.90266,38.59973],[93.9032,38.59776],[93.90379,38.59703],[93.90376,38.59642],[93.90228,38.59608],[93.9034,38.5967],[93.90222,38.59812],[93.90248,38.59694],[93.90147,38.5967],[93.90162,38.59578],[93.90085,38.59511],[93.89908,38.59477],[93.89791,38.59491],[93.89654,38.59398],[93.89426,38.5948],[93.89374,38.59413],[93.89198,38.59437],[93.89123,38.5938],[93.89006,38.59353],[93.88888,38.59204],[93.88837,38.59229],[93.88865,38.59308],[93.89225,38.59545],[93.89196,38.59557],[93.8891,38.59408],[93.88813,38.59397],[93.88654,38.59224],[93.88729,38.59079],[93.88857,38.59051],[93.88835,38.58999],[93.88764,38.58972],[93.88625,38.58989],[93.88441,38.58905],[93.88381,38.58836],[93.88393,38.58713],[93.8836,38.58702],[93.88345,38.58871],[93.88551,38.59051],[93.88531,38.59084],[93.88267,38.58895],[93.88142,38.58651],[93.88119,38.58681],[93.88181,38.58778],[93.88195,38.58921],[93.8832,38.59011],[93.88347,38.59044],[93.8832,38.59067],[93.88277,38.59006],[93.88152,38.58942],[93.88085,38.58784],[93.87987,38.58719],[93.87963,38.5862],[93.87781,38.58504],[93.87621,38.58448],[93.87492,38.5828],[93.8743,38.58285],[93.87411,38.58332],[93.87492,38.58478],[93.87635,38.58521],[93.87638,38.58569],[93.87437,38.58485],[93.87346,38.58509],[93.87169,38.58421],[93.87151,38.58443],[93.87407,38.58565],[93.87392,38.58676],[93.87425,38.58733],[93.87654,38.58685],[93.87661,38.58843],[93.8773,38.58911],[93.87708,38.58958],[93.87545,38.58783],[93.87379,38.5883],[93.87236,38.58747],[93.87252,38.58639],[93.87151,38.58551],[93.87035,38.58564],[93.86971,38.58526],[93.8694,38.58536],[93.87022,38.58588],[93.87127,38.58592],[93.87187,38.58624],[93.87181,38.5866],[93.87083,38.58604],[93.86857,38.58595],[93.86839,38.58517],[93.86925,38.58438],[93.86911,38.58392],[93.86642,38.58286],[93.86553,38.58103],[93.86421,38.58096],[93.86329,38.58138],[93.86261,38.58038],[93.86232,38.58056],[93.8628,38.58164],[93.86427,38.58138],[93.86515,38.58204],[93.86522,38.58264],[93.86468,38.58335],[93.86573,38.58421],[93.86553,38.58466],[93.86405,38.58354],[93.85929,38.58268],[93.85335,38.58237],[93.85159,38.58252],[93.84043,38.58738],[93.83804,38.5873],[93.83593,38.5862],[93.74179,38.46076]]},"properties":{"roadClass":"local","highway":"unclassified","name":"赛什腾天文台路","ref":""}},
{"type":"Feature","geometry":{"type":"LineString","coordinates":[[93.33337,38.73619],[93.33196,38.73562],[93.33082,38.73516],[93.32992,38.7348]]},"properties":{"roadClass":"local","highway":"tertiary","name":"兴湖街","ref":""}},
{"type":"Feature","geometry":{"type":"LineString","coordinates":[[93.34171,38.72407],[93.34072,38.72482],[93.33678,38.73085],[93.33548,38.7329],[93.33452,38.73439],[93.33337,38.73619],[93.33212,38.73816],[93.3318,38.73868],[93.33063,38.7405],[93.33054,38.74063],[93.33027,38.74171],[93.33194,38.74304],[93.33521,38.7455]]},"properties":{"roadClass":"national","highway":"trunk","name":"团结路","ref":"G215"}},
{"type":"Feature","geometry":{"type":"LineString","coordinates":[[93.36707,38.60292],[93.3661,38.60369],[93.36328,38.6064],[93.36046,38.60931],[93.35298,38.61726],[93.35265,38.61822]]},"properties":{"roadClass":"local","highway":"tertiary","name":"茶冷线","ref":""}},
{"type":"Feature","geometry":{"type":"LineString","coordinates":[[94.69604,38.03986],[94.63827,38.02241]]},"properties":{"roadClass":"regional","highway":"primary","name":"317省道","ref":"S317"}}
]}